ccn,state,county,county_fips,harm_survey_week,flagged,first_crossing_week,lead_days,score_at_crossing,prior_harm_rate_at_crossing,hprd_total_at_crossing,hprd_rn_at_crossing,rn_share_at_crossing,contract_frac_at_crossing,weekend_gap_at_crossing,hprd_cv_at_crossing,hprd_trend_at_crossing,low_days_frac_at_crossing,census_at_crossing,matched_controls,matched_controls_not_flagged
015060,AL,Jefferson,073,2025-05-05,0,,,,,,,,,,,,,,53,48
015133,AL,Jefferson,073,2025-06-02,1,2025-03-24,70,0.178568,0.155492,3.278918,0.489373,0.149248,0.0,0.174084,0.106625,0.091315,0.673913,132.141304,31,28
015136,AL,Morgan,103,2025-09-01,0,,,,,,,,,,,,,,58,49
015155,AL,Walker,127,2025-08-04,0,,,,,,,,,,,,,,31,27
015320,AL,Coffee,031,2026-01-12,0,,,,,,,,,,,,,,14,11
015369,AL,Jefferson,073,2025-09-22,0,,,,,,,,,,,,,,35,22
015379,AL,Mobile,097,2025-06-23,0,,,,,,,,,,,,,,58,49
015406,AL,Mobile,097,2025-04-14,1,2025-03-24,21,0.17602,0.263909,3.16233,0.230688,0.072949,0.0,0.159404,0.1139,-0.022645,0.826087,74.206522,53,49
025025,AK,Anchorage,020,2025-06-16,0,,,,,,,,,,,,,,1,1
025025,AK,Anchorage,020,2025-12-22,0,,,,,,,,,,,,,,1,1
025036,AK,Anchorage,020,2025-05-19,0,,,,,,,,,,,,,,1,1
025036,AK,Anchorage,020,2025-11-24,0,,,,,,,,,,,,,,1,1
035016,AZ,Pima,019,2025-09-08,0,,,,,,,,,,,,,,33,18
035062,AZ,Maricopa,013,2025-12-15,0,,,,,,,,,,,,,,33,19
035062,AZ,Maricopa,013,2026-03-02,0,,,,,,,,,,,,,,32,18
035064,AZ,Pima,019,2026-03-23,0,,,,,,,,,,,,,,0,0
035091,AZ,Coconino,005,2025-04-28,0,,,,,,,,,,,,,,33,23
035092,AZ,Maricopa,013,2025-11-03,0,,,,,,,,,,,,,,4,4
035099,AZ,Pima,019,2025-04-21,0,,,,,,,,,,,,,,11,9
035107,AZ,Maricopa,013,2025-12-15,1,2025-06-23,175,0.174499,0.0,3.289515,0.316325,0.096161,0.0,0.190223,0.107521,0.040161,0.663043,105.902174,20,17
035118,AZ,Yavapai,025,2026-02-09,0,,,,,,,,,,,,,,21,17
035135,AZ,Maricopa,013,2025-05-19,0,,,,,,,,,,,,,,1,1
035139,AZ,Navajo,017,2025-04-14,1,2025-03-24,21,0.1959,0.35844,2.811165,0.648024,0.230518,0.0,0.220181,0.167899,0.140934,0.913043,49.728261,19,17
035145,AZ,Pima,019,2025-06-09,0,,,,,,,,,,,,,,1,1
035159,AZ,Maricopa,013,2025-10-27,0,,,,,,,,,,,,,,11,8
035164,AZ,Maricopa,013,2025-06-02,0,,,,,,,,,,,,,,33,22
035165,AZ,Pima,019,2025-08-11,0,,,,,,,,,,,,,,20,17
035172,AZ,Graham,009,2026-02-09,1,2025-08-18,175,0.17121,0.0,2.947229,1.103678,0.37448,0.0,0.16256,0.101901,-0.006505,0.977778,75.5,32,30
035175,AZ,Maricopa,013,2025-04-14,0,,,,,,,,,,,,,,11,9
035189,AZ,Pima,019,2026-01-19,1,2025-07-28,175,0.176773,0.0,3.227105,0.321439,0.099606,0.036541,0.179361,0.105036,-0.031674,0.771739,91.956522,32,19
035216,AZ,Pinal,021,2025-09-15,0,,,,,,,,,,,,,,33,18
035244,AZ,Yavapai,025,2025-07-07,0,,,,,,,,,,,,,,33,27
035277,AZ,Navajo,017,2025-06-09,1,2025-03-24,77,0.195997,0.0,2.620794,0.438516,0.167322,0.0,0.237136,0.149052,-0.098186,1.0,97.336957,33,23
045143,AR,Benton,007,2025-05-05,0,,,,,,,,,,,,,,24,22
045172,AR,Chicot,017,2025-12-22,0,,,,,,,,,,,,,,26,24
045176,AR,Drew,043,2025-06-30,0,,,,,,,,,,,,,,69,61
045201,AR,Bradley,011,2025-05-12,0,,,,,,,,,,,,,,73,66
045222,AR,Woodruff,147,2025-09-15,0,,,,,,,,,,,,,,74,66
045228,AR,Prairie,117,2025-06-02,0,,,,,,,,,,,,,,25,22
045290,AR,Yell,149,2025-06-23,0,,,,,,,,,,,,,,73,65
045315,AR,Craighead,031,2025-07-21,0,,,,,,,,,,,,,,73,65
045323,AR,Jackson,067,2025-06-23,0,,,,,,,,,,,,,,69,61
045366,AR,Mississippi,093,2025-05-05,0,,,,,,,,,,,,,,68,61
045370,AR,Crawford,033,2026-03-09,0,,,,,,,,,,,,,,71,63
045440,AR,Mississippi,093,2025-05-12,0,,,,,,,,,,,,,,68,61
045456,AR,Sebastian,131,2025-05-19,0,,,,,,,,,,,,,,69,61
045460,AR,Pulaski,119,2025-12-01,0,,,,,,,,,,,,,,30,28
055008,CA,San Diego,073,2026-02-23,0,,,,,,,,,,,,,,47,45
055032,CA,Los Angeles,037,2026-01-05,0,,,,,,,,,,,,,,249,241
055036,CA,Los Angeles,037,2025-06-23,0,,,,,,,,,,,,,,248,239
055060,CA,Los Angeles,037,2025-07-28,0,,,,,,,,,,,,,,333,316
055064,CA,San Diego,073,2026-02-09,0,,,,,,,,,,,,,,334,324
055076,CA,San Bernardino,071,2025-09-22,0,,,,,,,,,,,,,,0,0
055077,CA,Los Angeles,037,2025-08-11,0,,,,,,,,,,,,,,120,114
055085,CA,Contra Costa,013,2026-03-09,0,,,,,,,,,,,,,,174,169
055126,CA,Los Angeles,037,2025-04-28,0,,,,,,,,,,,,,,330,316
055141,CA,Los Angeles,037,2025-07-07,0,,,,,,,,,,,,,,84,77
055147,CA,Madera,039,2025-04-14,0,,,,,,,,,,,,,,48,45
055147,CA,Madera,039,2025-08-11,0,,,,,,,,,,,,,,48,45
055150,CA,Contra Costa,013,2025-12-22,0,,,,,,,,,,,,,,48,46
055150,CA,Contra Costa,013,2026-03-16,0,,,,,,,,,,,,,,47,45
055157,CA,Los Angeles,037,2025-07-28,0,,,,,,,,,,,,,,248,239
055157,CA,Los Angeles,037,2025-08-18,0,,,,,,,,,,,,,,250,239
055181,CA,Los Angeles,037,2025-05-19,0,,,,,,,,,,,,,,120,114
055192,CA,Los Angeles,037,2025-12-29,0,,,,,,,,,,,,,,176,167
055201,CA,San Joaquin,077,2025-07-28,0,,,,,,,,,,,,,,120,114
055213,CA,San Bernardino,071,2025-04-07,0,,,,,,,,,,,,,,48,45
055213,CA,San Bernardino,071,2026-01-05,0,,,,,,,,,,,,,,48,46
055288,CA,Los Angeles,037,2025-03-31,0,,,,,,,,,,,,,,330,316
055288,CA,Los Angeles,037,2026-02-09,0,,,,,,,,,,,,,,334,324
055293,CA,Los Angeles,037,2025-06-23,0,,,,,,,,,,,,,,0,0
055304,CA,San Joaquin,077,2025-10-27,0,,,,,,,,,,,,,,336,317
055310,CA,Marin,041,2026-01-05,1,2025-07-14,175,0.174784,0.238882,3.422758,0.448237,0.130958,0.05467,0.090589,0.066459,0.009181,0.608696,143.641304,86,80
055315,CA,Santa Clara,085,2025-09-08,0,,,,,,,,,,,,,,336,317
055341,CA,Los Angeles,037,2025-05-12,0,,,,,,,,,,,,,,244,237
055342,CA,Ventura,111,2025-12-15,0,,,,,,,,,,,,,,122,116
055353,CA,Los Angeles,037,2025-04-14,0,,,,,,,,,,,,,,244,237
055364,CA,Los Angeles,037,2025-05-12,0,,,,,,,,,,,,,,83,77
055364,CA,Los Angeles,037,2025-05-19,0,,,,,,,,,,,,,,83,76
055364,CA,Los Angeles,037,2026-03-16,0,,,,,,,,,,,,,,86,81
055410,CA,Kings,031,2025-03-31,0,,,,,,,,,,,,,,119,113
055435,CA,Santa Clara,085,2025-11-24,0,,,,,,,,,,,,,,334,321
055443,CA,Los Angeles,037,2025-11-17,0,,,,,,,,,,,,,,122,116
055449,CA,Los Angeles,037,2025-05-26,0,,,,,,,,,,,,,,333,316
055461,CA,Los Angeles,037,2025-07-21,0,,,,,,,,,,,,,,248,239
055499,CA,Lake,033,2025-04-28,0,,,,,,,,,,,,,,244,237
055512,CA,Nevada,057,2025-12-08,0,,,,,,,,,,,,,,250,242
055523,CA,Los Angeles,037,2025-06-09,0,,,,,,,,,,,,,,120,114
055525,CA,Los Angeles,037,2025-04-07,0,,,,,,,,,,,,,,175,167
055527,CA,Los Angeles,037,2025-05-05,0,,,,,,,,,,,,,,330,316
055540,CA,Los Angeles,037,2025-05-26,0,,,,,,,,,,,,,,248,239
055559,CA,Los Angeles,037,2025-08-18,0,,,,,,,,,,,,,,336,317
055559,CA,Los Angeles,037,2025-10-13,0,,,,,,,,,,,,,,336,317
055559,CA,Los Angeles,037,2025-11-03,0,,,,,,,,,,,,,,336,317
055566,CA,Ventura,111,2025-04-28,0,,,,,,,,,,,,,,330,316
055571,CA,Orange,059,2025-10-27,0,,,,,,,,,,,,,,86,79
055573,CA,Fresno,019,2025-05-19,0,,,,,,,,,,,,,,333,316
055575,CA,Orange,059,2025-11-03,0,,,,,,,,,,,,,,336,317
055581,CA,Riverside,065,2025-08-04,0,,,,,,,,,,,,,,84,77
055617,CA,Los Angeles,037,2025-12-08,0,,,,,,,,,,,,,,250,242
055640,CA,Nevada,057,2025-11-24,0,,,,,,,,,,,,,,250,242
055656,CA,Butte,007,2025-11-03,0,,,,,,,,,,,,,,336,317
055664,CA,Los Angeles,037,2025-05-12,0,,,,,,,,,,,,,,330,316
055674,CA,Orange,059,2025-10-06,0,,,,,,,,,,,,,,336,317
055706,CA,Los Angeles,037,2025-04-28,0,,,,,,,,,,,,,,83,77
055797,CA,Santa Clara,085,2025-06-23,0,,,,,,,,,,,,,,120,114
055806,CA,San Diego,073,2025-05-05,0,,,,,,,,,,,,,,83,77
055807,CA,Siskiyou,093,2025-09-08,0,,,,,,,,,,,,,,179,168
055839,CA,Stanislaus,099,2025-09-08,0,,,,,,,,,,,,,,250,239
055871,CA,Monterey,053,2025-04-07,0,,,,,,,,,,,,,,244,237
055876,CA,Alameda,001,2025-10-20,0,,,,,,,,,,,,,,336,317
055888,CA,Orange,059,2026-02-02,0,,,,,,,,,,,,,,86,79
055890,CA,San Diego,073,2025-12-08,0,,,,,,,,,,,,,,334,321
055916,CA,Tulare,107,2025-12-15,0,,,,,,,,,,,,,,334,321
055917,CA,San Joaquin,077,2025-12-29,0,,,,,,,,,,,,,,334,321
055952,CA,Los Angeles,037,2025-07-14,1,2025-03-24,112,0.187133,0.299385,4.151341,0.285884,0.068866,0.177061,0.067879,0.075653,0.420937,0.01087,181.358696,23,20
055952,CA,Los Angeles,037,2026-02-09,0,,,,,,,,,,,,,,23,21
055955,CA,Fresno,019,2025-08-18,0,,,,,,,,,,,,,,336,317
055960,CA,Los Angeles,037,2025-07-07,0,,,,,,,,,,,,,,333,316
055960,CA,Los Angeles,037,2025-07-14,0,,,,,,,,,,,,,,333,316
055963,CA,San Francisco,075,2025-09-29,0,,,,,,,,,,,,,,86,79
055979,CA,Merced,047,2025-06-09,0,,,,,,,,,,,,,,248,239
055984,CA,Orange,059,2025-05-19,0,,,,,,,,,,,,,,5,4
055995,CA,Los Angeles,037,2026-02-23,0,,,,,,,,,,,,,,122,116
056039,CA,Los Angeles,037,2025-08-18,0,,,,,,,,,,,,,,6,3
056039,CA,Los Angeles,037,2025-11-24,0,,,,,,,,,,,,,,6,3
056042,CA,Los Angeles,037,2025-03-31,0,,,,,,,,,,,,,,244,237
056065,CA,Santa Cruz,087,2025-11-03,1,2025-05-19,168,0.172333,0.376159,3.775482,0.42308,0.11206,0.180378,0.185183,0.140469,0.005798,0.25,136.152174,86,80
056065,CA,Santa Cruz,087,2025-11-10,1,2025-05-19,175,0.172333,0.376159,3.775482,0.42308,0.11206,0.180378,0.185183,0.140469,0.005798,0.25,136.152174,86,80
056066,CA,Los Angeles,037,2025-04-07,0,,,,,,,,,,,,,,83,77
056074,CA,Butte,007,2025-07-21,0,,,,,,,,,,,,,,84,77
056074,CA,Butte,007,2025-10-27,0,,,,,,,,,,,,,,86,79
056079,CA,Los Angeles,037,2025-04-07,0,,,,,,,,,,,,,,0,0
056079,CA,Los Angeles,037,2025-06-23,1,2025-05-19,35,0.171325,3.052228,3.871096,0.229913,0.059392,0.122081,0.089151,0.05902,-0.033143,0.021739,310.73913,0,0
056080,CA,Los Angeles,037,2025-05-19,0,,,,,,,,,,,,,,120,114
056083,CA,Los Angeles,037,2025-05-19,0,,,,,,,,,,,,,,176,166
056084,CA,Los Angeles,037,2025-12-22,0,,,,,,,,,,,,,,23,21
056090,CA,Sonoma,097,2025-12-08,0,,,,,,,,,,,,,,48,46
056095,CA,Riverside,065,2025-06-30,0,,,,,,,,,,,,,,333,316
056109,CA,Yolo,113,2026-03-16,0,,,,,,,,,,,,,,334,324
056114,CA,Los Angeles,037,2025-04-07,0,,,,,,,,,,,,,,330,316
056120,CA,Sonoma,097,2025-04-07,0,,,,,,,,,,,,,,330,316
056120,CA,Sonoma,097,2025-10-20,0,,,,,,,,,,,,,,336,317
056127,CA,Los Angeles,037,2025-08-04,0,,,,,,,,,,,,,,333,316
056127,CA,Los Angeles,037,2025-10-06,0,,,,,,,,,,,,,,336,317
056132,CA,Calaveras,009,2025-05-12,0,,,,,,,,,,,,,,330,316
056133,CA,Los Angeles,037,2025-04-14,0,,,,,,,,,,,,,,83,77
056133,CA,Los Angeles,037,2025-08-25,0,,,,,,,,,,,,,,86,79
056136,CA,San Bernardino,071,2026-01-19,0,,,,,,,,,,,,,,334,321
056139,CA,Placer,061,2025-09-08,0,,,,,,,,,,,,,,336,317
056150,CA,Los Angeles,037,2025-05-26,0,,,,,,,,,,,,,,248,239
056150,CA,Los Angeles,037,2025-06-30,0,,,,,,,,,,,,,,248,239
056153,CA,Napa,055,2026-02-16,0,,,,,,,,,,,,,,122,116
056159,CA,Los Angeles,037,2025-07-28,0,,,,,,,,,,,,,,120,114
056166,CA,Los Angeles,037,2026-03-02,0,,,,,,,,,,,,,,334,324
056195,CA,Los Angeles,037,2025-12-15,1,2025-06-23,175,0.187062,0.848104,3.915346,0.303449,0.077502,0.330964,0.084798,0.052677,0.000283,0.032609,137.108696,86,80
056198,CA,Amador,005,2026-02-16,0,,,,,,,,,,,,,,334,324
056198,CA,Amador,005,2026-03-09,0,,,,,,,,,,,,,,334,324
056260,CA,Contra Costa,013,2026-01-05,0,,,,,,,,,,,,,,334,321
056267,CA,Los Angeles,037,2025-08-04,0,,,,,,,,,,,,,,333,316
056281,CA,Fresno,019,2025-08-11,0,,,,,,,,,,,,,,248,239
056281,CA,Fresno,019,2025-12-08,0,,,,,,,,,,,,,,250,242
056283,CA,Los Angeles,037,2025-07-28,0,,,,,,,,,,,,,,333,316
056291,CA,Los Angeles,037,2025-09-08,0,,,,,,,,,,,,,,336,317
056294,CA,Kern,029,2025-06-23,0,,,,,,,,,,,,,,333,316
056300,CA,Humboldt,023,2025-05-05,0,,,,,,,,,,,,,,330,316
056300,CA,Humboldt,023,2025-11-24,0,,,,,,,,,,,,,,334,321
056301,CA,Stanislaus,099,2025-08-18,0,,,,,,,,,,,,,,122,115
056308,CA,Los Angeles,037,2025-06-09,0,,,,,,,,,,,,,,83,76
056321,CA,Los Angeles,037,2025-08-11,0,,,,,,,,,,,,,,120,114
056324,CA,San Joaquin,077,2025-04-07,0,,,,,,,,,,,,,,119,113
056328,CA,Riverside,065,2026-03-09,0,,,,,,,,,,,,,,334,324
056334,CA,Los Angeles,037,2025-04-28,0,,,,,,,,,,,,,,5,4
056337,CA,Los Angeles,037,2025-08-25,0,,,,,,,,,,,,,,86,79
056346,CA,Sutter,101,2025-10-13,0,,,,,,,,,,,,,,122,115
056394,CA,San Mateo,081,2025-12-01,0,,,,,,,,,,,,,,5,5
056411,CA,Sonoma,097,2026-01-26,0,,,,,,,,,,,,,,122,116
056431,CA,Los Angeles,037,2025-05-05,0,,,,,,,,,,,,,,5,4
056431,CA,Los Angeles,037,2025-06-23,0,,,,,,,,,,,,,,5,4
056431,CA,Los Angeles,037,2025-10-20,0,,,,,,,,,,,,,,5,4
056433,CA,Los Angeles,037,2025-04-28,0,,,,,,,,,,,,,,48,45
056433,CA,Los Angeles,037,2025-10-27,0,,,,,,,,,,,,,,48,44
056433,CA,Los Angeles,037,2026-02-02,0,,,,,,,,,,,,,,48,46
056485,CA,Riverside,065,2025-10-20,0,,,,,,,,,,,,,,336,317
056487,CA,Los Angeles,037,2025-06-09,0,,,,,,,,,,,,,,23,19
056487,CA,Los Angeles,037,2026-01-19,0,,,,,,,,,,,,,,23,21
056488,CA,Los Angeles,037,2025-05-05,0,,,,,,,,,,,,,,7,5
056488,CA,Los Angeles,037,2025-06-16,0,,,,,,,,,,,,,,7,5
056488,CA,Los Angeles,037,2025-09-08,0,,,,,,,,,,,,,,7,5
056489,CA,Los Angeles,037,2025-09-08,0,,,,,,,,,,,,,,336,317
05A024,CA,Stanislaus,099,2025-04-28,0,,,,,,,,,,,,,,48,45
05A277,CA,Santa Clara,085,2025-11-03,1,2025-08-18,77,0.202589,0.264291,2.562876,0.48993,0.191164,0.000279,0.070698,0.062307,-0.069205,1.0,116.711111,122,116
05A355,CA,Los Angeles,037,2025-10-20,1,2025-04-28,175,0.208986,0.0,2.690614,0.359205,0.133503,0.0,0.142951,0.084746,0.014302,1.0,146.902174,86,80
065001,CO,Arapahoe,005,2025-06-23,1,2025-03-24,91,0.179436,0.581146,3.19591,0.522634,0.163532,0.0,0.12284,0.082283,0.091714,0.815217,89.25,50,21
065009,CO,Denver,031,2025-10-27,1,2025-05-19,161,0.169905,0.0,3.223764,0.597369,0.185302,0.070361,0.092193,0.092369,-0.168757,0.826087,114.717391,19,9
065052,CO,Boulder,013,2025-05-12,1,2025-03-24,49,0.22533,0.432761,3.542278,0.359075,0.101368,0.341956,0.092277,0.067898,0.163937,0.380435,135.532609,6,3
065100,CO,Pueblo,101,2025-03-31,1,2025-03-24,7,0.189122,1.320181,2.978135,0.532279,0.178729,0.0,0.116934,0.089617,0.031061,0.978261,127.836957,6,3
065113,CO,El Paso,041,2025-04-21,0,,,,,,,,,,,,,,59,27
065120,CO,Adams,001,2025-10-20,1,2025-04-28,175,0.177094,0.269557,3.206326,0.919155,0.286669,0.054738,0.214424,0.134795,0.079263,0.73913,68.467391,61,28
065124,CO,Denver,031,2025-06-09,1,2025-05-19,21,0.178065,0.746933,3.210024,0.700728,0.218294,0.10089,0.103911,0.074842,-0.080912,0.869565,94.097826,50,21
065139,CO,Larimer,069,2026-01-26,0,,,,,,,,,,,,,,49,21
065166,CO,Larimer,069,2025-05-12,1,2025-03-24,49,0.175241,1.082757,3.166152,0.691175,0.218301,0.013118,0.165619,0.211199,0.04885,0.836957,70.923913,59,28
065170,CO,Morgan,087,2025-10-13,1,2025-04-21,175,0.192853,0.179572,3.216796,0.448999,0.13958,0.118111,0.151545,0.117345,0.081898,0.804348,49.423913,50,38
065174,CO,Logan,075,2025-04-07,1,2025-03-24,14,0.17506,0.731231,3.150134,0.641485,0.203637,0.022161,0.140055,0.11805,0.02708,0.858696,51.913043,59,28
065174,CO,Logan,075,2025-08-18,1,2025-03-24,147,0.17506,0.731231,3.150134,0.641485,0.203637,0.022161,0.140055,0.11805,0.02708,0.858696,51.913043,61,28
065176,CO,Arapahoe,005,2025-07-28,1,2025-05-19,70,0.171792,0.0,3.47717,0.4772,0.137238,0.071388,0.110381,0.066407,0.02815,0.445652,103.467391,19,9
065188,CO,Jefferson,059,2025-04-07,1,2025-03-24,14,0.168623,0.181988,3.406012,0.559595,0.164296,0.057044,0.095283,0.062807,-0.018466,0.619565,93.293478,48,20
065188,CO,Jefferson,059,2025-07-28,1,2025-03-24,126,0.168623,0.181988,3.406012,0.559595,0.164296,0.057044,0.095283,0.062807,-0.018466,0.619565,93.293478,50,21
065188,CO,Jefferson,059,2025-11-03,1,2025-05-12,175,0.168623,0.355302,3.406012,0.559595,0.164296,0.057044,0.095283,0.062807,-0.018466,0.619565,93.293478,50,21
065189,CO,Boulder,013,2025-10-27,1,2025-05-05,175,0.178823,0.0,3.439849,0.520472,0.151307,0.122615,0.110089,0.082414,0.033687,0.532609,75.380435,50,21
065192,CO,Larimer,069,2025-06-23,1,2025-03-24,91,0.172508,0.0,3.16982,0.54981,0.173451,0.009075,0.206653,0.119481,-0.016638,0.793478,84.01087,50,21
065193,CO,Adams,001,2025-09-01,1,2025-03-24,161,0.227279,1.121546,3.027738,0.477106,0.157578,0.297704,0.193049,0.213138,0.00947,0.76087,65.358696,61,28
065202,CO,Jefferson,059,2025-07-14,1,2025-03-24,112,0.186532,0.555936,3.141612,0.481563,0.153285,0.08249,0.019688,0.060221,-0.043692,0.956522,99.902174,50,21
065206,CO,Denver,031,2025-05-19,0,,,,,,,,,,,,,,61,28
065212,CO,Weld,123,2025-04-07,1,2025-03-24,14,0.289215,0.0,1.142188,0.19865,0.173921,0.247646,0.08498,1.446612,-0.602573,0.836957,74.576087,59,28
065221,CO,Larimer,069,2025-07-07,1,2025-03-24,105,0.188546,0.316645,2.734051,0.644511,0.235735,0.125537,0.273002,0.245228,-0.248471,0.869565,63.706522,61,29
065221,CO,Larimer,069,2026-02-09,1,2025-08-18,175,0.172336,0.446516,2.958628,0.829354,0.280317,0.059613,0.149906,0.164278,-0.160348,0.811111,63.666667,61,33
065225,CO,El Paso,041,2025-07-21,1,2025-03-24,119,0.186381,0.183912,3.021595,0.509245,0.168535,0.073408,0.155597,0.097688,-0.058428,0.98913,71.076087,61,29
065226,CO,Boulder,013,2026-03-16,1,2025-09-22,175,0.195661,0.351202,3.069948,0.627772,0.20449,0.072562,0.21888,0.136105,0.12371,0.8,78.6,61,33
065234,CO,Alamosa,003,2026-02-02,0,,,,,,,,,,,,,,50,38
065242,CO,Denver,031,2025-10-13,1,2025-04-21,175,0.18943,0.781283,3.199966,0.551828,0.172448,0.142261,0.165536,0.091697,-0.012012,0.880435,63.271739,61,28
065249,CO,Delta,029,2026-02-23,1,2025-09-01,175,0.193443,0.343927,3.144155,0.732407,0.232942,0.164473,0.227785,0.152013,0.01867,0.722222,54.977778,50,39
065251,CO,Delta,029,2025-08-04,1,2025-03-24,133,0.199451,0.837729,3.481102,1.073035,0.308246,0.287373,0.197646,0.210501,0.141815,0.413043,39.934783,49,36
065253,CO,Mesa,077,2025-05-19,0,,,,,,,,,,,,,,50,20
065253,CO,Mesa,077,2025-12-15,0,,,,,,,,,,,,,,49,21
065255,CO,Denver,031,2025-07-14,0,,,,,,,,,,,,,,50,20
065256,CO,Denver,031,2025-07-14,1,2025-03-24,112,0.201491,0.561923,3.499183,0.356423,0.101859,0.233425,0.140465,0.106705,0.088857,0.5,112.021739,19,9
065256,CO,Denver,031,2025-12-08,1,2025-06-16,175,0.18895,0.538717,3.483564,0.496183,0.142436,0.16866,0.110849,0.071475,0.065903,0.402174,113.891304,19,9
065257,CO,Larimer,069,2025-10-13,1,2025-04-21,175,0.170629,0.614382,3.201528,0.48787,0.152387,0.038221,0.039493,0.07776,-0.056525,0.880435,35.576087,50,38
065259,CO,Arapahoe,005,2025-06-16,0,,,,,,,,,,,,,,19,8
065269,CO,Pueblo,101,2026-02-23,0,,,,,,,,,,,,,,19,10
065272,CO,Jefferson,059,2025-10-20,1,2025-04-28,175,0.206085,1.146182,3.103803,0.45669,0.147139,0.16793,0.158718,0.111511,0.031768,0.847826,88.032609,50,21
065272,CO,Jefferson,059,2026-01-26,1,2025-08-04,175,0.194788,1.039611,2.905762,0.515395,0.17737,0.091663,0.157659,0.100043,-0.078817,0.978261,88.891304,49,22
065274,CO,Denver,031,2025-04-21,0,,,,,,,,,,,,,,59,27
065278,CO,Weld,123,2025-07-14,1,2025-03-24,112,0.296136,0.775478,1.082961,0.210816,0.194666,0.29727,0.083463,1.446766,-0.655658,0.923913,90.5,50,21
065282,CO,Boulder,013,2026-03-09,0,,,,,,,,,,,,,,19,10
065286,CO,Mesa,077,2025-12-08,1,2025-06-16,175,0.186174,0.30732,3.380283,0.458363,0.135599,0.167364,0.174547,0.108457,0.007577,0.543478,66.73913,61,30
065286,CO,Mesa,077,2026-02-02,1,2025-08-11,175,0.186174,0.300247,3.380283,0.458363,0.135599,0.167364,0.174547,0.108457,0.007577,0.543478,66.73913,61,30
065290,CO,Denver,031,2025-09-29,1,2025-04-07,175,0.199519,0.0,2.875207,0.769852,0.267755,0.044063,0.144123,0.121468,0.130094,0.978261,84.434783,50,21
065297,CO,Jefferson,059,2025-10-13,1,2025-04-21,175,0.175159,0.186542,3.143605,0.698454,0.222182,0.028889,0.092126,0.089467,-0.004332,0.891304,74.086957,61,28
065302,CO,Phillips,095,2026-03-02,1,2025-09-08,175,0.210065,0.0,2.340687,0.438689,0.187419,0.0,0.031689,0.084404,-0.061737,1.0,43.655556,50,39
065305,CO,El Paso,041,2026-01-05,0,,,,,,,,,,,,,,50,38
065306,CO,Montezuma,083,2025-12-08,1,2025-06-16,175,0.200561,0.155492,2.836821,0.775675,0.273431,0.163103,0.080493,0.13471,-0.080325,0.945652,56.347826,61,30
065308,CO,Jefferson,059,2025-06-09,1,2025-03-24,77,0.207793,0.0,3.021977,0.638513,0.21129,0.174296,0.176899,0.14625,0.065091,0.826087,58.782609,61,29
065318,CO,Adams,001,2025-04-28,1,2025-03-24,35,0.197883,1.171925,2.856264,0.608302,0.212971,0.097752,0.177558,0.131629,-0.043807,0.956522,79.717391,48,20
065318,CO,Adams,001,2025-10-06,1,2025-06-30,98,0.202807,1.414327,2.997146,0.55657,0.1857,0.135447,0.169799,0.116353,0.021432,0.923913,76.141304,50,21
065318,CO,Adams,001,2026-02-09,1,2025-08-18,175,0.204948,1.350277,2.955712,0.437881,0.148147,0.12338,0.157839,0.092708,0.007604,1.0,76.933333,49,26
065330,CO,Jefferson,059,2026-02-16,1,2025-08-25,175,0.193106,0.825735,3.135432,0.508598,0.16221,0.12043,0.158792,0.110603,-0.022143,0.844444,106.3,19,11
065355,CO,Pueblo,101,2025-08-11,0,,,,,,,,,,,,,,49,35
065356,CO,El Paso,041,2025-12-08,0,,,,,,,,,,,,,,49,21
065356,CO,El Paso,041,2026-02-23,0,,,,,,,,,,,,,,49,25
065358,CO,Adams,001,2025-04-28,0,,,,,,,,,,,,,,48,19
065358,CO,Adams,001,2026-03-16,0,,,,,,,,,,,,,,49,25
065361,CO,Douglas,035,2026-03-09,0,,,,,,,,,,,,,,19,10
065366,CO,Archuleta,007,2026-02-09,1,2025-08-18,175,0.17925,0.341994,2.832989,0.637434,0.225004,0.0,0.195581,0.150201,-0.061398,0.922222,46.244444,50,39
065382,CO,El Paso,041,2025-12-08,0,,,,,,,,,,,,,,50,38
065388,CO,Arapahoe,005,2026-03-23,0,,,,,,,,,,,,,,0,0
065394,CO,Fremont,043,2026-01-26,0,,,,,,,,,,,,,,61,29
065397,CO,Weld,123,2025-10-20,0,,,,,,,,,,,,,,50,37
065399,CO,Conejos,021,2025-11-03,0,,,,,,,,,,,,,,61,27
065401,CO,Douglas,035,2025-08-25,0,,,,,,,,,,,,,,61,27
065403,CO,Douglas,035,2025-11-03,0,,,,,,,,,,,,,,50,20
065405,CO,Douglas,035,2026-03-09,1,2025-09-15,175,0.175612,0.675139,3.116073,0.799089,0.256441,0.010524,0.11433,0.064428,-0.001609,0.988889,116.255556,19,11
065419,CO,Denver,031,2025-07-14,0,,,,,,,,,,,,,,50,20
065420,CO,Eagle,037,2026-03-09,0,,,,,,,,,,,,,,50,38
065427,CO,Pueblo,101,2025-10-20,0,,,,,,,,,,,,,,61,27
065429,CO,Boulder,013,2025-09-08,0,,,,,,,,,,,,,,50,36
065429,CO,Boulder,013,2026-03-09,0,,,,,,,,,,,,,,50,38
065430,CO,Adams,001,2025-08-25,0,,,,,,,,,,,,,,50,36
065431,CO,Weld,123,2025-12-22,0,,,,,,,,,,,,,,50,38
06A172,CO,Adams,001,2026-02-09,1,2025-08-18,175,0.17351,0.669569,3.467557,0.67186,0.193756,0.081438,0.128995,0.116227,0.083009,0.511111,77.722222,49,26
06A173,CO,Sedgwick,115,2025-09-08,1,2025-03-24,168,0.185643,0.390224,3.870459,0.687071,0.177517,0.279795,0.173749,0.144295,0.20317,0.26087,22.75,5,5
075011,CT,Capitol,110,2026-03-09,0,,,,,,,,,,,,,,43,35
075061,CT,Western Ct,190,2025-06-02,1,2025-03-24,70,0.186245,0.0,3.41533,0.747983,0.219008,0.202747,0.142625,0.098846,-0.057089,0.565217,129.413043,18,8
075061,CT,Western Ct,190,2026-02-09,1,2025-08-18,175,0.180344,0.251204,3.521305,0.812377,0.230703,0.175113,0.125077,0.076355,-0.006121,0.4,134.322222,18,9
075063,CT,Capitol,110,2025-04-07,1,2025-03-24,14,0.179152,0.522906,3.455102,0.608382,0.176082,0.065571,0.074798,0.048804,0.064068,0.5,174.119565,3,1
075063,CT,Capitol,110,2025-10-06,1,2025-04-14,175,0.179152,0.772743,3.455102,0.608382,0.176082,0.065571,0.074798,0.048804,0.064068,0.5,174.119565,3,1
075079,CT,Southeastern Ct,180,2025-06-09,1,2025-03-24,77,0.177544,0.0,3.460526,0.637956,0.184352,0.121088,0.14017,0.090866,0.02874,0.456522,101.869565,55,28
075079,CT,Southeastern Ct,180,2025-07-28,1,2025-03-24,126,0.177544,0.0,3.460526,0.637956,0.184352,0.121088,0.14017,0.090866,0.02874,0.456522,101.869565,55,28
075079,CT,Southeastern Ct,180,2025-10-13,1,2025-04-21,175,0.177544,0.0,3.460526,0.637956,0.184352,0.121088,0.14017,0.090866,0.02874,0.456522,101.869565,55,26
075113,CT,Southeastern Ct,180,2025-05-05,1,2025-03-24,42,0.20909,0.243014,3.363386,0.592796,0.17625,0.312674,0.14701,0.105174,0.003356,0.586957,82.532609,42,34
075146,CT,Naugatuck Vly,140,2025-09-15,0,,,,,,,,,,,,,,35,26
075158,CT,Southeastern Ct,180,2025-06-30,0,,,,,,,,,,,,,,55,27
075158,CT,Southeastern Ct,180,2025-08-18,0,,,,,,,,,,,,,,55,25
075158,CT,Southeastern Ct,180,2026-02-02,0,,,,,,,,,,,,,,55,31
075195,CT,Capitol,110,2025-06-09,1,2025-03-24,77,0.193154,0.0,3.313426,0.388737,0.117322,0.172919,0.081729,0.071452,-0.037834,0.75,113.771739,55,28
075200,CT,Greater Bridgeport,120,2025-07-28,0,,,,,,,,,,,,,,55,27
075208,CT,Nw Hills,160,2025-05-05,0,,,,,,,,,,,,,,42,33
075216,CT,Capitol,110,2025-08-18,0,,,,,,,,,,,,,,35,26
075231,CT,Capitol,110,2025-05-05,1,2025-03-24,42,0.207699,0.470077,3.168814,0.711252,0.224454,0.270758,0.129682,0.119875,-0.013481,0.826087,55.836957,34,26
075236,CT,Nw Hills,160,2026-02-23,1,2025-09-01,175,0.216322,1.034703,3.353691,0.841679,0.250971,0.418203,0.107465,0.092865,-0.065015,0.677778,66.766667,35,28
075243,CT,Northeastern Ct,150,2026-03-23,0,,,,,,,,,,,,,,0,0
075244,CT,Capitol,110,2025-07-21,1,2025-03-24,119,0.174945,0.0,3.688346,0.537177,0.145642,0.22706,0.106204,0.0724,-0.066654,0.206522,103.206522,55,28
075253,CT,Capitol,110,2026-03-23,0,,,,,,,,,,,,,,0,0
075257,CT,Capitol,110,2025-04-14,1,2025-03-24,21,0.180266,0.55977,3.354877,0.437518,0.130412,0.003794,0.121438,0.064033,-0.003367,0.619565,271.554348,1,1
075258,CT,Northeastern Ct,150,2025-10-13,0,,,,,,,,,,,,,,43,32
075268,CT,Capitol,110,2025-05-19,1,2025-03-24,56,0.190797,0.0,3.020594,0.377739,0.125055,0.038577,0.161311,0.094901,-0.023371,0.945652,122.51087,55,28
075271,CT,Southeastern Ct,180,2025-04-14,1,2025-03-24,21,0.188402,0.0,3.423867,0.548525,0.160206,0.21876,0.141276,0.124638,-0.037803,0.532609,82.956522,42,34
075271,CT,Southeastern Ct,180,2026-03-16,1,2025-09-22,175,0.169877,0.241567,3.181343,0.484173,0.152191,0.0,0.162037,0.131938,-0.046769,0.711111,86.033333,43,36
075286,CT,Capitol,110,2025-12-15,0,,,,,,,,,,,,,,0,0
075286,CT,Capitol,110,2026-02-09,0,,,,,,,,,,,,,,0,0
075288,CT,Southeastern Ct,180,2025-05-05,0,,,,,,,,,,,,,,42,33
075299,CT,Capitol,110,2026-01-05,1,2025-07-14,175,0.193955,0.0,3.077274,0.4095,0.133072,0.012179,0.101963,0.064578,0.02505,0.967391,199.826087,2,1
075301,CT,Capitol,110,2025-11-17,0,,,,,,,,,,,,,,35,27
075301,CT,Capitol,110,2025-11-24,0,,,,,,,,,,,,,,35,27
075310,CT,Northeastern Ct,150,2025-10-20,0,,,,,,,,,,,,,,43,32
075319,CT,Nw Hills,160,2025-07-21,1,2025-03-24,119,0.169018,0.303616,3.489526,0.642777,0.184202,0.032245,0.146755,0.08772,0.061954,0.467391,140.097826,18,8
075324,CT,Southeastern Ct,180,2026-01-12,0,,,,,,,,,,,,,,55,31
075324,CT,Southeastern Ct,180,2026-03-02,0,,,,,,,,,,,,,,55,35
075326,CT,Capitol,110,2025-08-04,1,2025-03-24,133,0.176811,0.0,3.750999,0.527852,0.140723,0.138384,0.151559,0.098764,0.13111,0.23913,142.934783,18,8
075329,CT,Naugatuck Vly,140,2025-09-08,1,2025-03-24,168,0.211708,0.0,2.002611,0.227664,0.113683,0.0,0.266643,0.898798,-0.432568,0.619565,116.402174,55,26
075329,CT,Naugatuck Vly,140,2025-11-17,1,2025-05-26,175,0.226855,0.0,1.70642,0.209418,0.122724,0.0,0.265998,1.038764,-0.467783,0.728261,117.119565,55,32
075329,CT,Naugatuck Vly,140,2026-02-16,1,2025-08-25,175,0.170967,0.0,3.814833,0.446435,0.117026,0.0,0.178278,0.120027,0.383697,0.266667,116.011111,55,36
075330,CT,Greater Bridgeport,120,2025-09-15,0,,,,,,,,,,,,,,18,7
075330,CT,Greater Bridgeport,120,2025-10-06,0,,,,,,,,,,,,,,18,7
075333,CT,Capitol,110,2026-03-23,0,,,,,,,,,,,,,,0,0
075348,CT,South Central Ct,170,2025-09-29,1,2025-04-07,175,0.170085,0.180817,3.514449,0.532752,0.151589,0.01065,0.202916,0.114627,0.0475,0.391304,212.608696,2,1
075348,CT,South Central Ct,170,2026-03-16,0,,,,,,,,,,,,,,2,1
075350,CT,Naugatuck Vly,140,2026-01-26,0,,,,,,,,,,,,,,55,31
075350,CT,Naugatuck Vly,140,2026-03-09,0,,,,,,,,,,,,,,55,35
075355,CT,Western Ct,190,2025-06-02,0,,,,,,,,,,,,,,43,33
075381,CT,Lower Ct River Vly,130,2025-07-28,1,2025-03-24,126,0.180121,0.359145,3.595212,0.490431,0.136412,0.131287,0.17423,0.105392,0.083102,0.336957,135.73913,18,8
075381,CT,Lower Ct River Vly,130,2026-03-02,1,2025-09-08,175,0.17574,0.497616,3.283015,0.428255,0.130446,0.03869,0.15756,0.088401,-0.042915,0.777778,140.544444,18,9
075384,CT,Capitol,110,2025-06-16,1,2025-03-24,84,0.18343,0.162622,3.267647,0.424397,0.129878,0.117965,0.138698,0.078754,-0.074446,0.804348,110.586957,55,28
075396,CT,Capitol,110,2026-01-26,1,2025-08-04,175,0.175081,0.0,3.786164,0.53384,0.140998,0.225642,0.124192,0.102428,0.02116,0.184783,90.130435,43,33
075397,CT,South Central Ct,170,2025-08-25,0,,,,,,,,,,,,,,18,7
075402,CT,Capitol,110,2025-04-07,0,,,,,,,,,,,,,,42,33
075402,CT,Capitol,110,2025-12-01,0,,,,,,,,,,,,,,43,32
075403,CT,South Central Ct,170,2025-08-18,0,,,,,,,,,,,,,,43,32
075412,CT,Greater Bridgeport,120,2025-09-22,0,,,,,,,,,,,,,,14,10
075413,CT,Greater Bridgeport,120,2025-12-01,0,,,,,,,,,,,,,,55,31
075420,CT,Capitol,110,2025-07-07,1,2025-03-24,105,0.176332,0.0,3.338943,0.358481,0.107364,0.0,0.115941,0.078424,0.059772,0.673913,144.51087,18,8
075431,CT,Lower Ct River Vly,130,2025-10-06,1,2025-04-14,175,0.190609,0.0,3.04843,0.764399,0.250752,0.132782,0.077226,0.101114,-0.008835,0.913043,40.076087,14,11
075439,CT,Capitol,110,2026-01-05,1,2025-07-14,175,0.171491,0.0,4.099751,1.303271,0.31789,0.112068,0.174217,0.116061,0.52376,0.086957,28.413043,13,10
085006,DE,New Castle,003,2025-05-19,0,,,,,,,,,,,,,,2,2
085019,DE,Kent,001,2026-02-23,0,,,,,,,,,,,,,,5,5
085020,DE,Kent,001,2025-04-14,0,,,,,,,,,,,,,,2,1
085021,DE,New Castle,003,2025-10-27,0,,,,,,,,,,,,,,11,9
085029,DE,Sussex,005,2025-07-28,1,2025-03-24,126,0.170768,0.555936,3.58699,0.548932,0.153034,0.137147,0.117302,0.080333,-0.032281,0.304348,113.315217,10,8
085029,DE,Sussex,005,2025-10-20,1,2025-04-28,175,0.170768,0.527818,3.58699,0.548932,0.153034,0.137147,0.117302,0.080333,-0.032281,0.304348,113.315217,10,8
085034,DE,Sussex,005,2025-11-10,0,,,,,,,,,,,,,,10,8
085034,DE,Sussex,005,2026-02-16,0,,,,,,,,,,,,,,10,8
085048,DE,Kent,001,2026-01-26,0,,,,,,,,,,,,,,10,8
085051,DE,Sussex,005,2026-03-09,0,,,,,,,,,,,,,,5,5
085054,DE,New Castle,003,2025-04-14,0,,,,,,,,,,,,,,2,1
08A020,DE,New Castle,003,2025-10-20,0,,,,,,,,,,,,,,5,5
095014,DC,The District,001,2025-07-07,1,2025-05-19,49,0.175829,0.511913,2.714136,0.565952,0.20852,0.0,0.145499,0.728971,-0.376474,0.478261,205.141304,3,3
095019,DC,The District,001,2026-02-02,0,,,,,,,,,,,,,,0,0
095020,DC,The District,001,2025-04-21,1,2025-03-24,28,0.183266,0.397443,3.073389,0.603524,0.196371,0.0,0.303396,0.185622,0.103313,0.717391,85.5,0,0
095022,DC,The District,001,2026-02-09,0,,,,,,,,,,,,,,0,0
095024,DC,The District,001,2026-03-02,0,,,,,,,,,,,,,,1,1
095026,DC,The District,001,2025-05-26,0,,,,,,,,,,,,,,3,3
095027,DC,The District,001,2025-05-05,0,,,,,,,,,,,,,,1,1
095034,DC,The District,001,2026-03-23,0,,,,,,,,,,,,,,0,0
105001,FL,Lake,069,2025-08-25,1,2025-05-19,98,0.17057,0.0,3.349912,0.588654,0.175722,0.072485,0.071188,0.047238,-0.053212,0.804348,86.652174,109,88
105009,FL,Broward,011,2025-04-07,0,,,,,,,,,,,,,,71,68
105029,FL,Hillsborough,057,2025-04-14,1,2025-03-24,21,0.171735,0.0,3.301413,0.436538,0.132228,0.001378,0.072498,0.052662,0.0089,0.858696,112.315217,279,232
105030,FL,Miami-Dade,086,2026-03-16,0,,,,,,,,,,,,,,1,1
105072,FL,Pinellas,103,2025-07-14,0,,,,,,,,,,,,,,57,46
105117,FL,Pinellas,103,2025-04-21,0,,,,,,,,,,,,,,71,68
105117,FL,Pinellas,103,2025-09-01,0,,,,,,,,,,,,,,74,69
105119,FL,Broward,011,2025-06-16,0,,,,,,,,,,,,,,51,46
105132,FL,Pinellas,103,2025-10-20,0,,,,,,,,,,,,,,109,87
105155,FL,Sarasota,115,2025-04-28,1,2025-03-24,35,0.16875,0.246624,3.274256,0.719607,0.219777,0.000206,0.096868,0.059405,0.008745,0.858696,112.923913,279,232
105232,FL,Miami-Dade,086,2025-09-01,0,,,,,,,,,,,,,,15,12
105237,FL,Broward,011,2025-05-05,0,,,,,,,,,,,,,,279,231
105250,FL,Brevard,009,2025-10-27,0,,,,,,,,,,,,,,109,87
105262,FL,Volusia,127,2025-04-07,0,,,,,,,,,,,,,,43,42
105269,FL,Polk,105,2025-10-27,1,2025-05-05,175,0.174995,0.305905,3.243087,0.478867,0.147658,9.1e-05,0.031514,0.041848,0.020174,0.945652,110.456522,282,215
105271,FL,Pinellas,103,2026-03-23,0,,,,,,,,,,,,,,0,0
105283,FL,Polk,105,2025-04-07,1,2025-03-24,14,0.1823,0.0,3.129111,0.266812,0.085268,0.000375,0.024868,0.045669,-0.011153,0.978261,111.043478,279,232
105287,FL,Duval,031,2025-06-30,0,,,,,,,,,,,,,,57,46
105315,FL,St. Johns,109,2026-03-02,0,,,,,,,,,,,,,,278,225
105320,FL,Pasco,101,2025-12-15,0,,,,,,,,,,,,,,281,223
105325,FL,Brevard,009,2025-07-28,0,,,,,,,,,,,,,,282,221
105327,FL,Manatee,081,2025-09-08,1,2025-03-24,168,0.180457,0.237793,3.214521,0.626734,0.19497,0.000614,0.067307,0.046994,0.01241,0.978261,198.293478,15,13
105354,FL,Polk,105,2025-04-28,1,2025-03-24,35,0.169442,0.264291,3.355824,0.322449,0.096087,0.0,0.094931,0.05652,-0.054195,0.684783,166.413043,57,47
105365,FL,Seminole,117,2025-08-18,0,,,,,,,,,,,,,,9,6
105387,FL,Lee,071,2025-04-28,0,,,,,,,,,,,,,,279,231
105387,FL,Lee,071,2026-02-09,0,,,,,,,,,,,,,,278,225
105394,FL,Pinellas,103,2025-11-17,1,2025-08-18,91,0.168886,0.0,3.329237,0.381343,0.114544,0.0,0.098362,0.079636,-0.015762,0.733333,114.433333,108,92
105397,FL,Hernando,053,2025-07-21,0,,,,,,,,,,,,,,281,220
105409,FL,Pinellas,103,2025-06-30,0,,,,,,,,,,,,,,71,66
105416,FL,Sarasota,115,2025-08-11,0,,,,,,,,,,,,,,108,88
105416,FL,Sarasota,115,2026-01-05,0,,,,,,,,,,,,,,108,91
105417,FL,Hillsborough,057,2026-01-26,1,2025-08-18,161,0.168656,0.664897,3.1956,0.825884,0.258444,0.0,0.056353,0.041983,-0.056595,0.988889,142.133333,52,47
105421,FL,Collier,021,2025-05-12,0,,,,,,,,,,,,,,106,93
105428,FL,Polk,105,2026-03-09,0,,,,,,,,,,,,,,108,99
105433,FL,Leon,073,2025-08-11,1,2025-03-24,140,0.172406,0.0,3.327609,0.339095,0.101903,0.0,0.066232,0.054651,-0.010166,0.858696,140.48913,51,47
105439,FL,Collier,021,2026-03-02,0,,,,,,,,,,,,,,278,225
105452,FL,Sarasota,115,2025-11-24,1,2025-06-02,175,0.169868,0.0,3.249239,0.526563,0.162057,0.0,0.070199,0.077071,-0.012956,0.858696,94.065217,108,92
105455,FL,Highlands,055,2025-07-21,0,,,,,,,,,,,,,,51,46
105460,FL,Alachua,001,2025-10-06,0,,,,,,,,,,,,,,282,214
105462,FL,Hendry,051,2025-04-07,0,,,,,,,,,,,,,,280,232
105497,FL,Sarasota,115,2025-07-07,1,2025-03-24,105,0.17133,0.226161,3.289205,0.466215,0.141741,0.0,0.065651,0.04844,0.011528,0.913043,102.73913,281,221
105499,FL,Collier,021,2025-07-28,0,,,,,,,,,,,,,,107,87
105513,FL,Miami-Dade,086,2025-04-07,0,,,,,,,,,,,,,,9,6
105516,FL,Palm Beach,099,2025-09-01,0,,,,,,,,,,,,,,57,43
105522,FL,Lee,071,2025-06-16,0,,,,,,,,,,,,,,281,220
105522,FL,Lee,071,2025-08-25,0,,,,,,,,,,,,,,282,214
105524,FL,Charlotte,015,2025-05-05,0,,,,,,,,,,,,,,51,47
105525,FL,Manatee,081,2026-02-02,0,,,,,,,,,,,,,,280,222
105537,FL,Pinellas,103,2026-01-19,0,,,,,,,,,,,,,,109,92
105538,FL,Charlotte,015,2025-07-07,0,,,,,,,,,,,,,,107,87
105544,FL,Pasco,101,2025-09-22,0,,,,,,,,,,,,,,57,43
105558,FL,Palm Beach,099,2026-03-09,1,2025-09-15,175,0.170043,0.0,3.260609,0.512659,0.157228,0.0,0.117922,0.094181,-0.000625,0.788889,95.055556,108,100
105560,FL,Miami-Dade,086,2025-11-10,0,,,,,,,,,,,,,,15,13
105567,FL,Sarasota,115,2025-06-23,0,,,,,,,,,,,,,,281,220
105574,FL,Pinellas,103,2025-06-16,0,,,,,,,,,,,,,,51,46
105581,FL,Pinellas,103,2025-08-04,0,,,,,,,,,,,,,,57,46
105588,FL,Lee,071,2025-08-25,0,,,,,,,,,,,,,,282,214
105602,FL,Marion,083,2025-06-16,0,,,,,,,,,,,,,,281,220
105603,FL,Manatee,081,2025-06-02,0,,,,,,,,,,,,,,281,220
105607,FL,Palm Beach,099,2025-04-21,0,,,,,,,,,,,,,,57,46
105645,FL,Duval,031,2025-12-08,0,,,,,,,,,,,,,,281,223
105679,FL,Broward,011,2025-10-27,0,,,,,,,,,,,,,,282,214
105690,FL,Pinellas,103,2025-04-14,1,2025-03-24,21,0.182287,0.497955,3.116948,0.317805,0.10196,0.006081,0.066983,0.053523,-0.015962,0.98913,111.532609,279,232
105690,FL,Pinellas,103,2026-03-02,1,2025-09-08,175,0.179454,0.670183,3.175668,0.335861,0.105761,0.000162,0.078205,0.046658,0.008661,1.0,107.7,278,226
105693,FL,Polk,105,2025-08-18,0,,,,,,,,,,,,,,282,214
105714,FL,Pinellas,103,2025-04-21,0,,,,,,,,,,,,,,43,42
105714,FL,Pinellas,103,2025-09-08,1,2025-08-18,21,0.171218,0.224493,3.170993,0.506733,0.159803,0.038064,0.123196,0.108123,-0.054218,0.833333,34.244444,45,43
105728,FL,Orange,095,2025-10-13,1,2025-04-21,175,0.184469,0.337569,3.295495,0.914556,0.277517,0.000313,0.086774,0.057388,-0.004151,0.836957,369.01087,0,0
105736,FL,Hillsborough,057,2025-05-05,0,,,,,,,,,,,,,,279,231
105769,FL,Columbia,023,2025-06-02,0,,,,,,,,,,,,,,281,220
105774,FL,Sarasota,115,2025-05-19,1,2025-03-24,56,0.19026,0.0,3.380422,0.480365,0.142102,0.0,0.12815,0.090455,0.347801,0.608696,95.217391,107,88
105774,FL,Sarasota,115,2025-12-15,1,2025-06-23,175,0.170018,0.234435,3.317604,0.465807,0.140405,0.0,0.0804,0.064112,0.0268,0.815217,93.173913,108,92
105819,FL,St. Lucie,111,2025-06-23,0,,,,,,,,,,,,,,281,220
105864,FL,Lee,071,2025-10-27,0,,,,,,,,,,,,,,57,43
105891,FL,Hillsborough,057,2025-12-15,0,,,,,,,,,,,,,,74,70
105967,FL,Orange,095,2025-05-12,0,,,,,,,,,,,,,,279,231
105983,FL,Sarasota,115,2025-05-05,0,,,,,,,,,,,,,,106,93
105995,FL,Collier,021,2025-04-14,0,,,,,,,,,,,,,,43,42
106000,FL,Lee,071,2025-06-09,0,,,,,,,,,,,,,,281,220
106000,FL,Lee,071,2025-07-07,0,,,,,,,,,,,,,,281,220
106003,FL,Lake,069,2025-12-15,0,,,,,,,,,,,,,,52,46
106032,FL,Sarasota,115,2025-12-01,1,2025-06-09,175,0.172613,0.261453,3.226696,0.395634,0.122613,0.0,0.078931,0.083891,-0.036636,0.815217,113.695652,281,224
106036,FL,Citrus,017,2025-04-28,0,,,,,,,,,,,,,,279,231
106042,FL,Pinellas,103,2026-02-16,0,,,,,,,,,,,,,,278,225
106051,FL,Escambia,033,2026-01-19,1,2025-07-28,175,0.168778,0.0,3.42211,0.511736,0.149538,0.000654,0.179383,0.107961,0.001112,0.478261,190.793478,15,14
106069,FL,Polk,105,2025-04-28,0,,,,,,,,,,,,,,106,93
106069,FL,Polk,105,2025-06-23,0,,,,,,,,,,,,,,107,87
106070,FL,De Soto,027,2026-02-23,0,,,,,,,,,,,,,,44,42
106075,FL,Indian River,061,2025-07-07,0,,,,,,,,,,,,,,71,66
106079,FL,Pasco,101,2025-04-28,0,,,,,,,,,,,,,,279,231
106079,FL,Pasco,101,2026-02-09,0,,,,,,,,,,,,,,278,225
106091,FL,Palm Beach,099,2025-04-14,0,,,,,,,,,,,,,,279,231
106093,FL,Hillsborough,057,2025-05-05,0,,,,,,,,,,,,,,279,231
106103,FL,Pinellas,103,2025-06-09,0,,,,,,,,,,,,,,43,41
106116,FL,Pinellas,103,2025-10-20,1,2025-05-19,154,0.171136,0.0,3.258011,0.446569,0.137068,0.0,0.119453,0.181022,-0.052158,0.663043,144.891304,282,215
106120,FL,Polk,105,2025-09-29,0,,,,,,,,,,,,,,282,214
106124,FL,Clay,019,2025-06-09,0,,,,,,,,,,,,,,107,87
115025,GA,De Kalb,089,2025-12-29,1,2025-07-07,175,0.193264,0.44761,3.165741,0.327138,0.103337,0.008653,0.161014,0.106907,0.064082,0.815217,209.5,5,1
115124,GA,Muscogee,215,2025-08-25,0,,,,,,,,,,,,,,94,46
115129,GA,Fulton,121,2025-06-09,1,2025-03-24,77,0.246022,0.0,1.615029,0.106207,0.065762,0.0,0.337089,1.409299,-0.50488,0.684783,203.663043,5,1
115262,GA,Appling,001,2025-05-19,0,,,,,,,,,,,,,,89,44
115265,GA,Ware,299,2025-04-21,0,,,,,,,,,,,,,,7,5
115265,GA,Ware,299,2026-02-09,0,,,,,,,,,,,,,,6,5
115266,GA,Mitchell,205,2026-01-05,0,,,,,,,,,,,,,,27,10
115273,GA,Douglas,097,2025-10-27,0,,,,,,,,,,,,,,5,0
115291,GA,Richmond,245,2025-06-02,0,,,,,,,,,,,,,,47,23
115334,GA,Richmond,245,2025-06-23,0,,,,,,,,,,,,,,89,44
115375,GA,Newton,217,2025-10-27,1,2025-05-19,161,0.171794,0.0,3.35903,0.280165,0.083406,0.0,0.137177,0.095717,-0.006503,0.576087,153.108696,27,10
115431,GA,Haralson,143,2025-04-14,1,2025-03-24,21,0.179366,0.373849,3.224544,0.29983,0.092984,0.0,0.103897,0.075122,0.043177,0.847826,105.576087,47,25
115460,GA,Fayette,113,2025-08-04,1,2025-05-19,77,0.169048,0.0,3.263389,0.352939,0.108151,0.0,0.130708,0.087249,-0.096947,0.75,146.23913,26,11
115480,GA,Thomas,275,2025-07-14,0,,,,,,,,,,,,,,105,58
115484,GA,Upson,293,2026-03-23,0,,,,,,,,,,,,,,0,0
115522,GA,Candler,043,2025-03-31,1,2025-03-24,7,0.187184,0.0,2.832887,0.286062,0.100979,0.007234,0.206724,0.140308,-0.115461,0.967391,78.532609,88,51
115531,GA,De Kalb,089,2025-06-09,0,,,,,,,,,,,,,,47,23
115542,GA,Fulton,121,2025-12-15,1,2025-06-23,175,0.223954,0.35154,3.530927,0.275168,0.077931,0.388798,0.156603,0.094469,0.028977,0.358696,150.271739,7,6
115577,GA,Wayne,305,2025-08-04,1,2025-03-24,133,0.198646,0.0,2.660966,0.3034,0.114019,0.0,0.089387,0.160778,-0.056209,0.98913,53.228261,106,60
115598,GA,Evans,109,2025-12-08,0,,,,,,,,,,,,,,107,63
115607,GA,Grady,131,2025-08-18,0,,,,,,,,,,,,,,0,0
115607,GA,Grady,131,2026-03-09,0,,,,,,,,,,,,,,0,0
115628,GA,Dougherty,095,2025-05-26,1,2025-03-24,63,0.182101,0.0,3.156309,0.2774,0.087888,0.0,0.252808,0.145968,-0.064801,0.771739,203.826087,5,1
115630,GA,Charlton,049,2025-11-17,1,2025-05-26,175,0.228021,0.246624,2.372301,0.228001,0.09611,0.071703,0.279836,0.182546,-0.076832,0.98913,66.456522,107,64
115633,GA,Chatham,051,2026-01-26,1,2025-08-04,175,0.237342,0.0,1.473039,0.498684,0.338541,0.10954,0.082946,0.234802,-0.32078,1.0,47.173913,27,16
115642,GA,Candler,043,2025-09-08,0,,,,,,,,,,,,,,106,59
115660,GA,Cobb,067,2026-02-16,0,,,,,,,,,,,,,,47,24
115709,GA,Troup,285,2026-01-12,1,2025-08-18,147,0.168802,0.0,3.103788,0.706038,0.227476,0.0,0.27165,0.196406,-0.049352,0.733333,83.455556,94,48
115721,GA,Glynn,127,2025-03-31,0,,,,,,,,,,,,,,26,12
115728,GA,Bibb,021,2026-01-12,0,,,,,,,,,,,,,,94,47
115733,GA,Wilcox,315,2025-06-09,1,2025-03-24,77,0.17982,0.154114,3.187697,0.205635,0.064509,0.0,0.119177,0.102577,0.052215,0.815217,60.73913,105,59
125013,HI,Honolulu,003,2025-08-11,0,,,,,,,,,,,,,,12,11
125048,HI,Honolulu,003,2026-03-09,0,,,,,,,,,,,,,,10,8
125057,HI,Honolulu,003,2025-06-16,0,,,,,,,,,,,,,,10,6
125059,HI,Honolulu,003,2025-09-01,0,,,,,,,,,,,,,,12,11
135019,ID,Canyon,027,2025-11-10,0,,,,,,,,,,,,,,9,9
135098,ID,Ada,001,2025-09-08,1,2025-03-24,168,0.179709,1.064869,3.31397,0.509747,0.153818,0.089158,0.135868,0.108497,0.030732,0.73913,64.119565,28,22
135110,ID,Canyon,027,2025-03-31,0,,,,,,,,,,,,,,27,22
135110,ID,Canyon,027,2025-09-01,0,,,,,,,,,,,,,,28,21
135110,ID,Canyon,027,2025-11-03,0,,,,,,,,,,,,,,28,21
135122,ID,Kootenai,055,2026-03-16,0,,,,,,,,,,,,,,9,9
135143,ID,Twin Falls,083,2025-04-28,0,,,,,,,,,,,,,,27,22
135144,ID,Ada,001,2025-12-01,0,,,,,,,,,,,,,,9,9
145012,IL,Knox,095,2025-05-12,1,2025-03-24,49,0.18515,1.310706,3.028626,0.346399,0.114375,0.08006,0.161483,0.13658,-0.101527,0.902174,51.913043,139,63
145012,IL,Knox,095,2025-08-25,1,2025-03-24,154,0.18515,1.310706,3.028626,0.346399,0.114375,0.08006,0.161483,0.13658,-0.101527,0.902174,51.913043,142,55
145012,IL,Knox,095,2025-09-08,1,2025-03-24,168,0.18515,1.310706,3.028626,0.346399,0.114375,0.08006,0.161483,0.13658,-0.101527,0.902174,51.913043,142,55
145016,IL,Mc Lean,113,2025-07-28,1,2025-05-19,70,0.176351,2.590426,3.539701,0.410303,0.115915,0.152271,0.138561,0.114024,0.006273,0.391304,71.630435,140,59
145016,IL,Mc Lean,113,2025-08-11,1,2025-05-19,84,0.176351,2.590426,3.539701,0.410303,0.115915,0.152271,0.138561,0.114024,0.006273,0.391304,71.630435,140,59
145027,IL,Rock Island,161,2025-09-15,0,,,,,,,,,,,,,,142,40
145027,IL,Rock Island,161,2025-11-17,0,,,,,,,,,,,,,,142,42
145027,IL,Rock Island,161,2026-03-16,0,,,,,,,,,,,,,,140,44
145027,IL,Rock Island,161,2026-03-23,0,,,,,,,,,,,,,,0,0
145029,IL,Will,197,2025-07-07,1,2025-03-24,105,0.209992,1.760241,3.524453,1.079226,0.306211,0.357325,0.11346,0.074979,0.081336,0.445652,107.630435,79,26
145031,IL,Mc Lean,113,2025-06-02,1,2025-03-24,70,0.18122,1.762364,3.166541,0.570314,0.180106,0.043664,0.118603,0.095448,0.021084,0.869565,88.847826,142,45
145031,IL,Mc Lean,113,2025-12-01,1,2025-06-09,175,0.178925,2.015728,3.178213,0.584775,0.183995,0.021345,0.121098,0.081852,0.041088,0.891304,91.717391,142,43
145031,IL,Mc Lean,113,2026-02-16,1,2025-08-25,175,0.176784,1.857833,3.212531,0.66134,0.205863,0.029533,0.106346,0.085791,0.03996,0.8,88.288889,140,45
145062,IL,La Salle,099,2026-03-16,1,2025-09-22,175,0.179779,0.788026,2.947808,0.737587,0.250215,0.001204,0.081704,0.052148,-0.031236,1.0,102.711111,140,45
145070,IL,Cook,031,2025-04-14,1,2025-03-24,21,0.171697,1.733096,3.736406,0.636862,0.170448,0.094649,0.187443,0.112175,0.176779,0.26087,117.706522,79,28
145070,IL,Cook,031,2025-06-30,1,2025-03-24,98,0.171697,1.733096,3.736406,0.636862,0.170448,0.094649,0.187443,0.112175,0.176779,0.26087,117.706522,79,26
145070,IL,Cook,031,2025-12-08,1,2025-06-16,175,0.168675,1.970065,3.598539,0.684554,0.190231,0.073395,0.165434,0.100865,0.080848,0.369565,121.065217,80,22
145070,IL,Cook,031,2025-12-29,1,2025-07-07,175,0.168675,2.311709,3.598539,0.684554,0.190231,0.073395,0.165434,0.100865,0.080848,0.369565,121.065217,80,22
145070,IL,Cook,031,2026-03-09,1,2025-09-15,175,0.177896,2.15275,3.184497,0.381365,0.119757,0.043168,0.19983,0.125956,-0.078579,0.766667,123.444444,80,23
145087,IL,Cook,031,2025-08-25,0,,,,,,,,,,,,,,50,8
145087,IL,Cook,031,2025-10-06,0,,,,,,,,,,,,,,50,8
145087,IL,Cook,031,2025-11-17,0,,,,,,,,,,,,,,50,9
145121,IL,Madison,119,2026-01-05,0,,,,,,,,,,,,,,108,60
145126,IL,Cook,031,2026-02-23,0,,,,,,,,,,,,,,0,0
145135,IL,Richland,159,2025-04-21,1,2025-03-24,28,0.194593,2.887352,2.543479,0.593293,0.23326,0.0,0.19834,0.130748,-0.09291,1.0,86.195652,141,52
145135,IL,Richland,159,2025-05-05,1,2025-03-24,42,0.194593,2.887352,2.543479,0.593293,0.23326,0.0,0.19834,0.130748,-0.09291,1.0,86.195652,141,52
145135,IL,Richland,159,2025-09-08,1,2025-03-24,168,0.194593,2.887352,2.543479,0.593293,0.23326,0.0,0.19834,0.130748,-0.09291,1.0,86.195652,142,41
145135,IL,Richland,159,2025-10-20,1,2025-04-28,175,0.194593,3.220088,2.543479,0.593293,0.23326,0.0,0.19834,0.130748,-0.09291,1.0,86.195652,142,41
145135,IL,Richland,159,2025-11-03,1,2025-05-12,175,0.194593,3.616337,2.543479,0.593293,0.23326,0.0,0.19834,0.130748,-0.09291,1.0,86.195652,142,41
145135,IL,Richland,159,2026-02-23,1,2025-09-01,175,0.21614,3.176087,2.743189,0.59661,0.217488,0.138677,0.143022,0.117064,0.019399,1.0,79.288889,140,45
145136,IL,Sangamon,167,2025-08-25,1,2025-03-24,154,0.210334,1.67354,2.888348,0.26499,0.091745,0.097533,0.140229,0.100982,0.045996,1.0,56.0,142,55
145183,IL,Vermilion,183,2025-03-31,0,,,,,,,,,,,,,,141,51
145183,IL,Vermilion,183,2025-05-12,0,,,,,,,,,,,,,,141,51
145183,IL,Vermilion,183,2025-05-26,1,2025-05-19,7,0.171554,3.437647,3.23462,0.833575,0.257704,0.068887,0.150452,0.104431,-0.038928,0.75,76.532609,142,45
145183,IL,Vermilion,183,2025-09-29,1,2025-05-19,133,0.171554,3.437647,3.23462,0.833575,0.257704,0.068887,0.150452,0.104431,-0.038928,0.75,76.532609,142,41
145183,IL,Vermilion,183,2026-03-09,1,2025-09-15,175,0.177249,3.392415,3.246686,0.858586,0.26445,0.111903,0.143511,0.099711,-0.037148,0.744444,81.144444,140,45
145198,IL,Cook,031,2025-06-16,1,2025-03-24,84,0.175068,2.522445,3.740806,0.732092,0.195704,0.193502,0.16615,0.098374,0.015963,0.282609,144.097826,50,10
145198,IL,Cook,031,2026-02-23,1,2025-09-01,175,0.18279,2.476271,3.538397,0.722042,0.204059,0.200358,0.072889,0.058986,-0.052537,0.422222,155.477778,50,13
145208,IL,Cook,031,2025-04-14,1,2025-03-24,21,0.173736,1.129057,3.156899,0.641853,0.203318,0.0,0.197361,0.108289,-0.027201,0.869565,134.554348,50,11
145211,IL,Cook,031,2026-01-05,1,2025-08-18,140,0.185455,1.657214,2.496256,0.527416,0.211283,0.001218,0.077702,0.677284,-0.295227,0.477778,105.988889,80,22
145219,IL,Du Page,043,2025-11-17,0,,,,,,,,,,,,,,80,21
145222,IL,Mc Henry,111,2025-04-28,1,2025-03-24,35,0.234282,3.082278,2.9399,0.732653,0.24921,0.285934,0.19371,0.113646,0.109762,0.967391,74.206522,139,63
145222,IL,Mc Henry,111,2026-01-26,1,2025-08-04,175,0.216014,3.029325,2.941527,0.884906,0.300832,0.217963,0.184703,0.121802,0.07572,0.956522,76.51087,140,60
145234,IL,Stephenson,177,2025-11-17,1,2025-05-26,175,0.191801,2.054852,2.719142,0.473719,0.174216,0.003078,0.233024,0.155968,-0.043943,0.978261,62.347826,140,60
145234,IL,Stephenson,177,2026-02-16,1,2025-08-25,175,0.202761,1.821696,2.597563,0.370027,0.142451,0.013275,0.172689,0.131873,-0.055413,1.0,67.022222,138,63
145237,IL,Cook,031,2025-04-07,1,2025-03-24,14,0.180084,1.225671,3.239804,0.606125,0.187087,0.014512,0.147179,0.080986,0.0034,0.826087,198.923913,20,0
145237,IL,Cook,031,2025-12-15,1,2025-06-23,175,0.176633,1.483249,3.288289,0.62249,0.189305,0.015917,0.137106,0.074164,-0.001228,0.782609,190.532609,20,0
145237,IL,Cook,031,2026-02-02,1,2025-08-11,175,0.176633,1.412959,3.288289,0.62249,0.189305,0.015917,0.137106,0.074164,-0.001228,0.782609,190.532609,20,0
145239,IL,Peoria,143,2026-02-09,1,2025-08-18,175,0.182513,0.994328,3.639233,0.23434,0.064393,0.064298,0.202911,0.137416,0.344255,0.377778,40.711111,106,65
145241,IL,St. Clair,163,2025-08-11,1,2025-03-24,140,0.19348,1.612583,2.96426,0.19094,0.064414,0.0,0.095145,0.079243,0.005156,1.0,105.597826,79,26
145243,IL,Vermilion,183,2025-11-03,0,,,,,,,,,,,,,,142,40
145244,IL,Cook,031,2025-04-21,1,2025-03-24,28,0.236065,1.528243,2.406237,0.282846,0.117547,0.005706,0.17959,0.095687,0.006911,1.0,226.097826,8,1
145244,IL,Cook,031,2025-09-08,1,2025-03-24,168,0.236065,1.528243,2.406237,0.282846,0.117547,0.005706,0.17959,0.095687,0.006911,1.0,226.097826,8,1
145244,IL,Cook,031,2025-09-15,1,2025-03-24,175,0.236065,1.528243,2.406237,0.282846,0.117547,0.005706,0.17959,0.095687,0.006911,1.0,226.097826,8,1
145244,IL,Cook,031,2026-02-23,1,2025-09-01,175,0.231897,1.664009,2.429319,0.35003,0.144086,0.00109,0.096496,0.062621,-0.005388,1.0,239.166667,8,2
145248,IL,Tazewell,179,2025-08-18,1,2025-03-24,147,0.216318,2.163803,2.855292,0.51555,0.180559,0.191861,0.123975,0.11251,-0.029193,0.956522,71.195652,142,55
145248,IL,Tazewell,179,2026-01-05,1,2025-07-14,175,0.210963,1.910303,2.657491,0.531933,0.200164,0.125917,0.077796,0.082634,-0.092258,1.0,75.565217,140,60
145257,IL,Mc Henry,111,2025-10-13,0,,,,,,,,,,,,,,0,0
145259,IL,Winnebago,201,2026-01-19,0,,,,,,,,,,,,,,0,0
145261,IL,De Kalb,037,2025-06-23,1,2025-03-24,91,0.220853,1.517134,2.95563,0.833215,0.281908,0.262541,0.102874,0.097664,0.032355,0.956522,75.869565,142,45
145266,IL,Tazewell,179,2025-05-26,1,2025-03-24,63,0.194329,0.721125,3.231461,0.32839,0.101623,0.072179,0.168811,0.122799,0.160563,0.652174,66.652174,140,59
145268,IL,Cook,031,2025-03-31,1,2025-03-24,7,0.19081,0.489611,3.684773,1.06983,0.290338,0.262365,0.192498,0.099915,-0.007738,0.293478,239.673913,8,1
145269,IL,Rock Island,161,2025-04-07,1,2025-03-24,14,0.233309,2.198094,3.198467,0.440306,0.137662,0.33973,0.177897,0.118124,0.007073,0.771739,153.619565,32,6
145269,IL,Rock Island,161,2025-10-13,1,2025-04-21,175,0.233309,2.49439,3.198467,0.440306,0.137662,0.33973,0.177897,0.118124,0.007073,0.771739,153.619565,32,6
145269,IL,Rock Island,161,2026-03-16,1,2025-09-22,175,0.220788,2.168575,3.158475,0.531686,0.168336,0.269034,0.123778,0.075613,-0.003593,0.922222,145.677778,32,7
145275,IL,Tazewell,179,2025-08-25,1,2025-03-24,154,0.196175,3.243063,3.37402,0.323713,0.095943,0.112242,0.159621,0.122205,0.181114,0.586957,92.25,142,41
145275,IL,Tazewell,179,2026-03-23,0,,,,,,,,,,,,,,0,0
145290,IL,St. Clair,163,2025-04-28,1,2025-03-24,35,0.198354,4.44223,3.069346,0.201836,0.065758,0.088242,0.184851,0.129371,-0.03024,0.858696,122.641304,79,28
145290,IL,St. Clair,163,2025-06-23,1,2025-03-24,91,0.198354,4.44223,3.069346,0.201836,0.065758,0.088242,0.184851,0.129371,-0.03024,0.858696,122.641304,79,26
145290,IL,St. Clair,163,2025-07-21,1,2025-03-24,119,0.198354,4.44223,3.069346,0.201836,0.065758,0.088242,0.184851,0.129371,-0.03024,0.858696,122.641304,79,26
145290,IL,St. Clair,163,2025-08-04,1,2025-03-24,133,0.198354,4.44223,3.069346,0.201836,0.065758,0.088242,0.184851,0.129371,-0.03024,0.858696,122.641304,79,26
145290,IL,St. Clair,163,2025-10-13,1,2025-04-21,175,0.198354,4.755859,3.069346,0.201836,0.065758,0.088242,0.184851,0.129371,-0.03024,0.858696,122.641304,80,22
145295,IL,La Salle,099,2025-04-07,1,2025-03-24,14,0.196887,1.722877,3.205328,0.57062,0.178022,0.185527,0.246017,0.145571,0.004111,0.673913,76.630435,141,52
145316,IL,Will,197,2025-04-28,1,2025-03-24,35,0.254074,1.84005,2.048622,0.581765,0.283979,0.132335,0.189643,0.115537,-0.024113,1.0,166.086957,32,6
145324,IL,Cook,031,2025-03-31,0,,,,,,,,,,,,,,141,51
145324,IL,Cook,031,2025-06-09,0,,,,,,,,,,,,,,142,44
145333,IL,Du Page,043,2025-09-08,1,2025-03-24,168,0.196609,0.0,2.836192,0.539285,0.190144,0.0,0.180222,0.101597,-0.025653,0.98913,191.467391,20,0
145334,IL,Cook,031,2025-09-29,1,2025-05-19,133,0.171051,2.597795,3.220811,0.745214,0.231375,0.058768,0.17121,0.107352,-0.115158,0.73913,136.423913,50,9
145337,IL,Cook,031,2025-04-21,1,2025-03-24,28,0.228408,1.445104,2.368513,0.367893,0.155327,0.034698,0.170523,0.114219,-0.114856,1.0,222.673913,11,1
145337,IL,Cook,031,2025-05-05,1,2025-03-24,42,0.228408,1.445104,2.368513,0.367893,0.155327,0.034698,0.170523,0.114219,-0.114856,1.0,222.673913,11,1
145337,IL,Cook,031,2025-06-16,1,2025-03-24,84,0.228408,1.445104,2.368513,0.367893,0.155327,0.034698,0.170523,0.114219,-0.114856,1.0,222.673913,11,1
145339,IL,Du Page,043,2025-05-19,1,2025-03-24,56,0.214774,0.968833,3.534302,0.837954,0.237092,0.376036,0.160028,0.093417,0.055298,0.380435,128.869565,50,10
145371,IL,Mc Lean,113,2025-05-19,1,2025-03-24,56,0.224173,0.941366,2.509767,0.285298,0.113675,0.041226,0.10127,0.082489,0.020488,1.0,86.869565,142,45
145371,IL,Mc Lean,113,2025-10-13,1,2025-04-21,175,0.224173,0.908582,2.509767,0.285298,0.113675,0.041226,0.10127,0.082489,0.020488,1.0,86.869565,142,41
145372,IL,Will,197,2025-04-14,1,2025-03-24,21,0.203381,1.209437,2.800951,0.531537,0.18977,0.032088,0.216236,0.119341,0.024746,0.98913,144.304348,50,11
145380,IL,Effingham,049,2025-09-29,0,,,,,,,,,,,,,,108,57
145382,IL,Cook,031,2025-04-14,1,2025-03-24,21,0.184778,0.0,3.070266,0.788633,0.256861,0.014242,0.152741,0.079289,-0.004835,1.0,201.097826,11,1
145386,IL,Massac,127,2026-03-23,0,,,,,,,,,,,,,,0,0
145387,IL,Rock Island,161,2025-03-31,0,,,,,,,,,,,,,,141,51
145387,IL,Rock Island,161,2026-03-09,0,,,,,,,,,,,,,,141,45
145388,IL,Richland,159,2026-01-12,1,2025-07-21,175,0.21942,0.0,2.231011,0.46196,0.207063,0.0,0.093285,0.11633,-0.023915,1.0,66.108696,140,60
145403,IL,Cook,031,2025-07-07,0,,,,,,,,,,,,,,0,0
145405,IL,Du Page,043,2026-01-26,1,2025-08-04,175,0.20043,2.278067,3.516539,0.662342,0.188351,0.218159,0.251429,0.135653,0.113659,0.315217,172.152174,32,6
145406,IL,Randolph,157,2025-04-21,0,,,,,,,,,,,,,,104,64
145410,IL,Clinton,027,2025-05-19,1,2025-03-24,56,0.194517,1.277098,2.392748,0.246334,0.10295,0.0,0.174343,0.147615,-0.325038,1.0,71.23913,140,59
145410,IL,Clinton,027,2025-10-13,1,2025-04-21,175,0.194517,1.236738,2.392748,0.246334,0.10295,0.0,0.174343,0.147615,-0.325038,1.0,71.23913,141,54
145411,IL,Christian,021,2025-10-27,1,2025-05-05,175,0.179795,0.762526,3.087343,0.093005,0.030125,0.0,0.225478,0.131532,-0.028896,0.836957,50.391304,141,54
145413,IL,Marshall,123,2025-12-29,1,2025-07-07,175,0.214809,0.316782,3.538774,0.821358,0.232103,0.380744,0.027068,0.136462,0.099617,0.5,64.01087,140,60
145415,IL,Cook,031,2025-04-07,0,,,,,,,,,,,,,,141,51
145415,IL,Cook,031,2025-07-14,0,,,,,,,,,,,,,,142,44
145418,IL,Henry,073,2025-05-19,1,2025-03-24,56,0.236549,2.286385,2.38879,0.323081,0.135249,0.048561,0.204729,0.128136,0.040557,1.0,131.293478,50,10
145419,IL,Cook,031,2025-06-09,1,2025-03-24,77,0.183796,4.682692,3.430022,0.293352,0.085525,0.117643,0.193868,0.109278,-0.010922,0.456522,154.728261,32,6
145419,IL,Cook,031,2025-09-01,1,2025-03-24,161,0.183796,4.682692,3.430022,0.293352,0.085525,0.117643,0.193868,0.109278,-0.010922,0.456522,154.728261,32,6
145419,IL,Cook,031,2025-12-01,1,2025-06-09,175,0.172203,4.26196,3.767524,0.420435,0.111595,0.125338,0.198668,0.111427,0.088227,0.282609,151.293478,32,6
145419,IL,Cook,031,2025-12-22,1,2025-06-30,175,0.172203,4.576025,3.767524,0.420435,0.111595,0.125338,0.198668,0.111427,0.088227,0.282609,151.293478,32,6
145419,IL,Cook,031,2026-03-23,0,,,,,,,,,,,,,,0,0
145420,IL,Du Page,043,2025-08-11,1,2025-03-24,140,0.216492,0.953655,3.229914,0.69909,0.216442,0.234831,0.173565,0.095149,0.088244,0.782609,159.5,32,6
145422,IL,Macon,115,2025-08-11,0,,,,,,,,,,,,,,142,44
145422,IL,Macon,115,2025-12-08,0,,,,,,,,,,,,,,142,42
145422,IL,Macon,115,2026-02-02,0,,,,,,,,,,,,,,141,41
145424,IL,Cook,031,2025-09-08,1,2025-03-24,168,0.184534,2.471245,3.10213,0.496157,0.159941,0.039067,0.240531,0.162876,0.034593,0.76087,82.021739,142,41
145424,IL,Cook,031,2026-02-16,1,2025-08-25,175,0.17627,2.045073,3.085404,0.711483,0.230596,0.000712,0.189098,0.123629,0.043103,0.833333,73.344444,140,45
145426,IL,La Salle,099,2025-03-31,0,,,,,,,,,,,,,,50,10
145427,IL,Madison,119,2025-05-05,1,2025-03-24,42,0.198313,2.188998,3.135501,0.403403,0.128657,0.162737,0.315989,0.185853,-0.013943,0.717391,76.826087,141,52
145427,IL,Madison,119,2025-05-26,1,2025-03-24,63,0.198313,2.188998,3.135501,0.403403,0.128657,0.162737,0.315989,0.185853,-0.013943,0.717391,76.826087,142,45
145427,IL,Madison,119,2025-06-30,1,2025-03-24,98,0.198313,2.188998,3.135501,0.403403,0.128657,0.162737,0.315989,0.185853,-0.013943,0.717391,76.826087,142,45
145427,IL,Madison,119,2025-09-29,1,2025-04-07,175,0.198313,2.472081,3.135501,0.403403,0.128657,0.162737,0.315989,0.185853,-0.013943,0.717391,76.826087,142,41
145427,IL,Madison,119,2025-11-17,1,2025-05-26,175,0.218229,2.67039,3.120837,0.325747,0.104378,0.2683,0.258671,0.156732,-0.018235,0.695652,81.967391,142,43
145431,IL,Woodford,203,2025-11-03,1,2025-05-12,175,0.185797,2.274689,3.595813,0.423624,0.11781,0.182208,0.189868,0.170694,0.125488,0.445652,63.891304,141,54
145431,IL,Woodford,203,2026-02-23,0,,,,,,,,,,,,,,138,62
145434,IL,Lake,097,2025-09-08,1,2025-03-24,168,0.239382,1.045563,2.268026,0.828605,0.365342,0.165805,0.125164,0.091626,0.076083,1.0,82.76087,142,41
145434,IL,Lake,097,2026-03-16,1,2025-09-22,175,0.219005,1.187805,2.649011,0.936617,0.353572,0.101346,-0.00858,0.061805,0.180559,1.0,78.666667,140,45
145436,IL,Tazewell,179,2025-09-01,0,,,,,,,,,,,,,,142,54
145438,IL,Madison,119,2025-12-01,1,2025-06-09,175,0.258155,1.518711,1.66736,0.120473,0.072253,0.09387,0.19835,0.743617,-0.366569,1.0,61.641304,140,60
145440,IL,Ogle,141,2025-05-19,0,,,,,,,,,,,,,,142,44
145442,IL,Stark,175,2025-05-12,1,2025-03-24,49,0.231472,1.164453,2.634879,0.291575,0.11066,0.135184,0.174078,0.152302,0.035612,0.98913,67.858696,139,63
145443,IL,Lake,097,2025-06-23,0,,,,,,,,,,,,,,142,44
145446,IL,Knox,095,2025-07-28,1,2025-03-24,126,0.262327,0.758567,2.767326,0.282025,0.101913,0.427851,0.115609,0.188134,-0.128213,0.956522,77.554348,142,45
145446,IL,Knox,095,2025-08-18,1,2025-03-24,147,0.262327,0.758567,2.767326,0.282025,0.101913,0.427851,0.115609,0.188134,-0.128213,0.956522,77.554348,142,41
145446,IL,Knox,095,2026-01-05,1,2025-07-14,175,0.221276,0.679535,3.150949,0.407864,0.129442,0.296558,0.13452,0.093847,0.001072,0.858696,68.804348,141,42
145450,IL,Cook,031,2025-05-05,0,,,,,,,,,,,,,,0,0
145450,IL,Cook,031,2026-01-26,0,,,,,,,,,,,,,,0,0
145450,IL,Cook,031,2026-02-09,0,,,,,,,,,,,,,,0,0
145456,IL,Macoupin,117,2025-09-08,1,2025-03-24,168,0.185079,1.54331,2.971682,0.254634,0.085687,0.033999,0.18643,0.143874,-0.086566,0.891304,61.706522,142,55
145458,IL,Du Page,043,2025-11-03,0,,,,,,,,,,,,,,80,21
145458,IL,Du Page,043,2025-12-08,0,,,,,,,,,,,,,,80,21
145465,IL,Jersey,083,2025-06-09,1,2025-03-24,77,0.193101,2.522445,3.094267,0.474636,0.153392,0.105215,0.178386,0.132383,0.03536,0.815217,48.913043,107,61
145465,IL,Jersey,083,2025-09-15,1,2025-03-24,175,0.193101,2.522445,3.094267,0.474636,0.153392,0.105215,0.178386,0.132383,0.03536,0.815217,48.913043,108,58
145465,IL,Jersey,083,2025-11-10,1,2025-05-19,175,0.197564,2.341346,3.095495,0.472468,0.152631,0.14194,0.125015,0.135909,0.019515,0.815217,45.195652,108,61
145466,IL,Edgar,045,2026-02-02,0,,,,,,,,,,,,,,108,60
145469,IL,Edgar,045,2025-04-21,1,2025-03-24,28,0.188568,3.387172,3.158647,0.586851,0.185792,0.093576,0.135788,0.105741,0.029977,0.793478,82.163043,141,52
145469,IL,Edgar,045,2025-07-14,1,2025-03-24,112,0.188568,3.387172,3.158647,0.586851,0.185792,0.093576,0.135788,0.105741,0.029977,0.793478,82.163043,142,45
145469,IL,Edgar,045,2025-10-13,1,2025-04-21,175,0.188568,3.246667,3.158647,0.586851,0.185792,0.093576,0.135788,0.105741,0.029977,0.793478,82.163043,142,41
145469,IL,Edgar,045,2025-10-27,1,2025-05-05,175,0.188568,3.710813,3.158647,0.586851,0.185792,0.093576,0.135788,0.105741,0.029977,0.793478,82.163043,142,41
145469,IL,Edgar,045,2025-11-10,1,2025-05-19,175,0.196955,3.636913,2.966375,0.487207,0.164243,0.100037,0.143824,0.111889,-0.030252,0.945652,82.228261,142,43
145469,IL,Edgar,045,2025-12-15,1,2025-06-23,175,0.196955,3.464431,2.966375,0.487207,0.164243,0.100037,0.143824,0.111889,-0.030252,0.945652,82.228261,142,43
145473,IL,Kane,089,2025-09-15,1,2025-03-24,175,0.210926,2.27712,2.815675,0.735485,0.261211,0.140332,0.164631,0.102335,-0.009194,1.0,130.271739,50,9
145473,IL,Kane,089,2025-11-17,1,2025-05-26,175,0.2231,2.111272,2.809276,0.730542,0.260046,0.200033,0.141917,0.092102,-0.004473,1.0,143.032609,50,10
145473,IL,Kane,089,2026-03-16,1,2025-09-22,175,0.228032,2.227134,2.984552,0.739009,0.247611,0.262576,0.157386,0.117544,0.041921,0.944444,138.455556,50,13
145495,IL,Winnebago,201,2025-09-15,0,,,,,,,,,,,,,,108,57
145495,IL,Winnebago,201,2025-12-01,0,,,,,,,,,,,,,,108,60
145500,IL,Montgomery,135,2025-11-03,1,2025-05-12,175,0.204593,1.75601,3.014671,0.291651,0.096744,0.132125,0.107968,0.083335,-0.031865,0.978261,91.663043,142,41
145502,IL,Christian,021,2026-01-26,1,2025-08-04,175,0.21324,0.928208,2.493528,0.340613,0.136599,0.005605,0.150232,0.116719,0.003478,1.0,65.25,140,60
145508,IL,Madison,119,2025-04-14,0,,,,,,,,,,,,,,141,51
145508,IL,Madison,119,2025-09-01,1,2025-05-19,105,0.175273,0.818946,3.211142,0.522379,0.162677,0.052504,0.196746,0.116938,-0.041429,0.73913,85.032609,142,41
145508,IL,Madison,119,2025-12-01,1,2025-06-09,175,0.175273,0.80011,3.211142,0.522379,0.162677,0.052504,0.196746,0.116938,-0.041429,0.73913,85.032609,142,43
145510,IL,Cook,031,2025-04-21,1,2025-03-24,28,0.193385,0.70308,3.353211,0.904618,0.269777,0.107314,0.196991,0.125549,0.113373,0.608696,218.684783,11,1
145510,IL,Cook,031,2025-12-29,1,2025-07-07,175,0.190234,0.957823,3.296883,0.930915,0.282362,0.097605,0.135644,0.086069,0.057095,0.673913,218.728261,11,1
145514,IL,Effingham,049,2025-12-22,0,,,,,,,,,,,,,,108,60
145515,IL,St. Clair,163,2025-05-26,1,2025-03-24,63,0.182294,1.844697,3.441191,0.385739,0.112095,0.104535,0.171878,0.096234,0.076467,0.445652,98.434783,142,45
145515,IL,St. Clair,163,2025-10-20,1,2025-04-28,175,0.182294,1.781707,3.441191,0.385739,0.112095,0.104535,0.171878,0.096234,0.076467,0.445652,98.434783,142,41
145536,IL,Kankakee,091,2025-10-06,1,2025-04-14,175,0.182701,0.432761,3.153494,0.545017,0.17283,0.067106,0.189169,0.120614,-0.015094,0.815217,92.902174,142,41
145538,IL,Will,197,2025-11-10,1,2025-05-19,175,0.19693,0.324956,2.848975,0.491873,0.172649,0.061863,0.129513,0.08856,-0.072526,1.0,117.695652,80,22
145546,IL,Macon,115,2025-10-13,0,,,,,,,,,,,,,,141,53
145546,IL,Macon,115,2025-12-15,0,,,,,,,,,,,,,,140,59
145555,IL,Madison,119,2025-07-28,1,2025-03-24,126,0.218221,1.430483,2.367528,0.315457,0.133243,0.028698,0.203211,0.144658,-0.097848,1.0,89.097826,142,45
145555,IL,Madison,119,2025-10-27,1,2025-05-05,175,0.218221,1.356126,2.367528,0.315457,0.133243,0.028698,0.203211,0.144658,-0.097848,1.0,89.097826,142,41
145557,IL,Cook,031,2025-12-15,0,,,,,,,,,,,,,,0,0
145581,IL,St. Clair,163,2025-06-09,1,2025-03-24,77,0.176111,1.646754,3.185007,0.265794,0.083452,0.024035,0.171323,0.105404,-0.059535,0.782609,91.76087,142,45
145581,IL,St. Clair,163,2025-07-07,1,2025-03-24,105,0.176111,1.646754,3.185007,0.265794,0.083452,0.024035,0.171323,0.105404,-0.059535,0.782609,91.76087,142,45
145581,IL,St. Clair,163,2025-08-25,1,2025-03-24,154,0.176111,1.646754,3.185007,0.265794,0.083452,0.024035,0.171323,0.105404,-0.059535,0.782609,91.76087,142,41
145581,IL,St. Clair,163,2025-09-22,1,2025-03-31,175,0.176111,1.636425,3.185007,0.265794,0.083452,0.024035,0.171323,0.105404,-0.059535,0.782609,91.76087,142,41
145581,IL,St. Clair,163,2025-10-13,1,2025-04-21,175,0.176111,1.606201,3.185007,0.265794,0.083452,0.024035,0.171323,0.105404,-0.059535,0.782609,91.76087,142,41
145585,IL,St. Clair,163,2025-06-23,1,2025-03-24,91,0.187597,2.049088,3.215044,0.270249,0.084058,0.05226,0.176192,0.104221,0.059026,0.75,93.804348,142,45
145585,IL,St. Clair,163,2026-02-16,1,2025-08-25,175,0.205114,2.106401,2.883195,0.216629,0.075135,0.091051,0.171278,0.114759,-0.068993,0.988889,103.166667,140,45
145591,IL,Cook,031,2026-03-02,0,,,,,,,,,,,,,,140,44
145593,IL,Lake,097,2025-08-25,0,,,,,,,,,,,,,,80,21
145597,IL,Tazewell,179,2025-06-23,0,,,,,,,,,,,,,,142,44
145598,IL,Knox,095,2025-09-15,0,,,,,,,,,,,,,,142,40
145600,IL,Fulton,057,2025-08-04,1,2025-03-24,133,0.178672,0.385285,2.990449,0.674751,0.225635,0.0,0.124106,0.09514,0.009328,0.945652,65.434783,140,59
145600,IL,Fulton,057,2026-03-16,1,2025-09-22,175,0.183104,0.64646,3.068102,0.564484,0.183985,0.03336,0.113811,0.09214,0.024961,0.922222,64.333333,138,63
145601,IL,Clinton,027,2026-01-12,1,2025-07-21,175,0.195195,0.0,2.654546,0.51521,0.194086,0.0,0.136904,0.096004,-0.027421,1.0,60.206522,140,60
145603,IL,Ford,053,2025-08-25,0,,,,,,,,,,,,,,142,40
145607,IL,Cook,031,2025-06-30,1,2025-03-24,98,0.18779,1.139626,3.802182,1.014899,0.266925,0.333348,0.136051,0.078608,-0.021347,0.173913,149.195652,50,10
145609,IL,Kendall,093,2025-06-16,1,2025-03-24,84,0.171389,0.570703,2.873469,0.767411,0.267068,0.0,0.152852,0.11557,-0.109406,0.967391,46.467391,107,61
145609,IL,Kendall,093,2026-01-05,1,2025-07-14,175,0.172419,0.97141,2.937514,0.731174,0.248909,0.0,0.151058,0.110541,-0.070551,0.956522,48.130435,108,61
145613,IL,St. Clair,163,2025-08-18,1,2025-03-24,147,0.195098,6.531293,3.385701,0.247563,0.07312,0.181743,0.118809,0.102434,0.013418,0.543478,105.304348,80,22
145613,IL,St. Clair,163,2025-09-08,1,2025-03-24,168,0.195098,6.531293,3.385701,0.247563,0.07312,0.181743,0.118809,0.102434,0.013418,0.543478,105.304348,80,22
145615,IL,Whiteside,195,2025-12-01,0,,,,,,,,,,,,,,142,42
145615,IL,Whiteside,195,2026-01-05,0,,,,,,,,,,,,,,141,41
145626,IL,Cook,031,2025-07-14,0,,,,,,,,,,,,,,79,25
145630,IL,Cook,031,2025-09-22,1,2025-03-31,175,0.181697,2.146005,3.600339,0.697129,0.193629,0.206127,0.208325,0.108512,0.003418,0.293478,128.706522,50,9
145634,IL,Cook,031,2025-04-21,1,2025-03-24,28,0.209769,0.0,3.138278,0.874574,0.27868,0.217623,0.145925,0.081046,0.030067,0.956522,149.23913,50,11
145636,IL,Coles,029,2025-09-01,1,2025-03-24,161,0.222987,0.0,2.999187,0.850636,0.283622,0.311812,0.217683,0.27514,0.023867,0.673913,59.652174,142,55
145636,IL,Coles,029,2026-02-16,1,2025-08-25,175,0.185988,0.0,3.390375,0.675512,0.199244,0.161715,0.199492,0.115697,0.079522,0.477778,52.811111,138,63
145636,IL,Coles,029,2026-03-09,1,2025-09-15,175,0.185988,0.353924,3.390375,0.675512,0.199244,0.161715,0.199492,0.115697,0.079522,0.477778,52.811111,138,63
145638,IL,Du Page,043,2025-07-14,1,2025-03-24,112,0.194488,1.046562,3.455342,0.85227,0.246653,0.27751,0.184463,0.105902,-0.018397,0.423913,103.652174,79,26
145638,IL,Du Page,043,2025-08-04,1,2025-03-24,133,0.194488,1.046562,3.455342,0.85227,0.246653,0.27751,0.184463,0.105902,-0.018397,0.423913,103.652174,79,26
145639,IL,Cook,031,2025-04-14,1,2025-03-24,21,0.259989,2.200301,1.851999,0.230877,0.124664,0.0,0.215985,0.144674,-0.083182,1.0,191.978261,20,0
145639,IL,Cook,031,2025-06-02,1,2025-03-24,70,0.259989,2.200301,1.851999,0.230877,0.124664,0.0,0.215985,0.144674,-0.083182,1.0,191.978261,20,0
145639,IL,Cook,031,2025-08-04,1,2025-03-24,133,0.259989,2.200301,1.851999,0.230877,0.124664,0.0,0.215985,0.144674,-0.083182,1.0,191.978261,20,0
145639,IL,Cook,031,2025-09-01,1,2025-03-24,161,0.259989,2.200301,1.851999,0.230877,0.124664,0.0,0.215985,0.144674,-0.083182,1.0,191.978261,20,0
145647,IL,Peoria,143,2025-12-29,1,2025-07-07,175,0.177266,0.923126,3.058076,0.310845,0.101647,0.001023,0.168795,0.117156,-0.08981,0.869565,98.119565,141,42
145649,IL,Marion,121,2025-07-07,1,2025-03-24,105,0.176909,1.498974,3.743939,0.509493,0.136085,0.203968,0.204038,0.123,0.076938,0.304348,73.728261,140,59
145649,IL,Marion,121,2025-08-04,1,2025-03-24,133,0.176909,1.498974,3.743939,0.509493,0.136085,0.203968,0.204038,0.123,0.076938,0.304348,73.728261,140,59
145649,IL,Marion,121,2025-11-10,0,,,,,,,,,,,,,,140,59
145650,IL,Cook,031,2025-05-12,0,,,,,,,,,,,,,,32,5
145650,IL,Cook,031,2025-09-01,0,,,,,,,,,,,,,,32,5
145651,IL,Madison,119,2025-07-28,1,2025-03-24,126,0.212695,1.224644,2.880724,0.21132,0.073356,0.143947,0.158326,0.112711,-0.105469,0.98913,121.978261,79,26
145652,IL,Mc Henry,111,2026-01-05,0,,,,,,,,,,,,,,141,41
145654,IL,Cook,031,2025-10-06,1,2025-04-14,175,0.183618,1.498974,2.974377,0.631178,0.212205,0.001024,0.129048,0.089093,-0.028701,0.98913,139.206522,50,9
145656,IL,Madison,119,2025-04-21,1,2025-03-24,28,0.224417,2.416207,3.498797,0.638355,0.18245,0.438881,0.191387,0.155731,0.078256,0.467391,48.25,104,65
145656,IL,Madison,119,2025-12-15,1,2025-06-23,175,0.214751,2.561874,3.361532,0.611326,0.181859,0.355257,0.177297,0.135075,0.030671,0.597826,46.554348,108,61
145663,IL,Kane,089,2025-04-21,0,,,,,,,,,,,,,,104,64
145663,IL,Kane,089,2025-07-14,1,2025-05-19,56,0.177098,0.97141,3.160194,0.777708,0.246095,0.0837,0.100696,0.083615,-0.031106,0.923913,51.652174,107,61
145663,IL,Kane,089,2026-03-09,1,2025-09-15,175,0.181332,1.258037,3.076725,0.819433,0.266333,0.112427,0.188922,0.125908,-0.062066,0.833333,54.277778,106,65
145664,IL,Franklin,055,2025-06-02,1,2025-03-24,70,0.194844,0.945019,2.765823,0.156869,0.056717,0.0,0.28373,0.163837,-0.047386,0.978261,40.934783,107,61
145664,IL,Franklin,055,2025-09-15,1,2025-03-24,175,0.194844,0.945019,2.765823,0.156869,0.056717,0.0,0.28373,0.163837,-0.047386,0.978261,40.934783,108,58
145665,IL,Lake,097,2025-08-04,1,2025-03-24,133,0.224058,1.116972,3.223697,0.564507,0.175112,0.299728,0.138611,0.095382,0.024669,0.771739,150.336957,32,6
145666,IL,Marion,121,2025-06-30,0,,,,,,,,,,,,,,140,58
145666,IL,Marion,121,2025-09-08,0,,,,,,,,,,,,,,142,54
145666,IL,Marion,121,2025-09-22,0,,,,,,,,,,,,,,141,53
145666,IL,Marion,121,2026-02-09,0,,,,,,,,,,,,,,138,62
145668,IL,St. Clair,163,2025-05-12,0,,,,,,,,,,,,,,79,27
145668,IL,St. Clair,163,2025-10-06,1,2025-08-18,49,0.169351,3.007941,3.605228,0.426442,0.118284,0.098378,0.292698,0.164782,0.022989,0.333333,122.877778,80,22
145668,IL,St. Clair,163,2026-01-26,1,2025-08-18,161,0.169351,3.007941,3.605228,0.426442,0.118284,0.098378,0.292698,0.164782,0.022989,0.333333,122.877778,80,22
145669,IL,Lake,097,2025-11-17,1,2025-05-26,175,0.193401,2.179296,2.940251,0.606168,0.206162,0.018441,0.166734,0.089682,0.009305,1.0,166.184783,20,0
145670,IL,Cook,031,2026-03-16,1,2025-09-22,175,0.234983,1.321773,2.368932,0.411833,0.173848,0.037506,0.070559,0.049977,-0.005782,1.0,195.022222,20,1
145679,IL,Cook,031,2025-04-28,1,2025-03-24,35,0.205299,1.873077,3.299214,0.846122,0.256462,0.218016,0.136483,0.079035,0.039162,0.75,177.663043,20,0
145684,IL,Cook,031,2025-05-12,0,,,,,,,,,,,,,,79,27
145684,IL,Cook,031,2025-07-14,0,,,,,,,,,,,,,,79,25
145684,IL,Cook,031,2026-03-23,0,,,,,,,,,,,,,,0,0
145688,IL,Cook,031,2025-09-22,0,,,,,,,,,,,,,,0,0
145689,IL,Cook,031,2025-06-02,1,2025-03-24,70,0.237113,3.868003,3.286942,0.941254,0.286361,0.294886,0.145558,0.096886,0.294601,0.75,149.75,50,10
145691,IL,Tazewell,179,2025-06-02,1,2025-03-24,70,0.180945,0.788026,3.109867,0.47288,0.152058,0.031642,0.159432,0.135695,0.016841,0.804348,59.815217,140,59
145692,IL,Clay,025,2025-05-26,0,,,,,,,,,,,,,,107,60
145692,IL,Clay,025,2025-08-04,0,,,,,,,,,,,,,,107,60
145700,IL,Cook,031,2025-08-18,1,2025-03-24,147,0.226222,1.664009,3.367368,1.007024,0.299054,0.404983,0.132643,0.07434,0.010548,0.586957,164.684783,32,6
145702,IL,Winnebago,201,2026-03-09,1,2025-09-15,175,0.175349,0.629741,3.446725,0.766312,0.22233,0.162378,0.176394,0.10006,-0.018171,0.422222,59.2,138,63
145703,IL,Rock Island,161,2025-05-05,0,,,,,,,,,,,,,,139,62
145703,IL,Rock Island,161,2026-03-02,0,,,,,,,,,,,,,,139,63
145713,IL,Kankakee,091,2026-01-05,1,2025-07-14,175,0.187526,0.429706,2.907356,0.428307,0.147318,0.001091,0.184583,0.132249,-0.004537,0.934783,76.26087,141,42
145714,IL,Cook,031,2025-05-26,1,2025-03-24,63,0.219096,0.455993,2.517016,0.408086,0.162131,0.007338,0.223927,0.126163,0.061811,1.0,117.695652,79,26
145714,IL,Cook,031,2025-06-30,1,2025-03-24,98,0.219096,0.455993,2.517016,0.408086,0.162131,0.007338,0.223927,0.126163,0.061811,1.0,117.695652,79,26
145714,IL,Cook,031,2025-09-22,1,2025-03-31,175,0.219096,0.452042,2.517016,0.408086,0.162131,0.007338,0.223927,0.126163,0.061811,1.0,117.695652,80,22
145714,IL,Cook,031,2025-12-15,1,2025-06-23,175,0.217803,0.818946,2.630149,0.420725,0.159962,0.017542,0.213065,0.115124,0.102527,1.0,118.73913,80,22
145717,IL,Monroe,133,2025-04-21,1,2025-03-24,28,0.205609,2.13098,3.446033,0.300548,0.087216,0.227053,0.137947,0.100319,0.108577,0.478261,107.858696,79,28
145717,IL,Monroe,133,2025-07-07,1,2025-03-24,105,0.205609,2.13098,3.446033,0.300548,0.087216,0.227053,0.137947,0.100319,0.108577,0.478261,107.858696,79,26
145718,IL,Cook,031,2025-05-12,1,2025-03-24,49,0.197276,3.431879,3.209334,0.347986,0.108429,0.088627,0.107567,0.077036,0.036082,0.858696,166.804348,32,6
145718,IL,Cook,031,2026-02-02,1,2025-08-11,175,0.20376,3.301695,3.104595,0.328847,0.105923,0.097263,0.099429,0.077154,0.004107,0.923913,179.663043,32,6
145719,IL,Logan,107,2025-05-12,0,,,,,,,,,,,,,,139,62
145719,IL,Logan,107,2025-07-14,0,,,,,,,,,,,,,,140,58
145719,IL,Logan,107,2025-09-08,0,,,,,,,,,,,,,,142,54
145719,IL,Logan,107,2026-03-23,0,,,,,,,,,,,,,,0,0
145720,IL,Logan,107,2025-10-13,1,2025-04-21,175,0.178551,0.412246,3.242535,0.301507,0.092985,0.026129,0.134202,0.076407,0.01414,0.836957,91.217391,142,41
145721,IL,Sangamon,167,2025-07-14,1,2025-05-19,56,0.178759,0.721838,4.03654,0.513633,0.127246,0.320794,0.135631,0.14382,0.065866,0.097826,89.695652,142,45
145721,IL,Sangamon,167,2025-10-13,1,2025-05-19,147,0.178759,0.721838,4.03654,0.513633,0.127246,0.320794,0.135631,0.14382,0.065866,0.097826,89.695652,142,41
145730,IL,Cook,031,2025-05-26,1,2025-03-24,63,0.183659,4.565625,3.098085,0.691597,0.223234,0.0,0.149298,0.094355,0.072738,0.902174,136.141304,50,10
145730,IL,Cook,031,2025-07-07,1,2025-03-24,105,0.183659,4.565625,3.098085,0.691597,0.223234,0.0,0.149298,0.094355,0.072738,0.902174,136.141304,50,10
145732,IL,Mc Lean,113,2025-05-19,1,2025-03-24,56,0.187768,2.200301,3.008148,0.452266,0.150347,0.026244,0.095833,0.096017,-0.019037,0.934783,109.130435,79,26
145732,IL,Mc Lean,113,2025-06-09,1,2025-03-24,77,0.187768,2.200301,3.008148,0.452266,0.150347,0.026244,0.095833,0.096017,-0.019037,0.934783,109.130435,79,26
145734,IL,Cook,031,2025-05-19,1,2025-03-24,56,0.176284,3.052228,3.919738,0.864282,0.220495,0.229157,0.206192,0.12834,0.077282,0.217391,164.152174,32,6
145734,IL,Cook,031,2025-09-01,1,2025-03-24,161,0.176284,3.052228,3.919738,0.864282,0.220495,0.229157,0.206192,0.12834,0.077282,0.217391,164.152174,32,6
145735,IL,Cook,031,2025-03-31,1,2025-03-24,7,0.225385,3.037422,2.72133,0.364406,0.133907,0.01561,0.236724,0.127601,0.103569,1.0,239.98913,8,1
145739,IL,Cook,031,2025-04-28,0,,,,,,,,,,,,,,8,0
145739,IL,Cook,031,2025-06-30,0,,,,,,,,,,,,,,8,0
145739,IL,Cook,031,2025-09-15,0,,,,,,,,,,,,,,8,0
145748,IL,Cook,031,2026-02-09,0,,,,,,,,,,,,,,106,64
145752,IL,Du Page,043,2025-04-28,1,2025-03-24,35,0.197005,1.637892,2.735588,0.67713,0.247526,0.00043,0.147806,0.089219,0.028741,1.0,127.086957,50,11
145752,IL,Du Page,043,2025-11-03,1,2025-05-12,175,0.197005,2.543524,2.735588,0.67713,0.247526,0.00043,0.147806,0.089219,0.028741,1.0,127.086957,50,9
145752,IL,Du Page,043,2025-11-17,1,2025-05-26,175,0.196164,2.494877,2.801154,0.605668,0.216221,0.000232,0.142028,0.09446,0.029981,1.0,129.836957,50,10
145753,IL,Vermilion,183,2026-02-16,1,2025-08-25,175,0.231053,3.290541,2.710996,0.351859,0.12979,0.112217,0.205819,0.116194,0.072763,1.0,141.644444,50,13
145757,IL,Jackson,077,2025-07-21,0,,,,,,,,,,,,,,140,58
145757,IL,Jackson,077,2025-09-08,0,,,,,,,,,,,,,,142,54
145757,IL,Jackson,077,2025-10-06,0,,,,,,,,,,,,,,142,54
145758,IL,Cook,031,2025-03-31,1,2025-03-24,7,0.190284,3.381944,2.842906,0.608798,0.214146,0.001505,0.233166,0.143816,-0.003158,0.956522,122.630435,79,28
145758,IL,Cook,031,2025-12-08,1,2025-06-16,175,0.194952,3.492828,2.867972,0.607096,0.211681,0.031042,0.269737,0.164764,0.014282,0.913043,126.021739,80,22
145761,IL,Will,197,2025-06-02,1,2025-03-24,70,0.196739,0.513713,3.203285,0.719039,0.224469,0.157867,0.142085,0.086023,0.029244,0.858696,116.293478,79,26
145761,IL,Will,197,2025-10-20,1,2025-04-28,175,0.196739,0.489611,3.203285,0.719039,0.224469,0.157867,0.142085,0.086023,0.029244,0.858696,116.293478,80,22
145764,IL,Cook,031,2026-03-09,1,2025-09-15,175,0.212109,3.851494,2.792007,0.210703,0.075466,0.031937,0.224795,0.132978,-0.039565,0.988889,199.9,20,1
145765,IL,Cook,031,2025-06-02,1,2025-03-24,70,0.219253,2.413546,2.589077,0.38723,0.149563,0.001113,0.194359,0.129285,0.107158,1.0,120.652174,79,26
145765,IL,Cook,031,2026-01-19,1,2025-07-28,175,0.208917,2.472679,2.717313,0.524676,0.193086,0.002091,0.192824,0.140714,0.114789,0.98913,122.456522,80,22
145771,IL,Winnebago,201,2026-02-02,0,,,,,,,,,,,,,,50,9
145773,IL,Adams,001,2025-09-15,0,,,,,,,,,,,,,,80,21
145774,IL,Mason,125,2025-08-11,1,2025-03-24,140,0.213802,2.114327,3.189909,0.250463,0.078517,0.167838,0.08079,0.125502,0.190316,0.717391,33.565217,107,61
145774,IL,Mason,125,2026-03-09,1,2025-09-15,175,0.18852,2.108834,3.272055,0.416428,0.127268,0.098772,0.198147,0.141367,0.111327,0.633333,42.711111,106,65
145775,IL,Cook,031,2026-02-23,1,2025-09-01,175,0.198533,0.0,3.027347,0.84766,0.280001,0.114773,0.071507,0.044127,-0.01313,1.0,175.088889,32,7
145779,IL,Cook,031,2025-09-22,0,,,,,,,,,,,,,,142,40
145781,IL,Cook,031,2025-05-05,0,,,,,,,,,,,,,,79,27
145781,IL,Cook,031,2025-05-26,0,,,,,,,,,,,,,,79,25
145781,IL,Cook,031,2025-07-07,0,,,,,,,,,,,,,,79,25
145781,IL,Cook,031,2026-01-19,0,,,,,,,,,,,,,,80,21
145783,IL,Macoupin,117,2025-05-19,1,2025-03-24,56,0.190419,0.0,3.002598,0.394565,0.131408,0.055422,0.202322,0.117657,-0.021892,0.967391,81.913043,142,45
145783,IL,Macoupin,117,2025-07-28,1,2025-03-24,126,0.190419,0.0,3.002598,0.394565,0.131408,0.055422,0.202322,0.117657,-0.021892,0.967391,81.913043,142,45
145783,IL,Macoupin,117,2025-10-13,1,2025-04-21,175,0.190419,0.0,3.002598,0.394565,0.131408,0.055422,0.202322,0.117657,-0.021892,0.967391,81.913043,142,41
145784,IL,Cook,031,2025-07-21,1,2025-03-24,119,0.271755,1.610805,1.879287,0.352236,0.187431,0.06035,0.202134,0.122473,0.010996,1.0,204.423913,11,1
145784,IL,Cook,031,2025-09-01,1,2025-03-24,161,0.271755,1.610805,1.879287,0.352236,0.187431,0.06035,0.202134,0.122473,0.010996,1.0,204.423913,11,1
145785,IL,St. Clair,163,2025-07-07,1,2025-03-24,105,0.196332,1.56424,3.494151,0.462184,0.132274,0.244682,0.152656,0.125144,0.083308,0.48913,50.804348,140,59
145785,IL,St. Clair,163,2025-08-25,1,2025-03-24,154,0.196332,1.56424,3.494151,0.462184,0.132274,0.244682,0.152656,0.125144,0.083308,0.48913,50.804348,142,55
145791,IL,Marion,121,2025-05-26,1,2025-03-24,63,0.197547,1.048063,2.343597,0.361071,0.154067,0.006289,0.176923,0.136554,-0.272456,1.0,67.108696,140,59
145793,IL,Fulton,057,2026-02-09,0,,,,,,,,,,,,,,138,62
145800,IL,Adams,001,2025-10-13,1,2025-04-21,175,0.186395,1.612583,3.304215,0.56095,0.169768,0.076197,0.118008,0.139953,0.119027,0.565217,91.565217,142,41
145800,IL,Adams,001,2025-11-17,1,2025-05-26,175,0.170261,1.552604,3.849888,0.663072,0.172231,0.21155,0.103826,0.12007,0.033628,0.217391,91.51087,142,43
145801,IL,La Salle,099,2025-05-05,0,,,,,,,,,,,,,,141,51
145803,IL,Cook,031,2025-05-12,0,,,,,,,,,,,,,,79,27
145803,IL,Cook,031,2025-12-15,0,,,,,,,,,,,,,,80,21
145813,IL,Massac,127,2025-11-17,1,2025-05-26,175,0.189285,2.993852,3.015832,0.478604,0.158697,0.047781,0.174209,0.109283,0.011302,0.934783,78.391304,142,43
145816,IL,Lake,097,2025-05-12,1,2025-03-24,49,0.199108,0.493581,3.261446,0.898526,0.275499,0.21807,0.151509,0.087956,-0.012576,0.782609,145.01087,50,11
145820,IL,Brown,009,2026-01-05,1,2025-07-14,175,0.193279,0.0,2.787622,0.459972,0.165005,0.001611,0.114465,0.079048,0.010593,1.0,58.097826,140,60
145825,IL,Kane,089,2025-07-07,1,2025-03-24,105,0.208451,1.032752,2.293691,0.784743,0.342131,0.05908,0.189904,0.138695,-0.044811,1.0,55.597826,140,59
145828,IL,Cook,031,2025-07-21,1,2025-03-24,119,0.2135,1.258037,3.051426,0.369797,0.121188,0.063003,0.18978,0.124148,0.248228,0.902174,103.141304,79,26
145828,IL,Cook,031,2025-10-13,1,2025-04-21,175,0.2135,1.218854,3.051426,0.369797,0.121188,0.063003,0.18978,0.124148,0.248228,0.902174,103.141304,80,22
145830,IL,Du Page,043,2026-01-26,1,2025-08-04,175,0.261455,1.526646,1.576036,0.451998,0.286794,0.0026,0.162601,0.102259,-0.044499,1.0,208.869565,11,1
145832,IL,Cook,031,2025-06-02,1,2025-03-24,70,0.223897,1.433759,2.170342,0.481911,0.222044,0.0,0.137156,0.092234,-0.058668,1.0,129.130435,50,10
145834,IL,Cook,031,2025-10-27,1,2025-05-05,175,0.229805,2.887352,2.343007,0.424492,0.181174,0.005484,0.220589,0.122119,0.022763,1.0,175.945652,20,0
145834,IL,Cook,031,2025-12-15,1,2025-06-23,175,0.230364,2.712252,2.283348,0.394524,0.172783,0.0,0.172213,0.099012,-0.020636,1.0,180.521739,20,0
145836,IL,Shelby,173,2025-03-31,0,,,,,,,,,,,,,,104,64
145839,IL,Cook,031,2025-12-08,1,2025-06-16,175,0.201909,0.0,2.590083,0.380386,0.146862,0.001462,0.124066,0.104968,-0.023996,1.0,44.5,108,61
145841,IL,Williamson,199,2025-03-31,0,,,,,,,,,,,,,,79,27
145842,IL,Livingston,105,2025-07-28,0,,,,,,,,,,,,,,107,60
145842,IL,Livingston,105,2025-09-15,0,,,,,,,,,,,,,,108,57
145846,IL,Madison,119,2025-11-03,1,2025-05-12,175,0.21134,1.915647,2.740148,0.292998,0.106928,0.103917,0.130046,0.086355,-0.097734,1.0,100.391304,80,22
145847,IL,Madison,119,2025-04-28,1,2025-03-24,35,0.185769,1.599635,3.062715,0.274677,0.089684,0.042361,0.203214,0.127922,-0.06585,0.869565,103.771739,79,28
145847,IL,Madison,119,2025-12-15,1,2025-06-23,175,0.1926,1.882732,2.914779,0.223755,0.076766,0.033745,0.200381,0.128901,-0.084745,0.945652,103.836957,80,22
145847,IL,Madison,119,2026-01-12,1,2025-07-21,175,0.1926,1.817164,2.914779,0.223755,0.076766,0.033745,0.200381,0.128901,-0.084745,0.945652,103.836957,80,22
145852,IL,Cook,031,2025-12-08,0,,,,,,,,,,,,,,18,17
145857,IL,Fayette,051,2025-05-19,1,2025-03-24,56,0.169022,0.0,3.287059,0.3902,0.118708,0.041316,0.194909,0.136408,-0.034482,0.630435,44.097826,107,61
145862,IL,Coles,029,2025-05-19,1,2025-03-24,56,0.173575,2.232579,3.282035,0.463087,0.141098,0.030532,0.183719,0.124301,0.036637,0.684783,63.336957,140,59
145872,IL,Lake,097,2026-03-09,0,,,,,,,,,,,,,,0,0
145874,IL,Du Page,043,2025-06-30,1,2025-03-24,98,0.188466,1.690972,3.099693,0.867585,0.279894,0.047048,0.233225,0.124408,0.029301,0.858696,198.641304,20,0
145875,IL,Cook,031,2026-03-09,1,2025-09-15,175,0.18002,0.707164,3.370255,0.887827,0.26343,0.194943,0.081875,0.092274,-0.085933,0.677778,82.833333,140,45
145879,IL,Cook,031,2025-04-21,1,2025-03-24,28,0.174322,3.216038,3.163778,0.313924,0.099224,0.00081,0.180417,0.115249,-0.016366,0.782609,66.782609,139,63
145879,IL,Cook,031,2025-04-28,1,2025-03-24,35,0.174322,3.216038,3.163778,0.313924,0.099224,0.00081,0.180417,0.115249,-0.016366,0.782609,66.782609,139,63
145879,IL,Cook,031,2025-11-17,0,,,,,,,,,,,,,,140,59
145879,IL,Cook,031,2026-03-09,0,,,,,,,,,,,,,,138,62
145881,IL,Cook,031,2025-07-14,1,2025-03-24,112,0.222619,1.979675,3.133218,0.569061,0.181622,0.171032,0.119924,0.066186,0.128413,0.98913,207.619565,11,1
145881,IL,Cook,031,2025-08-04,1,2025-03-24,133,0.222619,1.979675,3.133218,0.569061,0.181622,0.171032,0.119924,0.066186,0.128413,0.98913,207.619565,11,1
145881,IL,Cook,031,2025-09-22,1,2025-03-31,175,0.222619,1.961074,3.133218,0.569061,0.181622,0.171032,0.119924,0.066186,0.128413,0.98913,207.619565,11,1
145883,IL,Piatt,147,2025-05-05,0,,,,,,,,,,,,,,141,51
145885,IL,Cook,031,2025-09-22,1,2025-03-31,175,0.184695,4.035912,3.085074,0.353492,0.114581,0.0,0.196043,0.120848,0.026731,0.826087,113.456522,80,22
145886,IL,Mercer,131,2025-12-01,1,2025-06-09,175,0.226379,2.015172,2.724658,0.258386,0.094833,0.126637,0.119308,0.117438,0.067384,1.0,43.380435,108,61
145886,IL,Mercer,131,2026-02-09,1,2025-08-18,175,0.204876,1.837736,2.988088,0.407771,0.136466,0.089611,0.104101,0.096262,0.119384,0.955556,41.033333,106,65
145893,IL,Cook,031,2025-04-21,1,2025-03-24,28,0.223006,0.353924,3.275297,0.821954,0.250956,0.38949,0.157851,0.100252,-0.012287,0.728261,95.282609,141,52
145893,IL,Cook,031,2025-06-09,1,2025-03-24,77,0.223006,0.353924,3.275297,0.821954,0.250956,0.38949,0.157851,0.100252,-0.012287,0.728261,95.282609,142,45
145893,IL,Cook,031,2025-12-29,1,2025-07-07,175,0.219884,0.96372,3.30677,0.924372,0.279539,0.387935,0.159916,0.096229,-0.004964,0.630435,96.978261,141,42
145895,IL,Stephenson,177,2025-05-26,1,2025-05-19,7,0.175819,0.409015,2.866576,0.463635,0.161738,0.0,0.029208,0.127988,-0.152501,0.945652,43.23913,107,61
145895,IL,Stephenson,177,2025-06-02,1,2025-05-19,14,0.175819,0.409015,2.866576,0.463635,0.161738,0.0,0.029208,0.127988,-0.152501,0.945652,43.23913,107,61
145895,IL,Stephenson,177,2026-03-16,0,,,,,,,,,,,,,,107,65
145897,IL,St. Clair,163,2025-07-07,0,,,,,,,,,,,,,,140,58
145897,IL,St. Clair,163,2025-10-13,1,2025-08-18,56,0.181467,1.56424,2.95409,0.111577,0.03777,0.008969,0.211053,0.143373,-0.132536,0.844444,60.177778,141,54
145898,IL,Cook,031,2025-05-26,1,2025-03-24,63,0.200693,1.380038,2.824216,0.381807,0.13519,0.0,0.193726,0.12348,0.071816,0.978261,95.358696,142,45
145898,IL,Cook,031,2025-06-23,1,2025-03-24,91,0.200693,1.380038,2.824216,0.381807,0.13519,0.0,0.193726,0.12348,0.071816,0.978261,95.358696,142,45
145898,IL,Cook,031,2025-11-17,1,2025-05-26,175,0.198562,1.278588,2.870985,0.32571,0.113449,0.00051,0.195488,0.120016,0.058163,0.98913,96.532609,142,43
145899,IL,Cook,031,2025-06-02,1,2025-03-24,70,0.176809,1.060232,3.98067,0.744048,0.186915,0.292568,0.175391,0.100557,-0.018751,0.163043,175.5,20,0
145904,IL,Cook,031,2026-01-19,0,,,,,,,,,,,,,,140,59
145910,IL,Calhoun,013,2025-10-13,1,2025-04-21,175,0.21071,0.683989,2.857639,0.789334,0.276219,0.190121,0.233434,0.136798,0.015988,0.978261,59.054348,141,54
145911,IL,Ford,053,2025-05-05,1,2025-03-24,42,0.177592,2.857236,3.781945,0.746913,0.197494,0.188795,0.097644,0.093423,0.179627,0.195652,54.369565,139,63
145913,IL,Cook,031,2025-05-26,1,2025-03-24,63,0.177648,2.275701,2.742508,0.695749,0.253691,0.009613,0.224692,0.137893,-0.141924,0.98913,54.0,140,59
145914,IL,Cook,031,2025-04-21,1,2025-03-24,28,0.194869,2.233945,3.144424,0.379929,0.120826,0.054186,0.130914,0.096443,0.05114,0.891304,151.608696,32,6
145914,IL,Cook,031,2025-06-02,1,2025-03-24,70,0.194869,2.233945,3.144424,0.379929,0.120826,0.054186,0.130914,0.096443,0.05114,0.891304,151.608696,32,6
145914,IL,Cook,031,2026-03-09,1,2025-09-15,175,0.183034,2.643546,3.204577,0.302582,0.094422,0.000287,0.135107,0.084534,0.044533,0.844444,138.777778,32,7
145917,IL,Mc Henry,111,2025-10-06,0,,,,,,,,,,,,,,108,57
145917,IL,Mc Henry,111,2026-02-02,0,,,,,,,,,,,,,,108,60
145920,IL,Whiteside,195,2025-11-10,0,,,,,,,,,,,,,,140,59
145921,IL,Madison,119,2026-03-09,1,2025-09-15,175,0.176629,0.664695,3.426952,0.595209,0.173685,0.080171,0.12227,0.086069,0.123917,0.511111,44.622222,106,65
145935,IL,Stephenson,177,2025-09-01,1,2025-03-24,161,0.180273,3.018595,3.691983,0.673268,0.182359,0.210939,0.186316,0.134839,0.069936,0.293478,91.945652,142,41
145937,IL,Winnebago,201,2026-02-02,1,2025-08-11,175,0.246598,2.774051,2.306103,0.505039,0.219001,0.079289,0.288462,0.18132,0.09755,1.0,165.021739,32,6
145938,IL,Cook,031,2025-06-23,1,2025-03-24,91,0.251722,1.090299,2.123487,0.419103,0.197366,0.000411,0.190476,0.11122,0.077657,1.0,227.51087,8,1
145938,IL,Cook,031,2025-11-24,1,2025-06-02,175,0.25348,0.987162,2.019507,0.405761,0.200921,0.011228,0.203057,0.121918,0.003856,1.0,233.217391,8,1
145946,IL,Cook,031,2025-10-27,1,2025-05-05,175,0.210293,1.189739,3.291234,0.455086,0.138272,0.214955,0.182272,0.115424,0.05536,0.663043,153.673913,32,6
145946,IL,Cook,031,2026-02-16,1,2025-08-25,175,0.1978,1.060745,3.042293,0.400479,0.131637,0.095517,0.190641,0.105245,-0.058974,0.966667,156.688889,32,7
145950,IL,Rock Island,161,2025-07-21,0,,,,,,,,,,,,,,142,44
145950,IL,Rock Island,161,2025-08-25,0,,,,,,,,,,,,,,142,40
145953,IL,Iroquois,075,2025-05-12,0,,,,,,,,,,,,,,141,51
145953,IL,Iroquois,075,2025-06-09,0,,,,,,,,,,,,,,142,44
145953,IL,Iroquois,075,2025-11-03,0,,,,,,,,,,,,,,142,40
145953,IL,Iroquois,075,2025-12-01,0,,,,,,,,,,,,,,142,42
145958,IL,De Kalb,037,2025-09-01,1,2025-03-24,161,0.204768,2.772296,3.684837,0.332624,0.090268,0.3648,0.241933,0.136081,0.067264,0.304348,69.880435,142,55
145963,IL,Cook,031,2025-09-08,0,,,,,,,,,,,,,,0,0
145963,IL,Cook,031,2026-02-16,0,,,,,,,,,,,,,,0,0
145963,IL,Cook,031,2026-03-16,0,,,,,,,,,,,,,,0,0
145965,IL,Macon,115,2025-03-31,1,2025-03-24,7,0.169004,1.688367,3.250493,0.297252,0.091448,0.0,0.09282,0.079134,-0.063436,0.793478,90.978261,141,52
145965,IL,Macon,115,2025-04-28,1,2025-03-24,35,0.169004,1.688367,3.250493,0.297252,0.091448,0.0,0.09282,0.079134,-0.063436,0.793478,90.978261,141,52
145965,IL,Macon,115,2025-10-06,1,2025-04-14,175,0.169004,2.180597,3.250493,0.297252,0.091448,0.0,0.09282,0.079134,-0.063436,0.793478,90.978261,142,41
145965,IL,Macon,115,2026-02-02,1,2025-08-18,168,0.176752,2.294284,3.194066,0.342712,0.107296,0.029933,0.086496,0.103846,-0.047701,0.777778,92.311111,141,42
145967,IL,Cook,031,2025-11-17,1,2025-05-26,175,0.176086,3.192745,3.304904,0.54986,0.166377,0.0435,0.187623,0.112301,-0.024637,0.652174,160.51087,32,6
145967,IL,Cook,031,2026-02-02,1,2025-08-11,175,0.176086,2.9914,3.304904,0.54986,0.166377,0.0435,0.187623,0.112301,-0.024637,0.652174,160.51087,32,6
145969,IL,Cook,031,2025-05-19,1,2025-03-24,56,0.212239,3.054659,2.939166,0.523292,0.178041,0.11967,0.210854,0.122211,-0.015687,0.978261,202.619565,11,1
145969,IL,Cook,031,2025-08-11,1,2025-03-24,140,0.212239,3.054659,2.939166,0.523292,0.178041,0.11967,0.210854,0.122211,-0.015687,0.978261,202.619565,11,1
145970,IL,Cook,031,2025-06-23,1,2025-03-24,91,0.20664,1.82397,2.902786,0.342555,0.118009,0.076988,0.244759,0.131271,-0.068117,0.978261,198.423913,20,0
145970,IL,Cook,031,2026-01-26,1,2025-08-04,175,0.204462,1.9553,2.939333,0.260519,0.088632,0.053627,0.217458,0.121261,-0.04422,1.0,192.804348,20,0
145977,IL,Cook,031,2025-07-07,1,2025-03-24,105,0.221665,2.813945,2.981841,0.275407,0.092361,0.105548,0.098608,0.088108,0.093495,1.0,180.456522,20,0
145978,IL,Saline,165,2026-02-09,0,,,,,,,,,,,,,,18,17
145981,IL,St. Clair,163,2025-07-07,1,2025-05-19,49,0.192969,1.089215,2.886817,0.210123,0.072787,0.09954,0.070779,0.158404,-0.168187,0.847826,36.097826,107,61
145981,IL,St. Clair,163,2025-07-21,1,2025-05-19,63,0.192969,1.089215,2.886817,0.210123,0.072787,0.09954,0.070779,0.158404,-0.168187,0.847826,36.097826,107,61
145981,IL,St. Clair,163,2025-08-25,1,2025-05-19,98,0.192969,1.089215,2.886817,0.210123,0.072787,0.09954,0.070779,0.158404,-0.168187,0.847826,36.097826,108,58
145981,IL,St. Clair,163,2025-12-15,1,2025-06-23,175,0.192969,1.052594,2.886817,0.210123,0.072787,0.09954,0.070779,0.158404,-0.168187,0.847826,36.097826,108,61
145985,IL,Madison,119,2025-05-05,1,2025-03-24,42,0.226236,2.969512,2.49567,0.261878,0.104933,0.059833,0.200031,0.135171,-0.006615,1.0,90.228261,141,52
145985,IL,Madison,119,2025-10-20,1,2025-04-28,175,0.226236,2.835058,2.49567,0.261878,0.104933,0.059833,0.200031,0.135171,-0.006615,1.0,90.228261,142,41
145987,IL,Knox,095,2025-09-08,1,2025-03-24,168,0.250595,0.514437,2.989665,0.178245,0.05962,0.222087,0.07892,0.063375,0.261264,1.0,87.836957,142,41
145987,IL,Knox,095,2026-02-02,1,2025-08-11,175,0.207547,0.429706,2.862542,0.333984,0.116674,0.003202,0.104875,0.084518,0.159759,0.98913,87.445652,141,42
145990,IL,Boone,007,2025-09-15,1,2025-03-24,175,0.184036,1.539515,2.848548,0.470985,0.165342,0.008491,0.173404,0.109808,-0.087692,0.98913,72.467391,142,55
145994,IL,Cook,031,2026-02-02,1,2025-08-11,175,0.205702,0.858402,2.941633,0.571416,0.194251,0.14593,0.095985,0.05827,-0.049383,1.0,119.380435,80,22
145995,IL,Cook,031,2025-05-12,1,2025-03-24,49,0.248436,4.709527,2.363188,0.232866,0.098539,0.022225,0.209831,0.135316,0.064566,1.0,218.543478,11,1
146001,IL,Cook,031,2025-05-05,1,2025-03-24,42,0.2149,1.89445,2.86645,0.314828,0.109832,0.035307,0.179024,0.11445,0.070915,0.967391,197.206522,20,0
146001,IL,Cook,031,2026-02-02,1,2025-08-11,175,0.218185,1.985054,2.748858,0.237042,0.086233,0.031022,0.170405,0.10406,0.00233,1.0,202.619565,20,0
146001,IL,Cook,031,2026-02-16,1,2025-08-25,175,0.223823,1.960197,2.762653,0.313175,0.11336,0.077546,0.171219,0.117996,0.009725,0.988889,205.055556,20,1
146010,IL,Livingston,105,2026-03-09,1,2025-09-15,175,0.171003,0.44006,3.320448,0.458722,0.138151,0.026331,0.12235,0.124373,0.01577,0.655556,76.411111,140,45
146013,IL,Cook,031,2025-03-31,0,,,,,,,,,,,,,,104,64
146016,IL,Fulton,057,2025-11-03,1,2025-05-12,175,0.180224,1.562567,3.168953,0.379286,0.119688,0.0,0.131748,0.125042,0.054866,0.847826,86.206522,142,41
146018,IL,Cook,031,2026-03-09,1,2025-09-15,175,0.228875,1.495394,2.268195,0.223707,0.098628,0.001669,0.331146,0.195732,-0.035365,1.0,97.3,140,45
146020,IL,Warren,187,2025-06-02,1,2025-03-24,70,0.190558,1.069546,2.777798,0.462779,0.166599,0.0,0.214239,0.129432,-0.010431,0.98913,51.934783,140,59
146020,IL,Warren,187,2025-09-08,1,2025-03-24,168,0.190558,1.069546,2.777798,0.462779,0.166599,0.0,0.214239,0.129432,-0.010431,0.98913,51.934783,142,55
146026,IL,Sangamon,167,2025-05-05,0,,,,,,,,,,,,,,79,27
146026,IL,Sangamon,167,2025-05-12,0,,,,,,,,,,,,,,79,27
146026,IL,Sangamon,167,2025-10-13,1,2025-08-18,56,0.195723,2.476271,2.482162,0.34989,0.140962,0.022055,0.182297,0.230292,-0.305253,0.922222,127.188889,80,22
146028,IL,Lake,097,2025-04-14,0,,,,,,,,,,,,,,141,51
146028,IL,Lake,097,2026-01-26,1,2025-08-18,161,0.175013,2.490341,3.271896,0.638587,0.195173,0.141882,0.126085,0.092653,-0.162121,0.733333,88.2,141,42
146028,IL,Lake,097,2026-02-09,1,2025-08-18,175,0.175013,2.490341,3.271896,0.638587,0.195173,0.141882,0.126085,0.092653,-0.162121,0.733333,88.2,140,45
146030,IL,Cumberland,035,2025-04-14,0,,,,,,,,,,,,,,139,62
146030,IL,Cumberland,035,2026-03-02,0,,,,,,,,,,,,,,138,62
146036,IL,Williamson,199,2025-07-14,0,,,,,,,,,,,,,,142,44
146036,IL,Williamson,199,2025-10-20,1,2025-08-18,63,0.168793,2.219016,3.544767,0.494128,0.139397,0.078666,0.217166,0.133029,0.039743,0.433333,95.655556,142,41
146036,IL,Williamson,199,2026-01-19,1,2025-08-18,154,0.168793,2.219016,3.544767,0.494128,0.139397,0.078666,0.217166,0.133029,0.039743,0.433333,95.655556,141,42
146037,IL,Edgar,045,2025-09-29,1,2025-04-07,175,0.191824,4.906343,3.151149,0.544107,0.172669,0.121309,0.160509,0.106516,0.008489,0.782609,80.141304,142,41
146039,IL,Moultrie,139,2025-08-25,1,2025-08-18,7,0.172155,1.025023,3.188458,0.257636,0.080803,0.029232,0.202566,0.127859,-0.067902,0.766667,43.655556,108,58
146039,IL,Moultrie,139,2025-12-29,1,2025-08-18,133,0.172155,1.025023,3.188458,0.257636,0.080803,0.029232,0.202566,0.127859,-0.067902,0.766667,43.655556,108,61
146045,IL,Williamson,199,2025-05-05,1,2025-03-24,42,0.191375,1.256594,2.691133,0.447171,0.166165,0.0,0.14506,0.112835,-0.095243,1.0,77.728261,141,52
146045,IL,Williamson,199,2025-09-01,1,2025-03-24,161,0.191375,1.256594,2.691133,0.447171,0.166165,0.0,0.14506,0.112835,-0.095243,1.0,77.728261,142,41
146045,IL,Williamson,199,2025-09-08,1,2025-03-24,168,0.191375,1.256594,2.691133,0.447171,0.166165,0.0,0.14506,0.112835,-0.095243,1.0,77.728261,142,41
146045,IL,Williamson,199,2025-10-27,1,2025-05-05,175,0.191375,1.198851,2.691133,0.447171,0.166165,0.0,0.14506,0.112835,-0.095243,1.0,77.728261,142,41
146045,IL,Williamson,199,2025-12-22,1,2025-06-30,175,0.18706,1.506186,2.877086,0.548786,0.190744,0.0,0.112136,0.097093,-0.001842,1.0,77.293478,141,42
146045,IL,Williamson,199,2026-01-26,1,2025-08-04,175,0.18706,1.453731,2.877086,0.548786,0.190744,0.0,0.112136,0.097093,-0.001842,1.0,77.293478,141,42
146051,IL,Pike,149,2026-01-12,1,2025-07-21,175,0.211742,0.773016,2.973262,0.30913,0.10397,0.166969,0.090308,0.108151,0.005889,0.923913,49.586957,108,61
146053,IL,Cook,031,2025-04-21,0,,,,,,,,,,,,,,79,27
146053,IL,Cook,031,2025-07-28,1,2025-05-19,70,0.170284,2.240798,3.152235,0.675068,0.214155,0.0,0.034144,0.104415,-0.063584,0.858696,114.195652,79,26
146053,IL,Cook,031,2025-08-18,1,2025-05-19,91,0.170284,2.240798,3.152235,0.675068,0.214155,0.0,0.034144,0.104415,-0.063584,0.858696,114.195652,80,22
146053,IL,Cook,031,2025-09-01,1,2025-05-19,105,0.170284,2.240798,3.152235,0.675068,0.214155,0.0,0.034144,0.104415,-0.063584,0.858696,114.195652,80,22
146068,IL,Menard,129,2025-07-21,1,2025-03-24,119,0.18314,1.404808,3.331146,0.487177,0.146249,0.150069,0.149615,0.089819,-0.047897,0.630435,82.01087,142,45
146068,IL,Menard,129,2026-02-23,1,2025-09-01,175,0.196578,1.552604,3.228369,0.503686,0.156019,0.197673,0.100026,0.074785,-0.049554,0.888889,85.166667,140,45
146075,IL,Madison,119,2025-03-31,1,2025-03-24,7,0.212399,0.0,2.674916,0.358027,0.133846,0.088132,0.178937,0.126467,-0.048341,0.98913,77.847826,141,52
146075,IL,Madison,119,2025-06-02,1,2025-03-24,70,0.212399,0.0,2.674916,0.358027,0.133846,0.088132,0.178937,0.126467,-0.048341,0.98913,77.847826,142,45
146075,IL,Madison,119,2025-06-23,1,2025-03-24,91,0.212399,0.0,2.674916,0.358027,0.133846,0.088132,0.178937,0.126467,-0.048341,0.98913,77.847826,142,45
146075,IL,Madison,119,2025-12-08,1,2025-06-16,175,0.213125,0.996589,2.76298,0.317311,0.114844,0.09264,0.182066,0.132354,-0.001957,1.0,76.75,142,43
146078,IL,Cook,031,2026-03-23,0,,,,,,,,,,,,,,0,0
146080,IL,Mc Donough,109,2025-04-14,1,2025-03-24,21,0.237559,2.247692,2.670801,0.395749,0.148176,0.234681,0.150716,0.170599,-0.006518,0.978261,47.097826,104,65
146080,IL,Mc Donough,109,2025-09-01,1,2025-03-24,161,0.237559,2.247692,2.670801,0.395749,0.148176,0.234681,0.150716,0.170599,-0.006518,0.978261,47.097826,108,58
146084,IL,Whiteside,195,2025-11-24,1,2025-06-02,175,0.187581,1.482747,2.950879,0.588827,0.199543,0.076392,0.10777,0.143103,-0.035172,0.826087,35.130435,108,61
146084,IL,Whiteside,195,2026-02-23,1,2025-09-01,175,0.179642,1.320181,3.15618,0.432491,0.13703,0.041571,0.162071,0.137151,0.029046,0.822222,34.877778,106,65
146085,IL,Iroquois,075,2025-04-14,1,2025-03-24,21,0.180013,2.046218,2.945103,0.513152,0.174239,0.0,0.112736,0.09054,-0.048653,1.0,66.271739,139,63
146086,IL,Douglas,041,2025-08-25,1,2025-03-24,154,0.18172,1.36457,3.339068,0.438466,0.131314,0.09674,0.273346,0.214394,0.082893,0.619565,43.728261,108,58
146086,IL,Douglas,041,2026-02-02,1,2025-08-11,175,0.176193,1.161983,3.705835,0.44784,0.120847,0.113703,0.204382,0.173808,0.238086,0.391304,41.206522,108,61
146090,IL,Vermilion,183,2025-04-28,0,,,,,,,,,,,,,,141,51
146096,IL,Crawford,033,2026-02-02,1,2025-08-11,175,0.182815,1.880309,2.888546,0.592491,0.205117,0.0,0.272637,0.172517,0.010041,0.923913,48.652174,108,61
146098,IL,Peoria,143,2025-03-31,0,,,,,,,,,,,,,,139,62
146098,IL,Peoria,143,2025-05-26,0,,,,,,,,,,,,,,140,58
146098,IL,Peoria,143,2025-12-22,0,,,,,,,,,,,,,,140,59
146102,IL,Stephenson,177,2025-07-07,0,,,,,,,,,,,,,,79,25
146102,IL,Stephenson,177,2025-08-18,0,,,,,,,,,,,,,,80,21
146102,IL,Stephenson,177,2026-03-16,0,,,,,,,,,,,,,,80,22
146104,IL,De Witt,039,2025-08-18,1,2025-03-24,147,0.184237,0.405383,2.893053,0.634701,0.219388,0.0,0.221713,0.159168,0.043441,0.858696,46.217391,108,58
146106,IL,Scott,171,2025-09-29,0,,,,,,,,,,,,,,108,57
146119,IL,White,193,2025-10-06,1,2025-04-14,175,0.17116,0.0,3.040026,0.647338,0.212938,0.0,0.1876,0.136963,-0.044079,0.858696,49.282609,108,58
146119,IL,White,193,2025-12-01,1,2025-06-09,175,0.175716,0.0,3.044323,0.484048,0.159,0.0,0.211448,0.170254,-0.016839,0.793478,48.978261,108,61
146119,IL,White,193,2026-02-02,1,2025-08-11,175,0.175716,0.0,3.044323,0.484048,0.159,0.0,0.211448,0.170254,-0.016839,0.793478,48.978261,108,61
146123,IL,Marshall,123,2025-05-19,0,,,,,,,,,,,,,,140,58
146123,IL,Marshall,123,2026-02-02,0,,,,,,,,,,,,,,140,59
146131,IL,Wayne,191,2025-06-02,0,,,,,,,,,,,,,,17,17
146132,IL,Cook,031,2025-06-02,1,2025-03-24,70,0.178603,4.529594,3.360158,0.399231,0.118813,0.041284,0.146874,0.085665,0.056919,0.597826,127.195652,50,10
146132,IL,Cook,031,2025-09-15,1,2025-03-24,175,0.178603,4.529594,3.360158,0.399231,0.118813,0.041284,0.146874,0.085665,0.056919,0.597826,127.195652,50,9
146132,IL,Cook,031,2025-12-29,1,2025-07-07,175,0.168998,4.418347,3.454432,0.441055,0.127678,0.003175,0.175165,0.12272,0.080909,0.445652,124.880435,50,10
146139,IL,Sangamon,167,2026-02-16,1,2025-08-25,175,0.19597,1.702797,2.895664,0.37,0.127777,0.108042,0.133323,0.083062,-0.143911,0.988889,86.222222,140,45
146146,IL,Hamilton,065,2026-01-05,1,2025-07-14,175,0.199959,0.0,2.408695,0.244321,0.101433,0.0,0.144721,0.136242,-0.220409,1.0,43.065217,108,61
146148,IL,Macon,115,2025-04-14,0,,,,,,,,,,,,,,139,62
146148,IL,Macon,115,2025-05-05,0,,,,,,,,,,,,,,139,62
146148,IL,Macon,115,2025-09-01,0,,,,,,,,,,,,,,142,54
146148,IL,Macon,115,2025-10-13,0,,,,,,,,,,,,,,141,53
146148,IL,Macon,115,2026-01-12,0,,,,,,,,,,,,,,140,59
146148,IL,Macon,115,2026-02-16,0,,,,,,,,,,,,,,138,62
146148,IL,Macon,115,2026-03-02,0,,,,,,,,,,,,,,138,62
146164,IL,Cook,031,2025-05-05,0,,,,,,,,,,,,,,140,63
146164,IL,Cook,031,2025-05-26,0,,,,,,,,,,,,,,141,59
146165,IL,Cook,031,2025-06-02,0,,,,,,,,,,,,,,107,60
146169,IL,Cook,031,2025-11-17,1,2025-05-26,175,0.217308,3.082278,2.736501,0.485177,0.177298,0.124131,0.141704,0.18476,0.001726,0.978261,94.413043,142,43
146169,IL,Cook,031,2026-03-23,0,,,,,,,,,,,,,,0,0
146171,IL,Jackson,077,2026-02-09,0,,,,,,,,,,,,,,80,22
146171,IL,Jackson,077,2026-03-02,0,,,,,,,,,,,,,,80,22
146182,IL,Kane,089,2026-03-09,0,,,,,,,,,,,,,,0,0
146185,IL,Cook,031,2025-04-28,0,,,,,,,,,,,,,,104,64
146186,IL,Mc Henry,111,2026-02-09,0,,,,,,,,,,,,,,0,0
146193,IL,Ogle,141,2025-05-19,0,,,,,,,,,,,,,,140,58
146193,IL,Ogle,141,2025-07-21,0,,,,,,,,,,,,,,140,58
14E169,IL,Cook,031,2025-04-21,1,2025-03-31,21,0.279049,0.0,1.667619,0.449345,0.269453,0.159823,0.083041,0.069103,-0.00609,1.0,78.108696,141,52
14E169,IL,Cook,031,2025-05-12,1,2025-03-31,42,0.279049,0.0,1.667619,0.449345,0.269453,0.159823,0.083041,0.069103,-0.00609,1.0,78.108696,141,52
14E169,IL,Cook,031,2025-08-25,1,2025-03-31,147,0.279049,0.0,1.667619,0.449345,0.269453,0.159823,0.083041,0.069103,-0.00609,1.0,78.108696,142,41
14E169,IL,Cook,031,2025-12-29,1,2025-07-07,175,0.257914,0.680168,1.677168,0.512924,0.305827,0.071717,0.095763,0.075007,0.011658,1.0,80.108696,141,42
14E169,IL,Cook,031,2026-01-05,1,2025-07-14,175,0.257914,0.675763,1.677168,0.512924,0.305827,0.071717,0.095763,0.075007,0.011658,1.0,80.108696,141,42
14E177,IL,Cook,031,2025-07-21,1,2025-03-24,119,0.232484,2.195892,2.016525,0.536772,0.266187,0.0,0.143588,0.106059,0.015102,1.0,107.478261,79,26
14E177,IL,Cook,031,2025-12-22,1,2025-06-30,175,0.228846,1.999544,2.259134,0.595618,0.263649,0.0,0.199587,0.120637,0.138499,1.0,102.934783,80,22
14E306,IL,Kane,089,2025-04-07,1,2025-03-24,14,0.25833,2.437709,1.882654,0.434597,0.230843,0.034398,0.198771,0.127979,0.105024,1.0,95.097826,141,52
14E322,IL,Peoria,143,2025-04-21,1,2025-03-24,28,0.208564,2.849064,2.579794,0.410534,0.159134,0.0,0.254734,0.152972,0.016761,1.0,99.119565,141,52
14E322,IL,Peoria,143,2025-07-21,1,2025-03-24,119,0.208564,2.849064,2.579794,0.410534,0.159134,0.0,0.254734,0.152972,0.016761,1.0,99.119565,142,45
14E322,IL,Peoria,143,2025-09-01,1,2025-03-24,161,0.208564,2.849064,2.579794,0.410534,0.159134,0.0,0.254734,0.152972,0.016761,1.0,99.119565,142,41
14E361,IL,Rock Island,161,2025-05-05,0,,,,,,,,,,,,,,0,0
14E579,IL,Whiteside,195,2025-09-29,1,2025-04-07,175,0.231356,0.0,2.21865,0.328977,0.148278,0.02476,0.285478,0.164862,0.027083,1.0,41.554348,108,58
14E812,IL,Jefferson,081,2025-08-11,0,,,,,,,,,,,,,,107,60
14E812,IL,Jefferson,081,2026-03-02,1,2025-09-08,175,0.185346,2.202955,2.803925,0.408858,0.145817,0.034361,0.211994,0.149756,-0.139529,0.922222,49.544444,106,65
14E888,IL,Peoria,143,2025-06-16,1,2025-03-24,84,0.189749,0.373466,2.943043,0.554492,0.188408,0.014527,0.179489,0.10015,0.01452,1.0,114.456522,79,26
14E888,IL,Peoria,143,2025-11-24,1,2025-06-02,175,0.194249,0.348521,2.778347,0.526387,0.189461,0.014404,0.152814,0.09277,-0.039239,1.0,110.934783,80,22
155005,IN,Madison,095,2025-07-28,0,,,,,,,,,,,,,,55,35
155120,IN,Hancock,059,2025-11-10,1,2025-05-19,175,0.171596,0.508705,3.395606,0.623661,0.183667,0.071124,0.108924,0.083779,-0.005737,0.597826,99.793478,113,74
155157,IN,Wayne,177,2025-11-24,1,2025-06-02,175,0.176817,1.969003,3.433856,0.474085,0.138062,0.181798,0.162884,0.116459,-0.103256,0.576087,64.521739,174,130
155205,IN,Elkhart,039,2025-12-22,1,2025-06-30,175,0.196624,0.949935,3.998603,0.470883,0.117762,0.390503,0.071256,0.072071,0.057537,0.076087,154.804348,3,3
155209,IN,Jefferson,077,2025-11-17,1,2025-05-26,175,0.208593,0.0,2.721145,0.394462,0.144962,0.0,0.142366,0.100166,0.09691,1.0,95.532609,113,74
155221,IN,Vigo,167,2026-03-09,0,,,,,,,,,,,,,,174,139
155264,IN,Wayne,177,2026-02-02,1,2025-08-11,175,0.169491,0.425204,3.336341,0.557308,0.167042,0.03837,0.126778,0.089085,0.004195,0.663043,74.206522,113,74
155274,IN,Spencer,147,2025-05-19,0,,,,,,,,,,,,,,114,84
155292,IN,Marion,097,2026-03-23,0,,,,,,,,,,,,,,0,0
155358,IN,Vigo,167,2025-11-03,0,,,,,,,,,,,,,,174,124
155423,IN,Lake,089,2026-02-09,0,,,,,,,,,,,,,,173,138
155426,IN,Vigo,167,2025-05-05,1,2025-03-24,42,0.213287,1.116972,3.311115,0.449151,0.135649,0.27137,0.156089,0.097961,-0.001701,0.608696,149.793478,19,11
155446,IN,Allen,003,2026-03-23,0,,,,,,,,,,,,,,0,0
155449,IN,Steuben,151,2025-09-15,0,,,,,,,,,,,,,,113,70
155477,IN,Montgomery,107,2026-01-26,1,2025-08-04,175,0.173442,0.0,3.613114,0.519652,0.143824,0.115413,0.128064,0.088292,0.136856,0.315217,42.195652,116,85
155496,IN,Elkhart,039,2026-02-09,1,2025-08-18,175,0.16869,0.0,3.328803,0.412671,0.12397,0.0,0.141527,0.108541,0.030504,0.644444,79.488889,113,76
155507,IN,Union,161,2025-11-03,0,,,,,,,,,,,,,,9,9
155658,IN,Clinton,023,2025-12-08,0,,,,,,,,,,,,,,113,73
155665,IN,Jennings,079,2025-10-13,1,2025-04-21,175,0.221087,0.51662,2.81088,0.419706,0.149315,0.159827,0.161048,0.093015,-0.005146,1.0,104.880435,55,34
155671,IN,Perry,123,2025-08-18,0,,,,,,,,,,,,,,113,70
155674,IN,Dubois,037,2025-04-21,0,,,,,,,,,,,,,,171,139
155698,IN,Madison,095,2025-10-13,0,,,,,,,,,,,,,,174,124
155761,IN,Hendricks,063,2025-09-01,0,,,,,,,,,,,,,,19,6
155767,IN,Hancock,059,2026-03-23,0,,,,,,,,,,,,,,0,0
155768,IN,Vanderburgh,163,2025-03-31,0,,,,,,,,,,,,,,114,88
155775,IN,Tippecanoe,157,2025-06-16,0,,,,,,,,,,,,,,172,126
155792,IN,Hendricks,063,2025-11-10,0,,,,,,,,,,,,,,19,6
155799,IN,Grant,053,2026-02-23,1,2025-09-01,175,0.172923,0.444884,3.230795,0.421109,0.130342,0.000482,0.169641,0.13854,0.043059,0.677778,60.688889,173,139
155802,IN,Vigo,167,2025-05-12,0,,,,,,,,,,,,,,171,139
155803,IN,Warrick,173,2025-04-07,0,,,,,,,,,,,,,,112,74
155820,IN,Vanderburgh,163,2025-04-07,0,,,,,,,,,,,,,,113,87
155836,IN,Hendricks,063,2025-05-19,0,,,,,,,,,,,,,,112,71
155840,IN,Lake,089,2025-07-28,0,,,,,,,,,,,,,,112,71
155841,IN,Hamilton,057,2026-03-16,1,2025-09-22,175,0.173447,0.0,3.510159,0.82739,0.235713,0.119801,0.201409,0.107828,0.048803,0.333333,99.166667,55,34
165110,IA,Des Moines,057,2025-12-15,0,,,,,,,,,,,,,,9,9
165151,IA,Lee,111,2026-03-09,0,,,,,,,,,,,,,,110,80
165191,IA,Montgomery,137,2025-04-14,1,2025-03-24,21,0.169473,0.0,3.332479,0.678964,0.203742,0.0,0.304108,0.175512,0.152241,0.5,41.565217,185,128
165191,IA,Montgomery,137,2025-08-11,1,2025-03-24,140,0.169473,0.0,3.332479,0.678964,0.203742,0.0,0.304108,0.175512,0.152241,0.5,41.565217,192,128
165234,IA,Washington,183,2025-10-27,1,2025-05-05,175,0.183453,0.503793,4.159852,0.525468,0.126319,0.417946,0.14633,0.108035,0.073691,0.065217,51.347826,110,71
165238,IA,Crawford,047,2025-10-20,0,,,,,,,,,,,,,,193,120
165240,IA,Allamakee,005,2025-09-08,1,2025-03-24,168,0.173118,0.0,3.436603,1.020414,0.296925,0.114643,0.216617,0.134517,0.088783,0.445652,51.673913,110,71
165255,IA,Warren,181,2025-07-28,1,2025-05-19,70,0.17272,1.037642,3.224967,0.490989,0.152246,0.071879,0.199674,0.128312,-0.100497,0.684783,77.076087,109,72
165310,IA,Linn,113,2025-06-09,0,,,,,,,,,,,,,,2,1
165310,IA,Linn,113,2025-11-03,0,,,,,,,,,,,,,,2,1
165322,IA,Linn,113,2026-01-05,0,,,,,,,,,,,,,,110,76
165345,IA,Polk,153,2025-06-30,0,,,,,,,,,,,,,,27,16
165373,IA,Harrison,085,2025-06-09,1,2025-05-19,21,0.171112,0.493581,3.643909,0.403042,0.110607,0.144347,0.172983,0.128172,0.03167,0.347826,67.673913,108,72
165383,IA,Adair,001,2025-07-14,0,,,,,,,,,,,,,,192,127
165399,IA,Warren,181,2025-08-18,0,,,,,,,,,,,,,,110,70
165428,IA,Cherokee,035,2025-12-08,0,,,,,,,,,,,,,,192,130
165436,IA,Scott,163,2025-12-15,1,2025-06-23,175,0.1702,1.462951,2.957669,0.726594,0.245664,0.001768,0.065941,0.080534,-0.121334,1.0,65.478261,110,77
165436,IA,Scott,163,2026-03-23,0,,,,,,,,,,,,,,0,0
165530,IA,Mills,129,2025-06-02,0,,,,,,,,,,,,,,108,71
165530,IA,Mills,129,2025-09-22,0,,,,,,,,,,,,,,110,70
165552,IA,Benton,011,2025-10-20,0,,,,,,,,,,,,,,193,120
165555,IA,Dallas,049,2025-04-07,1,2025-03-24,14,0.191351,0.0,2.707499,0.432312,0.159672,0.006625,0.219497,0.162875,-0.059019,0.956522,43.630435,185,128
165555,IA,Dallas,049,2025-10-13,1,2025-04-21,175,0.191351,0.48506,2.707499,0.432312,0.159672,0.006625,0.219497,0.162875,-0.059019,0.956522,43.630435,193,121
165555,IA,Dallas,049,2026-03-23,0,,,,,,,,,,,,,,0,0
165580,IA,Polk,153,2025-05-19,0,,,,,,,,,,,,,,27,16
165580,IA,Polk,153,2025-10-20,0,,,,,,,,,,,,,,28,16
165580,IA,Polk,153,2026-02-09,0,,,,,,,,,,,,,,28,22
165601,IA,Polk,153,2026-03-02,0,,,,,,,,,,,,,,28,22
165602,IA,Jefferson,101,2025-06-09,0,,,,,,,,,,,,,,108,71
175100,KS,Riley,161,2025-03-31,0,,,,,,,,,,,,,,25,15
175100,KS,Riley,161,2025-07-28,0,,,,,,,,,,,,,,26,14
175100,KS,Riley,161,2026-02-23,0,,,,,,,,,,,,,,26,14
175126,KS,Geary,061,2025-11-10,0,,,,,,,,,,,,,,60,47
175127,KS,Saline,169,2025-11-17,1,2025-05-26,175,0.169983,0.999772,3.157502,0.64979,0.205793,0.003749,0.16334,0.113441,0.016075,0.804348,39.945652,159,126
175130,KS,Johnson,091,2025-09-15,0,,,,,,,,,,,,,,9,7
175145,KS,Osage,139,2026-02-09,0,,,,,,,,,,,,,,157,126
175157,KS,Butler,015,2025-06-02,0,,,,,,,,,,,,,,26,14
175157,KS,Butler,015,2025-11-17,0,,,,,,,,,,,,,,26,13
175158,KS,Johnson,091,2025-11-17,0,,,,,,,,,,,,,,2,1
175158,KS,Johnson,091,2025-12-29,0,,,,,,,,,,,,,,2,1
175162,KS,Leavenworth,103,2025-07-28,1,2025-03-24,126,0.185803,0.0,4.45861,0.5276,0.118333,0.504882,0.204617,0.15533,0.172502,0.097826,35.826087,157,127
175165,KS,Shawnee,177,2025-06-02,0,,,,,,,,,,,,,,157,126
175180,KS,Johnson,091,2025-04-21,1,2025-03-24,28,0.198882,0.514075,3.086186,0.487497,0.157961,0.137329,0.064234,0.190342,-0.007198,0.706522,87.315217,25,16
175185,KS,Saline,169,2026-02-16,0,,,,,,,,,,,,,,60,50
175214,KS,Neosho,133,2026-03-02,0,,,,,,,,,,,,,,157,126
175215,KS,Leavenworth,103,2026-01-26,1,2025-08-04,175,0.217864,0.343927,2.997213,0.601661,0.20074,0.23946,0.150082,0.181105,0.005776,0.891304,79.097826,26,14
175219,KS,Wyandotte,209,2025-05-05,0,,,,,,,,,,,,,,154,129
175219,KS,Wyandotte,209,2025-06-23,0,,,,,,,,,,,,,,157,126
175220,KS,Pottawatomie,149,2025-07-28,0,,,,,,,,,,,,,,157,126
175228,KS,Leavenworth,103,2026-02-16,0,,,,,,,,,,,,,,60,50
175236,KS,Reno,155,2025-11-17,0,,,,,,,,,,,,,,159,125
175239,KS,Morris,127,2025-07-07,1,2025-03-24,105,0.194474,0.0,2.643178,0.572492,0.216593,0.0,0.173065,0.148799,-0.000664,0.967391,43.304348,157,127
175240,KS,Johnson,091,2025-09-15,0,,,,,,,,,,,,,,19,18
175242,KS,Johnson,091,2025-04-21,0,,,,,,,,,,,,,,9,7
175245,KS,Wyandotte,209,2026-01-26,1,2025-08-04,175,0.222473,0.236561,2.361488,0.408818,0.173119,0.002631,0.179308,0.107359,0.033897,1.0,94.282609,26,14
175245,KS,Wyandotte,209,2026-03-02,1,2025-09-08,175,0.224547,0.231317,2.19047,0.388429,0.177327,0.0,0.161008,0.102726,-0.053413,1.0,94.744444,26,15
175246,KS,Republic,157,2025-09-15,0,,,,,,,,,,,,,,159,123
175249,KS,Neosho,133,2026-03-02,0,,,,,,,,,,,,,,157,126
175254,KS,Harvey,079,2025-05-12,0,,,,,,,,,,,,,,154,129
175264,KS,Cherokee,021,2026-03-16,0,,,,,,,,,,,,,,157,126
175267,KS,Johnson,091,2025-06-09,1,2025-03-24,77,0.182715,0.792299,3.20975,0.401073,0.124954,0.065989,0.082269,0.072119,-0.037926,0.858696,112.48913,9,8
175280,KS,Lyon,111,2025-06-30,0,,,,,,,,,,,,,,157,126
175291,KS,Barton,009,2025-05-05,0,,,,,,,,,,,,,,60,49
175291,KS,Barton,009,2025-07-28,0,,,,,,,,,,,,,,60,48
175302,KS,Harvey,079,2026-02-23,0,,,,,,,,,,,,,,60,50
175313,KS,Cowley,035,2025-04-07,0,,,,,,,,,,,,,,154,129
175313,KS,Cowley,035,2025-06-23,0,,,,,,,,,,,,,,157,126
175315,KS,Pratt,151,2025-03-31,0,,,,,,,,,,,,,,154,129
175328,KS,Ellis,051,2026-01-05,0,,,,,,,,,,,,,,159,125
175332,KS,Franklin,059,2026-01-26,0,,,,,,,,,,,,,,60,47
175334,KS,Seward,175,2025-05-12,0,,,,,,,,,,,,,,154,129
175353,KS,Crawford,037,2025-06-02,0,,,,,,,,,,,,,,157,126
175369,KS,Rush,165,2025-08-11,0,,,,,,,,,,,,,,158,127
175374,KS,Nemaha,131,2025-08-11,0,,,,,,,,,,,,,,19,18
175397,KS,Shawnee,177,2025-04-21,1,2025-03-24,28,0.168897,0.610276,3.385791,0.32551,0.09614,0.01174,0.131014,0.091435,0.04358,0.597826,72.521739,60,50
175410,KS,Sedgwick,173,2025-11-17,0,,,,,,,,,,,,,,0,0
175411,KS,Leavenworth,103,2026-01-12,1,2025-07-21,175,0.173131,0.697042,2.910418,0.78098,0.268339,0.0,0.096752,0.13108,-0.054203,0.923913,36.173913,159,126
175417,KS,Marshall,117,2025-11-17,0,,,,,,,,,,,,,,159,125
175424,KS,Butler,015,2025-07-28,0,,,,,,,,,,,,,,60,48
175425,KS,Johnson,091,2025-11-17,1,2025-08-18,91,0.175902,0.0,3.444623,0.598672,0.173799,0.146488,0.129752,0.111583,0.008639,0.488889,36.822222,159,126
175437,KS,Mcpherson,113,2025-04-21,0,,,,,,,,,,,,,,154,129
175497,KS,Mcpherson,113,2025-06-02,0,,,,,,,,,,,,,,157,126
175498,KS,Ellis,051,2025-07-21,1,2025-05-19,63,0.16967,0.339136,3.846455,0.795294,0.20676,0.24832,0.138115,0.161798,-0.036566,0.293478,93.021739,26,15
175499,KS,Johnson,091,2026-01-26,0,,,,,,,,,,,,,,0,0
175502,KS,Douglas,045,2025-07-14,0,,,,,,,,,,,,,,157,126
175502,KS,Douglas,045,2025-11-17,1,2025-08-18,91,0.190292,0.464695,3.653176,0.40959,0.112119,0.302013,0.085961,0.136289,0.000467,0.422222,48.244444,159,126
175513,KS,Ford,057,2025-08-04,0,,,,,,,,,,,,,,60,48
175522,KS,Barton,009,2025-04-21,0,,,,,,,,,,,,,,154,129
175522,KS,Barton,009,2025-12-22,0,,,,,,,,,,,,,,159,125
175525,KS,Scott,171,2025-06-09,0,,,,,,,,,,,,,,157,126
175532,KS,Sedgwick,173,2025-04-21,0,,,,,,,,,,,,,,60,49
175539,KS,Sedgwick,173,2026-02-09,0,,,,,,,,,,,,,,60,50
175547,KS,Shawnee,177,2025-08-25,1,2025-03-24,154,0.199797,0.302109,2.530621,0.577649,0.228264,0.0,0.196033,0.12382,-0.00325,1.0,49.554348,159,124
175549,KS,Johnson,091,2025-11-17,0,,,,,,,,,,,,,,60,47
175557,KS,Johnson,091,2025-09-08,0,,,,,,,,,,,,,,26,13
175558,KS,Johnson,091,2026-02-09,0,,,,,,,,,,,,,,60,50
175566,KS,Pratt,151,2025-09-29,1,2025-04-07,175,0.173022,0.322944,3.211881,0.433769,0.135051,0.0,0.177129,0.123141,0.044732,0.75,50.728261,60,47
17A020,KS,Trego,195,2025-11-17,0,,,,,,,,,,,,,,159,125
17E034,KS,Comanche,033,2025-06-30,1,2025-03-24,98,0.172723,0.0,3.242898,0.275412,0.084928,0.0,0.134005,0.116384,0.038085,0.695652,40.326087,157,127
17E534,KS,Harper,077,2025-06-09,0,,,,,,,,,,,,,,157,126
17E534,KS,Harper,077,2025-11-17,0,,,,,,,,,,,,,,159,125
17E597,KS,Barber,007,2025-09-01,0,,,,,,,,,,,,,,19,18
17E658,KS,Phillips,147,2026-03-09,0,,,,,,,,,,,,,,157,126
185005,KY,Calloway,035,2025-05-05,1,2025-03-24,42,0.170236,0.326553,3.702621,0.494092,0.133444,0.127821,0.175094,0.098327,0.042569,0.26087,127.521739,15,10
185049,KY,Logan,141,2026-03-02,0,,,,,,,,,,,,,,32,24
185118,KY,Hardin,093,2026-03-23,0,,,,,,,,,,,,,,0,0
185122,KY,Jefferson,111,2025-08-25,0,,,,,,,,,,,,,,6,5
185155,KY,Rowan,205,2025-05-19,0,,,,,,,,,,,,,,80,54
185165,KY,Jefferson,111,2025-12-08,1,2025-06-16,175,0.174759,1.775213,3.825019,0.483695,0.126455,0.128776,0.16803,0.126241,0.212898,0.25,103.0,39,30
185174,KY,Boone,015,2025-11-10,0,,,,,,,,,,,,,,39,29
185174,KY,Boone,015,2026-01-12,0,,,,,,,,,,,,,,39,29
185176,KY,Jefferson,111,2025-11-17,0,,,,,,,,,,,,,,81,58
185178,KY,Jefferson,111,2025-08-11,1,2025-05-19,84,0.16894,0.0,3.883977,0.504052,0.129777,0.168223,0.160514,0.086077,0.035219,0.184783,166.065217,6,6
185208,KY,Campbell,037,2025-07-21,0,,,,,,,,,,,,,,80,54
185221,KY,Magoffin,153,2025-05-12,1,2025-03-24,49,0.184439,0.163204,3.086241,0.505136,0.163673,0.013893,0.10181,0.074408,0.024605,0.978261,110.967391,39,26
185221,KY,Magoffin,153,2025-05-26,1,2025-03-24,63,0.184439,0.163204,3.086241,0.505136,0.163673,0.013893,0.10181,0.074408,0.024605,0.978261,110.967391,39,25
185232,KY,Whitley,235,2026-01-19,0,,,,,,,,,,,,,,81,58
185253,KY,Carter,043,2025-08-25,1,2025-03-24,154,0.209728,0.185973,3.074466,0.261874,0.085177,0.139354,0.259205,0.141049,0.042813,0.858696,114.467391,39,25
185261,KY,Greenup,089,2026-03-09,1,2025-09-15,175,0.182883,0.142342,3.514099,0.451053,0.128355,0.083119,0.176642,0.131016,0.175395,0.422222,109.244444,39,34
185309,KY,Grayson,085,2025-08-11,1,2025-03-24,140,0.169627,0.0,3.169386,0.491096,0.15495,0.0,0.212937,0.140432,-0.03182,0.75,66.26087,64,52
185310,KY,Jefferson,111,2025-08-11,0,,,,,,,,,,,,,,9,9
185359,KY,Robertson,201,2025-03-31,0,,,,,,,,,,,,,,63,50
185389,KY,Harrison,097,2025-07-21,1,2025-03-24,119,0.225539,0.0,1.477461,0.579472,0.392208,0.085717,0.046212,0.221099,-0.339998,1.0,65.923913,64,52
185468,KY,Jefferson,111,2025-12-08,1,2025-06-16,175,0.180422,0.299508,3.024209,0.286057,0.094589,0.000521,0.127702,0.090327,-0.063456,0.978261,79.358696,81,59
185484,KY,Campbell,037,2025-08-11,0,,,,,,,,,,,,,,39,24
195210,LA,Jefferson,051,2025-04-14,0,,,,,,,,,,,,,,63,40
195258,LA,East Feliciana,037,2025-06-09,1,2025-03-24,77,0.174334,0.562789,3.337277,0.132348,0.039658,0.010471,0.234172,0.136574,0.0118,0.543478,118.358696,65,40
195297,LA,St. Tammany,103,2025-06-09,0,,,,,,,,,,,,,,65,39
195350,LA,Caddo,017,2025-12-01,1,2025-06-09,175,0.191805,0.997951,3.106888,0.257057,0.082738,0.0,0.122044,0.07683,0.035367,0.967391,173.586957,2,0
195393,LA,Richland,083,2025-09-22,0,,,,,,,,,,,,,,55,31
195420,LA,Rapides,079,2025-04-07,0,,,,,,,,,,,,,,77,55
195431,LA,Calcasieu,019,2026-03-23,0,,,,,,,,,,,,,,0,0
195445,LA,Avoyelles,009,2025-05-26,0,,,,,,,,,,,,,,53,31
195445,LA,Avoyelles,009,2025-11-24,0,,,,,,,,,,,,,,55,34
195460,LA,Iberia,045,2026-03-23,0,,,,,,,,,,,,,,0,0
195508,LA,West Feliciana,125,2025-04-14,1,2025-03-24,21,0.224435,1.007586,2.952926,0.28675,0.097107,0.133015,0.09211,0.091613,0.14315,0.978261,97.815217,77,56
195510,LA,Lincoln,061,2025-05-05,0,,,,,,,,,,,,,,15,12
195510,LA,Lincoln,061,2025-06-02,0,,,,,,,,,,,,,,15,10
195519,LA,Caddo,017,2025-05-12,0,,,,,,,,,,,,,,51,33
195533,LA,Caddo,017,2026-03-16,0,,,,,,,,,,,,,,77,52
195588,LA,St. Landry,097,2025-03-31,0,,,,,,,,,,,,,,51,33
195594,LA,Bossier,015,2025-09-01,1,2025-03-24,161,0.220561,1.113567,3.42547,0.145056,0.042346,0.283096,0.133471,0.088023,0.117453,0.554348,121.847826,65,39
195599,LA,W. Baton Rouge,121,2026-03-16,1,2025-09-22,175,0.20579,0.433274,2.878388,0.114925,0.039927,0.030237,0.170794,0.105046,0.006102,0.988889,117.988889,64,45
195604,LA,Bossier,015,2025-06-02,1,2025-03-24,70,0.184724,0.0,3.172503,0.122315,0.038555,0.040965,0.21118,0.134043,0.006188,0.782609,71.358696,53,32
195620,LA,Pointe Coupee,077,2025-09-01,1,2025-03-24,161,0.175056,0.0,3.355108,0.137993,0.041129,0.001359,0.152173,0.093818,0.07817,0.619565,86.826087,80,51
205031,ME,Penobscot,019,2025-05-05,1,2025-03-24,42,0.169527,0.0,3.448466,0.872848,0.253112,0.111473,0.080841,0.074993,-0.011534,0.532609,75.728261,13,9
205063,ME,Androscoggin,001,2025-05-05,0,,,,,,,,,,,,,,13,8
205063,ME,Androscoggin,001,2025-08-11,0,,,,,,,,,,,,,,13,8
205065,ME,York,031,2025-07-28,0,,,,,,,,,,,,,,24,19
205068,ME,Cumberland,005,2025-05-12,0,,,,,,,,,,,,,,9,9
205068,ME,Cumberland,005,2025-10-27,0,,,,,,,,,,,,,,9,9
205069,ME,Franklin,007,2025-07-28,1,2025-03-24,126,0.182626,0.0,3.136928,0.97803,0.31178,0.115753,0.086285,0.08026,-0.016927,0.956522,77.23913,13,9
205099,ME,Oxford,017,2025-05-12,0,,,,,,,,,,,,,,22,19
205103,ME,York,031,2025-03-31,1,2025-03-24,7,0.176813,0.0,4.227603,0.683199,0.161604,0.40791,0.136649,0.084169,0.023686,0.043478,84.391304,13,9
205109,ME,Washington,029,2025-06-23,0,,,,,,,,,,,,,,22,19
205114,ME,Aroostook,003,2025-04-07,0,,,,,,,,,,,,,,22,19
205136,ME,York,031,2025-07-07,0,,,,,,,,,,,,,,24,19
205151,ME,Aroostook,003,2026-02-02,0,,,,,,,,,,,,,,21,20
215024,MD,Prince Georges,033,2025-04-28,1,2025-03-24,35,0.184366,0.0,3.039731,0.508907,0.167418,0.0,0.217023,0.116092,-0.020507,0.956522,159.565217,17,9
215033,MD,Baltimore City,510,2025-11-17,0,,,,,,,,,,,,,,5,4
215043,MD,Montgomery,031,2026-02-09,1,2025-08-18,175,0.17803,0.309141,3.312279,0.514113,0.155214,0.032867,0.1949,0.104764,0.051198,0.522222,135.411111,35,19
215044,MD,Baltimore City,510,2025-08-25,1,2025-05-19,98,0.193673,0.180192,3.661091,0.831496,0.227117,0.383946,0.164941,0.228037,-0.137534,0.358696,130.402174,35,18
215060,MD,Montgomery,031,2026-03-09,0,,,,,,,,,,,,,,24,17
215065,MD,Montgomery,031,2026-03-16,0,,,,,,,,,,,,,,40,25
215067,MD,Wicomico,045,2025-10-13,1,2025-04-21,175,0.185937,0.146158,3.022005,0.647496,0.21426,0.030984,0.211579,0.151193,-0.06236,0.869565,185.869565,5,4
215113,MD,Washington,043,2025-10-13,1,2025-04-21,175,0.257667,0.348355,3.163555,0.550945,0.174154,0.511216,0.04954,0.081143,0.00817,0.902174,72.48913,24,16
215113,MD,Washington,043,2025-12-22,1,2025-06-30,175,0.270578,0.337102,3.261979,0.558193,0.171121,0.587159,0.119863,0.094915,0.067394,0.782609,73.5,23,15
215115,MD,Allegany,001,2025-08-11,1,2025-03-24,140,0.201083,0.0,2.763503,0.365795,0.132366,0.108567,0.149839,0.159467,-0.190063,0.945652,103.5,49,16
215126,MD,Worcester,047,2025-07-21,1,2025-03-24,119,0.181909,0.153725,3.248638,0.6308,0.194174,0.070251,0.118322,0.074324,0.043845,0.836957,91.282609,39,25
215128,MD,Baltimore,005,2025-07-21,1,2025-05-19,63,0.174454,0.0,3.687724,1.09192,0.296096,0.206026,0.153677,0.081834,-0.010874,0.282609,144.728261,35,18
215149,MD,Caroline,011,2025-09-01,1,2025-03-24,161,0.179438,0.0,2.962527,0.405689,0.13694,0.0,0.141513,0.093917,-0.086276,0.978261,80.380435,40,24
215151,MD,Charles,017,2026-01-05,1,2025-07-14,175,0.198841,0.143573,3.526971,0.671374,0.190354,0.268229,0.151012,0.104914,0.039549,0.402174,130.641304,35,18
215161,MD,St. Marys,037,2025-03-31,0,,,,,,,,,,,,,,2,1
215164,MD,Montgomery,031,2025-06-16,0,,,,,,,,,,,,,,35,17
215179,MD,Somerset,039,2025-09-22,1,2025-03-31,175,0.174566,0.16335,3.326164,0.397029,0.119365,0.0,0.106719,0.088352,0.069046,0.684783,110.597826,49,15
215183,MD,Baltimore City,510,2025-12-01,0,,,,,,,,,,,,,,35,17
215195,MD,Baltimore City,510,2025-06-09,0,,,,,,,,,,,,,,39,24
215198,MD,Washington,043,2025-12-08,1,2025-06-16,175,0.17006,0.150185,3.802387,0.561272,0.14761,0.248773,0.177613,0.11185,-0.108707,0.282609,121.119565,49,18
215204,MD,Baltimore,005,2025-07-28,0,,,,,,,,,,,,,,23,15
215219,MD,Baltimore City,510,2025-07-21,0,,,,,,,,,,,,,,5,3
215221,MD,Dorchester,019,2025-12-15,0,,,,,,,,,,,,,,40,24
215231,MD,Prince Georges,033,2025-06-02,1,2025-03-24,70,0.183354,0.135278,3.242946,0.56194,0.173281,0.0,0.227514,0.125324,0.043319,0.641304,232.26087,0,0
215232,MD,Garrett,023,2025-07-28,1,2025-03-24,126,0.203092,0.0,3.286018,0.51415,0.156466,0.270165,0.146455,0.09954,-0.018201,0.641304,48.695652,19,17
215244,MD,Allegany,001,2026-03-16,1,2025-09-22,175,0.190045,0.0,2.853102,0.609392,0.213589,0.064177,0.263986,0.175941,-0.079913,0.9,89.0,40,26
215250,MD,Garrett,023,2025-04-07,0,,,,,,,,,,,,,,49,19
215252,MD,Baltimore,005,2025-04-28,1,2025-03-24,35,0.183883,0.394438,3.001577,0.412683,0.137489,0.000195,0.208752,0.143975,-0.045243,0.891304,129.945652,35,21
215265,MD,Carroll,013,2025-12-08,1,2025-06-16,175,0.178541,0.0,3.732544,0.692541,0.185541,0.280951,0.101678,0.079392,-0.030465,0.195652,62.25,24,16
215269,MD,Cecil,015,2025-10-06,1,2025-04-14,175,0.273076,0.272575,3.371743,0.372972,0.110617,0.553094,0.183372,0.108095,0.109004,0.521739,168.141304,18,8
215278,MD,Baltimore,005,2025-03-31,0,,,,,,,,,,,,,,19,17
215301,MD,Baltimore,005,2026-02-23,0,,,,,,,,,,,,,,49,22
215312,MD,Harford,025,2025-08-18,0,,,,,,,,,,,,,,35,17
215315,MD,Montgomery,031,2025-06-30,1,2025-03-24,98,0.174378,0.0,3.889265,0.377319,0.097015,0.242155,0.114598,0.069319,-0.000116,0.086957,128.869565,35,18
215327,MD,Montgomery,031,2025-10-20,1,2025-04-28,175,0.183179,0.0,3.369929,0.548179,0.162668,0.13609,0.09264,0.066535,0.003264,0.652174,89.228261,40,24
215336,MD,Washington,043,2025-07-21,0,,,,,,,,,,,,,,49,15
215336,MD,Washington,043,2026-03-02,1,2025-09-08,175,0.171401,0.467271,3.338438,0.505349,0.151373,0.044788,0.164269,0.105532,-0.027831,0.622222,113.733333,49,23
215340,MD,Baltimore City,510,2025-07-07,0,,,,,,,,,,,,,,35,17
215347,MD,Baltimore,005,2025-06-16,0,,,,,,,,,,,,,,49,15
215348,MD,Carroll,013,2025-06-23,0,,,,,,,,,,,,,,23,15
215365,MD,Washington,043,2026-01-26,0,,,,,,,,,,,,,,40,24
225147,MA,Essex,009,2025-06-16,1,2025-03-24,84,0.183939,0.527056,3.35645,0.43354,0.129166,0.106576,0.080511,0.108605,0.063457,0.608696,66.565217,53,31
225229,MA,Essex,009,2025-06-02,1,2025-03-24,70,0.220048,0.522532,2.82797,0.239052,0.084531,0.154959,0.068161,0.101171,-0.031045,0.98913,76.402174,68,43
225233,MA,Bristol,005,2025-11-10,0,,,,,,,,,,,,,,69,41
225250,MA,Berkshire,003,2025-07-28,1,2025-03-24,126,0.229356,0.454857,3.577013,0.162045,0.045302,0.458683,0.212806,0.127921,0.004266,0.347826,126.434783,50,34
225253,MA,Hampden,013,2025-10-13,0,,,,,,,,,,,,,,94,57
225268,MA,Middlesex,017,2025-09-01,0,,,,,,,,,,,,,,50,32
225275,MA,Worcester,027,2026-02-23,0,,,,,,,,,,,,,,50,36
225299,MA,Hampden,013,2025-10-20,1,2025-08-18,63,0.170331,0.39572,3.59344,0.504697,0.14045,0.110548,0.152784,0.097437,-0.046993,0.355556,169.122222,50,33
225305,MA,Worcester,027,2025-10-27,1,2025-05-05,175,0.178143,0.0,3.52601,0.551607,0.156439,0.123626,0.075487,0.058132,0.053808,0.413043,105.880435,94,58
225322,MA,Plymouth,023,2025-03-31,1,2025-03-24,7,0.175419,0.683349,3.320288,0.405583,0.122153,0.065447,0.069592,0.083024,-0.011981,0.706522,73.880435,53,33
225329,MA,Middlesex,017,2025-04-07,1,2025-03-24,14,0.192121,0.0,3.030903,0.597011,0.196975,0.107363,0.068084,0.072746,-0.050039,0.978261,90.184783,67,43
225360,MA,Franklin,011,2025-05-26,1,2025-03-24,63,0.228521,0.418385,3.512446,0.642514,0.182925,0.459413,0.106408,0.085846,0.078613,0.423913,57.641304,53,31
225363,MA,Hampshire,015,2025-06-02,1,2025-03-24,70,0.17867,0.0,3.966528,0.692784,0.174658,0.239498,0.154413,0.091333,0.163252,0.086957,111.619565,94,58
225376,MA,Essex,009,2025-04-28,0,,,,,,,,,,,,,,94,61
225380,MA,Hampden,013,2026-03-09,1,2025-09-15,175,0.170737,0.0,3.581889,0.726584,0.202849,0.174239,0.103562,0.08616,-0.034028,0.377778,64.277778,53,32
225413,MA,Suffolk,025,2025-04-21,1,2025-03-24,28,0.189075,1.046562,3.627944,0.642534,0.177107,0.21179,0.133059,0.083725,0.096233,0.282609,125.391304,50,34
225420,MA,Hampshire,015,2025-06-02,1,2025-03-24,70,0.19721,0.0,3.277484,0.315412,0.096236,0.07798,0.135018,0.08225,0.145016,0.728261,128.043478,50,34
225420,MA,Hampshire,015,2025-06-09,1,2025-03-24,77,0.19721,0.0,3.277484,0.315412,0.096236,0.07798,0.135018,0.08225,0.145016,0.728261,128.043478,50,34
225448,MA,Bristol,005,2025-10-13,0,,,,,,,,,,,,,,0,0
225453,MA,Bristol,005,2026-02-02,1,2025-08-11,175,0.19982,0.0,3.319841,0.478022,0.143989,0.082017,0.119344,0.082213,0.27139,0.695652,89.021739,68,41
225459,MA,Barnstable,001,2025-04-07,1,2025-03-24,14,0.16937,0.0,3.280274,0.745103,0.227147,0.009607,0.167987,0.100246,0.026533,0.706522,105.282609,94,62
225474,MA,Bristol,005,2025-05-12,0,,,,,,,,,,,,,,67,42
225477,MA,Bristol,005,2025-08-18,0,,,,,,,,,,,,,,55,29
225480,MA,Hampden,013,2025-03-31,0,,,,,,,,,,,,,,94,61
225480,MA,Hampden,013,2025-11-24,0,,,,,,,,,,,,,,94,65
225506,MA,Suffolk,025,2025-05-05,0,,,,,,,,,,,,,,67,42
225536,MA,Norfolk,021,2025-03-31,1,2025-03-24,7,0.177746,0.0,3.406553,0.762868,0.223941,0.153411,0.120324,0.084099,-0.021337,0.565217,75.641304,67,43
225541,MA,Middlesex,017,2026-01-26,0,,,,,,,,,,,,,,54,29
225556,MA,Hampden,013,2025-03-31,0,,,,,,,,,,,,,,67,42
225567,MA,Essex,009,2025-05-12,1,2025-03-24,49,0.185554,0.0,3.376888,0.492716,0.145908,0.110083,0.116765,0.092298,0.059001,0.619565,110.23913,94,62
225654,MA,Suffolk,025,2025-07-07,0,,,,,,,,,,,,,,55,32
225720,MA,Worcester,027,2025-04-21,0,,,,,,,,,,,,,,50,33
225720,MA,Worcester,027,2025-11-17,0,,,,,,,,,,,,,,50,34
225749,MA,Berkshire,003,2025-09-08,1,2025-03-24,168,0.194698,0.0,3.179463,0.524657,0.165014,0.228362,0.179009,0.130697,-0.116091,0.728261,54.619565,55,30
225773,MA,Plymouth,023,2026-02-09,0,,,,,,,,,,,,,,53,31
235009,MI,Barry,015,2025-09-01,0,,,,,,,,,,,,,,31,24
235016,MI,Jackson,075,2026-02-23,0,,,,,,,,,,,,,,100,87
235019,MI,Jackson,075,2026-01-12,0,,,,,,,,,,,,,,6,2
235038,MI,Kent,081,2026-01-26,0,,,,,,,,,,,,,,100,83
235044,MI,Bay,017,2025-04-14,0,,,,,,,,,,,,,,112,89
235044,MI,Bay,017,2025-12-15,0,,,,,,,,,,,,,,114,90
235056,MI,Saginaw,145,2025-04-07,0,,,,,,,,,,,,,,111,88
235056,MI,Saginaw,145,2025-05-19,0,,,,,,,,,,,,,,113,89
235062,MI,Charlevoix,029,2025-12-15,0,,,,,,,,,,,,,,114,90
235062,MI,Charlevoix,029,2026-01-19,0,,,,,,,,,,,,,,114,90
235116,MI,Muskegon,121,2025-04-28,0,,,,,,,,,,,,,,111,88
235123,MI,Shiawassee,155,2025-04-28,0,,,,,,,,,,,,,,60,48
235132,MI,Genesee,049,2025-05-12,1,2025-03-24,49,0.174787,2.117391,3.132813,0.377234,0.120414,0.0,0.146919,0.099819,-0.046462,0.869565,90.347826,112,90
235132,MI,Genesee,049,2025-08-18,1,2025-03-24,147,0.174787,2.117391,3.132813,0.377234,0.120414,0.0,0.146919,0.099819,-0.046462,0.869565,90.347826,114,89
235144,MI,Baraga,013,2025-05-05,1,2025-03-24,42,0.20143,0.0,2.544966,0.390796,0.153556,0.0,0.084674,0.116998,-0.068846,0.98913,56.684783,99,81
235144,MI,Baraga,013,2025-09-08,1,2025-03-24,168,0.20143,0.0,2.544966,0.390796,0.153556,0.0,0.084674,0.116998,-0.068846,0.98913,56.684783,100,79
235144,MI,Baraga,013,2025-10-06,1,2025-04-14,175,0.20143,0.0,2.544966,0.390796,0.153556,0.0,0.084674,0.116998,-0.068846,0.98913,56.684783,100,80
235147,MI,Schoolcraft,153,2025-10-06,0,,,,,,,,,,,,,,0,0
235164,MI,Berrien,021,2025-09-29,0,,,,,,,,,,,,,,61,48
235176,MI,Newaygo,123,2026-02-02,1,2025-08-11,175,0.177251,0.451483,2.959059,0.55796,0.18856,0.000294,0.17158,0.109043,-0.080517,0.945652,87.434783,114,91
235214,MI,Oakland,125,2025-07-07,0,,,,,,,,,,,,,,99,78
235214,MI,Oakland,125,2025-12-22,0,,,,,,,,,,,,,,100,83
235237,MI,Calhoun,025,2025-11-24,0,,,,,,,,,,,,,,61,49
235243,MI,Grand Traverse,055,2025-10-20,0,,,,,,,,,,,,,,114,88
235243,MI,Grand Traverse,055,2026-01-05,0,,,,,,,,,,,,,,114,90
235243,MI,Grand Traverse,055,2026-03-02,0,,,,,,,,,,,,,,114,94
235244,MI,Delta,041,2025-12-15,1,2025-06-23,175,0.178729,0.870679,3.32601,0.798998,0.240227,0.0,0.0776,0.079103,0.241061,0.728261,68.532609,100,84
235245,MI,Midland,111,2025-11-03,0,,,,,,,,,,,,,,114,88
235250,MI,Saginaw,145,2025-09-15,0,,,,,,,,,,,,,,114,88
235250,MI,Saginaw,145,2026-01-19,0,,,,,,,,,,,,,,114,90
235256,MI,Eaton,045,2025-07-07,0,,,,,,,,,,,,,,31,24
235259,MI,Macomb,099,2025-04-14,1,2025-03-24,21,0.200752,0.886529,2.947848,0.171653,0.05823,0.0,0.096713,0.079162,0.042286,0.98913,138.858696,31,25
235260,MI,Oakland,125,2026-01-12,0,,,,,,,,,,,,,,31,25
235262,MI,Oakland,125,2025-08-25,0,,,,,,,,,,,,,,100,78
235262,MI,Oakland,125,2025-10-27,0,,,,,,,,,,,,,,100,79
235262,MI,Oakland,125,2026-01-19,0,,,,,,,,,,,,,,100,83
235282,MI,Kalamazoo,077,2025-07-07,0,,,,,,,,,,,,,,67,59
235297,MI,Wayne,163,2025-04-14,1,2025-03-24,21,0.172168,0.0,3.464211,0.465598,0.134402,0.0,0.246801,0.140203,0.086036,0.456522,182.434783,6,4
235311,MI,Kalamazoo,077,2025-09-22,1,2025-08-18,35,0.16878,0.83677,3.759124,0.498969,0.132736,0.166504,0.130717,0.087858,0.033027,0.211111,83.333333,114,89
235311,MI,Kalamazoo,077,2026-02-23,1,2025-09-01,175,0.16878,0.823563,3.759124,0.498969,0.132736,0.166504,0.130717,0.087858,0.033027,0.211111,83.333333,114,95
235313,MI,Allegan,005,2025-10-20,1,2025-04-28,175,0.18218,0.503099,2.96087,0.510282,0.172342,0.001941,0.163507,0.139031,-0.012843,0.902174,70.934783,100,80
235320,MI,Oakland,125,2025-06-02,0,,,,,,,,,,,,,,61,49
235322,MI,Oakland,125,2025-05-05,0,,,,,,,,,,,,,,64,57
235347,MI,Ottawa,139,2026-01-19,1,2025-07-28,175,0.172225,0.378106,3.259193,0.408146,0.125229,0.0,0.092993,0.066567,-0.00434,0.836957,103.086957,61,50
235354,MI,St. Joseph,149,2025-10-27,0,,,,,,,,,,,,,,100,79
235354,MI,St. Joseph,149,2025-11-24,0,,,,,,,,,,,,,,100,83
235357,MI,Ionia,067,2025-09-22,1,2025-03-31,175,0.175711,0.945019,2.993444,0.827568,0.27646,0.0,0.134103,0.08192,-0.024227,0.98913,99.358696,114,89
235363,MI,Genesee,049,2026-02-09,1,2025-08-18,175,0.19168,2.158688,3.115862,0.528406,0.169586,0.012827,0.162172,0.100393,0.1498,0.888889,113.044444,61,51
235369,MI,St. Clair,147,2025-07-28,0,,,,,,,,,,,,,,3,2
235375,MI,Wayne,163,2025-04-14,1,2025-03-24,21,0.168758,1.006198,3.415903,0.352887,0.103307,0.0,0.113355,0.078956,0.02586,0.586957,131.608696,31,25
235376,MI,Wayne,163,2025-08-04,0,,,,,,,,,,,,,,113,89
235378,MI,Allegan,005,2025-08-04,0,,,,,,,,,,,,,,31,24
235379,MI,Iosco,069,2025-09-08,0,,,,,,,,,,,,,,100,78
235396,MI,Oakland,125,2025-06-16,1,2025-03-24,84,0.171254,1.115267,3.455883,0.356773,0.103237,0.0,0.195735,0.126727,0.147503,0.48913,86.576087,113,90
235396,MI,Oakland,125,2025-12-15,1,2025-06-23,175,0.172879,1.468834,3.332321,0.293685,0.088132,0.0,0.17312,0.135427,0.063828,0.576087,88.108696,114,91
235399,MI,Kalamazoo,077,2026-01-12,0,,,,,,,,,,,,,,61,49
235405,MI,Macomb,099,2025-12-08,1,2025-06-16,175,0.173677,0.425204,3.603329,0.249682,0.069292,0.0,0.110432,0.096275,0.281891,0.336957,74.282609,114,91
235423,MI,Montmorency,119,2025-09-08,0,,,,,,,,,,,,,,68,59
235433,MI,Oakland,125,2025-07-21,0,,,,,,,,,,,,,,113,89
235433,MI,Oakland,125,2025-10-06,1,2025-08-18,49,0.168641,2.61828,3.076445,0.781534,0.254038,0.0,0.156938,0.103036,-0.061407,0.933333,80.566667,114,89
235434,MI,Van Buren,159,2025-06-09,0,,,,,,,,,,,,,,113,89
235434,MI,Van Buren,159,2026-03-09,0,,,,,,,,,,,,,,114,94
235438,MI,Missaukee,113,2025-05-26,0,,,,,,,,,,,,,,113,89
235446,MI,Sanilac,151,2025-08-04,0,,,,,,,,,,,,,,113,89
235450,MI,Ottawa,139,2026-02-09,0,,,,,,,,,,,,,,100,87
235450,MI,Ottawa,139,2026-03-23,0,,,,,,,,,,,,,,0,0
235454,MI,Wayne,163,2025-03-31,1,2025-03-24,7,0.215183,1.127315,2.684042,0.253982,0.094627,0.0,0.136912,0.090595,0.080388,1.0,113.01087,60,49
235458,MI,Kent,081,2025-09-01,1,2025-03-24,161,0.172527,1.902344,3.633603,0.491656,0.135308,0.216188,0.139658,0.147067,-0.11533,0.413043,93.152174,114,89
235458,MI,Kent,081,2025-11-24,1,2025-06-02,175,0.184169,1.743437,3.452472,0.535553,0.155122,0.245207,0.114284,0.116102,-0.137854,0.434783,94.467391,114,91
235458,MI,Kent,081,2025-12-29,1,2025-07-07,175,0.184169,1.67354,3.452472,0.535553,0.155122,0.245207,0.114284,0.116102,-0.137854,0.434783,94.467391,114,91
235458,MI,Kent,081,2026-03-02,0,,,,,,,,,,,,,,114,94
235477,MI,Oakland,125,2025-08-25,0,,,,,,,,,,,,,,61,48
235481,MI,Oakland,125,2025-06-16,1,2025-03-24,84,0.187773,0.0,3.919206,0.627702,0.16016,0.303334,0.137081,0.101665,0.153363,0.130435,79.967391,113,90
235481,MI,Oakland,125,2025-09-08,1,2025-03-24,168,0.187773,0.0,3.919206,0.627702,0.16016,0.303334,0.137081,0.101665,0.153363,0.130435,79.967391,114,89
235485,MI,Gladwin,051,2025-09-08,0,,,,,,,,,,,,,,100,78
235486,MI,Macomb,099,2026-01-05,0,,,,,,,,,,,,,,61,49
235489,MI,Oakland,125,2025-06-30,0,,,,,,,,,,,,,,99,78
235489,MI,Oakland,125,2025-10-06,0,,,,,,,,,,,,,,100,79
235495,MI,Calhoun,025,2026-01-05,0,,,,,,,,,,,,,,114,90
235504,MI,Lenawee,091,2026-03-23,0,,,,,,,,,,,,,,0,0
235506,MI,Macomb,099,2025-03-31,1,2025-03-24,7,0.181303,1.636058,3.973859,0.480909,0.121018,0.224622,0.151784,0.109397,0.137842,0.141304,183.163043,6,4
235508,MI,Oakland,125,2025-05-12,0,,,,,,,,,,,,,,60,48
235508,MI,Oakland,125,2025-08-04,0,,,,,,,,,,,,,,61,49
235508,MI,Oakland,125,2025-10-27,0,,,,,,,,,,,,,,61,48
235514,MI,Wayne,163,2025-05-12,1,2025-03-24,49,0.170594,0.0,3.486835,0.450886,0.129311,0.022239,0.118529,0.074468,-0.02228,0.380435,227.673913,0,0
235514,MI,Wayne,163,2025-10-20,1,2025-04-28,175,0.170594,0.0,3.486835,0.450886,0.129311,0.022239,0.118529,0.074468,-0.02228,0.380435,227.673913,0,0
235517,MI,Ingham,065,2025-04-28,0,,,,,,,,,,,,,,99,80
235518,MI,Genesee,049,2025-06-23,0,,,,,,,,,,,,,,61,49
235526,MI,Charlevoix,029,2025-11-17,1,2025-05-26,175,0.197381,1.017409,3.332445,1.178847,0.353749,0.292923,0.227402,0.153396,0.01313,0.597826,65.26087,100,84
235536,MI,Calhoun,025,2025-04-14,0,,,,,,,,,,,,,,99,80
235536,MI,Calhoun,025,2025-05-12,0,,,,,,,,,,,,,,99,80
235539,MI,Wayne,163,2026-01-19,0,,,,,,,,,,,,,,61,49
235542,MI,Kalamazoo,077,2025-06-02,0,,,,,,,,,,,,,,113,89
235542,MI,Kalamazoo,077,2026-03-09,0,,,,,,,,,,,,,,114,94
235545,MI,Washtenaw,161,2025-03-31,0,,,,,,,,,,,,,,60,48
235553,MI,Presque Isle,141,2025-04-28,0,,,,,,,,,,,,,,111,88
235566,MI,Cheboygan,031,2025-11-03,0,,,,,,,,,,,,,,100,79
235580,MI,Washtenaw,161,2025-12-15,1,2025-08-18,119,0.174073,1.28308,3.288033,0.48912,0.148758,0.04796,0.152536,0.096539,-0.070452,0.7,144.3,31,26
235591,MI,Menominee,109,2025-06-23,0,,,,,,,,,,,,,,0,0
235618,MI,Wayne,163,2025-08-18,0,,,,,,,,,,,,,,114,88
235618,MI,Wayne,163,2026-02-09,0,,,,,,,,,,,,,,114,94
235619,MI,Macomb,099,2025-08-18,0,,,,,,,,,,,,,,61,48
235623,MI,Berrien,021,2025-04-14,0,,,,,,,,,,,,,,111,88
235632,MI,Wayne,163,2025-12-15,0,,,,,,,,,,,,,,61,49
235637,MI,Kalamazoo,077,2025-12-15,1,2025-08-18,119,0.172492,0.879061,3.387499,0.988286,0.291745,0.160709,0.164269,0.106781,-0.02806,0.577778,31.188889,68,61
235657,MI,Wayne,163,2025-06-30,0,,,,,,,,,,,,,,31,24
235658,MI,Washtenaw,161,2026-02-16,0,,,,,,,,,,,,,,100,87
235664,MI,Oakland,125,2025-12-01,0,,,,,,,,,,,,,,0,0
235664,MI,Oakland,125,2026-02-16,0,,,,,,,,,,,,,,0,0
235665,MI,Macomb,099,2026-01-19,1,2025-08-18,154,0.177943,0.408557,3.728663,0.377742,0.101308,0.238088,0.097398,0.074416,-0.089833,0.2,151.777778,61,50
235666,MI,Genesee,049,2025-04-14,0,,,,,,,,,,,,,,31,24
235669,MI,Oakland,125,2026-01-19,0,,,,,,,,,,,,,,100,83
235702,MI,Oakland,125,2025-05-26,0,,,,,,,,,,,,,,113,89
235702,MI,Oakland,125,2025-10-06,0,,,,,,,,,,,,,,114,88
235708,MI,Kent,081,2025-10-20,0,,,,,,,,,,,,,,68,59
235720,MI,Livingston,093,2025-07-07,1,2025-03-24,105,0.181907,0.943798,3.155911,0.521779,0.165334,0.0,0.1388,0.110237,0.093268,0.782609,95.076087,113,90
235720,MI,Livingston,093,2025-12-15,1,2025-06-23,175,0.173334,0.844509,3.329133,0.565838,0.169966,0.0,0.130153,0.112685,0.105379,0.673913,94.228261,114,91
235721,MI,Macomb,099,2025-08-18,0,,,,,,,,,,,,,,100,78
235726,MI,Oakland,125,2026-03-09,0,,,,,,,,,,,,,,114,94
245018,MN,Anoka,003,2025-12-08,0,,,,,,,,,,,,,,42,32
245018,MN,Anoka,003,2026-03-16,0,,,,,,,,,,,,,,42,33
245187,MN,Hennepin,053,2025-08-04,0,,,,,,,,,,,,,,41,28
245187,MN,Hennepin,053,2026-01-26,0,,,,,,,,,,,,,,42,32
245200,MN,Washington,163,2025-11-10,1,2025-08-18,84,0.174626,0.987162,3.571382,0.97865,0.274025,0.193922,0.099159,0.076917,-0.008027,0.377778,80.222222,96,78
245201,MN,Anoka,003,2025-10-27,0,,,,,,,,,,,,,,137,106
245203,MN,Hennepin,053,2025-06-23,1,2025-03-24,91,0.20334,0.489611,3.068459,0.760048,0.247697,0.141981,0.131824,0.105271,0.101163,0.891304,83.108696,41,29
245203,MN,Hennepin,053,2025-09-08,1,2025-03-24,168,0.20334,0.489611,3.068459,0.760048,0.247697,0.141981,0.131824,0.105271,0.101163,0.891304,83.108696,42,30
245203,MN,Hennepin,053,2025-09-29,1,2025-04-07,175,0.20334,0.480592,3.068459,0.760048,0.247697,0.141981,0.131824,0.105271,0.101163,0.891304,83.108696,42,30
245203,MN,Hennepin,053,2026-02-23,1,2025-09-01,175,0.198454,0.805402,2.755087,0.538445,0.195437,0.039316,0.173774,0.133361,-0.02642,0.977778,94.977778,42,34
245203,MN,Hennepin,053,2026-03-09,1,2025-09-15,175,0.198454,1.189739,2.755087,0.538445,0.195437,0.039316,0.173774,0.133361,-0.02642,0.977778,94.977778,42,34
245235,MN,Washington,163,2025-12-01,0,,,,,,,,,,,,,,42,32
245236,MN,St. Louis,137,2025-11-24,1,2025-06-02,175,0.175854,0.0,3.852806,0.678646,0.176143,0.277214,0.172096,0.122045,-0.006099,0.26087,90.619565,42,33
245236,MN,St. Louis,137,2025-12-15,1,2025-06-23,175,0.175854,0.0,3.852806,0.678646,0.176143,0.277214,0.172096,0.122045,-0.006099,0.26087,90.619565,42,33
245245,MN,St. Louis,137,2025-06-23,0,,,,,,,,,,,,,,92,75
245271,MN,Hennepin,053,2025-04-14,0,,,,,,,,,,,,,,5,5
245272,MN,Hennepin,053,2025-06-09,0,,,,,,,,,,,,,,5,4
245275,MN,Hennepin,053,2026-01-05,0,,,,,,,,,,,,,,96,77
245295,MN,Ramsey,123,2025-05-05,0,,,,,,,,,,,,,,40,28
245295,MN,Ramsey,123,2025-06-23,0,,,,,,,,,,,,,,41,28
245295,MN,Ramsey,123,2025-07-14,0,,,,,,,,,,,,,,41,28
245298,MN,Anoka,003,2025-11-10,0,,,,,,,,,,,,,,137,113
245332,MN,Hennepin,053,2025-11-24,0,,,,,,,,,,,,,,137,113
245369,MN,Mower,099,2026-03-02,0,,,,,,,,,,,,,,133,113
245399,MN,Morrison,097,2025-12-29,0,,,,,,,,,,,,,,96,77
245402,MN,Pope,121,2025-10-20,0,,,,,,,,,,,,,,96,75
245417,MN,Hennepin,053,2026-03-16,0,,,,,,,,,,,,,,96,80
245434,MN,Douglas,041,2026-03-23,0,,,,,,,,,,,,,,0,0
245451,MN,Big Stone,011,2025-12-22,0,,,,,,,,,,,,,,96,77
245493,MN,Hennepin,053,2025-04-21,0,,,,,,,,,,,,,,40,28
245502,MN,Norman,107,2025-09-22,1,2025-03-31,175,0.179676,0.0,3.2908,0.563528,0.171243,0.121485,0.126038,0.083709,-0.018778,0.815217,44.956522,137,107
245502,MN,Norman,107,2026-03-02,1,2025-09-08,175,0.17427,0.0,3.576003,0.779099,0.217869,0.170512,0.120841,0.102824,0.051416,0.333333,41.811111,133,114
245536,MN,Fillmore,045,2025-09-22,1,2025-06-30,84,0.190304,0.0,3.603476,0.513014,0.142366,0.295434,0.118477,0.152367,0.01389,0.5,28.021739,137,107
245536,MN,Fillmore,045,2025-10-13,1,2025-06-30,105,0.190304,0.0,3.603476,0.513014,0.142366,0.295434,0.118477,0.152367,0.01389,0.5,28.021739,137,107
245573,MN,Chippewa,023,2025-07-14,0,,,,,,,,,,,,,,134,104
245573,MN,Chippewa,023,2025-10-20,0,,,,,,,,,,,,,,137,106
245573,MN,Chippewa,023,2025-12-01,0,,,,,,,,,,,,,,137,113
245591,MN,Pipestone,117,2026-01-05,0,,,,,,,,,,,,,,96,77
245620,MN,Hennepin,053,2025-04-14,0,,,,,,,,,,,,,,0,0
245620,MN,Hennepin,053,2025-09-22,0,,,,,,,,,,,,,,0,0
245626,MN,Olmsted,109,2025-04-21,0,,,,,,,,,,,,,,129,103
245626,MN,Olmsted,109,2025-06-23,0,,,,,,,,,,,,,,134,104
245626,MN,Olmsted,109,2025-08-18,0,,,,,,,,,,,,,,137,106
245626,MN,Olmsted,109,2026-03-23,0,,,,,,,,,,,,,,0,0
245629,MN,Hennepin,053,2025-05-05,1,2025-03-24,42,0.182362,0.569813,3.60077,0.505937,0.140508,0.199364,0.178556,0.10814,0.047225,0.347826,80.652174,40,29
255093,MS,Harrison,047,2025-03-31,0,,,,,,,,,,,,,,7,4
255096,MS,Winston,159,2025-04-14,0,,,,,,,,,,,,,,78,72
255097,MS,Monroe,095,2025-05-12,0,,,,,,,,,,,,,,52,45
255101,MS,Lee,081,2026-03-02,0,,,,,,,,,,,,,,24,22
255103,MS,Hinds,049,2025-06-16,0,,,,,,,,,,,,,,24,20
255103,MS,Hinds,049,2025-10-27,0,,,,,,,,,,,,,,24,20
255103,MS,Hinds,049,2026-03-02,0,,,,,,,,,,,,,,24,22
255105,MS,Lee,081,2025-08-11,0,,,,,,,,,,,,,,52,44
255106,MS,Lee,081,2025-03-31,0,,,,,,,,,,,,,,0,0
255106,MS,Lee,081,2025-04-21,0,,,,,,,,,,,,,,0,0
255106,MS,Lee,081,2025-05-12,0,,,,,,,,,,,,,,0,0
255106,MS,Lee,081,2026-01-12,0,,,,,,,,,,,,,,0,0
255109,MS,De Soto,033,2026-02-16,0,,,,,,,,,,,,,,7,5
255111,MS,Clay,025,2025-08-04,0,,,,,,,,,,,,,,79,71
255113,MS,Lee,081,2025-08-25,0,,,,,,,,,,,,,,24,20
255115,MS,Lee,081,2025-09-15,1,2025-03-24,175,0.194153,0.171318,3.658919,0.205998,0.0563,0.289866,0.128685,0.084104,-0.039794,0.271739,142.163043,7,5
255125,MS,Lee,081,2025-05-12,1,2025-03-24,49,0.196648,0.0,3.442316,0.501162,0.145589,0.220892,0.245262,0.149347,0.069764,0.467391,90.434783,52,46
255127,MS,Tishomingo,141,2025-12-15,0,,,,,,,,,,,,,,76,66
255136,MS,Lee,081,2025-12-08,0,,,,,,,,,,,,,,52,44
255137,MS,Neshoba,099,2026-02-02,0,,,,,,,,,,,,,,24,21
255139,MS,Panola,107,2025-06-09,0,,,,,,,,,,,,,,24,20
255140,MS,Warren,149,2025-09-22,1,2025-08-18,35,0.171966,0.315142,3.496323,0.424689,0.121467,0.10773,0.180888,0.110165,-0.017057,0.455556,93.155556,52,43
255141,MS,Pearl River,109,2026-02-02,0,,,,,,,,,,,,,,24,21
255145,MS,Pike,113,2025-08-11,0,,,,,,,,,,,,,,24,20
255145,MS,Pike,113,2025-10-20,0,,,,,,,,,,,,,,24,20
255146,MS,Yazoo,163,2025-09-15,0,,,,,,,,,,,,,,7,4
255150,MS,Simpson,127,2025-12-15,0,,,,,,,,,,,,,,76,66
255154,MS,Leflore,083,2025-12-08,0,,,,,,,,,,,,,,52,44
255156,MS,Grenada,043,2025-10-27,0,,,,,,,,,,,,,,52,42
255160,MS,Itawamba,057,2025-11-03,0,,,,,,,,,,,,,,24,20
255175,MS,Lincoln,085,2025-06-02,0,,,,,,,,,,,,,,78,71
255206,MS,Lowndes,087,2025-08-25,0,,,,,,,,,,,,,,52,42
255210,MS,Copiah,029,2025-06-16,0,,,,,,,,,,,,,,25,22
255214,MS,Lawrence,077,2025-03-31,0,,,,,,,,,,,,,,77,71
255218,MS,Tishomingo,141,2025-03-31,0,,,,,,,,,,,,,,52,45
255218,MS,Tishomingo,141,2025-12-29,0,,,,,,,,,,,,,,52,44
255226,MS,Adams,001,2025-10-13,0,,,,,,,,,,,,,,78,68
255229,MS,Marshall,093,2025-11-24,0,,,,,,,,,,,,,,52,44
255244,MS,Jackson,059,2025-09-22,0,,,,,,,,,,,,,,78,68
255244,MS,Jackson,059,2025-10-27,0,,,,,,,,,,,,,,78,68
255250,MS,Scott,123,2025-12-22,0,,,,,,,,,,,,,,24,21
255261,MS,Lauderdale,075,2025-03-31,0,,,,,,,,,,,,,,52,45
255262,MS,Jones,067,2025-04-07,0,,,,,,,,,,,,,,24,22
255269,MS,Lafayette,071,2025-09-29,0,,,,,,,,,,,,,,52,42
255269,MS,Lafayette,071,2026-03-09,0,,,,,,,,,,,,,,52,45
255279,MS,Panola,107,2025-12-22,0,,,,,,,,,,,,,,76,66
255283,MS,Carroll,015,2025-06-16,0,,,,,,,,,,,,,,79,71
255294,MS,Coahoma,027,2026-01-05,0,,,,,,,,,,,,,,76,66
255303,MS,Rankin,121,2025-04-07,0,,,,,,,,,,,,,,77,71
255304,MS,Madison,089,2025-10-20,0,,,,,,,,,,,,,,78,68
255309,MS,Lee,081,2025-10-20,0,,,,,,,,,,,,,,7,4
255311,MS,Marshall,093,2025-05-19,0,,,,,,,,,,,,,,78,71
255323,MS,Harrison,047,2026-03-16,0,,,,,,,,,,,,,,76,67
255326,MS,Hinds,049,2025-06-02,0,,,,,,,,,,,,,,52,44
255326,MS,Hinds,049,2025-12-08,0,,,,,,,,,,,,,,52,44
255328,MS,Lauderdale,075,2026-03-09,0,,,,,,,,,,,,,,52,45
255329,MS,Madison,089,2025-05-12,0,,,,,,,,,,,,,,52,45
255331,MS,Covington,031,2025-04-28,0,,,,,,,,,,,,,,78,72
255334,MS,Tunica,143,2025-09-29,0,,,,,,,,,,,,,,25,21
255343,MS,Pearl River,109,2026-01-12,0,,,,,,,,,,,,,,24,21
25A178,MS,Jasper,061,2025-10-06,0,,,,,,,,,,,,,,52,42
25A233,MS,Calhoun,013,2025-05-05,0,,,,,,,,,,,,,,24,20
25A233,MS,Calhoun,013,2025-07-28,0,,,,,,,,,,,,,,24,20
25A380,MS,Pontotoc,115,2025-07-21,0,,,,,,,,,,,,,,25,22
25A422,MS,Sunflower,133,2025-11-10,1,2025-05-19,175,0.171538,0.409015,5.077779,0.580046,0.114232,0.683306,0.159042,0.105633,0.066696,0.01087,56.130435,76,67
265001,MO,St. Louis,189,2025-06-09,1,2025-03-24,77,0.193405,0.561491,2.8615,0.233161,0.081482,0.0,0.118291,0.08576,-0.093856,0.98913,141.130435,12,6
265001,MO,St. Louis,189,2026-01-12,1,2025-07-21,175,0.190372,0.771655,2.997935,0.272478,0.090889,0.0,0.137275,0.086522,-0.02219,0.98913,141.728261,12,5
265112,MO,St. Louis,189,2025-08-04,1,2025-03-24,133,0.178712,0.0,3.261109,0.195199,0.059857,0.004725,0.214683,0.160864,0.074363,0.619565,79.01087,92,27
265123,MO,Laclede,105,2025-11-17,0,,,,,,,,,,,,,,170,65
265123,MO,Laclede,105,2026-02-09,0,,,,,,,,,,,,,,167,71
265160,MO,St. Charles,183,2025-04-21,1,2025-03-24,28,0.191987,0.346866,3.136739,0.27554,0.087843,0.040007,0.224878,0.144149,0.09912,0.706522,83.5,92,27
265160,MO,St. Charles,183,2025-06-23,1,2025-03-24,91,0.191987,0.346866,3.136739,0.27554,0.087843,0.040007,0.224878,0.144149,0.09912,0.706522,83.5,92,27
265167,MO,Jackson,095,2025-12-01,1,2025-06-09,175,0.215697,0.282264,2.741554,0.193115,0.07044,0.062494,0.104055,0.060777,-0.037603,1.0,133.076087,12,5
265167,MO,Jackson,095,2026-03-16,1,2025-09-22,175,0.219142,0.261079,2.83984,0.240558,0.084708,0.097136,0.117888,0.090675,0.020469,1.0,134.788889,12,5
265171,MO,Camden,029,2025-06-16,0,,,,,,,,,,,,,,170,69
265185,MO,Cape Girardeau,031,2025-06-23,0,,,,,,,,,,,,,,42,13
265225,MO,Phelps,161,2025-07-07,1,2025-03-24,105,0.184739,0.0,3.092523,0.279334,0.090325,0.029507,0.161595,0.131165,0.026231,0.793478,47.467391,100,51
265237,MO,Marion,127,2025-12-15,0,,,,,,,,,,,,,,170,65
265238,MO,Sullivan,211,2025-10-27,1,2025-05-05,175,0.302701,0.179484,2.588102,0.215853,0.083402,0.347916,0.164851,0.116131,0.252887,1.0,93.108696,92,24
265239,MO,Hickory,085,2026-03-02,1,2025-09-08,175,0.179847,0.0,3.135826,0.300466,0.095817,0.000833,0.204748,0.147657,0.044851,0.755556,59.577778,167,72
265308,MO,Clay,047,2025-09-22,1,2025-03-31,175,0.188596,0.799234,3.644567,0.435911,0.119606,0.223142,0.093574,0.102616,0.065689,0.293478,110.130435,42,11
265330,MO,Randolph,175,2025-04-21,1,2025-03-24,28,0.369002,2.030577,1.340464,0.070129,0.052317,0.081443,0.194506,0.132629,0.281029,1.0,177.51087,2,1
265330,MO,Randolph,175,2025-07-28,1,2025-03-24,126,0.369002,2.030577,1.340464,0.070129,0.052317,0.081443,0.194506,0.132629,0.281029,1.0,177.51087,2,1
265330,MO,Randolph,175,2025-08-11,1,2025-03-24,140,0.369002,2.030577,1.340464,0.070129,0.052317,0.081443,0.194506,0.132629,0.281029,1.0,177.51087,2,1
265330,MO,Randolph,175,2025-11-17,1,2025-05-26,175,0.329046,2.188582,1.687022,0.107379,0.06365,0.0,0.227819,0.261862,0.37298,1.0,177.728261,2,0
265330,MO,Randolph,175,2025-12-01,1,2025-06-09,175,0.329046,2.168371,1.687022,0.107379,0.06365,0.0,0.227819,0.261862,0.37298,1.0,177.728261,2,0
265330,MO,Randolph,175,2025-12-08,1,2025-06-16,175,0.329046,2.158404,1.687022,0.107379,0.06365,0.0,0.227819,0.261862,0.37298,1.0,177.728261,2,0
265330,MO,Randolph,175,2026-02-16,1,2025-08-25,175,0.318625,2.522128,2.412714,0.083386,0.034561,0.0,0.112833,0.083967,0.788279,1.0,175.222222,2,0
265330,MO,Randolph,175,2026-03-23,0,,,,,,,,,,,,,,0,0
265339,MO,Jackson,095,2025-04-21,1,2025-03-24,28,0.202544,0.353582,2.579586,0.319538,0.123872,0.0,0.171973,0.114909,-0.114395,1.0,114.119565,41,14
265339,MO,Jackson,095,2026-02-23,1,2025-09-01,175,0.212155,0.611809,2.520086,0.258045,0.102395,0.0,0.199567,0.121541,-0.067892,1.0,118.766667,42,15
265340,MO,Franklin,071,2025-06-16,1,2025-03-24,84,0.18862,0.0,3.449593,0.386144,0.111939,0.173167,0.116442,0.092661,0.057052,0.478261,70.043478,170,70
265347,MO,Henry,083,2026-01-19,1,2025-07-28,175,0.178254,0.604719,3.319961,0.313784,0.094514,0.010035,0.291373,0.20367,0.174815,0.565217,39.152174,100,50
265349,MO,Cass,037,2025-10-27,1,2025-05-05,175,0.179692,0.0,3.216976,0.14743,0.045829,0.04252,0.189879,0.134685,-0.019984,0.728261,67.25,172,63
265352,MO,St. Louis,189,2025-05-19,1,2025-05-19,0,0.186067,0.19123,3.492935,0.356176,0.10197,0.203529,0.132991,0.141769,0.00623,0.48913,57.358696,100,51
265354,MO,Nodaway,147,2025-05-05,1,2025-03-24,42,0.185766,0.409473,3.075547,0.483813,0.15731,0.072509,0.110902,0.104748,-0.019674,0.869565,55.163043,169,74
265354,MO,Nodaway,147,2025-09-01,1,2025-03-24,161,0.185766,0.409473,3.075547,0.483813,0.15731,0.072509,0.110902,0.104748,-0.019674,0.869565,55.163043,172,63
265354,MO,Nodaway,147,2025-11-17,1,2025-05-26,175,0.169575,0.764921,3.732067,0.545786,0.146242,0.084867,0.109948,0.283825,0.198811,0.630435,55.695652,170,66
265354,MO,Nodaway,147,2026-03-09,1,2025-09-15,175,0.186353,1.026945,3.42603,0.574472,0.167679,0.173156,0.102232,0.099875,0.060676,0.577778,49.2,167,72
265355,MO,Jackson,095,2025-11-17,1,2025-08-18,91,0.17047,0.0,3.219427,0.331674,0.103023,0.0,0.168357,0.114432,-0.064328,0.722222,104.688889,42,13
265377,MO,Jackson,095,2025-09-15,1,2025-03-24,175,0.200798,0.0,2.593045,0.367551,0.141745,0.0,0.24293,0.147552,-0.054255,1.0,69.858696,172,63
265390,MO,Franklin,071,2025-05-26,1,2025-03-24,63,0.224397,0.0,2.505373,0.246757,0.098491,0.002589,0.119692,0.090991,0.057593,1.0,107.26087,42,14
265402,MO,St. Louis,189,2025-09-08,1,2025-03-24,168,0.202124,0.386713,2.978374,0.318315,0.106875,0.027874,0.207643,0.125713,0.13607,0.902174,86.380435,92,24
265407,MO,Randolph,175,2025-09-08,0,,,,,,,,,,,,,,172,62
265419,MO,Pike,163,2025-06-02,1,2025-03-24,70,0.197157,0.896686,3.125936,0.212963,0.068128,0.091625,0.163122,0.146223,0.078328,0.804348,41.858696,100,51
265419,MO,Pike,163,2026-01-05,1,2025-07-14,175,0.236386,1.095202,3.075165,0.209693,0.068189,0.320596,0.177231,0.457745,0.058844,0.478261,41.054348,100,50
265419,MO,Pike,163,2026-03-02,1,2025-09-08,175,0.174368,1.051079,3.238106,0.427019,0.131873,0.006819,0.20795,0.163762,0.080827,0.677778,41.3,98,54
265423,MO,Ralls,173,2025-05-19,1,2025-03-24,56,0.260525,0.569517,1.288482,0.30287,0.235059,0.018282,0.255559,0.240812,-0.184119,1.0,56.434783,170,70
265423,MO,Ralls,173,2025-07-14,1,2025-03-24,112,0.260525,0.569517,1.288482,0.30287,0.235059,0.018282,0.255559,0.240812,-0.184119,1.0,56.434783,171,70
265460,MO,Barry,009,2025-09-08,1,2025-05-19,112,0.17179,0.0,3.302025,0.439347,0.133054,0.034234,0.104472,0.145753,0.0271,0.684783,43.793478,102,49
265463,MO,Jackson,095,2026-02-16,1,2025-08-25,175,0.187291,0.43508,2.994059,0.495835,0.165606,0.0,0.208727,0.13526,0.036786,0.966667,108.922222,42,15
265463,MO,Jackson,095,2026-03-23,0,,,,,,,,,,,,,,0,0
265471,MO,Dallas,059,2026-02-02,0,,,,,,,,,,,,,,169,65
265477,MO,Greene,077,2026-01-12,1,2025-07-21,175,0.234786,0.176962,2.308504,0.423923,0.183636,0.027584,0.319728,0.17822,0.100434,1.0,103.228261,42,13
265480,MO,Livingston,117,2026-01-05,1,2025-07-14,175,0.186636,0.678483,2.738419,0.799081,0.291804,0.043861,0.095578,0.118261,-0.040941,0.98913,27.782609,100,50
265481,MO,Audrain,007,2025-11-17,0,,,,,,,,,,,,,,170,65
265481,MO,Audrain,007,2026-01-05,0,,,,,,,,,,,,,,169,65
265481,MO,Audrain,007,2026-02-02,0,,,,,,,,,,,,,,169,65
265495,MO,Franklin,071,2026-02-16,0,,,,,,,,,,,,,,167,71
265508,MO,Saline,195,2025-05-19,0,,,,,,,,,,,,,,100,50
265512,MO,Jackson,095,2025-04-07,1,2025-03-24,14,0.169596,0.0,2.92658,0.843164,0.288105,0.0,0.167211,0.144336,-0.064642,0.902174,32.26087,98,59
265518,MO,St. Charles,183,2025-04-28,1,2025-03-24,35,0.201135,1.073738,2.831484,0.197345,0.069697,0.142413,0.147846,0.110395,-0.214667,0.967391,60.630435,169,74
265518,MO,St. Charles,183,2025-08-04,1,2025-03-24,133,0.201135,1.073738,2.831484,0.197345,0.069697,0.142413,0.147846,0.110395,-0.214667,0.967391,60.630435,171,70
265518,MO,St. Charles,183,2025-09-01,1,2025-03-24,161,0.201135,1.073738,2.831484,0.197345,0.069697,0.142413,0.147846,0.110395,-0.214667,0.967391,60.630435,172,63
265518,MO,St. Charles,183,2025-12-15,1,2025-06-23,175,0.223524,1.199226,2.915847,0.180799,0.062006,0.281807,0.126788,0.092579,-0.165006,0.98913,60.01087,170,66
265526,MO,Chariton,041,2025-11-24,1,2025-06-02,175,0.279858,0.89742,1.649478,0.18235,0.11055,0.023694,0.336591,0.212911,-0.004055,1.0,113.5,42,13
265526,MO,Chariton,041,2026-03-09,1,2025-09-15,175,0.28243,0.853388,2.148861,0.168236,0.078291,0.016335,0.16636,0.129534,0.343773,1.0,112.688889,42,15
265532,MO,Jackson,095,2026-03-02,1,2025-09-08,175,0.236885,0.178258,2.314424,0.259492,0.11212,0.001941,0.067345,0.194667,0.12683,1.0,49.455556,91,35
265534,MO,St. Louis,189,2025-04-21,1,2025-03-24,28,0.213416,1.236339,2.910488,0.181444,0.062341,0.005421,0.183605,0.116604,0.196812,0.967391,110.152174,41,14
265534,MO,St. Louis,189,2026-02-16,1,2025-08-25,175,0.20397,1.315032,2.778724,0.244214,0.087887,0.0,0.15152,0.121608,0.017817,1.0,108.022222,42,15
265545,MO,Polk,167,2025-12-22,1,2025-06-30,175,0.174886,0.0,3.215013,0.55676,0.173175,0.0,0.214522,0.136573,0.056348,0.706522,93.978261,91,32
265555,MO,Miller,131,2025-06-30,1,2025-03-24,98,0.212488,1.657716,2.478079,0.3,0.121062,0.005608,0.152314,0.130796,-0.029783,0.98913,62.576087,171,70
265577,MO,Webster,225,2025-05-12,1,2025-03-24,49,0.185779,0.0,2.814908,0.414601,0.147288,0.0,0.139233,0.103995,-0.069352,0.98913,51.73913,169,74
265578,MO,St. Louis,189,2025-05-12,1,2025-03-24,49,0.206614,0.22123,2.765177,0.209396,0.075726,0.004222,0.28263,0.186315,0.045718,0.923913,96.826087,92,27
265589,MO,St. Charles,183,2025-09-01,1,2025-03-24,161,0.213375,0.540844,3.771644,0.416645,0.110468,0.378578,0.149009,0.19003,0.190369,0.380435,80.869565,92,24
265595,MO,Jackson,095,2025-11-17,1,2025-05-26,175,0.237539,0.637991,2.234707,0.21275,0.095203,0.078147,0.182049,0.194122,-0.098717,1.0,67.869565,170,66
265598,MO,Chariton,041,2025-04-14,1,2025-03-24,21,0.222955,1.208104,2.27949,0.034401,0.015091,0.0,0.227299,0.217338,-0.121357,1.0,25.565217,98,59
265607,MO,St. Louis,189,2025-06-16,1,2025-03-24,84,0.190648,0.779616,3.107968,0.125913,0.040513,0.00457,0.095229,0.139826,0.041655,0.880435,116.326087,42,14
265618,MO,Boone,019,2025-11-17,1,2025-05-26,175,0.228202,0.0,1.610925,0.236846,0.147025,0.005566,0.070913,1.416065,-0.45973,0.663043,60.956522,170,66
265636,MO,St. Louis,189,2025-07-28,1,2025-03-24,126,0.178108,0.224493,3.754468,0.437338,0.116485,0.235019,0.120774,0.075817,0.009113,0.206522,92.108696,92,27
265643,MO,Nodaway,147,2026-03-23,0,,,,,,,,,,,,,,0,0
265666,MO,Ray,177,2025-07-28,1,2025-03-24,126,0.186933,0.43638,2.989028,0.20795,0.069571,0.0,0.128487,0.171696,0.014953,0.771739,47.304348,100,51
265666,MO,Ray,177,2025-08-18,1,2025-03-24,147,0.186933,0.43638,2.989028,0.20795,0.069571,0.0,0.128487,0.171696,0.014953,0.771739,47.304348,102,49
265668,MO,St. Louis City,510,2025-07-28,1,2025-03-24,126,0.258635,0.543797,1.989194,0.299291,0.150459,0.103563,0.110888,0.179175,-0.050615,1.0,77.456522,92,27
265670,MO,Gasconade,073,2025-04-07,1,2025-03-24,14,0.169298,0.0,3.172306,0.479952,0.151294,0.0,0.237371,0.140741,-0.046373,0.73913,77.576087,92,27
265670,MO,Gasconade,073,2025-11-24,1,2025-06-02,175,0.168867,0.327285,3.181817,0.420049,0.132015,0.0,0.264607,0.154417,-0.057127,0.673913,79.619565,91,32
265688,MO,Saline,195,2025-07-07,0,,,,,,,,,,,,,,171,69
265690,MO,Marion,127,2025-05-19,0,,,,,,,,,,,,,,0,0
265690,MO,Marion,127,2025-07-21,0,,,,,,,,,,,,,,0,0
265690,MO,Marion,127,2025-09-29,0,,,,,,,,,,,,,,0,0
265694,MO,Shelby,205,2025-06-30,0,,,,,,,,,,,,,,171,69
265698,MO,Clinton,049,2025-11-17,1,2025-05-26,175,0.261532,0.463515,1.548833,0.188561,0.121744,0.0,0.093735,0.208633,-0.168857,1.0,66.608696,170,66
265706,MO,Carroll,033,2025-07-14,1,2025-03-24,112,0.170779,0.0,3.002246,0.251019,0.08361,0.063725,0.215916,0.141291,-0.296782,0.836957,50.228261,171,70
265715,MO,Grundy,079,2025-09-29,0,,,,,,,,,,,,,,102,48
265721,MO,Jackson,095,2025-04-14,1,2025-03-24,21,0.354907,1.324329,2.792723,0.100933,0.036141,0.407325,0.028559,0.184316,0.682874,0.891304,108.23913,41,14
265721,MO,Jackson,095,2025-11-10,1,2025-05-19,175,0.260984,1.527178,1.921178,0.155046,0.080703,0.004696,0.018672,0.199641,-0.025318,1.0,110.836957,42,13
265721,MO,Jackson,095,2025-11-17,1,2025-05-26,175,0.260984,1.519764,1.921178,0.155046,0.080703,0.004696,0.018672,0.199641,-0.025318,1.0,110.836957,42,13
265742,MO,Clinton,049,2025-11-17,0,,,,,,,,,,,,,,170,65
265745,MO,De Kalb,063,2025-11-03,1,2025-05-12,175,0.21258,0.0,3.038246,0.309088,0.101732,0.207126,0.0613,0.115568,0.002659,0.880435,30.978261,102,49
265752,MO,Lawrence,109,2025-08-11,1,2025-03-24,140,0.359937,0.0,0.349539,0.103628,0.29647,0.333049,-3.998952,1.654428,-0.813753,1.0,68.554348,171,70
265753,MO,Christian,043,2026-03-02,1,2025-09-08,175,0.1744,0.353069,3.272822,0.198769,0.060733,0.0,0.189584,0.149445,0.046181,0.644444,65.8,167,72
265754,MO,Buchanan,021,2025-06-30,1,2025-03-24,98,0.225523,0.0,2.431024,0.309865,0.127463,0.0,0.170795,0.104732,0.034254,1.0,128.434783,12,6
265763,MO,Knox,103,2025-08-11,0,,,,,,,,,,,,,,100,50
265764,MO,St. Louis,189,2025-04-07,0,,,,,,,,,,,,,,12,5
265766,MO,St. Louis,189,2025-04-21,0,,,,,,,,,,,,,,41,13
265766,MO,St. Louis,189,2025-05-12,0,,,,,,,,,,,,,,41,13
265766,MO,St. Louis,189,2026-01-12,1,2025-07-21,175,0.171854,1.085438,3.519023,0.462481,0.131423,0.146572,0.120452,0.106094,-0.101662,0.413043,117.054348,42,13
265772,MO,Jefferson,099,2025-07-21,1,2025-03-24,119,0.169726,0.0,3.772064,0.368056,0.097574,0.201399,0.139047,0.101305,0.01207,0.23913,48.543478,100,51
265784,MO,Buchanan,021,2025-04-21,0,,,,,,,,,,,,,,92,26
265785,MO,Livingston,117,2025-04-14,0,,,,,,,,,,,,,,169,73
265786,MO,Jackson,095,2025-05-19,1,2025-03-24,56,0.215278,0.916179,3.215471,0.204183,0.0635,0.13364,0.160724,0.095197,0.033489,0.815217,270.478261,0,0
265786,MO,Jackson,095,2026-03-23,0,,,,,,,,,,,,,,0,0
265787,MO,Andrew,003,2025-12-08,0,,,,,,,,,,,,,,170,65
265787,MO,Andrew,003,2026-03-16,0,,,,,,,,,,,,,,167,71
265813,MO,Livingston,117,2026-01-12,0,,,,,,,,,,,,,,169,65
265814,MO,Greene,077,2026-02-02,1,2025-08-11,175,0.180799,0.471696,3.051372,0.244276,0.080054,0.0,0.17742,0.114483,-0.073077,0.902174,108.141304,91,32
265817,MO,St. Louis City,510,2025-11-03,1,2025-05-12,175,0.239006,0.44139,2.577828,0.199239,0.077289,0.180353,0.160345,0.113903,-0.049215,1.0,71.554348,172,63
265822,MO,Jackson,095,2025-08-18,1,2025-03-24,147,0.384256,3.137437,2.224789,0.086402,0.038836,0.079308,0.159328,0.116201,1.077884,1.0,162.945652,11,3
265822,MO,Jackson,095,2025-11-24,1,2025-06-02,175,0.310458,2.98773,1.654184,0.07941,0.048006,0.0,0.21604,0.452282,0.175,1.0,157.23913,11,4
265822,MO,Jackson,095,2025-12-22,1,2025-06-30,175,0.310458,2.931773,1.654184,0.07941,0.048006,0.0,0.21604,0.452282,0.175,1.0,157.23913,11,4
265822,MO,Jackson,095,2026-01-05,1,2025-07-14,175,0.310458,2.904573,1.654184,0.07941,0.048006,0.0,0.21604,0.452282,0.175,1.0,157.23913,11,4
265822,MO,Jackson,095,2026-02-23,1,2025-09-01,175,0.278688,3.047657,2.561361,0.101572,0.039655,0.0,0.120009,0.113487,0.556006,1.0,155.5,11,4
265822,MO,Jackson,095,2026-03-09,1,2025-09-15,175,0.278688,3.020515,2.561361,0.101572,0.039655,0.0,0.120009,0.113487,0.556006,1.0,155.5,11,4
265822,MO,Jackson,095,2026-03-16,1,2025-09-22,175,0.278688,3.007125,2.561361,0.101572,0.039655,0.0,0.120009,0.113487,0.556006,1.0,155.5,11,4
265823,MO,St. Louis,189,2025-11-17,1,2025-05-26,175,0.269958,1.128476,2.038249,0.199079,0.097672,0.0,0.120361,0.125397,0.162023,1.0,140.456522,12,5
265826,MO,Putnam,171,2025-08-25,1,2025-03-31,147,0.192398,0.997951,2.826272,0.284638,0.100711,0.0,0.108392,0.110637,-0.025656,1.0,55.543478,172,63
265828,MO,St. Louis City,510,2025-12-22,1,2025-06-30,175,0.202094,0.344413,2.902542,0.388045,0.133692,0.090573,0.082592,0.109787,0.006046,0.923913,53.326087,169,66
265833,MO,St. Louis,189,2026-01-26,0,,,,,,,,,,,,,,101,50
265834,MO,St. Louis,189,2025-06-02,1,2025-03-24,70,0.203431,1.020964,2.71553,0.219661,0.080891,0.051434,0.153409,0.127096,-0.155589,0.98913,122.532609,42,14
265834,MO,St. Louis,189,2025-08-25,1,2025-03-24,154,0.203431,1.020964,2.71553,0.219661,0.080891,0.051434,0.153409,0.127096,-0.155589,0.98913,122.532609,42,11
265838,MO,St. Louis,189,2026-03-23,0,,,,,,,,,,,,,,0,0
265840,MO,Boone,019,2025-03-31,0,,,,,,,,,,,,,,92,26
265840,MO,Boone,019,2025-09-01,0,,,,,,,,,,,,,,92,23
265845,MO,Jackson,095,2025-04-28,1,2025-03-24,35,0.171791,0.0,3.347988,0.469863,0.140342,0.0,0.178568,0.114901,0.025059,0.597826,151.163043,11,4
265853,MO,Jasper,097,2026-03-16,1,2025-09-22,175,0.174412,0.0,3.043638,0.24012,0.078893,0.002343,0.078804,0.09425,-0.137922,0.9,70.122222,167,72
265854,MO,Pettis,159,2026-01-05,1,2025-07-14,175,0.176806,0.0,2.816857,0.244557,0.086819,0.0,0.198982,0.137118,-0.245195,0.978261,61.902174,169,66
265859,MO,New Madrid,143,2025-07-28,0,,,,,,,,,,,,,,171,69
265869,MO,Clay,047,2025-08-25,0,,,,,,,,,,,,,,102,48
265869,MO,Clay,047,2026-03-02,0,,,,,,,,,,,,,,98,53
265875,MO,St. Charles,183,2025-03-31,0,,,,,,,,,,,,,,169,73
265881,MO,St. Charles,183,2025-07-14,0,,,,,,,,,,,,,,100,50
275012,MT,Cascade,013,2025-10-20,1,2025-08-18,63,0.191966,0.446516,2.076358,0.468331,0.225554,0.0,0.150312,0.165018,-0.474236,1.0,108.588889,3,2
275025,MT,Flathead,029,2025-12-15,1,2025-06-23,175,0.173379,1.468834,3.276342,0.66901,0.204194,0.0,0.195833,0.141769,0.11648,0.619565,77.619565,6,2
275025,MT,Flathead,029,2026-03-09,1,2025-09-15,175,0.176426,1.320181,3.13794,0.703347,0.224143,0.0,0.177973,0.11874,0.072665,0.822222,76.544444,6,2
275029,MT,Yellowstone,111,2025-06-02,1,2025-03-24,70,0.201164,0.569813,3.197995,0.701847,0.219465,0.175806,0.12851,0.080681,0.052316,0.847826,105.934783,3,3
275029,MT,Yellowstone,111,2025-08-25,1,2025-03-24,154,0.201164,0.569813,3.197995,0.701847,0.219465,0.175806,0.12851,0.080681,0.052316,0.847826,105.934783,3,2
275030,MT,Cascade,013,2025-04-21,0,,,,,,,,,,,,,,3,2
275061,MT,Toole,101,2025-05-05,0,,,,,,,,,,,,,,0,0
275066,MT,Gallatin,031,2025-06-02,0,,,,,,,,,,,,,,15,4
275070,MT,Sheridan,091,2025-07-28,0,,,,,,,,,,,,,,20,7
275079,MT,Wibaux,109,2025-09-22,1,2025-03-31,175,0.224926,0.479961,3.225768,0.732935,0.227212,0.421076,0.186861,0.22574,-0.026768,0.597826,31.0,20,8
275100,MT,Flathead,029,2025-08-18,0,,,,,,,,,,,,,,15,4
275124,MT,Beaverhead,001,2025-05-05,1,2025-03-24,42,0.270154,2.139092,3.45265,0.425845,0.123339,0.555137,0.206015,0.142102,0.265898,0.445652,55.956522,15,5
275144,MT,Dawson,021,2025-06-16,1,2025-03-24,84,0.208999,0.951172,3.574022,0.497706,0.139257,0.352433,0.11779,0.146725,0.081434,0.467391,56.347826,15,5
275144,MT,Dawson,021,2025-12-08,1,2025-06-16,175,0.214088,0.857394,4.142608,0.729168,0.176017,0.539456,0.12008,0.10263,0.210744,0.054348,52.641304,15,5
27A052,MT,Fergus,027,2025-07-28,0,,,,,,,,,,,,,,15,4
285058,NE,Douglas,055,2025-07-28,1,2025-03-24,126,0.177376,0.949935,3.374921,0.349068,0.10343,0.084975,0.112297,0.081921,-0.015392,0.597826,99.684783,17,13
285058,NE,Douglas,055,2026-03-16,1,2025-09-22,175,0.197499,1.152208,3.307823,0.280044,0.084661,0.20518,0.112151,0.076012,-0.058112,0.755556,104.955556,17,15
285083,NE,Lincoln,111,2025-04-28,0,,,,,,,,,,,,,,4,1
285133,NE,Sarpy,153,2025-09-01,0,,,,,,,,,,,,,,4,4
285133,NE,Sarpy,153,2025-12-29,0,,,,,,,,,,,,,,4,4
285140,NE,Saunders,155,2025-05-12,1,2025-03-24,49,0.18964,1.141406,3.705532,0.282889,0.076342,0.181784,0.190796,0.134781,0.223422,0.26087,82.326087,17,14
285192,NE,Buffalo,019,2025-04-14,0,,,,,,,,,,,,,,78,51
285210,NE,Washington,177,2026-02-16,0,,,,,,,,,,,,,,43,34
285224,NE,Morrill,123,2025-06-09,1,2025-03-24,77,0.173513,0.0,3.118098,0.722597,0.231743,0.119377,0.163265,0.150651,-0.166821,0.76087,42.402174,79,47
285224,NE,Morrill,123,2025-11-17,0,,,,,,,,,,,,,,81,53
285240,NE,Douglas,055,2025-07-28,0,,,,,,,,,,,,,,44,31
285256,NE,Kimball,105,2025-04-21,1,2025-03-24,28,0.187664,0.0,3.79157,0.429804,0.113358,0.32335,0.204091,0.125877,0.049918,0.315217,40.48913,78,52
28E299,NE,Sarpy,153,2026-01-19,1,2025-07-28,175,0.205026,0.408101,3.370934,0.444355,0.13182,0.276892,0.081203,0.061537,-0.026807,0.706522,101.478261,4,2
295008,NV,Clark,003,2025-12-08,0,,,,,,,,,,,,,,5,3
295008,NV,Clark,003,2026-03-23,0,,,,,,,,,,,,,,0,0
295072,NV,Clark,003,2025-04-07,0,,,,,,,,,,,,,,5,3
295082,NV,Douglas,005,2025-04-28,1,2025-03-24,35,0.185544,0.0,3.212406,0.760187,0.236641,0.152608,0.200059,0.147809,-0.002302,0.695652,44.815217,11,10
295085,NV,Churchill,001,2025-09-01,1,2025-05-19,105,0.170697,0.513713,3.170326,0.361316,0.113968,0.0,0.141395,0.094227,-0.073701,0.869565,84.26087,11,10
305038,NH,Hillsborough,011,2025-12-15,0,,,,,,,,,,,,,,20,10
305050,NH,Grafton,009,2025-10-06,1,2025-04-14,175,0.209182,0.0,3.055309,0.562994,0.184267,0.157158,0.118992,0.09461,0.077768,0.956522,87.032609,12,4
305077,NH,Grafton,009,2025-05-26,1,2025-03-24,63,0.180772,0.0,3.459948,0.508788,0.147051,0.209303,0.181603,0.107361,-0.074981,0.456522,64.923913,20,10
315009,NJ,Union,039,2026-02-02,0,,,,,,,,,,,,,,2,0
315064,NJ,Union,039,2025-05-05,0,,,,,,,,,,,,,,70,35
315068,NJ,Camden,007,2025-09-22,1,2025-03-31,175,0.228744,0.492915,3.372971,0.320511,0.095023,0.368847,0.106998,0.102804,0.024575,0.641304,127.923913,50,16
315110,NJ,Passaic,031,2025-07-14,0,,,,,,,,,,,,,,72,32
315110,NJ,Passaic,031,2026-01-26,0,,,,,,,,,,,,,,72,33
315115,NJ,Ocean,029,2026-03-09,1,2025-09-15,175,0.202645,0.0,3.122093,0.340964,0.10921,0.152945,0.1051,0.104895,-0.056449,0.911111,138.577778,50,22
315125,NJ,Ocean,029,2025-04-28,1,2025-03-24,35,0.21496,0.882246,3.255,0.308836,0.09488,0.179288,0.042778,0.049134,0.048079,0.934783,205.98913,8,4
315126,NJ,Cumberland,011,2025-08-04,1,2025-03-24,133,0.224371,0.0,3.402079,0.351502,0.10332,0.341554,0.125015,0.074434,0.029009,0.554348,155.913043,37,9
315147,NJ,Essex,013,2026-02-16,1,2025-08-25,175,0.175562,0.0,3.239689,0.565696,0.174614,0.0,0.128214,0.086668,-0.010595,0.811111,172.3,37,7
315152,NJ,Bergen,003,2025-06-09,0,,,,,,,,,,,,,,72,32
315159,NJ,Camden,007,2025-10-13,1,2025-04-21,175,0.187589,0.250171,3.359305,0.430851,0.128256,0.023916,0.264983,0.1419,0.063503,0.445652,279.782609,2,1
315177,NJ,Monmouth,025,2025-11-17,1,2025-05-26,175,0.181516,0.333257,3.346399,0.681118,0.203538,0.048832,0.168266,0.105024,0.115522,0.597826,135.478261,37,7
315182,NJ,Somerset,035,2025-10-27,1,2025-05-05,175,0.169045,0.454291,3.816629,0.889177,0.232974,0.191149,0.152684,0.085162,0.002632,0.25,144.413043,50,16
315200,NJ,Union,039,2025-05-26,1,2025-03-24,63,0.199302,0.0,3.265774,0.293894,0.089992,0.110378,0.128286,0.074477,0.024537,0.782609,192.880435,18,5
315201,NJ,Burlington,005,2025-11-03,1,2025-05-19,168,0.17167,0.272168,3.332121,0.496055,0.148871,0.002919,0.118681,0.103518,0.001248,0.619565,155.25,50,16
315206,NJ,Ocean,029,2026-01-05,1,2025-07-14,175,0.192503,0.0,3.00541,0.151426,0.050384,0.013969,0.149427,0.117673,-0.011105,0.923913,109.0,70,32
315206,NJ,Ocean,029,2026-03-23,0,,,,,,,,,,,,,,0,0
315214,NJ,Middlesex,023,2025-08-25,1,2025-03-24,154,0.201442,0.266217,3.185598,0.428392,0.134478,0.130771,0.119732,0.078939,-0.037063,0.880435,208.565217,8,4
315218,NJ,Ocean,029,2025-11-24,1,2025-06-02,175,0.183404,0.0,2.97837,0.630613,0.211731,0.019275,0.216736,0.139459,-0.070437,0.913043,154.01087,50,18
315222,NJ,Ocean,029,2025-07-21,1,2025-03-24,119,0.213185,0.266411,3.393965,0.587125,0.172991,0.318961,0.155475,0.102845,0.043574,0.543478,98.434783,72,33
315223,NJ,Mercer,021,2025-08-04,1,2025-03-24,133,0.184851,0.678903,3.035955,0.434882,0.143244,0.006311,0.11921,0.083072,-0.039226,0.978261,142.967391,50,19
315223,NJ,Mercer,021,2025-10-20,1,2025-04-28,175,0.184851,0.657516,3.035955,0.434882,0.143244,0.006311,0.11921,0.083072,-0.039226,0.978261,142.967391,50,16
315226,NJ,Hunterdon,019,2025-08-11,1,2025-03-24,140,0.193463,0.0,3.467361,0.519358,0.149785,0.185553,0.104965,0.070201,0.020015,0.51087,169.434783,37,9
315243,NJ,Cumberland,011,2026-03-02,1,2025-09-08,175,0.170816,0.206706,3.333736,0.487866,0.146342,0.000186,0.141195,0.090236,0.017183,0.677778,134.711111,50,22
315249,NJ,Morris,027,2026-03-23,0,,,,,,,,,,,,,,0,0
315260,NJ,Burlington,005,2025-10-27,1,2025-05-05,175,0.233107,0.0,2.968385,0.267976,0.090277,0.183072,0.138431,0.095324,0.064391,0.978261,180.945652,18,5
315263,NJ,Burlington,005,2025-03-31,1,2025-03-24,7,0.227155,0.555091,2.752476,0.459622,0.166985,0.121234,0.194308,0.133825,0.063513,1.0,152.315217,33,9
315271,NJ,Salem,033,2025-06-02,1,2025-03-24,70,0.195714,0.0,3.516116,0.247955,0.070519,0.277902,0.128352,0.089476,-0.089538,0.434783,130.097826,50,19
315279,NJ,Middlesex,023,2025-05-12,1,2025-03-24,49,0.245341,0.0,3.546534,0.416361,0.117399,0.494541,0.084726,0.055952,-0.003802,0.326087,233.434783,2,0
315293,NJ,Ocean,029,2025-03-31,1,2025-03-24,7,0.243442,0.249147,2.887146,0.349513,0.121058,0.272022,0.179191,0.099375,-0.003774,1.0,160.967391,33,9
315293,NJ,Ocean,029,2025-11-03,1,2025-05-12,175,0.243442,0.482178,2.887146,0.349513,0.121058,0.272022,0.179191,0.099375,-0.003774,1.0,160.967391,37,7
315293,NJ,Ocean,029,2026-02-02,1,2025-08-11,175,0.229084,0.454857,2.995276,0.338654,0.113063,0.20235,0.163883,0.100152,0.043183,0.978261,162.641304,37,7
315303,NJ,Morris,027,2026-01-26,1,2025-08-04,175,0.333234,1.045563,3.66614,0.723478,0.197341,1.0,0.208379,0.116665,-0.018318,0.293478,251.641304,3,0
315324,NJ,Mercer,021,2025-05-12,1,2025-03-24,49,0.19401,0.0,2.994294,0.484577,0.161834,0.111029,0.180836,0.107566,-0.155777,0.98913,164.326087,33,9
315324,NJ,Mercer,021,2025-07-28,1,2025-03-24,126,0.19401,0.0,2.994294,0.484577,0.161834,0.111029,0.180836,0.107566,-0.155777,0.98913,164.326087,37,9
315324,NJ,Mercer,021,2025-10-13,1,2025-04-21,175,0.19401,0.0,2.994294,0.484577,0.161834,0.111029,0.180836,0.107566,-0.155777,0.98913,164.326087,37,7
315324,NJ,Mercer,021,2025-12-08,1,2025-06-16,175,0.216693,0.315142,2.947582,0.428912,0.145513,0.19272,0.136248,0.078735,-0.101254,1.0,174.163043,37,7
315324,NJ,Mercer,021,2026-02-02,1,2025-08-11,175,0.216693,0.601235,2.947582,0.428912,0.145513,0.19272,0.136248,0.078735,-0.101254,1.0,174.163043,37,7
315338,NJ,Mercer,021,2025-12-01,0,,,,,,,,,,,,,,37,6
315344,NJ,Hudson,017,2026-01-12,0,,,,,,,,,,,,,,50,17
315353,NJ,Middlesex,023,2025-12-01,1,2025-06-09,175,0.203031,0.0,3.360614,0.725184,0.215789,0.18615,0.144997,0.103221,0.15674,0.586957,118.304348,70,32
315355,NJ,Morris,027,2026-03-02,0,,,,,,,,,,,,,,50,21
315358,NJ,Atlantic,001,2025-06-02,0,,,,,,,,,,,,,,70,29
315378,NJ,Sussex,037,2025-03-31,1,2025-03-24,7,0.186822,0.0,3.356771,0.37401,0.11142,0.159318,0.129009,0.103303,0.004981,0.619565,56.076087,36,25
315387,NJ,Monmouth,025,2025-08-11,0,,,,,,,,,,,,,,50,18
315421,NJ,Ocean,029,2025-10-27,1,2025-05-05,175,0.183141,0.0,3.285146,0.571139,0.173855,0.045409,0.108773,0.114447,0.092659,0.728261,117.402174,70,30
315437,NJ,Monmouth,025,2025-06-30,1,2025-03-24,98,0.206121,0.0,2.797489,0.385304,0.137732,0.064909,0.103348,0.11647,-0.009506,0.98913,92.304348,72,33
315439,NJ,Sussex,037,2025-08-25,0,,,,,,,,,,,,,,36,24
315449,NJ,Essex,013,2025-12-22,0,,,,,,,,,,,,,,70,31
315451,NJ,Middlesex,023,2026-02-09,1,2025-08-18,175,0.188134,0.266996,3.48088,0.177701,0.051051,0.164034,0.121968,0.086239,0.030463,0.5,96.0,71,36
315454,NJ,Ocean,029,2026-01-05,1,2025-07-14,175,0.214865,0.233985,2.931684,0.334361,0.114051,0.141848,0.145174,0.077786,-0.027809,1.0,142.880435,50,18
315461,NJ,Camden,007,2025-08-25,0,,,,,,,,,,,,,,70,29
315467,NJ,Hunterdon,019,2025-07-07,1,2025-03-24,105,0.170348,0.781005,2.979124,0.654497,0.219694,0.0,-0.01436,0.133901,-0.093652,0.902174,32.630435,19,18
315486,NJ,Somerset,035,2025-06-23,0,,,,,,,,,,,,,,19,17
315491,NJ,Morris,027,2025-09-22,0,,,,,,,,,,,,,,70,29
315491,NJ,Morris,027,2026-01-05,0,,,,,,,,,,,,,,70,31
315496,NJ,Cumberland,011,2025-12-15,0,,,,,,,,,,,,,,8,3
315500,NJ,Camden,007,2025-09-22,0,,,,,,,,,,,,,,70,29
315510,NJ,Somerset,035,2025-11-03,0,,,,,,,,,,,,,,70,29
315511,NJ,Morris,027,2025-10-27,1,2025-05-05,175,0.169992,0.273596,3.19592,0.646983,0.20244,0.0,0.168704,0.108644,0.005562,0.782609,79.793478,72,30
315513,NJ,Camden,007,2025-09-22,0,,,,,,,,,,,,,,72,29
315517,NJ,Burlington,005,2025-04-14,0,,,,,,,,,,,,,,67,30
315519,NJ,Mercer,021,2025-10-20,0,,,,,,,,,,,,,,19,17
315522,NJ,Middlesex,023,2025-11-10,0,,,,,,,,,,,,,,72,33
325034,NM,Bernalillo,001,2025-06-23,1,2025-03-24,91,0.171556,0.88012,3.370033,0.814495,0.241688,0.078799,0.181547,0.107535,-0.01183,0.554348,114.391304,14,6
325034,NM,Bernalillo,001,2026-03-16,1,2025-09-22,175,0.176224,1.082757,3.41032,1.164464,0.341453,0.149,0.150509,0.096019,0.000487,0.533333,112.966667,14,5
325036,NM,Bernalillo,001,2025-03-31,1,2025-03-24,7,0.205828,0.344251,3.024047,0.623021,0.206022,0.148678,0.087846,0.085548,0.018468,0.967391,113.195652,14,6
325036,NM,Bernalillo,001,2025-11-03,1,2025-05-12,175,0.205828,0.658108,3.024047,0.623021,0.206022,0.148678,0.087846,0.085548,0.018468,0.967391,113.195652,14,5
325036,NM,Bernalillo,001,2025-11-24,1,2025-06-02,175,0.222733,0.645889,2.90309,0.505841,0.174242,0.215171,0.109159,0.087957,-0.018742,0.98913,112.086957,14,5
325045,NM,Bernalillo,001,2025-07-21,1,2025-03-24,119,0.219157,0.455993,3.022815,0.630202,0.208482,0.140431,0.132462,0.082618,0.032867,1.0,263.902174,0,0
325056,NM,Los Alamos,028,2025-12-15,1,2025-06-23,175,0.187483,0.0,2.904829,0.520376,0.179142,0.031875,0.149611,0.121992,-0.028902,0.967391,63.0,9,3
325071,NM,San Juan,045,2026-01-26,1,2025-08-18,161,0.180398,0.830743,2.900079,0.494701,0.170582,0.0,0.111164,0.116393,-0.09362,0.955556,81.488889,19,2
325074,NM,Bernalillo,001,2025-08-11,1,2025-05-19,84,0.214717,0.433274,2.625677,0.77524,0.295253,0.284271,0.09938,0.724067,-0.2624,0.413043,64.641304,9,3
325103,NM,San Juan,045,2025-11-17,0,,,,,,,,,,,,,,14,4
325113,NM,San Juan,045,2025-08-25,1,2025-03-24,154,0.170544,0.394013,3.259324,0.284447,0.087272,0.0,0.118966,0.078803,-0.034284,0.793478,89.554348,19,2
325130,NM,Sandoval,043,2025-11-17,0,,,,,,,,,,,,,,9,2
335005,NY,Westchester,119,2025-06-16,1,2025-03-24,84,0.246459,0.228997,3.323559,0.517107,0.155588,0.437877,-0.062545,0.073898,0.082845,0.728261,112.695652,106,49
335008,NY,Monroe,055,2025-06-09,1,2025-03-24,77,0.172689,0.296469,3.69974,0.521617,0.140987,0.051826,0.293667,0.208249,0.049433,0.336957,296.163043,23,4
335019,NY,Bronx,005,2026-03-02,1,2025-09-08,175,0.173694,0.0,3.41006,0.577197,0.169263,0.006475,0.223381,0.128575,0.028737,0.411111,225.688889,25,3
335040,NY,Suffolk,103,2025-11-10,1,2025-05-19,175,0.18181,0.0,3.258107,0.987806,0.303184,0.154605,0.202133,0.125789,-0.00997,0.673913,73.086957,42,29
335078,NY,Westchester,119,2026-03-09,0,,,,,,,,,,,,,,106,46
335080,NY,Westchester,119,2025-11-03,1,2025-05-12,175,0.221079,0.168473,3.545041,0.978666,0.276066,0.354918,0.134548,0.069416,0.030995,0.304348,281.75,24,3
335103,NY,Tioga,107,2025-06-30,0,,,,,,,,,,,,,,42,26
335148,NY,Rockland,087,2025-10-20,1,2025-04-28,175,0.184154,0.0,3.180048,0.412384,0.129679,0.025529,0.141131,0.078141,-0.037362,0.923913,188.445652,61,16
335164,NY,Erie,029,2025-10-06,1,2025-04-14,175,0.18081,0.459434,3.384525,0.265297,0.078385,0.0,0.129308,0.11922,0.138632,0.521739,145.891304,53,21
335178,NY,Kings,047,2025-11-03,1,2025-05-12,175,0.200988,0.0,3.824377,0.329012,0.08603,0.297459,0.1997,0.10611,0.036987,0.228261,269.119565,28,6
335197,NY,Monroe,055,2025-09-08,0,,,,,,,,,,,,,,4,1
335197,NY,Monroe,055,2025-10-20,0,,,,,,,,,,,,,,4,1
335204,NY,Otsego,077,2025-04-21,0,,,,,,,,,,,,,,106,50
335229,NY,Putnam,079,2025-04-07,1,2025-03-24,14,0.223454,0.182534,3.070337,0.468911,0.152723,0.283091,0.150009,0.105352,-0.028374,0.913043,105.586957,106,51
335243,NY,Otsego,077,2025-10-27,1,2025-05-05,175,0.197978,0.169097,2.471322,0.437007,0.176831,0.0,0.224192,0.168837,-0.147099,0.978261,77.130435,66,36
335253,NY,Onondaga,067,2025-05-05,0,,,,,,,,,,,,,,50,25
335256,NY,Greene,039,2025-06-30,1,2025-03-24,98,0.181124,0.0,3.369364,0.402627,0.119496,0.094659,0.221735,0.12969,0.002133,0.532609,128.26087,53,21
335261,NY,Westchester,119,2025-09-08,1,2025-03-24,168,0.226694,0.163716,2.792231,0.459631,0.164611,0.07181,0.167643,0.092781,0.03952,1.0,280.434783,24,3
335296,NY,Westchester,119,2025-10-20,1,2025-04-28,175,0.207128,0.1573,2.739533,0.576224,0.210337,0.0,0.1669,0.167603,-0.046332,1.0,282.73913,24,3
335314,NY,Fulton,035,2026-03-02,0,,,,,,,,,,,,,,66,37
335337,NY,Westchester,119,2025-05-05,1,2025-03-24,42,0.175518,0.0,3.114483,0.744124,0.238924,0.02456,0.188359,0.116522,-0.060143,0.858696,140.717391,53,24
335346,NY,Tioga,107,2026-03-09,1,2025-09-15,175,0.196747,0.418865,2.765933,0.499868,0.180723,0.0,0.197742,0.112029,-0.070891,1.0,183.444444,60,17
335365,NY,Rockland,087,2025-11-03,1,2025-05-12,175,0.171877,0.521786,3.423118,0.525442,0.153498,0.032258,0.141089,0.090139,0.033895,0.532609,141.945652,53,21
335374,NY,Oneida,065,2025-11-03,1,2025-05-12,175,0.177842,0.276705,3.436018,0.375726,0.109349,0.128278,0.197502,0.113068,-0.043924,0.445652,110.467391,107,43
335377,NY,Rensselaer,083,2025-05-05,1,2025-03-24,42,0.225143,0.255957,2.127559,0.354801,0.166764,0.123653,0.245519,0.228745,-0.347042,1.0,106.380435,106,51
335377,NY,Rensselaer,083,2026-03-09,1,2025-09-15,175,0.209624,0.455993,2.653143,0.518618,0.195473,0.071104,0.231576,0.186576,-0.028603,0.944444,105.766667,106,47
335386,NY,Herkimer,043,2025-09-01,1,2025-08-18,14,0.174184,0.252419,3.082227,0.492471,0.159778,0.0,0.175002,0.118905,-0.086003,0.888889,114.755556,107,43
335387,NY,Queens,081,2025-10-27,1,2025-05-05,175,0.224168,0.0,3.444283,1.058798,0.307407,0.406174,0.180207,0.100043,0.037829,0.456522,172.173913,50,25
335390,NY,Suffolk,103,2025-12-22,0,,,,,,,,,,,,,,52,25
335392,NY,Cortland,023,2025-09-01,1,2025-03-24,161,0.207175,0.0,3.281118,0.413431,0.126003,0.154965,0.230241,0.141372,0.106108,0.554348,171.652174,50,25
335399,NY,Ulster,111,2025-07-21,1,2025-03-24,119,0.204435,0.0,3.566682,0.547589,0.153529,0.388313,0.23193,0.14534,-0.069039,0.413043,95.358696,66,38
335405,NY,Dutchess,027,2025-11-10,1,2025-05-19,175,0.217546,0.0,3.287837,0.410126,0.12474,0.205363,0.159119,0.116819,0.035136,0.619565,256.902174,28,6
335406,NY,Wayne,117,2025-11-03,0,,,,,,,,,,,,,,53,20
335410,NY,Suffolk,103,2025-08-11,1,2025-03-24,140,0.193031,0.326116,3.042388,0.529344,0.17399,0.065047,0.131157,0.093175,0.013242,0.967391,113.804348,106,49
335413,NY,Washington,115,2025-09-08,1,2025-03-24,168,0.179698,0.0,3.483389,0.577789,0.16587,0.172677,0.160354,0.100342,-0.052416,0.434783,119.75,107,43
335418,NY,Rockland,087,2026-03-09,1,2025-09-15,175,0.192155,0.0,3.040385,0.494564,0.162665,0.02539,0.190659,0.117008,0.005266,0.988889,176.788889,60,17
335431,NY,Jefferson,045,2026-02-16,1,2025-08-25,175,0.169357,0.157912,3.533477,0.312839,0.088536,0.0,0.30684,0.164754,0.010983,0.333333,248.655556,29,7
335435,NY,Erie,029,2025-06-23,0,,,,,,,,,,,,,,32,26
335455,NY,Richmond,085,2026-03-23,0,,,,,,,,,,,,,,0,0
335457,NY,Erie,029,2025-11-10,1,2025-05-19,175,0.17973,0.0,2.865578,0.45521,0.158854,0.001676,0.24093,0.158943,-0.120619,0.902174,75.923913,66,37
335458,NY,Dutchess,027,2025-06-16,1,2025-03-24,84,0.172368,0.0,3.272368,0.496905,0.151849,0.0,0.242482,0.159268,0.038002,0.641304,107.108696,106,49
335489,NY,Oswego,075,2025-08-11,1,2025-03-24,140,0.196683,0.260893,3.196174,0.255881,0.080059,0.106979,0.256396,0.156163,0.047243,0.673913,106.271739,106,49
335500,NY,Niagara,063,2026-03-09,0,,,,,,,,,,,,,,106,46
335504,NY,Erie,029,2025-11-03,0,,,,,,,,,,,,,,53,20
335508,NY,Westchester,119,2025-10-06,1,2025-04-14,175,0.19185,0.0,3.035118,0.340235,0.112099,0.019514,0.126315,0.076546,-0.031731,0.98913,173.25,50,25
335511,NY,Wyoming,121,2026-02-09,1,2025-08-18,175,0.186703,0.0,2.821949,0.544079,0.192803,0.0,0.338231,0.190144,-0.019107,0.933333,76.0,66,38
335513,NY,Kings,047,2025-10-06,1,2025-04-14,175,0.231623,0.0,2.906243,0.264236,0.09092,0.080733,0.077483,0.05104,0.012111,1.0,349.967391,2,1
335515,NY,Westchester,119,2025-05-26,1,2025-03-24,63,0.199166,0.171238,3.645801,0.825718,0.226485,0.245032,0.24488,0.136231,0.143391,0.315217,180.184783,61,20
335522,NY,New York,061,2025-03-31,1,2025-03-24,7,0.176329,0.0,3.654733,0.60639,0.165919,0.179848,0.18052,0.109122,-0.065979,0.293478,194.434783,61,20
335533,NY,Niagara,063,2026-02-02,0,,,,,,,,,,,,,,66,36
335537,NY,Kings,047,2025-06-09,0,,,,,,,,,,,,,,5,0
335537,NY,Kings,047,2026-03-16,0,,,,,,,,,,,,,,4,0
335539,NY,Suffolk,103,2026-03-09,1,2025-09-15,175,0.169622,0.0,3.428555,0.831688,0.242577,0.000446,0.15802,0.085376,-0.018529,0.433333,273.5,24,5
335541,NY,Oneida,065,2025-11-10,0,,,,,,,,,,,,,,28,5
335548,NY,Onondaga,067,2025-11-17,1,2025-08-18,91,0.171926,0.583001,3.078071,0.408847,0.132826,0.0,0.269717,0.199631,-0.085741,0.7,76.022222,66,37
335562,NY,Livingston,051,2025-10-06,0,,,,,,,,,,,,,,28,5
335571,NY,Queens,081,2025-04-21,1,2025-03-24,28,0.243675,0.0,2.821784,0.425956,0.150953,0.24251,0.218191,0.123836,-0.012036,1.0,207.51087,26,4
335571,NY,Queens,081,2025-12-08,1,2025-06-16,175,0.244225,0.25453,2.781734,0.447529,0.160881,0.24812,0.205554,0.123669,-0.040626,1.0,210.5,26,4
335581,NY,Bronx,005,2025-08-04,1,2025-03-24,133,0.278289,0.0,2.78787,0.462966,0.166064,0.286701,0.212234,0.136716,-0.033141,1.0,465.173913,2,1
335587,NY,Oneida,065,2025-11-10,0,,,,,,,,,,,,,,107,45
335589,NY,Oneida,065,2025-11-03,1,2025-05-12,175,0.18874,0.18876,2.945588,0.456728,0.155055,0.001392,0.266144,0.20526,-0.022328,0.782609,147.826087,53,21
335596,NY,Suffolk,103,2025-09-29,0,,,,,,,,,,,,,,66,35
335600,NY,Oneida,065,2025-06-02,1,2025-03-24,70,0.171881,0.614382,3.423991,0.409773,0.119677,0.0,0.205952,0.112447,0.018272,0.467391,203.923913,26,4
335625,NY,Kings,047,2025-06-23,1,2025-03-24,91,0.241284,0.0,3.24427,0.863072,0.26603,0.367585,0.172955,0.091639,0.007665,0.782609,293.25,23,4
335628,NY,Sullivan,105,2026-02-02,1,2025-08-11,175,0.213161,0.336946,4.396455,0.58601,0.133291,0.699956,0.265417,0.160431,0.001943,0.152174,121.815217,106,45
335638,NY,Erie,029,2025-06-30,0,,,,,,,,,,,,,,61,19
335638,NY,Erie,029,2025-11-10,0,,,,,,,,,,,,,,60,15
335650,NY,Erie,029,2025-12-29,0,,,,,,,,,,,,,,9,2
335653,NY,Kings,047,2025-11-24,1,2025-06-02,175,0.212153,0.179661,3.681435,0.726129,0.197241,0.243468,0.135407,0.081361,0.04194,0.282609,424.75,5,1
335657,NY,Orange,071,2025-12-08,1,2025-06-16,175,0.188228,0.638549,3.289428,0.245507,0.074635,0.055766,0.190676,0.12711,0.106266,0.608696,101.23913,107,46
335668,NY,Monroe,055,2025-12-08,1,2025-06-16,175,0.178906,0.0,3.177848,0.29018,0.091313,0.0,0.15678,0.116137,-0.022645,0.75,134.652174,53,26
335679,NY,Erie,029,2026-01-19,1,2025-07-28,175,0.188827,0.0,2.812352,0.681165,0.242205,0.0,0.237828,0.154657,-0.027644,0.978261,134.706522,52,26
335690,NY,Nassau,059,2025-11-17,0,,,,,,,,,,,,,,60,15
335718,NY,Nassau,059,2025-11-17,1,2025-08-18,91,0.360854,0.0,0.370314,0.07931,0.21417,0.373814,-0.010098,3.01939,-0.907136,0.922222,272.222222,28,6
335738,NY,Queens,081,2026-03-23,0,,,,,,,,,,,,,,0,0
335750,NY,Dutchess,027,2025-12-22,0,,,,,,,,,,,,,,49,27
335755,NY,Suffolk,103,2025-09-01,1,2025-03-24,161,0.180983,0.266217,3.271412,0.518703,0.158556,0.0,0.19402,0.116473,0.020641,0.608696,231.891304,29,4
335760,NY,Rensselaer,083,2025-11-24,0,,,,,,,,,,,,,,107,45
335768,NY,Cortland,023,2026-02-23,0,,,,,,,,,,,,,,42,31
335775,NY,Bronx,005,2025-12-08,1,2025-06-16,175,0.206261,0.0,3.353632,0.973816,0.290377,0.281244,0.118968,0.075307,-0.029901,0.630435,193.554348,60,16
335777,NY,Erie,029,2026-03-02,0,,,,,,,,,,,,,,52,26
335785,NY,Cayuga,011,2025-10-27,0,,,,,,,,,,,,,,66,35
335785,NY,Cayuga,011,2026-02-16,0,,,,,,,,,,,,,,66,37
335787,NY,Nassau,059,2025-05-05,1,2025-03-24,42,0.220414,0.0,3.256798,0.260899,0.080109,0.206541,0.098636,0.054716,-0.01244,0.913043,269.782609,28,7
335792,NY,New York,061,2025-10-13,1,2025-04-21,175,0.209287,0.282264,3.041378,0.355632,0.116931,0.035572,0.149755,0.084296,0.006168,1.0,316.804348,10,4
335802,NY,New York,061,2025-12-22,0,,,,,,,,,,,,,,32,27
335810,NY,Dutchess,027,2025-12-22,0,,,,,,,,,,,,,,52,25
335824,NY,Putnam,079,2025-09-29,1,2025-04-07,175,0.203451,0.0,3.371111,0.437376,0.129742,0.268285,0.177179,0.110176,-0.070152,0.608696,148.858696,53,21
335829,NY,Westchester,119,2025-10-13,0,,,,,,,,,,,,,,107,42
335839,NY,Suffolk,103,2026-03-16,1,2025-09-22,175,0.168977,0.371567,3.67432,0.772297,0.210188,0.086205,0.171135,0.091251,-0.032033,0.288889,266.733333,29,7
335850,NY,Suffolk,103,2025-11-24,1,2025-06-02,175,0.262693,0.0,3.027653,0.423337,0.139823,0.374475,0.090783,0.071866,0.034181,1.0,228.73913,29,7
345006,NC,Guilford,081,2025-09-08,1,2025-03-24,168,0.220291,1.637892,3.766401,0.544917,0.144678,0.297564,0.133398,0.101825,0.393729,0.206522,123.597826,72,27
345011,NC,Davidson,057,2025-05-19,1,2025-03-24,56,0.19816,0.371189,3.283098,0.267275,0.08141,0.2084,0.114399,0.081443,-0.071891,0.73913,101.130435,69,28
345026,NC,Mecklenburg,119,2025-12-01,1,2025-06-09,175,0.177791,0.444343,3.29378,0.397916,0.120808,0.027886,0.176111,0.104382,0.020153,0.641304,132.98913,72,29
345048,NC,Buncombe,021,2025-10-20,0,,,,,,,,,,,,,,161,75
345061,NC,Durham,063,2025-06-09,0,,,,,,,,,,,,,,160,78
345109,NC,Stanly,167,2025-09-15,0,,,,,,,,,,,,,,86,45
345115,NC,Rowan,159,2025-12-29,1,2025-07-07,175,0.182697,0.443803,3.543181,0.308499,0.087068,0.193255,0.155984,0.129778,-0.052074,0.326087,122.978261,23,14
345127,NC,Polk,149,2026-02-02,0,,,,,,,,,,,,,,86,46
345132,NC,Guilford,081,2025-04-21,1,2025-03-24,28,0.201256,0.455993,3.439892,0.542983,0.157849,0.289713,0.145059,0.091086,-0.00811,0.521739,88.26087,160,82
345132,NC,Guilford,081,2025-07-07,1,2025-03-24,105,0.201256,0.455993,3.439892,0.542983,0.157849,0.289713,0.145059,0.091086,-0.00811,0.521739,88.26087,160,79
345132,NC,Guilford,081,2025-09-01,1,2025-03-24,161,0.201256,0.455993,3.439892,0.542983,0.157849,0.289713,0.145059,0.091086,-0.00811,0.521739,88.26087,161,76
345137,NC,Edgecombe,065,2025-06-23,0,,,,,,,,,,,,,,160,78
345138,NC,Caldwell,027,2025-07-07,1,2025-03-24,105,0.216646,0.518085,2.982881,0.285405,0.095681,0.132649,0.2327,0.14245,0.091227,0.891304,97.782609,160,79
345138,NC,Caldwell,027,2026-02-02,1,2025-08-11,175,0.243399,0.864497,3.088455,0.224531,0.0727,0.28898,0.158643,0.135406,0.136029,0.771739,104.880435,160,79
345143,NC,Chatham,037,2025-09-08,1,2025-03-24,168,0.229441,1.12212,3.214216,0.434114,0.135061,0.328123,0.104154,0.058394,0.006696,0.967391,133.380435,23,12
345151,NC,Cleveland,045,2025-08-11,0,,,,,,,,,,,,,,23,11
345160,NC,New Hanover,129,2025-10-20,1,2025-04-28,175,0.171681,0.73565,3.716599,0.37578,0.101109,0.230376,0.2187,0.119682,-0.08474,0.26087,81.967391,161,76
345169,NC,Gaston,071,2025-05-05,1,2025-03-24,42,0.206771,0.80897,3.183718,0.341348,0.107217,0.194367,0.174494,0.115492,-0.00983,0.804348,116.543478,69,34
345171,NC,Cleveland,045,2025-07-21,0,,,,,,,,,,,,,,160,78
345171,NC,Cleveland,045,2026-03-09,0,,,,,,,,,,,,,,160,84
345172,NC,Guilford,081,2025-08-18,1,2025-03-24,147,0.220838,0.980537,2.806308,0.265354,0.094556,0.100459,0.060442,0.06331,-0.025548,1.0,170.163043,3,1
345174,NC,Buncombe,021,2025-09-01,1,2025-03-24,161,0.263161,1.54331,3.459913,0.3716,0.107402,0.584708,0.222403,0.150294,0.102215,0.5,87.347826,161,76
345175,NC,Johnston,101,2025-09-08,0,,,,,,,,,,,,,,23,11
345175,NC,Johnston,101,2025-11-03,0,,,,,,,,,,,,,,23,11
345179,NC,Iredell,097,2025-07-07,0,,,,,,,,,,,,,,160,78
345181,NC,Pitt,147,2025-06-09,1,2025-03-24,77,0.182364,0.984501,3.367916,0.297778,0.088416,0.021147,0.159313,0.107529,0.146185,0.586957,115.456522,69,28
345183,NC,Cabarrus,025,2025-06-23,1,2025-03-24,91,0.215619,1.30914,3.3026,0.435766,0.131946,0.204651,0.147808,0.100546,0.195651,0.684783,99.5,160,79
345183,NC,Cabarrus,025,2025-07-14,1,2025-03-24,112,0.215619,1.30914,3.3026,0.435766,0.131946,0.204651,0.147808,0.100546,0.195651,0.684783,99.5,160,79
345204,NC,Buncombe,021,2025-04-14,1,2025-03-24,21,0.186963,0.0,2.934771,0.495473,0.168828,0.004441,0.20075,0.135997,0.000309,0.934783,95.076087,160,82
345215,NC,Beaufort,013,2025-07-14,1,2025-03-24,112,0.206486,0.524032,3.632434,0.477538,0.131465,0.354361,0.17608,0.119461,0.029039,0.391304,117.119565,70,28
345215,NC,Beaufort,013,2025-08-18,1,2025-03-24,147,0.206486,0.524032,3.632434,0.477538,0.131465,0.354361,0.17608,0.119461,0.029039,0.391304,117.119565,72,27
345216,NC,Lee,105,2025-08-18,1,2025-03-24,147,0.19188,0.0,3.27067,0.438642,0.134114,0.162635,0.146647,0.116374,-0.004179,0.673913,74.119565,85,45
345218,NC,Sampson,163,2025-08-11,1,2025-03-24,140,0.179113,0.0,3.585708,0.323135,0.090118,0.121211,0.134068,0.118757,0.098843,0.413043,93.543478,160,79
345228,NC,Beaufort,013,2025-09-01,1,2025-03-24,161,0.182494,0.0,3.070408,0.400009,0.130279,0.0,0.084193,0.078473,-0.023957,0.945652,122.782609,72,27
345233,NC,Mc Dowell,111,2025-06-23,1,2025-03-24,91,0.243749,0.865521,3.027238,0.436658,0.144243,0.402596,0.133683,0.146446,-0.07976,0.869565,110.98913,70,28
345233,NC,Mc Dowell,111,2025-08-11,1,2025-03-24,140,0.243749,0.865521,3.027238,0.436658,0.144243,0.402596,0.133683,0.146446,-0.07976,0.869565,110.98913,71,29
345254,NC,Union,179,2025-04-14,0,,,,,,,,,,,,,,69,33
345254,NC,Union,179,2025-09-29,0,,,,,,,,,,,,,,72,26
345261,NC,Alleghany,005,2025-04-07,1,2025-03-24,14,0.209464,1.584599,3.138178,0.42938,0.136824,0.228191,0.143864,0.12607,-0.019152,0.815217,80.25,159,82
345263,NC,Macon,113,2025-06-02,1,2025-03-24,70,0.194067,0.0,3.393027,0.678529,0.199977,0.297184,0.15586,0.107925,-0.094222,0.532609,65.380435,84,46
345268,NC,Union,179,2025-08-18,1,2025-03-24,147,0.184486,1.139626,3.204577,0.388032,0.121087,0.129835,0.19889,0.129995,-0.088571,0.728261,74.021739,85,45
345283,NC,Iredell,097,2025-04-07,0,,,,,,,,,,,,,,69,33
345301,NC,Alamance,001,2025-03-31,0,,,,,,,,,,,,,,69,33
345325,NC,Harnett,085,2025-06-09,1,2025-03-24,77,0.18487,0.552572,2.994426,0.18675,0.062366,0.0,0.092738,0.08135,-0.061886,0.98913,85.51087,160,79
345329,NC,Caldwell,027,2025-07-21,1,2025-03-24,119,0.168675,1.103474,3.309574,0.426956,0.129006,0.0,0.077787,0.078506,0.011882,0.75,78.836957,160,79
345336,NC,Halifax,083,2025-04-28,1,2025-03-24,35,0.183119,0.387739,3.840312,0.47997,0.124982,0.239692,0.255863,0.140592,0.157021,0.293478,76.934783,160,82
345340,NC,Iredell,097,2025-12-22,0,,,,,,,,,,,,,,160,78
345343,NC,Wayne,191,2025-12-15,1,2025-06-23,175,0.173015,0.0,3.268309,0.417481,0.127736,0.0,0.102311,0.063469,-0.010052,0.847826,126.75,23,14
345371,NC,Craven,049,2026-02-02,1,2025-08-11,175,0.16919,0.373849,3.239988,0.589248,0.181867,0.0,0.160054,0.105733,-0.014093,0.728261,103.521739,72,29
345381,NC,Stokes,169,2025-07-07,1,2025-03-24,105,0.1772,1.604319,3.74512,0.388387,0.103705,0.260189,0.18668,0.123627,-0.056641,0.26087,89.771739,160,79
345384,NC,Pitt,147,2025-05-19,1,2025-05-19,0,0.170544,0.0,3.055571,0.641342,0.209893,0.0,0.188967,0.109393,-0.048476,0.934783,51.76087,83,45
345388,NC,Mecklenburg,119,2025-06-30,1,2025-03-24,98,0.180341,0.743133,3.106127,0.401185,0.129159,0.0,0.128162,0.11352,0.009736,0.847826,93.847826,160,79
345389,NC,Wake,183,2025-05-12,0,,,,,,,,,,,,,,69,33
345393,NC,Buncombe,021,2025-03-31,1,2025-03-24,7,0.207719,0.358792,2.751919,0.817666,0.297126,0.11113,0.161998,0.11241,0.037779,1.0,95.293478,158,81
345413,NC,Buncombe,021,2025-09-22,0,,,,,,,,,,,,,,25,17
345421,NC,Chatham,037,2025-07-07,0,,,,,,,,,,,,,,70,27
345434,NC,Durham,063,2025-04-07,1,2025-03-24,14,0.178456,1.208104,3.995775,0.57664,0.144312,0.266865,0.168737,0.111375,0.036898,0.163043,188.23913,0,0
345434,NC,Durham,063,2025-05-19,1,2025-03-24,56,0.178456,1.208104,3.995775,0.57664,0.144312,0.266865,0.168737,0.111375,0.036898,0.163043,188.23913,0,0
345438,NC,Buncombe,021,2025-06-30,0,,,,,,,,,,,,,,84,45
345443,NC,Forsyth,067,2025-06-09,0,,,,,,,,,,,,,,23,11
345457,NC,Gaston,071,2025-07-28,0,,,,,,,,,,,,,,84,45
345502,NC,Union,179,2025-04-21,0,,,,,,,,,,,,,,160,81
345506,NC,Guilford,081,2025-04-14,0,,,,,,,,,,,,,,79,44
345507,NC,New Hanover,129,2025-04-21,1,2025-03-24,28,0.186673,0.943798,3.519418,0.484541,0.137676,0.282367,0.217468,0.138047,-0.120093,0.391304,87.184783,160,82
345507,NC,New Hanover,129,2025-12-01,1,2025-06-09,175,0.18023,1.716804,3.164518,0.485613,0.153456,0.137196,0.214301,0.153567,-0.173362,0.728261,83.293478,160,79
345522,NC,Henderson,089,2025-06-02,1,2025-03-24,70,0.188648,0.0,3.091471,0.9311,0.301183,0.127384,0.287221,0.186139,0.021863,0.73913,80.858696,160,79
345522,NC,Henderson,089,2025-12-08,1,2025-06-16,175,0.197018,0.346866,2.990076,0.758292,0.253603,0.139315,0.219637,0.158396,-0.0037,0.826087,78.913043,160,79
345523,NC,Randolph,151,2025-07-28,1,2025-03-24,126,0.177181,0.480592,3.419523,0.343036,0.100317,0.098604,0.203669,0.1483,0.020913,0.619565,74.217391,84,46
345526,NC,Burke,023,2025-08-25,0,,,,,,,,,,,,,,161,75
345531,NC,Rowan,159,2025-12-08,0,,,,,,,,,,,,,,160,78
345544,NC,Mecklenburg,119,2025-09-29,0,,,,,,,,,,,,,,72,26
345548,NC,Guilford,081,2025-04-28,0,,,,,,,,,,,,,,69,33
345563,NC,Mecklenburg,119,2025-12-08,1,2025-06-16,175,0.168947,0.737134,3.388839,0.460909,0.136008,0.0,0.113965,0.089222,0.061493,0.630435,99.043478,160,79
355031,ND,Ward,101,2025-11-24,1,2025-06-02,175,0.173716,1.451325,3.317034,0.807199,0.24335,0.148512,0.075985,0.110027,-0.079685,0.684783,36.23913,32,22
355048,ND,Dickey,021,2025-12-22,1,2025-06-30,175,0.225627,0.0,3.594901,0.883308,0.245711,0.519579,0.15494,0.104024,0.032494,0.358696,49.880435,31,21
355058,ND,Burleigh,015,2025-07-21,0,,,,,,,,,,,,,,1,1
355060,ND,Burleigh,015,2025-03-31,0,,,,,,,,,,,,,,8,7
355065,ND,Morton,059,2025-05-12,0,,,,,,,,,,,,,,4,4
355065,ND,Morton,059,2025-07-28,0,,,,,,,,,,,,,,4,4
355067,ND,Grand Forks,035,2025-06-16,0,,,,,,,,,,,,,,1,1
355080,ND,Rolette,079,2025-12-22,0,,,,,,,,,,,,,,31,20
355109,ND,Mchenry,049,2025-04-21,0,,,,,,,,,,,,,,30,22
355109,ND,Mchenry,049,2025-11-17,0,,,,,,,,,,,,,,32,21
365026,OH,Franklin,049,2025-06-09,0,,,,,,,,,,,,,,251,138
365026,OH,Franklin,049,2025-10-20,0,,,,,,,,,,,,,,254,130
365026,OH,Franklin,049,2025-12-29,0,,,,,,,,,,,,,,252,135
365030,OH,Lucas,095,2025-07-28,1,2025-03-24,126,0.191309,0.185312,3.138011,0.412716,0.131521,0.082127,0.13125,0.089684,0.035105,0.913043,77.48913,252,140
365044,OH,Hamilton,061,2025-03-31,0,,,,,,,,,,,,,,251,146
365044,OH,Hamilton,061,2025-12-22,0,,,,,,,,,,,,,,252,135
365044,OH,Hamilton,061,2026-02-09,0,,,,,,,,,,,,,,252,152
365047,OH,Franklin,049,2025-06-23,0,,,,,,,,,,,,,,173,113
365065,OH,Hamilton,061,2025-11-24,1,2025-06-02,175,0.19684,0.290111,3.340265,0.52184,0.156227,0.194973,0.186579,0.137312,0.057451,0.630435,79.880435,253,137
365077,OH,Franklin,049,2025-06-09,0,,,,,,,,,,,,,,72,36
365084,OH,Cuyahoga,035,2025-04-14,0,,,,,,,,,,,,,,10,4
365109,OH,Cuyahoga,035,2025-10-20,0,,,,,,,,,,,,,,72,35
365192,OH,Cuyahoga,035,2025-10-06,1,2025-04-14,175,0.178894,0.193561,3.301267,0.285019,0.086336,0.000213,0.161685,0.122727,0.079651,0.630435,123.923913,72,36
365222,OH,Franklin,049,2025-12-08,0,,,,,,,,,,,,,,71,36
365222,OH,Franklin,049,2026-02-09,0,,,,,,,,,,,,,,70,37
365246,OH,Van Wert,161,2025-05-05,0,,,,,,,,,,,,,,317,201
365271,OH,Jefferson,081,2025-10-20,0,,,,,,,,,,,,,,254,130
365275,OH,Mahoning,099,2026-01-12,1,2025-07-21,175,0.193361,0.164305,3.575201,0.690265,0.19307,0.275661,0.074626,0.080262,0.025272,0.369565,93.793478,252,136
365277,OH,Butler,017,2025-11-24,0,,,,,,,,,,,,,,318,198
365286,OH,Ashtabula,007,2025-05-19,1,2025-03-24,56,0.199351,0.0,2.893712,0.342097,0.118221,0.0,0.14872,0.083139,0.035397,1.0,143.043478,31,11
365305,OH,Lake,085,2025-10-20,1,2025-04-28,175,0.185454,0.152314,2.830796,0.590996,0.208774,0.00493,0.139985,0.092613,-0.109702,1.0,137.673913,31,10
365316,OH,Summit,153,2025-05-19,1,2025-03-24,56,0.175857,0.517351,3.216425,0.333982,0.103836,0.0,0.124979,0.103091,0.050303,0.76087,60.054348,319,191
365316,OH,Summit,153,2025-09-15,1,2025-03-24,175,0.175857,0.517351,3.216425,0.333982,0.103836,0.0,0.124979,0.103091,0.050303,0.76087,60.054348,319,180
365321,OH,Montgomery,113,2026-03-02,1,2025-09-08,175,0.197053,0.466475,3.311106,0.755267,0.228101,0.228606,0.159603,0.111698,-0.004627,0.611111,101.722222,252,153
365339,OH,Lucas,095,2025-04-07,0,,,,,,,,,,,,,,251,146
365339,OH,Lucas,095,2025-12-01,1,2025-08-18,105,0.171123,0.904084,3.313485,0.508478,0.153457,0.068816,0.100929,0.105846,-0.07379,0.666667,88.055556,253,137
365341,OH,Mercer,107,2025-08-11,1,2025-03-24,140,0.170573,0.0,3.035924,0.62934,0.207298,0.005548,0.199448,0.162514,-0.116006,0.793478,94.543478,252,140
365343,OH,Huron,077,2025-04-21,0,,,,,,,,,,,,,,0,0
365351,OH,Crawford,033,2025-10-13,1,2025-04-21,175,0.228911,0.175939,3.332783,0.44061,0.132205,0.435508,0.139956,0.134949,-0.01871,0.554348,49.369565,173,109
365355,OH,Cuyahoga,035,2025-05-26,0,,,,,,,,,,,,,,319,190
365363,OH,Butler,017,2025-07-28,0,,,,,,,,,,,,,,319,190
365370,OH,Summit,153,2025-03-31,1,2025-03-24,7,0.180601,0.193561,3.28861,0.435142,0.132318,0.113942,0.13304,0.132062,-0.013182,0.684783,43.0,172,119
365379,OH,Franklin,049,2025-08-11,0,,,,,,,,,,,,,,0,0
365388,OH,Cuyahoga,035,2026-03-02,1,2025-09-08,175,0.17125,0.0,3.495237,0.547648,0.156684,0.035817,0.136314,0.084932,0.058859,0.433333,155.4,10,6
365394,OH,Muskingum,119,2025-07-21,1,2025-03-24,119,0.173662,0.573391,3.153261,0.383084,0.121488,0.0,0.159943,0.12458,-0.053777,0.782609,100.336957,72,37
365398,OH,Scioto,145,2026-02-16,0,,,,,,,,,,,,,,317,213
365408,OH,Delaware,041,2025-11-03,1,2025-05-12,175,0.174015,0.0,3.071934,0.46629,0.15179,0.0,0.14377,0.113691,-0.070023,0.847826,83.673913,254,131
365417,OH,Tuscarawas,157,2026-02-02,0,,,,,,,,,,,,,,317,198
365418,OH,Sandusky,143,2025-06-02,1,2025-03-24,70,0.185786,0.187789,3.605089,0.545271,0.15125,0.264336,0.12666,0.093214,-0.019712,0.304348,72.858696,319,191
365418,OH,Sandusky,143,2026-03-02,0,,,,,,,,,,,,,,317,213
365424,OH,Clark,023,2025-05-26,1,2025-03-24,63,0.17966,0.0,3.086826,0.349962,0.113373,0.0,0.133201,0.094778,-0.017822,0.934783,85.847826,251,139
365425,OH,Licking,089,2025-08-18,0,,,,,,,,,,,,,,72,35
365432,OH,Cuyahoga,035,2025-11-24,1,2025-08-18,98,0.173522,0.488302,3.268068,0.312755,0.0957,0.004517,0.139499,0.089156,-0.003005,0.788889,103.311111,253,137
365437,OH,Champaign,021,2025-07-07,0,,,,,,,,,,,,,,319,190
365444,OH,Scioto,145,2025-12-08,1,2025-06-16,175,0.176909,0.0,4.236279,0.505716,0.119377,0.463014,0.170136,0.125129,-0.054849,0.065217,62.184783,318,199
365450,OH,Meigs,105,2025-06-30,0,,,,,,,,,,,,,,319,190
365461,OH,Washington,167,2025-08-11,0,,,,,,,,,,,,,,173,113
365466,OH,Licking,089,2025-10-20,1,2025-04-28,175,0.171652,0.0,3.435317,0.404267,0.11768,0.002186,0.209122,0.114056,0.106057,0.369565,124.5,72,36
365475,OH,Richland,139,2025-05-12,0,,,,,,,,,,,,,,172,118
365492,OH,Lake,085,2025-05-12,1,2025-03-24,49,0.181857,0.177651,3.483192,0.619523,0.177861,0.123475,0.144368,0.095146,0.127176,0.467391,70.358696,317,202
365498,OH,Ottawa,123,2025-06-09,0,,,,,,,,,,,,,,251,138
365521,OH,Stark,151,2025-08-04,1,2025-03-24,133,0.199896,0.323373,4.062049,0.585376,0.144109,0.510665,0.162918,0.112423,-0.050967,0.108696,134.054348,31,11
365523,OH,Lucas,095,2025-08-25,0,,,,,,,,,,,,,,319,179
365527,OH,Clark,023,2025-11-17,0,,,,,,,,,,,,,,173,115
365535,OH,Wood,173,2025-05-12,0,,,,,,,,,,,,,,251,146
365539,OH,Trumbull,155,2025-12-29,0,,,,,,,,,,,,,,252,135
365555,OH,Trumbull,155,2025-05-19,0,,,,,,,,,,,,,,319,190
365556,OH,Pickaway,129,2025-07-21,0,,,,,,,,,,,,,,319,190
365556,OH,Pickaway,129,2026-01-26,0,,,,,,,,,,,,,,317,198
365559,OH,Belmont,013,2025-08-11,1,2025-03-24,140,0.169305,0.0,3.294188,0.464679,0.14106,0.010676,0.098518,0.100596,0.026262,0.695652,54.23913,319,191
365563,OH,Wayne,169,2025-05-26,1,2025-03-24,63,0.191636,0.0,2.950212,0.267626,0.090714,0.0,0.100635,0.098517,0.044059,0.967391,58.891304,319,191
365566,OH,Auglaize,011,2025-07-21,1,2025-03-24,119,0.176053,0.179484,3.149095,0.419816,0.133313,0.004889,0.099476,0.094488,0.011918,0.891304,57.891304,319,191
365572,OH,Franklin,049,2025-05-26,1,2025-03-24,63,0.179856,0.390016,3.033572,0.543619,0.179201,0.0,0.093299,0.078684,-0.01011,0.98913,87.902174,251,139
365574,OH,Mahoning,099,2026-01-12,0,,,,,,,,,,,,,,70,35
365577,OH,Union,159,2025-05-12,0,,,,,,,,,,,,,,317,201
365578,OH,Perry,127,2026-01-05,1,2025-07-14,175,0.170581,0.364158,3.148812,0.504656,0.160269,0.0,0.144556,0.133829,-0.03042,0.804348,59.858696,317,199
365580,OH,Mahoning,099,2025-12-29,1,2025-08-18,133,0.17468,0.0,3.800424,0.678993,0.178663,0.250695,0.252481,0.175313,0.049612,0.311111,43.266667,173,116
365581,OH,Lake,085,2025-11-24,0,,,,,,,,,,,,,,318,198
365589,OH,Athens,009,2025-08-11,0,,,,,,,,,,,,,,319,190
365594,OH,Cuyahoga,035,2025-09-22,0,,,,,,,,,,,,,,319,179
365600,OH,Allen,003,2025-06-09,0,,,,,,,,,,,,,,173,113
365601,OH,Greene,057,2025-04-07,1,2025-03-24,14,0.18473,0.0,3.25794,0.429712,0.131897,0.097415,0.126033,0.094123,0.014707,0.728261,75.141304,251,147
365616,OH,Montgomery,113,2025-08-11,1,2025-03-24,140,0.17393,0.0,3.136839,0.405794,0.129364,7.7e-05,0.177362,0.113925,-0.045056,0.826087,90.369565,252,140
365629,OH,Jefferson,081,2025-06-02,1,2025-03-24,70,0.18611,0.866891,3.080509,0.345481,0.112151,0.012552,0.089769,0.091088,0.046274,0.902174,74.086957,319,191
365629,OH,Jefferson,081,2025-07-28,1,2025-03-24,126,0.18611,0.866891,3.080509,0.345481,0.112151,0.012552,0.089769,0.091088,0.046274,0.902174,74.086957,319,191
365646,OH,Ashland,005,2025-03-31,0,,,,,,,,,,,,,,251,146
365658,OH,Lake,085,2025-04-07,1,2025-03-24,14,0.177724,0.341515,3.273344,0.40253,0.122972,0.0,0.186186,0.102772,0.108115,0.663043,87.847826,251,147
365658,OH,Lake,085,2025-12-01,1,2025-06-09,175,0.177399,0.494472,3.177279,0.466475,0.146816,0.0,0.155112,0.120967,0.048571,0.73913,85.271739,253,137
365667,OH,Medina,103,2025-04-21,1,2025-03-24,28,0.307892,0.586904,2.389765,0.514628,0.215347,0.512223,0.002687,0.117123,0.006431,1.0,59.26087,317,202
365671,OH,Franklin,049,2026-01-26,0,,,,,,,,,,,,,,173,115
365675,OH,Clermont,025,2025-04-07,0,,,,,,,,,,,,,,317,201
365686,OH,Franklin,049,2025-11-03,1,2025-05-19,168,0.168825,0.637157,3.221533,0.570934,0.177224,0.0,0.144312,0.110052,-0.027807,0.804348,93.358696,254,131
365687,OH,Washington,167,2025-12-08,0,,,,,,,,,,,,,,253,136
365694,OH,Ross,141,2026-02-23,1,2025-09-01,175,0.193098,0.851399,2.972318,0.407426,0.137073,0.0,0.06764,0.162541,0.105871,0.833333,67.677778,317,214
365695,OH,Wayne,169,2025-08-11,1,2025-03-24,140,0.178589,0.171318,3.488546,0.593487,0.170124,0.170181,0.205998,0.121355,0.00601,0.380435,66.554348,319,191
365696,OH,Belmont,013,2025-06-23,1,2025-03-24,91,0.18669,0.0,2.857157,0.494543,0.173089,0.000772,0.208549,0.146717,-0.023886,0.956522,73.934783,319,191
365696,OH,Belmont,013,2025-11-17,1,2025-05-26,175,0.180301,0.0,3.064376,0.533535,0.174109,0.0,0.113344,0.110607,0.03722,0.902174,68.902174,318,199
365699,OH,Belmont,013,2025-08-25,0,,,,,,,,,,,,,,319,179
365699,OH,Belmont,013,2026-03-16,0,,,,,,,,,,,,,,317,213
365716,OH,Montgomery,113,2025-09-15,0,,,,,,,,,,,,,,319,179
365718,OH,Portage,133,2026-03-02,0,,,,,,,,,,,,,,317,213
365731,OH,Cuyahoga,035,2025-10-27,1,2025-05-05,175,0.172255,0.337102,3.280903,0.507998,0.154835,0.032282,0.090464,0.118896,0.031808,0.728261,45.978261,173,109
365737,OH,Lucas,095,2025-09-15,1,2025-03-24,175,0.217229,0.180817,3.089325,0.342924,0.111003,0.237308,0.154926,0.098426,0.009222,0.913043,70.358696,319,180
365741,OH,Ashtabula,007,2026-02-23,1,2025-09-01,175,0.189755,0.291617,3.84417,0.262447,0.068272,0.30937,0.100817,0.066883,0.049563,0.088889,109.144444,70,38
365745,OH,Fulton,051,2025-06-09,1,2025-03-24,77,0.175753,0.0,3.217585,0.322086,0.100102,0.00373,0.143424,0.082326,0.023198,0.804348,76.75,251,139
365747,OH,Lucas,095,2025-08-25,1,2025-03-24,154,0.183038,0.559342,3.118669,0.404693,0.129765,0.0,0.121201,0.097598,0.067593,0.891304,80.26087,253,130
365747,OH,Lucas,095,2025-09-29,1,2025-04-07,175,0.183038,0.553409,3.118669,0.404693,0.129765,0.0,0.121201,0.097598,0.067593,0.891304,80.26087,254,131
365747,OH,Lucas,095,2026-01-05,1,2025-07-14,175,0.17883,0.515162,3.237013,0.370265,0.114385,0.0,0.111368,0.089143,0.093112,0.815217,75.467391,252,136
365748,OH,Trumbull,155,2025-09-29,1,2025-04-07,175,0.179172,0.0,3.462833,0.4826,0.139366,0.109379,0.089531,0.148185,0.117407,0.48913,32.271739,173,109
365752,OH,Lucas,095,2025-08-04,0,,,,,,,,,,,,,,253,140
365752,OH,Lucas,095,2026-02-23,1,2025-09-01,175,0.179799,1.110182,2.9936,0.596123,0.199132,0.0,0.109616,0.08799,-0.022522,0.977778,89.411111,252,153
365757,OH,Cuyahoga,035,2025-07-28,1,2025-03-24,126,0.169732,0.0,3.322187,0.668015,0.201077,0.041089,0.217405,0.12886,-0.072556,0.565217,164.576087,10,5
365757,OH,Cuyahoga,035,2025-09-01,1,2025-03-24,161,0.169732,0.0,3.322187,0.668015,0.201077,0.041089,0.217405,0.12886,-0.072556,0.565217,164.576087,10,5
365758,OH,Cuyahoga,035,2025-09-15,0,,,,,,,,,,,,,,254,130
365759,OH,Cuyahoga,035,2025-10-06,0,,,,,,,,,,,,,,319,179
365773,OH,Montgomery,113,2025-06-16,0,,,,,,,,,,,,,,319,190
365780,OH,Washington,167,2025-12-01,0,,,,,,,,,,,,,,318,198
365784,OH,Trumbull,155,2025-07-14,1,2025-03-24,112,0.193153,0.186638,3.469877,0.597174,0.172102,0.21767,0.11384,0.122055,0.081295,0.565217,62.695652,319,191
365811,OH,Cuyahoga,035,2025-08-25,1,2025-03-24,154,0.177893,0.567599,3.136796,0.426871,0.136085,0.0,0.15,0.123172,0.012462,0.804348,89.032609,253,130
365812,OH,Hamilton,061,2025-04-28,0,,,,,,,,,,,,,,172,118
365812,OH,Hamilton,061,2026-02-16,0,,,,,,,,,,,,,,173,121
365830,OH,Williams,171,2025-12-08,1,2025-06-16,175,0.173546,0.942986,3.254696,0.409134,0.125706,0.0,0.13789,0.095018,0.04061,0.76087,80.706522,253,137
365835,OH,Morrow,117,2025-08-25,1,2025-03-24,154,0.178669,0.0,3.584699,0.586037,0.163483,0.196767,0.152275,0.15544,0.052775,0.293478,32.5,173,109
365853,OH,Mahoning,099,2026-02-23,1,2025-09-01,175,0.169235,0.843533,3.183034,0.670122,0.210529,0.0,0.173514,0.10206,-0.0333,0.833333,102.622222,70,38
365859,OH,Summit,153,2025-11-24,1,2025-06-02,175,0.192115,0.378694,3.318978,0.271756,0.08188,0.21313,0.169736,0.131331,-0.068357,0.641304,50.934783,318,199
365874,OH,Summit,153,2025-07-14,1,2025-03-24,112,0.230471,0.157368,3.037364,0.576093,0.189669,0.344053,0.155671,0.110967,0.00837,0.902174,40.869565,173,114
365877,OH,Montgomery,113,2025-04-07,1,2025-03-24,14,0.189814,0.169647,3.02317,0.376397,0.124504,0.0,0.086386,0.055986,-0.018558,1.0,169.23913,10,5
365877,OH,Montgomery,113,2025-09-01,1,2025-03-24,161,0.189814,0.169647,3.02317,0.376397,0.124504,0.0,0.086386,0.055986,-0.018558,1.0,169.23913,10,5
365879,OH,Cuyahoga,035,2025-09-15,1,2025-03-24,175,0.176048,0.625696,3.237642,0.478533,0.147803,0.0,0.188824,0.120505,0.065687,0.663043,97.847826,254,131
365879,OH,Cuyahoga,035,2025-12-01,1,2025-06-09,175,0.182375,0.605721,2.991509,0.45338,0.151556,0.0,0.19684,0.118161,-0.028507,0.902174,99.206522,253,137
365882,OH,Miami,109,2025-03-31,0,,,,,,,,,,,,,,251,146
365902,OH,Trumbull,155,2025-07-07,1,2025-05-19,49,0.18877,0.0,3.379848,0.497709,0.147258,0.281631,0.106502,0.210821,-0.149756,0.565217,37.956522,26,24
365904,OH,Stark,151,2025-04-21,1,2025-03-24,28,0.17017,0.0,3.418902,0.571983,0.1673,0.132874,0.286088,0.170713,-0.071545,0.413043,57.836957,317,202
365904,OH,Stark,151,2026-01-05,0,,,,,,,,,,,,,,317,198
365907,OH,Lucas,095,2025-11-10,0,,,,,,,,,,,,,,0,0
365907,OH,Lucas,095,2025-11-17,0,,,,,,,,,,,,,,0,0
365911,OH,Richland,139,2025-09-15,1,2025-03-24,175,0.189213,0.377324,3.020183,0.804001,0.266209,0.106689,0.134606,0.102595,0.015421,0.956522,45.641304,173,109
365917,OH,Clark,023,2025-05-19,1,2025-03-24,56,0.18293,0.0,3.798588,0.624425,0.164383,0.321157,0.153855,0.101412,-0.050554,0.228261,101.619565,72,37
365936,OH,Allen,003,2026-03-16,0,,,,,,,,,,,,,,173,121
365950,OH,Franklin,049,2025-05-12,0,,,,,,,,,,,,,,251,146
365950,OH,Franklin,049,2025-06-23,0,,,,,,,,,,,,,,251,138
365950,OH,Franklin,049,2025-09-22,0,,,,,,,,,,,,,,254,130
365950,OH,Franklin,049,2025-11-10,0,,,,,,,,,,,,,,253,136
365972,OH,Mahoning,099,2025-09-15,1,2025-03-24,175,0.171178,0.284241,3.258843,0.418686,0.128477,0.0,0.145846,0.110293,0.035587,0.706522,61.456522,319,180
365972,OH,Mahoning,099,2025-09-22,1,2025-03-31,175,0.171178,0.282701,3.258843,0.418686,0.128477,0.0,0.145846,0.110293,0.035587,0.706522,61.456522,319,180
365975,OH,Belmont,013,2025-08-18,0,,,,,,,,,,,,,,319,179
365988,OH,Franklin,049,2025-09-01,0,,,,,,,,,,,,,,173,108
365994,OH,Highland,071,2025-12-29,0,,,,,,,,,,,,,,252,135
365996,OH,Lucas,095,2025-08-25,0,,,,,,,,,,,,,,173,108
365998,OH,Gallia,053,2025-05-05,0,,,,,,,,,,,,,,172,118
366000,OH,Montgomery,113,2025-09-15,0,,,,,,,,,,,,,,254,130
366001,OH,Washington,167,2025-05-12,1,2025-03-24,49,0.184694,0.550905,3.654891,0.510793,0.139756,0.257357,0.137063,0.097418,0.006975,0.271739,76.913043,251,147
366013,OH,Richland,139,2025-10-27,1,2025-05-05,175,0.179609,0.0,3.016621,0.594546,0.19709,0.029632,0.19651,0.118472,-0.03272,0.891304,66.228261,319,180
366015,OH,Lake,085,2025-12-08,1,2025-06-16,175,0.172035,0.318578,3.899833,0.562329,0.144193,0.198041,0.108681,0.10113,0.135613,0.130435,70.282609,253,137
366023,OH,Hamilton,061,2026-02-23,0,,,,,,,,,,,,,,317,213
366039,OH,Lucas,095,2025-09-08,0,,,,,,,,,,,,,,319,179
366042,OH,Lucas,095,2025-08-25,0,,,,,,,,,,,,,,253,129
366047,OH,Ashtabula,007,2026-01-19,0,,,,,,,,,,,,,,317,198
366051,OH,Muskingum,119,2025-07-28,0,,,,,,,,,,,,,,319,190
366081,OH,Sandusky,143,2025-07-21,1,2025-03-24,119,0.18344,0.186638,3.346522,0.567738,0.16965,0.149591,0.118323,0.165513,0.037986,0.586957,26.717391,173,114
366081,OH,Sandusky,143,2026-01-12,1,2025-07-21,175,0.20359,0.175939,3.139622,0.410176,0.130645,0.23952,0.126877,0.100576,-0.068089,0.902174,33.913043,173,116
366094,OH,Franklin,049,2025-07-21,1,2025-03-24,119,0.179566,0.192136,3.054738,0.483892,0.158407,0.0,0.101375,0.071994,0.000595,0.967391,74.565217,319,191
366096,OH,Columbiana,029,2025-08-25,1,2025-03-24,154,0.171413,0.19574,3.188596,0.514866,0.161471,0.0,0.169505,0.122586,0.014638,0.76087,58.858696,319,180
366108,OH,Clark,023,2025-12-22,0,,,,,,,,,,,,,,317,198
366113,OH,Trumbull,155,2025-09-15,1,2025-03-24,175,0.172193,0.555936,3.515108,0.491481,0.13982,0.090038,0.188678,0.127059,0.040653,0.391304,97.413043,254,131
366142,OH,Franklin,049,2025-09-08,0,,,,,,,,,,,,,,319,179
366150,OH,Hamilton,061,2025-05-19,0,,,,,,,,,,,,,,0,0
366150,OH,Hamilton,061,2025-07-14,0,,,,,,,,,,,,,,0,0
366156,OH,Hamilton,061,2025-08-04,1,2025-03-24,133,0.18407,0.0,3.471124,0.469265,0.135191,0.145998,0.210232,0.119778,0.072735,0.434783,84.75,252,140
366170,OH,Franklin,049,2026-01-05,0,,,,,,,,,,,,,,317,198
366171,OH,Auglaize,011,2025-05-19,1,2025-03-24,56,0.217554,0.344901,3.088008,0.57748,0.187007,0.322792,0.11182,0.112353,-0.054586,0.858696,29.847826,173,114
366171,OH,Auglaize,011,2025-09-22,1,2025-03-31,175,0.217554,0.343765,3.088008,0.57748,0.187007,0.322792,0.11182,0.112353,-0.054586,0.858696,29.847826,173,109
366178,OH,Montgomery,113,2025-05-19,1,2025-03-24,56,0.238764,0.348355,3.560473,0.612737,0.172094,0.572646,0.175537,0.105058,-0.001603,0.336957,68.304348,319,191
366178,OH,Montgomery,113,2026-02-23,1,2025-09-01,175,0.250411,0.485275,4.09237,0.720443,0.176045,0.704012,0.23238,0.13693,0.252423,0.2,64.755556,317,214
366186,OH,Mahoning,099,2025-03-31,1,2025-03-24,7,0.20168,0.188857,3.265024,0.420477,0.128782,0.290332,0.092386,0.070438,-0.135433,0.793478,67.282609,317,202
366191,OH,Mahoning,099,2025-04-14,0,,,,,,,,,,,,,,317,201
366199,OH,Fairfield,045,2025-06-09,1,2025-03-24,77,0.171894,0.364158,3.322038,0.460974,0.138762,0.000337,0.129501,0.101698,0.078561,0.673913,77.706522,251,139
366199,OH,Fairfield,045,2025-10-13,1,2025-04-21,175,0.171894,0.359145,3.322038,0.460974,0.138762,0.000337,0.129501,0.101698,0.078561,0.673913,77.706522,254,131
366199,OH,Fairfield,045,2026-02-02,1,2025-08-11,175,0.174276,0.510601,3.207331,0.440424,0.137318,0.001454,0.112376,0.085599,0.022973,0.869565,74.576087,252,136
366207,OH,Franklin,049,2026-01-26,1,2025-08-04,175,0.171581,0.353069,3.434729,0.280828,0.081761,0.0,0.105428,0.106375,0.123202,0.5,79.684783,252,136
366209,OH,Hamilton,061,2025-09-29,1,2025-04-07,175,0.171668,0.0,3.333079,0.363373,0.10902,0.007608,0.15555,0.104211,0.042423,0.630435,89.163043,254,131
366214,OH,Stark,151,2025-04-07,1,2025-03-24,14,0.172095,0.683989,3.222138,0.481642,0.149479,0.0,0.163184,0.095108,0.021833,0.793478,74.336957,317,202
366235,OH,Shelby,149,2025-08-11,1,2025-03-24,140,0.198699,0.0,3.141675,0.462071,0.147078,0.1379,0.107873,0.101806,0.042432,0.858696,68.663043,319,191
366238,OH,Hamilton,061,2025-12-15,1,2025-06-23,175,0.172473,0.0,3.546034,0.404937,0.114194,0.088792,0.174539,0.103584,0.042266,0.402174,109.043478,71,37
366249,OH,Harrison,067,2026-03-23,0,,,,,,,,,,,,,,0,0
366250,OH,Athens,009,2026-03-09,1,2025-09-15,175,0.171839,0.0,3.176875,0.48897,0.153915,0.0,0.14253,0.101195,0.006254,0.822222,55.966667,317,214
366266,OH,Cuyahoga,035,2026-02-23,0,,,,,,,,,,,,,,173,121
366272,OH,Cuyahoga,035,2025-04-07,0,,,,,,,,,,,,,,317,201
366281,OH,Trumbull,155,2025-10-20,1,2025-04-28,175,0.179434,0.191431,3.44636,0.436369,0.126617,0.136127,0.296343,0.16828,0.016577,0.423913,84.206522,254,131
366285,OH,Belmont,013,2025-04-21,1,2025-03-24,28,0.173432,0.0,3.061056,0.492532,0.160902,0.0,0.183394,0.129393,-0.061155,0.847826,70.586957,317,202
366301,OH,Butler,017,2025-11-17,0,,,,,,,,,,,,,,71,36
366320,OH,Hamilton,061,2026-01-12,0,,,,,,,,,,,,,,70,35
366325,OH,Erie,043,2025-06-02,0,,,,,,,,,,,,,,2,1
366325,OH,Erie,043,2025-11-03,0,,,,,,,,,,,,,,2,1
366328,OH,Lucas,095,2025-05-19,0,,,,,,,,,,,,,,319,190
366328,OH,Lucas,095,2025-06-30,0,,,,,,,,,,,,,,319,190
366328,OH,Lucas,095,2025-08-18,0,,,,,,,,,,,,,,319,179
366328,OH,Lucas,095,2025-12-01,0,,,,,,,,,,,,,,318,198
366331,OH,Jefferson,081,2025-04-28,1,2025-03-24,35,0.188108,0.0,2.913466,0.495812,0.170179,0.0,0.088368,0.064172,0.016895,1.0,77.967391,251,147
366347,OH,Hamilton,061,2025-11-17,0,,,,,,,,,,,,,,253,136
366359,OH,Cuyahoga,035,2025-09-08,0,,,,,,,,,,,,,,319,179
366363,OH,Jefferson,081,2026-01-05,0,,,,,,,,,,,,,,252,135
366380,OH,Hamilton,061,2025-06-30,0,,,,,,,,,,,,,,251,138
366384,OH,Montgomery,113,2025-12-08,0,,,,,,,,,,,,,,318,198
366385,OH,Summit,153,2025-06-16,0,,,,,,,,,,,,,,173,113
366391,OH,Stark,151,2025-06-02,0,,,,,,,,,,,,,,319,190
366391,OH,Stark,151,2025-10-20,0,,,,,,,,,,,,,,319,179
366391,OH,Stark,151,2025-11-03,0,,,,,,,,,,,,,,319,179
366393,OH,Warren,165,2025-05-12,0,,,,,,,,,,,,,,317,201
366393,OH,Warren,165,2025-12-15,0,,,,,,,,,,,,,,318,198
366400,OH,Greene,057,2025-12-29,1,2025-07-07,175,0.179887,0.0,2.922411,0.488927,0.167302,0.01332,0.097604,0.103253,-0.104199,0.967391,71.902174,317,199
366418,OH,Franklin,049,2026-01-26,1,2025-08-04,175,0.171562,1.078229,3.284641,0.568906,0.173202,0.028757,0.115029,0.17228,-0.00109,0.630435,91.271739,70,36
366419,OH,Summit,153,2025-06-23,0,,,,,,,,,,,,,,319,190
366419,OH,Summit,153,2025-08-11,0,,,,,,,,,,,,,,319,190
366419,OH,Summit,153,2026-01-05,1,2025-08-18,140,0.169425,0.627577,3.460588,0.477509,0.137985,0.085049,0.118235,0.079317,-0.006372,0.533333,68.388889,317,199
366419,OH,Summit,153,2026-02-09,1,2025-08-18,175,0.169425,0.627577,3.460588,0.477509,0.137985,0.085049,0.118235,0.079317,-0.006372,0.533333,68.388889,317,214
366424,OH,Franklin,049,2025-05-12,0,,,,,,,,,,,,,,317,201
366424,OH,Franklin,049,2026-02-23,0,,,,,,,,,,,,,,317,213
366426,OH,Lorain,093,2025-11-03,1,2025-05-12,175,0.171718,0.156357,3.120243,0.640246,0.205191,0.0,0.127545,0.082758,-0.01803,0.956522,70.315217,319,180
366431,OH,Portage,133,2025-12-01,0,,,,,,,,,,,,,,253,136
366433,OH,Geauga,055,2025-06-16,1,2025-03-24,84,0.188284,0.0,3.034973,0.567557,0.187005,0.068612,0.224873,0.129976,-0.015973,0.880435,93.23913,251,139
366439,OH,Clermont,025,2025-08-11,0,,,,,,,,,,,,,,319,190
366441,OH,Cuyahoga,035,2025-07-07,0,,,,,,,,,,,,,,319,190
366443,OH,Washington,167,2026-01-26,0,,,,,,,,,,,,,,317,198
366444,OH,Hardin,065,2025-11-03,0,,,,,,,,,,,,,,319,179
366448,OH,Monroe,111,2025-09-29,1,2025-04-07,175,0.172278,0.540311,3.734967,0.934469,0.250195,0.248783,0.14672,0.149992,0.006034,0.315217,32.521739,173,109
366457,OH,Franklin,049,2026-01-12,0,,,,,,,,,,,,,,252,135
366471,OH,Cuyahoga,035,2025-10-20,0,,,,,,,,,,,,,,319,179
366471,OH,Cuyahoga,035,2026-01-12,0,,,,,,,,,,,,,,317,198
366474,OH,Fairfield,045,2025-06-09,0,,,,,,,,,,,,,,173,113
366480,OH,Franklin,049,2025-04-28,0,,,,,,,,,,,,,,172,118
366481,OH,Franklin,049,2025-09-08,0,,,,,,,,,,,,,,254,130
375106,OK,Oklahoma,109,2025-09-15,1,2025-03-24,175,0.16965,0.501717,3.383858,0.486179,0.143676,0.044828,0.167859,0.121693,-0.025689,0.630435,114.565217,21,13
375110,OK,Washington,147,2026-01-12,0,,,,,,,,,,,,,,93,67
375146,OK,Muskogee,101,2025-05-26,0,,,,,,,,,,,,,,93,66
375158,OK,Oklahoma,109,2026-02-23,0,,,,,,,,,,,,,,20,12
375168,OK,Tulsa,143,2025-07-07,0,,,,,,,,,,,,,,21,12
375171,OK,Tulsa,143,2026-02-23,0,,,,,,,,,,,,,,95,77
375172,OK,Tulsa,143,2025-05-12,0,,,,,,,,,,,,,,91,67
375173,OK,Sequoyah,135,2026-01-12,0,,,,,,,,,,,,,,93,67
375188,OK,Le Flore,079,2025-11-24,0,,,,,,,,,,,,,,93,67
375190,OK,Muskogee,101,2025-06-30,0,,,,,,,,,,,,,,35,23
375195,OK,Woodward,153,2025-04-21,0,,,,,,,,,,,,,,93,72
375222,OK,Cleveland,027,2025-09-29,1,2025-04-07,175,0.190016,0.0,2.919891,0.222003,0.076031,0.002136,0.110929,0.096003,-0.033117,0.967391,76.673913,34,23
375222,OK,Cleveland,027,2025-12-01,1,2025-06-09,175,0.189169,0.0,2.997856,0.363822,0.121361,0.018543,0.019882,0.083657,0.013219,0.978261,73.521739,34,25
375229,OK,Canadian,017,2025-09-15,1,2025-05-19,119,0.198378,0.0,3.018301,0.268006,0.088794,0.130874,0.177782,0.115141,-0.118633,0.902174,108.826087,21,13
375235,OK,Marshall,095,2025-04-07,0,,,,,,,,,,,,,,91,67
375243,OK,Pontotoc,123,2025-07-28,1,2025-03-24,126,0.198914,0.39831,2.721909,0.019563,0.007187,0.0,0.110818,0.138943,-0.089341,0.967391,37.815217,97,72
375245,OK,Cleveland,027,2025-06-23,1,2025-03-24,91,0.16944,0.0,3.319257,0.345841,0.104192,0.055297,0.162475,0.12759,-0.079964,0.663043,76.630435,35,24
375263,OK,Pontotoc,123,2025-05-19,1,2025-03-24,56,0.176176,0.0,3.085784,0.412524,0.133685,0.0,0.088059,0.068175,-0.023822,0.956522,57.358696,93,67
375284,OK,Creek,037,2025-08-04,0,,,,,,,,,,,,,,96,69
375285,OK,Tulsa,143,2026-02-09,1,2025-08-18,175,0.174036,0.0,3.235132,0.205757,0.063601,0.0,0.010747,0.088968,0.00664,0.8,54.411111,89,69
375303,OK,Seminole,133,2025-04-21,1,2025-03-24,28,0.187265,0.418865,3.046321,0.100782,0.033083,0.0,0.039626,0.113263,0.001072,0.891304,68.108696,91,68
375303,OK,Seminole,133,2025-05-12,1,2025-03-24,49,0.187265,0.418865,3.046321,0.100782,0.033083,0.0,0.039626,0.113263,0.001072,0.891304,68.108696,91,68
375303,OK,Seminole,133,2025-06-16,1,2025-03-24,84,0.187265,0.418865,3.046321,0.100782,0.033083,0.0,0.039626,0.113263,0.001072,0.891304,68.108696,93,67
375303,OK,Seminole,133,2025-09-08,1,2025-03-24,168,0.187265,0.418865,3.046321,0.100782,0.033083,0.0,0.039626,0.113263,0.001072,0.891304,68.108696,97,68
375303,OK,Seminole,133,2026-03-02,1,2025-09-08,175,0.182416,1.404808,3.14919,0.104604,0.033216,0.0,0.072463,0.105111,0.010297,0.844444,78.922222,89,69
375325,OK,Murray,099,2025-06-30,1,2025-03-31,91,0.192722,0.0,2.987491,0.403101,0.13493,0.0,0.420245,0.265043,0.168103,0.695652,47.141304,97,72
375326,OK,Lincoln,081,2025-04-14,0,,,,,,,,,,,,,,93,72
375331,OK,Cleveland,027,2025-08-04,1,2025-03-24,133,0.20086,0.454291,2.974122,0.315693,0.106147,0.038006,0.127947,0.090932,0.063678,0.978261,109.576087,21,13
375331,OK,Cleveland,027,2025-10-13,1,2025-04-21,175,0.20086,0.439002,2.974122,0.315693,0.106147,0.038006,0.127947,0.090932,0.063678,0.978261,109.576087,21,13
375334,OK,Mayes,097,2025-07-07,0,,,,,,,,,,,,,,97,71
375351,OK,Tulsa,143,2025-03-31,0,,,,,,,,,,,,,,21,13
375360,OK,Bryan,013,2025-09-08,1,2025-08-18,21,0.169611,0.0,3.214348,0.305166,0.094939,0.0,0.031189,0.070913,-0.058362,0.9,63.344444,97,68
375362,OK,Grady,051,2026-03-23,0,,,,,,,,,,,,,,0,0
375367,OK,Lincoln,081,2025-05-19,0,,,,,,,,,,,,,,95,69
375373,OK,Noble,103,2025-05-26,1,2025-03-24,63,0.188597,0.0,3.362801,0.382625,0.113782,0.168238,0.08959,0.078178,0.005019,0.73913,60.586957,93,67
375375,OK,Rogers,131,2025-06-09,0,,,,,,,,,,,,,,93,66
375388,OK,Ottawa,115,2025-08-11,1,2025-03-24,140,0.203949,0.0,3.21646,0.389738,0.12117,0.161328,0.0998,0.092004,0.094148,0.858696,70.434783,96,70
375388,OK,Ottawa,115,2025-09-15,1,2025-03-24,175,0.203949,0.0,3.21646,0.389738,0.12117,0.161328,0.0998,0.092004,0.094148,0.858696,70.434783,97,68
375390,OK,Choctaw,023,2025-05-05,0,,,,,,,,,,,,,,91,67
375402,OK,Kay,071,2025-03-31,1,2025-03-24,7,0.201363,0.0,3.033736,0.357765,0.117929,0.021985,0.053312,0.11771,0.202926,0.902174,57.728261,91,68
375409,OK,Washita,149,2025-11-17,0,,,,,,,,,,,,,,93,67
375421,OK,Tulsa,143,2026-03-16,0,,,,,,,,,,,,,,89,68
375423,OK,Seminole,133,2025-11-03,0,,,,,,,,,,,,,,97,66
375423,OK,Seminole,133,2026-01-19,0,,,,,,,,,,,,,,94,70
375427,OK,Major,093,2025-05-19,0,,,,,,,,,,,,,,93,66
375431,OK,Comanche,031,2026-01-19,1,2025-07-28,175,0.21735,0.371567,3.30944,0.167261,0.050541,0.304551,0.033869,0.076061,-0.009828,0.793478,75.478261,34,25
375433,OK,Sequoyah,135,2025-07-14,0,,,,,,,,,,,,,,96,69
375443,OK,Pawnee,117,2025-03-31,0,,,,,,,,,,,,,,91,67
375452,OK,Oklahoma,109,2025-09-08,0,,,,,,,,,,,,,,97,66
375457,OK,Delaware,041,2025-05-12,0,,,,,,,,,,,,,,93,72
375460,OK,Tulsa,143,2025-05-19,0,,,,,,,,,,,,,,94,67
375461,OK,Cleveland,027,2025-07-14,0,,,,,,,,,,,,,,97,71
375463,OK,Garvin,049,2025-12-15,1,2025-08-18,119,0.174991,0.0,2.77541,0.239997,0.086473,0.0,0.102948,0.130286,-0.279682,0.966667,34.155556,96,72
375465,OK,Tulsa,143,2025-07-21,1,2025-03-24,119,0.171925,0.0,3.269383,0.383941,0.117435,0.082658,0.033414,0.063234,-0.117137,0.858696,53.032609,96,70
375466,OK,Creek,037,2025-06-30,0,,,,,,,,,,,,,,97,71
375466,OK,Creek,037,2025-09-22,0,,,,,,,,,,,,,,97,66
375473,OK,Oklahoma,109,2025-05-05,0,,,,,,,,,,,,,,91,67
375486,OK,Okmulgee,111,2025-03-31,1,2025-03-24,7,0.171694,0.0,3.201606,0.186556,0.05827,0.0,0.140107,0.090016,-0.066624,0.804348,77.576087,33,22
375489,OK,Tulsa,143,2025-05-26,0,,,,,,,,,,,,,,35,23
375492,OK,Choctaw,023,2025-12-01,1,2025-06-09,175,0.179207,0.855386,2.897503,0.326184,0.112574,0.0,0.195953,0.152132,-0.121616,0.902174,53.804348,96,72
375493,OK,Craig,035,2025-09-15,0,,,,,,,,,,,,,,97,67
375525,OK,Tulsa,143,2026-03-09,0,,,,,,,,,,,,,,34,26
375527,OK,Garfield,047,2026-01-05,1,2025-07-14,175,0.183712,0.0,3.011634,0.150456,0.049958,0.0,0.132187,0.109055,-0.067872,0.913043,85.032609,34,25
375547,OK,Tulsa,143,2025-05-19,0,,,,,,,,,,,,,,93,66
375551,OK,Cleveland,027,2025-07-21,0,,,,,,,,,,,,,,35,23
375556,OK,Tulsa,143,2025-03-31,1,2025-03-24,7,0.207962,0.255063,2.935919,0.132573,0.045156,0.156986,0.101317,0.374714,-0.113151,0.608696,70.293478,91,68
375562,OK,Comanche,031,2025-12-15,0,,,,,,,,,,,,,,21,13
375570,OK,Oklahoma,109,2025-10-13,0,,,,,,,,,,,,,,96,66
375574,OK,Oklahoma,109,2025-07-07,0,,,,,,,,,,,,,,97,71
385045,OR,Multnomah,051,2025-04-14,0,,,,,,,,,,,,,,46,46
385049,OR,Wasco,065,2026-02-02,0,,,,,,,,,,,,,,53,52
385117,OR,Marion,047,2025-04-28,0,,,,,,,,,,,,,,46,46
385125,OR,Clackamas,005,2025-08-25,0,,,,,,,,,,,,,,46,46
385145,OR,Multnomah,051,2025-11-03,0,,,,,,,,,,,,,,53,50
385148,OR,Josephine,033,2026-03-09,0,,,,,,,,,,,,,,6,6
385150,OR,Clackamas,005,2025-07-21,0,,,,,,,,,,,,,,53,50
385150,OR,Clackamas,005,2026-03-16,0,,,,,,,,,,,,,,53,53
385152,OR,Lane,039,2025-06-23,0,,,,,,,,,,,,,,53,50
385161,OR,Umatilla,059,2025-08-04,0,,,,,,,,,,,,,,53,50
385165,OR,Curry,015,2025-12-08,0,,,,,,,,,,,,,,53,52
385187,OR,Multnomah,051,2025-04-28,0,,,,,,,,,,,,,,46,46
385187,OR,Multnomah,051,2025-11-03,0,,,,,,,,,,,,,,46,46
385222,OR,Columbia,009,2025-10-13,0,,,,,,,,,,,,,,53,50
385225,OR,Yamhill,071,2025-06-16,0,,,,,,,,,,,,,,46,46
385234,OR,Marion,047,2025-04-14,0,,,,,,,,,,,,,,46,46
385237,OR,Multnomah,051,2025-04-28,0,,,,,,,,,,,,,,53,51
385239,OR,Coos,011,2025-08-25,0,,,,,,,,,,,,,,53,50
385251,OR,Washington,067,2025-05-12,0,,,,,,,,,,,,,,46,46
385270,OR,Clackamas,005,2026-02-16,0,,,,,,,,,,,,,,45,45
38E174,OR,Multnomah,051,2025-08-11,0,,,,,,,,,,,,,,46,46
38E188,OR,Multnomah,051,2025-08-25,0,,,,,,,,,,,,,,46,46
395028,PA,Allegheny,003,2025-10-06,0,,,,,,,,,,,,,,149,65
395074,PA,Dauphin,043,2025-07-07,1,2025-03-24,105,0.206927,0.555936,3.23885,0.514857,0.158963,0.07129,0.143765,0.078184,0.03904,0.869565,358.48913,1,0
395077,PA,Montgomery,091,2025-11-03,1,2025-08-18,77,0.184722,0.0,3.081054,0.348339,0.113059,0.039379,0.048652,0.057825,-0.099907,0.988889,141.511111,61,15
395164,PA,Butler,019,2026-02-09,1,2025-08-18,175,0.196569,0.0,3.952174,1.141934,0.288938,0.459957,0.128324,0.071832,-0.029719,0.077778,131.833333,116,54
395205,PA,Lancaster,071,2025-09-08,1,2025-03-24,168,0.222103,0.0,3.162489,0.438587,0.138684,0.228787,0.075252,0.059898,0.021155,0.98913,185.663043,19,3
395205,PA,Lancaster,071,2026-02-02,1,2025-08-11,175,0.206522,0.0,3.074376,0.49436,0.1608,0.120224,0.117064,0.086041,-0.006386,1.0,196.76087,19,4
395258,PA,Bucks,017,2025-07-14,0,,,,,,,,,,,,,,39,8
395270,PA,Cumberland,041,2026-02-23,1,2025-09-01,175,0.196419,1.277098,3.473005,0.451482,0.129998,0.233491,0.07352,0.078416,0.024728,0.488889,104.933333,116,54
395277,PA,Bucks,017,2025-08-11,1,2025-03-24,140,0.204538,0.418865,3.678184,0.959415,0.260839,0.351928,0.094227,0.097793,0.125193,0.271739,89.184783,149,67
395309,PA,York,133,2025-06-02,1,2025-03-24,70,0.193261,0.555091,3.377911,0.529498,0.156753,0.156434,0.129108,0.102017,0.053322,0.521739,134.271739,60,16
395331,PA,Clearfield,033,2026-03-16,0,,,,,,,,,,,,,,116,53
395344,PA,Schuylkill,107,2025-08-04,1,2025-03-24,133,0.19801,1.13785,3.538134,0.382945,0.108234,0.206903,0.104876,0.072711,0.107624,0.391304,132.021739,60,16
395408,PA,Berks,011,2026-01-26,1,2025-08-04,175,0.177383,0.0,3.443301,0.616826,0.179138,0.066017,0.063881,0.058247,0.08918,0.532609,119.869565,116,53
395440,PA,Cumberland,041,2025-10-20,1,2025-04-28,175,0.173729,0.0,3.364376,0.533241,0.158496,0.0,0.099686,0.060238,0.099544,0.663043,119.630435,117,51
395451,PA,York,133,2025-09-15,1,2025-03-24,175,0.223197,0.43638,3.159252,0.432193,0.136802,0.236766,0.114352,0.063626,0.019856,0.98913,184.206522,19,3
395464,PA,Carbon,025,2025-08-11,1,2025-03-24,140,0.183083,0.551737,3.315832,0.366389,0.110497,0.039395,0.114877,0.077298,0.020616,0.684783,179.869565,19,3
395484,PA,Luzerne,079,2025-06-09,0,,,,,,,,,,,,,,75,64
395485,PA,Philadelphia,101,2025-04-21,0,,,,,,,,,,,,,,112,50
395518,PA,Dauphin,043,2026-01-26,0,,,,,,,,,,,,,,143,70
395538,PA,Allegheny,003,2025-10-27,1,2025-05-05,175,0.191411,0.0,3.549443,0.609235,0.171642,0.244001,0.127537,0.087812,0.039245,0.391304,92.076087,149,66
395564,PA,Lackawanna,069,2026-02-02,1,2025-08-11,175,0.17817,1.835427,3.198737,0.468668,0.146517,0.013129,0.093964,0.073235,-0.01075,0.880435,132.521739,61,17
395571,PA,Lycoming,081,2025-06-09,0,,,,,,,,,,,,,,148,65
395582,PA,Luzerne,079,2026-01-12,1,2025-07-21,175,0.209701,1.82397,3.371233,0.396603,0.117643,0.188906,0.119003,0.075219,0.077588,0.619565,210.782609,11,0
395613,PA,Franklin,055,2026-01-12,1,2025-07-21,175,0.184275,0.949935,3.328129,0.425027,0.127707,0.055156,0.097053,0.071521,0.037371,0.684783,167.336957,37,8
395624,PA,Greene,059,2026-02-23,0,,,,,,,,,,,,,,142,74
395640,PA,Allegheny,003,2025-05-26,1,2025-03-24,63,0.188559,0.873804,4.334898,0.945893,0.218204,0.462717,0.185411,0.110378,0.008371,0.043478,222.836957,11,0
395651,PA,Luzerne,079,2025-08-18,1,2025-03-24,147,0.17606,0.557634,3.755482,0.631227,0.168081,0.197645,0.116427,0.092716,0.066437,0.206522,98.793478,150,65
395651,PA,Luzerne,079,2025-09-15,1,2025-03-24,175,0.17606,0.557634,3.755482,0.631227,0.168081,0.197645,0.116427,0.092716,0.066437,0.206522,98.793478,151,66
395670,PA,Allegheny,003,2025-03-31,1,2025-03-24,7,0.215017,0.0,2.159246,0.52331,0.242358,0.170604,0.087957,0.4727,-0.431838,0.934783,84.619565,148,71
395671,PA,Washington,125,2025-11-10,0,,,,,,,,,,,,,,61,16
395686,PA,Philadelphia,101,2026-01-05,1,2025-07-14,175,0.186362,0.957405,3.714474,0.527213,0.141935,0.280434,0.286203,0.182328,-0.030572,0.315217,141.978261,61,17
395691,PA,Luzerne,079,2025-10-20,1,2025-04-28,175,0.173777,0.0,3.256154,0.690301,0.211999,0.037751,0.159207,0.103136,0.006884,0.76087,103.326087,117,51
395701,PA,Lackawanna,069,2025-08-18,1,2025-03-24,147,0.194803,0.0,3.049003,0.618599,0.202886,0.103445,0.085843,0.081752,-0.011301,0.978261,109.521739,117,51
395745,PA,Allegheny,003,2025-10-20,0,,,,,,,,,,,,,,61,14
395745,PA,Allegheny,003,2026-02-16,0,,,,,,,,,,,,,,60,16
395758,PA,Butler,019,2025-05-05,1,2025-03-24,42,0.232808,0.558486,3.716423,0.448743,0.120746,0.526234,0.10526,0.071132,0.061519,0.228261,110.293478,112,51
395770,PA,Lebanon,075,2026-02-02,1,2025-08-11,175,0.178145,0.374232,3.703121,0.352631,0.095225,0.104485,0.107166,0.067501,0.043357,0.184783,250.304348,5,2
395788,PA,Butler,019,2025-07-21,1,2025-03-24,119,0.248284,0.558486,3.249735,0.498402,0.153367,0.409324,0.125428,0.095694,0.012799,0.771739,212.608696,11,0
395823,PA,Washington,125,2026-02-16,0,,,,,,,,,,,,,,142,74
395828,PA,Cambria,021,2026-01-05,1,2025-07-14,175,0.186463,1.89987,3.514315,0.475505,0.135305,0.168414,0.134231,0.099233,0.014625,0.413043,150.684783,37,8
395893,PA,Philadelphia,101,2025-09-08,1,2025-03-24,168,0.194486,2.758686,3.211863,0.349911,0.108943,0.0,0.168409,0.099931,0.041017,0.793478,297.076087,2,1
395905,PA,Luzerne,079,2025-05-26,1,2025-03-24,63,0.177343,0.0,3.235914,0.924694,0.28576,0.134482,0.183868,0.139001,-0.028162,0.663043,45.358696,73,63
395944,PA,Franklin,055,2025-08-04,0,,,,,,,,,,,,,,76,64
395983,PA,Philadelphia,101,2025-05-12,0,,,,,,,,,,,,,,148,70
395986,PA,Armstrong,005,2026-01-05,1,2025-07-14,175,0.196909,0.97012,3.357349,0.474879,0.141445,0.206573,0.144987,0.101018,0.017319,0.608696,97.73913,116,53
396075,PA,Lawrence,073,2025-04-28,0,,,,,,,,,,,,,,102,80
396129,PA,Philadelphia,101,2025-08-04,1,2025-03-24,133,0.213015,0.552572,3.21649,0.408021,0.126853,0.259868,0.203023,0.138712,-0.068411,0.619565,164.293478,39,9
396129,PA,Philadelphia,101,2026-03-16,1,2025-09-22,175,0.226804,0.866548,3.184549,0.392498,0.123251,0.313254,0.142926,0.103178,-0.050248,0.777778,165.888889,37,9
396143,PA,Philadelphia,101,2025-05-12,0,,,,,,,,,,,,,,72,62
415008,RI,Kent,003,2025-12-08,0,,,,,,,,,,,,,,17,10
415008,RI,Kent,003,2026-02-16,0,,,,,,,,,,,,,,17,11
415023,RI,Kent,003,2025-06-23,0,,,,,,,,,,,,,,13,10
415027,RI,Providence,007,2025-08-11,0,,,,,,,,,,,,,,17,7
415034,RI,Newport,005,2025-10-20,1,2025-04-28,175,0.182489,0.0,3.482452,0.898963,0.258141,0.199622,0.151292,0.093058,-0.022597,0.413043,123.663043,17,8
415034,RI,Newport,005,2025-11-24,1,2025-06-02,175,0.190867,0.0,3.538934,0.840225,0.237423,0.259244,0.13267,0.086452,-0.003297,0.391304,123.021739,17,11
415035,RI,Providence,007,2025-04-21,0,,,,,,,,,,,,,,3,3
415035,RI,Providence,007,2025-07-14,0,,,,,,,,,,,,,,3,3
415045,RI,Providence,007,2025-05-05,1,2025-03-24,42,0.176494,0.0,3.434815,0.707246,0.205905,0.109439,0.157174,0.097206,0.044399,0.565217,88.423913,9,6
415054,RI,Washington,009,2026-02-16,1,2025-08-25,175,0.175446,0.0,3.542212,0.68464,0.19328,0.114892,0.156113,0.087302,0.081422,0.355556,98.2,9,8
415059,RI,Providence,007,2025-06-23,0,,,,,,,,,,,,,,17,7
415059,RI,Providence,007,2026-01-12,0,,,,,,,,,,,,,,17,10
415059,RI,Providence,007,2026-01-19,0,,,,,,,,,,,,,,17,10
415060,RI,Kent,003,2025-05-26,0,,,,,,,,,,,,,,7,4
415078,RI,Kent,003,2025-06-30,0,,,,,,,,,,,,,,9,5
415078,RI,Kent,003,2025-10-27,0,,,,,,,,,,,,,,9,5
415079,RI,Providence,007,2025-08-04,1,2025-03-24,133,0.220519,3.390915,2.849829,0.566583,0.198813,0.043317,0.196111,0.107073,0.237349,1.0,149.576087,9,7
415081,RI,Washington,009,2025-04-21,1,2025-03-24,28,0.173409,0.0,3.171558,0.713632,0.22501,0.000798,0.232194,0.138067,0.023389,0.717391,111.706522,17,8
415082,RI,Kent,003,2025-11-24,0,,,,,,,,,,,,,,2,1
415084,RI,Providence,007,2025-06-09,0,,,,,,,,,,,,,,2,1
415085,RI,Providence,007,2025-12-29,0,,,,,,,,,,,,,,13,10
415129,RI,Providence,007,2025-05-12,0,,,,,,,,,,,,,,17,7
415129,RI,Providence,007,2025-06-30,0,,,,,,,,,,,,,,17,7
415129,RI,Providence,007,2025-10-27,0,,,,,,,,,,,,,,17,7
415129,RI,Providence,007,2026-02-09,0,,,,,,,,,,,,,,17,11
415129,RI,Providence,007,2026-03-23,0,,,,,,,,,,,,,,0,0
425004,SC,Greenville,045,2025-12-22,0,,,,,,,,,,,,,,15,8
425009,SC,Florence,041,2025-09-01,1,2025-03-24,161,0.189006,0.0,3.195652,0.348679,0.10911,0.112165,0.161716,0.088122,-0.04444,0.913043,97.641304,48,25
425014,SC,Aiken,003,2025-10-13,1,2025-04-21,175,0.173184,0.0,3.648685,0.5443,0.149177,0.144558,0.197771,0.167443,0.076275,0.304348,74.23913,21,13
425027,SC,Spartanburg,083,2025-11-03,1,2025-05-12,175,0.208035,0.0,4.237848,0.473293,0.111682,0.625938,0.174046,0.104554,-0.02114,0.054348,106.119565,42,21
425032,SC,Spartanburg,083,2025-04-21,1,2025-03-24,28,0.269408,0.940558,2.768489,0.27838,0.100553,0.363862,0.142286,0.081355,-0.029628,1.0,168.923913,7,5
425032,SC,Spartanburg,083,2025-06-02,1,2025-03-24,70,0.269408,0.940558,2.768489,0.27838,0.100553,0.363862,0.142286,0.081355,-0.029628,1.0,168.923913,7,4
425054,SC,Laurens,059,2025-05-19,1,2025-05-19,0,0.169105,0.0,3.218808,0.734001,0.228035,0.0,0.139854,0.094473,-0.06579,0.815217,162.369565,7,4
425062,SC,Cherokee,021,2025-09-01,1,2025-03-24,161,0.193263,1.106818,3.193957,0.265642,0.08317,0.099117,0.199719,0.118415,0.007061,0.695652,113.619565,42,21
425067,SC,Beaufort,013,2025-05-12,0,,,,,,,,,,,,,,41,21
425068,SC,Richland,079,2025-04-14,0,,,,,,,,,,,,,,41,21
425070,SC,Horry,051,2025-07-28,0,,,,,,,,,,,,,,0,0
425106,SC,Greenville,045,2026-01-12,1,2025-07-21,175,0.198011,0.275452,3.037278,0.607751,0.200097,0.10952,0.227941,0.123716,0.003988,0.934783,125.163043,15,9
425114,SC,Clarendon,027,2026-01-05,0,,,,,,,,,,,,,,48,24
425128,SC,Charleston,019,2025-05-19,0,,,,,,,,,,,,,,7,3
425129,SC,Richland,079,2025-04-28,1,2025-03-24,35,0.190357,0.293846,3.436865,0.392798,0.11429,0.182923,0.147278,0.096594,0.037827,0.51087,85.652174,47,26
425138,SC,Greenville,045,2026-02-23,1,2025-09-01,175,0.182233,0.286022,3.294892,0.542516,0.164654,0.074445,0.237947,0.12319,0.037769,0.511111,123.533333,42,22
425145,SC,Aiken,003,2025-12-15,0,,,,,,,,,,,,,,15,8
425147,SC,Beaufort,013,2025-07-14,0,,,,,,,,,,,,,,21,12
425156,SC,Dorchester,035,2025-07-14,1,2025-03-24,112,0.216392,0.289192,2.953414,0.371291,0.125716,0.171001,0.155888,0.096134,0.024391,0.98913,83.0,48,26
425169,SC,Kershaw,055,2025-05-19,1,2025-03-24,56,0.24449,0.518085,3.072074,0.249747,0.081296,0.340399,0.07858,0.060504,-0.007905,1.0,141.076087,15,9
425169,SC,Kershaw,055,2026-01-19,1,2025-07-28,175,0.223899,0.879061,3.155491,0.327616,0.103824,0.251512,0.134421,0.081604,0.024276,0.913043,140.163043,15,9
425171,SC,Mccormick,065,2025-04-28,1,2025-03-24,35,0.197101,0.324667,2.819476,0.435672,0.154522,0.018927,0.197322,0.118692,-0.010892,1.0,110.336957,41,22
425171,SC,Mccormick,065,2025-06-02,1,2025-03-24,70,0.197101,0.324667,2.819476,0.435672,0.154522,0.018927,0.197322,0.118692,-0.010892,1.0,110.336957,41,22
425172,SC,Greenwood,047,2025-06-16,1,2025-03-24,84,0.201013,0.0,3.261029,0.514678,0.157827,0.227163,0.175702,0.102958,-0.007768,0.717391,77.402174,48,26
425172,SC,Greenwood,047,2025-12-29,1,2025-07-07,175,0.200191,0.279885,3.303917,0.521456,0.15783,0.226273,0.166384,0.09441,0.01234,0.652174,79.945652,48,25
425175,SC,Spartanburg,083,2026-01-12,1,2025-07-21,175,0.22813,0.0,3.003433,0.440675,0.146724,0.275175,0.120845,0.071282,-0.026557,1.0,114.163043,42,21
425175,SC,Spartanburg,083,2026-02-16,1,2025-08-25,175,0.228067,0.0,3.028143,0.414888,0.137011,0.271753,0.120755,0.07214,-0.005805,1.0,109.511111,42,22
425302,SC,Chesterfield,025,2025-05-05,1,2025-03-24,42,0.218545,0.56804,3.036857,0.353663,0.116457,0.226279,0.112469,0.077606,-0.022698,0.967391,97.467391,47,26
425303,SC,Spartanburg,083,2026-01-19,1,2025-07-28,175,0.207205,0.403146,2.936202,0.262633,0.089447,0.115556,0.11283,0.082589,-0.02108,1.0,80.858696,48,25
425319,SC,Barnwell,011,2025-07-21,1,2025-03-24,119,0.17812,1.046562,3.358582,0.33695,0.100325,0.071495,0.19757,0.118061,0.042515,0.554348,74.26087,21,13
425323,SC,Horry,051,2026-02-02,0,,,,,,,,,,,,,,48,24
425334,SC,Laurens,059,2026-03-09,0,,,,,,,,,,,,,,21,14
425351,SC,Beaufort,013,2026-03-16,0,,,,,,,,,,,,,,22,16
425368,SC,Charleston,019,2026-02-23,1,2025-09-01,175,0.20066,0.368196,3.006394,0.505391,0.168105,0.076919,0.152372,0.079437,0.043563,1.0,125.944444,42,22
425408,SC,Spartanburg,083,2025-05-12,0,,,,,,,,,,,,,,41,21
425408,SC,Spartanburg,083,2026-03-09,0,,,,,,,,,,,,,,42,21
425412,SC,Lexington,063,2025-05-19,0,,,,,,,,,,,,,,21,15
425413,SC,Beaufort,013,2025-11-24,0,,,,,,,,,,,,,,22,15
425414,SC,Berkeley,015,2025-09-08,0,,,,,,,,,,,,,,21,14
425416,SC,Marion,067,2026-01-26,0,,,,,,,,,,,,,,22,15
435041,SD,Brown,013,2025-07-21,0,,,,,,,,,,,,,,25,16
435041,SD,Brown,013,2026-02-23,0,,,,,,,,,,,,,,23,14
435043,SD,Lawrence,081,2025-07-07,1,2025-03-24,105,0.186482,0.0,3.25163,0.453222,0.139383,0.125071,0.135141,0.100352,-0.013772,0.771739,73.402174,25,17
435045,SD,Minnehaha,099,2025-04-21,0,,,,,,,,,,,,,,0,0
435047,SD,Hughes,065,2025-03-31,1,2025-03-24,7,0.177002,0.455993,3.078233,0.665181,0.216092,0.0,0.183825,0.12806,0.058025,0.826087,54.880435,25,18
435051,SD,Pennington,103,2025-09-08,1,2025-08-18,21,0.188152,1.227044,3.345077,0.824164,0.246381,0.233607,0.179567,0.124407,-0.045687,0.6,60.144444,25,16
435051,SD,Pennington,103,2025-11-03,1,2025-08-18,77,0.188152,1.227044,3.345077,0.824164,0.246381,0.233607,0.179567,0.124407,-0.045687,0.6,60.144444,25,16
435059,SD,Hamlin,057,2026-02-16,1,2025-08-25,175,0.172669,0.384879,3.163844,0.788257,0.249145,0.053994,0.146986,0.089866,-0.016488,0.866667,44.944444,46,27
435066,SD,Minnehaha,099,2025-06-30,0,,,,,,,,,,,,,,1,0
435070,SD,Yankton,135,2026-02-02,0,,,,,,,,,,,,,,0,0
435072,SD,Fall River,047,2025-06-23,1,2025-03-24,91,0.182817,0.0,3.873246,0.518579,0.133888,0.247593,0.229096,0.157735,0.191685,0.282609,49.195652,48,26
435076,SD,Lake,079,2025-07-14,0,,,,,,,,,,,,,,25,16
435086,SD,Moody,101,2025-09-22,1,2025-03-31,175,0.191606,1.887597,3.462289,0.827662,0.23905,0.275621,0.151626,0.09038,-0.002319,0.478261,54.619565,25,16
435086,SD,Moody,101,2025-11-17,1,2025-05-26,175,0.189687,1.760241,3.401677,0.819934,0.241038,0.253011,0.1491,0.097079,-0.027624,0.597826,56.380435,25,16
435086,SD,Moody,101,2026-03-23,0,,,,,,,,,,,,,,0,0
435090,SD,Perkins,105,2025-04-07,0,,,,,,,,,,,,,,43,25
435109,SD,Davison,035,2025-04-21,1,2025-03-24,28,0.185288,1.8659,3.142012,0.45941,0.146215,0.1011,0.172443,0.09966,-0.087922,0.847826,104.304348,1,1
435109,SD,Davison,035,2025-12-15,1,2025-06-23,175,0.183676,2.089531,3.24577,0.581906,0.179281,0.120976,0.181386,0.104851,-0.047655,0.717391,104.706522,1,1
435115,SD,Minnehaha,099,2025-08-04,1,2025-03-24,133,0.172233,0.488956,3.422096,0.47899,0.13997,0.071214,0.225142,0.150467,0.061736,0.51087,50.054348,25,17
435115,SD,Minnehaha,099,2025-09-15,1,2025-03-24,175,0.172233,0.488956,3.422096,0.47899,0.13997,0.071214,0.225142,0.150467,0.061736,0.51087,50.054348,25,16
435115,SD,Minnehaha,099,2025-11-17,1,2025-05-26,175,0.1727,0.450926,3.374136,0.47379,0.140418,0.076837,0.228527,0.164195,0.0244,0.532609,48.728261,25,16
435127,SD,Minnehaha,099,2025-10-27,0,,,,,,,,,,,,,,0,0
435127,SD,Minnehaha,099,2025-11-10,0,,,,,,,,,,,,,,0,0
43A136,SD,Fall River,047,2025-04-28,0,,,,,,,,,,,,,,25,17
43A137,SD,Hutchinson,067,2025-03-31,0,,,,,,,,,,,,,,42,24
43A137,SD,Hutchinson,067,2025-06-23,0,,,,,,,,,,,,,,48,25
445017,TN,Blount,009,2026-01-12,1,2025-08-18,147,0.176177,0.0,3.495275,0.471353,0.134854,0.243,0.068504,0.113557,-0.213046,0.466667,83.122222,104,74
445119,TN,Fayette,047,2026-02-16,0,,,,,,,,,,,,,,85,67
445123,TN,Hamilton,065,2025-12-08,0,,,,,,,,,,,,,,104,73
445127,TN,Williamson,187,2025-10-20,0,,,,,,,,,,,,,,104,68
445146,TN,Williamson,187,2025-06-09,1,2025-05-19,21,0.186448,0.0,3.962357,0.578633,0.146032,0.361155,0.111004,0.096137,0.08321,0.086957,49.521739,33,30
445165,TN,Shelby,157,2026-02-09,1,2025-08-18,175,0.188948,0.0,3.226905,0.339145,0.105099,0.06341,0.127663,0.076947,0.005275,0.855556,154.977778,9,8
445191,TN,Sumner,165,2025-11-03,0,,,,,,,,,,,,,,29,17
445197,TN,Shelby,157,2025-06-30,0,,,,,,,,,,,,,,11,4
445210,TN,Carroll,017,2025-05-12,0,,,,,,,,,,,,,,82,54
445220,TN,Shelby,157,2025-04-28,0,,,,,,,,,,,,,,9,4
445246,TN,Jefferson,089,2025-06-09,1,2025-03-24,77,0.179509,0.0,3.051809,0.420141,0.13767,0.0,0.250782,0.151875,-0.070569,0.793478,139.98913,9,5
445256,TN,Trousdale,169,2025-08-11,1,2025-03-24,140,0.198738,0.0,3.684369,0.17478,0.047438,0.296864,0.25642,0.150493,0.12357,0.336957,53.141304,83,55
445295,TN,Sullivan,163,2025-11-17,0,,,,,,,,,,,,,,29,17
445298,TN,Mc Minn,107,2026-03-23,0,,,,,,,,,,,,,,0,0
445306,TN,Sumner,165,2025-04-07,1,2025-03-24,14,0.183182,0.326553,3.536214,0.71178,0.201283,0.190519,0.174397,0.115319,0.057925,0.413043,80.413043,103,75
445306,TN,Sumner,165,2025-09-08,1,2025-03-24,168,0.183182,0.326553,3.536214,0.71178,0.201283,0.190519,0.174397,0.115319,0.057925,0.413043,80.413043,104,69
445306,TN,Sumner,165,2025-12-01,1,2025-06-09,175,0.178037,0.473531,3.341018,0.7015,0.209966,0.121972,0.168777,0.101428,-0.006059,0.608696,75.358696,104,74
445331,TN,Shelby,157,2025-05-12,1,2025-03-24,49,0.187157,0.175348,3.476859,0.402396,0.115736,0.067105,0.138182,0.08947,0.179501,0.423913,151.630435,11,7
445354,TN,Lauderdale,097,2025-04-28,0,,,,,,,,,,,,,,31,30
445354,TN,Lauderdale,097,2025-08-11,0,,,,,,,,,,,,,,34,30
445381,TN,Obion,131,2025-08-18,0,,,,,,,,,,,,,,85,52
445411,TN,Shelby,157,2025-08-11,1,2025-05-19,84,0.168741,0.0,3.21374,0.529275,0.164691,0.0,0.2308,0.136699,-0.00654,0.630435,71.195652,83,55
445426,TN,Shelby,157,2025-09-29,0,,,,,,,,,,,,,,85,53
445428,TN,Shelby,157,2025-10-27,1,2025-05-19,161,0.169116,0.0,3.236394,0.423057,0.130719,0.0,0.222263,0.153207,-0.034191,0.673913,93.271739,104,69
445437,TN,Weakley,183,2025-09-08,0,,,,,,,,,,,,,,85,52
445440,TN,Fayette,047,2025-08-25,1,2025-03-24,154,0.173518,0.0,3.245113,0.303318,0.093469,0.000517,0.187673,0.120424,0.007767,0.641304,90.771739,104,69
445448,TN,Montgomery,125,2025-05-26,0,,,,,,,,,,,,,,104,70
445461,TN,Tipton,167,2025-08-11,0,,,,,,,,,,,,,,104,70
445480,TN,Robertson,147,2026-02-23,0,,,,,,,,,,,,,,35,32
445482,TN,Shelby,157,2025-09-08,0,,,,,,,,,,,,,,35,29
445485,TN,Shelby,157,2025-09-29,1,2025-05-19,133,0.171084,0.0,3.243195,0.529384,0.163229,0.0,0.152318,0.114981,-0.059806,0.76087,159.434783,11,4
445489,TN,Humphreys,085,2025-09-01,0,,,,,,,,,,,,,,85,52
445492,TN,Lauderdale,097,2025-06-02,0,,,,,,,,,,,,,,33,29
445509,TN,Davidson,037,2025-10-06,0,,,,,,,,,,,,,,104,68
445518,TN,Wayne,181,2025-10-20,1,2025-04-28,175,0.170559,0.146276,3.228178,0.441039,0.136622,0.025241,0.185996,0.126291,-0.026529,0.684783,54.826087,85,54
455001,TX,Jefferson,245,2025-06-16,1,2025-03-24,84,0.190456,0.0,3.019434,0.151197,0.050074,0.0,0.151644,0.087558,-0.014674,1.0,121.728261,154,31
455020,TX,Comal,091,2025-08-25,1,2025-03-24,154,0.213569,1.54331,3.456445,0.135444,0.039186,0.272524,0.111385,0.138644,0.075309,0.445652,125.336957,29,8
455351,TX,Brazos,041,2026-01-12,1,2025-07-21,175,0.184003,0.0,3.221669,0.279905,0.086882,0.030457,0.171854,0.098583,0.06125,0.728261,94.032609,350,101
455390,TX,Bexar,029,2025-10-06,1,2025-04-14,175,0.210771,0.0,2.305105,0.392064,0.170085,0.0,0.159868,0.120351,-0.116515,1.0,71.923913,318,86
455390,TX,Bexar,029,2026-01-12,1,2025-07-21,175,0.214814,0.0,2.38786,0.325597,0.136355,0.0,0.127622,0.226121,-0.049214,0.978261,67.402174,313,95
455390,TX,Bexar,029,2026-02-09,1,2025-08-18,175,0.206598,0.0,2.769977,0.38026,0.137279,0.0,0.190134,0.156309,0.140272,0.966667,62.833333,313,107
455412,TX,Denton,121,2025-08-25,1,2025-03-24,154,0.177055,1.045064,3.061707,0.59667,0.194882,0.0,0.165584,0.097321,-0.023921,0.956522,102.23913,155,28
455412,TX,Denton,121,2025-09-29,1,2025-04-07,175,0.177055,1.024544,3.061707,0.59667,0.194882,0.0,0.165584,0.097321,-0.023921,0.956522,102.23913,155,28
455416,TX,Tarrant,439,2025-05-05,1,2025-03-24,42,0.213699,2.142229,1.905207,0.346948,0.182105,0.001623,0.062783,0.727248,-0.374502,0.902174,79.967391,348,109
455416,TX,Tarrant,439,2025-05-26,1,2025-03-24,63,0.213699,2.142229,1.905207,0.346948,0.182105,0.001623,0.062783,0.727248,-0.374502,0.902174,79.967391,351,101
455416,TX,Tarrant,439,2025-08-11,1,2025-03-24,140,0.213699,2.142229,1.905207,0.346948,0.182105,0.001623,0.062783,0.727248,-0.374502,0.902174,79.967391,351,101
455423,TX,Cameron,061,2025-04-14,1,2025-03-24,21,0.208279,0.0,3.239242,0.14272,0.04406,0.229168,0.173738,0.099017,-0.038351,0.73913,98.054348,348,109
455450,TX,Bexar,029,2025-07-28,1,2025-03-24,126,0.171537,0.0,3.476664,0.457167,0.131496,0.099171,0.224876,0.142293,0.027317,0.413043,57.858696,315,88
455450,TX,Bexar,029,2026-03-16,1,2025-09-22,175,0.170558,0.432761,3.913608,0.33136,0.084669,0.165428,0.186604,0.143611,0.182897,0.266667,60.055556,313,107
455457,TX,Tarrant,439,2025-07-14,1,2025-03-24,112,0.196442,0.0,2.710778,0.37416,0.138027,0.0,0.108818,0.075897,-0.055213,1.0,84.847826,351,101
455467,TX,Bexar,029,2025-08-18,0,,,,,,,,,,,,,,318,84
455471,TX,El Paso,141,2025-05-05,1,2025-03-24,42,0.1774,0.0,3.291162,0.401314,0.121937,0.0,0.121564,0.084454,0.073762,0.73913,119.782609,150,33
455471,TX,El Paso,141,2025-11-17,1,2025-05-26,175,0.170785,0.371189,3.37413,0.451902,0.133931,0.0,0.152301,0.108407,0.062096,0.641304,114.119565,155,33
455486,TX,Ellis,139,2025-11-17,1,2025-05-26,175,0.184718,0.797489,3.276853,0.552787,0.168694,0.0,0.14577,0.093753,0.246414,0.75,68.913043,316,95
455493,TX,El Paso,141,2025-10-27,0,,,,,,,,,,,,,,351,90
455503,TX,Bell,027,2025-04-14,0,,,,,,,,,,,,,,310,99
455528,TX,Webb,479,2025-08-11,1,2025-03-24,140,0.201029,0.43638,3.00937,0.656671,0.218209,0.063638,0.180452,0.11781,0.129526,0.934783,115.858696,154,31
455532,TX,Titus,449,2026-02-23,1,2025-09-01,175,0.1932,0.711295,2.689527,0.483224,0.179669,0.0,0.23255,0.136403,-0.04545,0.988889,71.411111,313,107
455563,TX,Grayson,181,2025-05-12,1,2025-03-24,49,0.169012,0.0,3.168024,0.362593,0.114454,0.0,0.139033,0.126444,-0.032902,0.771739,24.858696,10,8
455589,TX,Brazos,041,2025-06-02,1,2025-03-24,70,0.173488,2.223744,3.195743,0.448425,0.140319,0.0,0.16108,0.145229,0.024419,0.771739,65.826087,315,88
455591,TX,Ellis,139,2026-03-02,1,2025-09-08,175,0.194336,1.032752,2.789611,0.240265,0.086128,0.0005,0.172168,0.117804,-0.045093,1.0,63.744444,313,107
455601,TX,Johnson,251,2025-06-09,1,2025-03-24,77,0.19921,0.88012,2.766216,0.267577,0.09673,0.0,0.104224,0.113021,0.009046,0.98913,57.423913,315,88
455621,TX,Hidalgo,215,2025-06-02,1,2025-03-24,70,0.223674,0.97141,2.586521,0.124885,0.048283,0.0,0.159617,0.099293,0.068922,1.0,105.413043,154,31
455621,TX,Hidalgo,215,2025-07-21,1,2025-03-24,119,0.223674,0.97141,2.586521,0.124885,0.048283,0.0,0.159617,0.099293,0.068922,1.0,105.413043,154,31
455626,TX,Tarrant,439,2025-10-27,1,2025-05-05,175,0.189949,0.895221,2.89075,0.341946,0.11829,0.0,0.179144,0.10503,-0.049514,1.0,113.391304,155,28
455631,TX,Johnson,251,2026-02-09,0,,,,,,,,,,,,,,349,120
455637,TX,Bell,027,2025-06-23,1,2025-05-19,35,0.173504,0.451483,3.026948,0.323139,0.106754,0.005567,0.185718,0.132157,-0.12779,0.891304,61.217391,315,88
455637,TX,Bell,027,2026-02-16,1,2025-08-25,175,0.17725,0.805402,3.195085,0.289337,0.090557,0.043162,0.130478,0.110293,-0.043228,0.788889,64.222222,313,107
455638,TX,Mc Lennan,309,2025-06-09,1,2025-03-24,77,0.183627,1.296746,3.228553,0.352555,0.109199,0.025697,0.13904,0.106117,0.092556,0.76087,83.554348,351,101
455638,TX,Mc Lennan,309,2025-06-30,1,2025-03-24,98,0.183627,1.296746,3.228553,0.352555,0.109199,0.025697,0.13904,0.106117,0.092556,0.76087,83.554348,351,101
455662,TX,Hidalgo,215,2025-11-17,1,2025-05-26,175,0.181352,0.0,3.106298,0.256593,0.082604,0.0,0.158224,0.093705,0.010262,0.945652,74.521739,351,102
455670,TX,Mc Lennan,309,2025-06-09,1,2025-03-24,77,0.174713,0.0,3.439574,0.354773,0.103144,0.134304,0.111693,0.098726,-0.057706,0.565217,61.945652,315,88
455682,TX,Harris,201,2025-03-31,1,2025-03-24,7,0.213006,0.422254,2.510767,0.3271,0.130279,0.0,0.1063,0.091979,-0.037246,1.0,112.48913,150,33
455682,TX,Harris,201,2025-07-07,1,2025-03-24,105,0.213006,0.422254,2.510767,0.3271,0.130279,0.0,0.1063,0.091979,-0.037246,1.0,112.48913,154,31
455682,TX,Harris,201,2025-10-27,1,2025-05-05,175,0.213006,0.805402,2.510767,0.3271,0.130279,0.0,0.1063,0.091979,-0.037246,1.0,112.48913,155,28
455682,TX,Harris,201,2025-11-17,1,2025-05-26,175,0.208866,0.787177,2.722504,0.370621,0.136132,0.013467,0.141828,0.107118,0.054395,0.98913,107.423913,155,33
455682,TX,Harris,201,2026-01-12,1,2025-07-21,175,0.208866,1.113567,2.722504,0.370621,0.136132,0.013467,0.141828,0.107118,0.054395,0.98913,107.423913,155,33
455699,TX,Wharton,481,2025-05-12,1,2025-03-24,49,0.186963,0.890854,2.933372,0.344109,0.117308,0.0,0.190144,0.113374,-0.013923,0.98913,73.717391,310,100
455699,TX,Wharton,481,2025-08-04,1,2025-03-24,133,0.186963,0.890854,2.933372,0.344109,0.117308,0.0,0.190144,0.113374,-0.013923,0.98913,73.717391,315,88
455703,TX,Harris,201,2025-10-06,0,,,,,,,,,,,,,,351,90
455713,TX,Bexar,029,2025-08-25,1,2025-03-24,154,0.21076,0.552572,2.988279,0.263163,0.088065,0.058857,0.182715,0.119592,0.169156,0.923913,86.217391,351,91
455713,TX,Bexar,029,2025-09-15,1,2025-03-24,175,0.21076,0.552572,2.988279,0.263163,0.088065,0.058857,0.182715,0.119592,0.169156,0.923913,86.217391,351,91
455715,TX,Fayette,149,2025-06-30,1,2025-03-24,98,0.19555,0.0,2.671039,0.291577,0.109162,0.000724,0.125272,0.106583,-0.089716,1.0,53.967391,315,88
455718,TX,El Paso,141,2025-05-19,1,2025-03-24,56,0.20535,0.320958,2.884257,0.266044,0.09224,0.0,0.184792,0.109119,0.131944,1.0,96.391304,351,101
455724,TX,Kerr,265,2025-07-28,1,2025-03-24,126,0.243426,0.962873,3.653495,0.180176,0.049316,0.494803,0.135513,0.100523,0.193744,0.293478,78.0,351,101
455724,TX,Kerr,265,2025-09-01,1,2025-03-24,161,0.243426,0.962873,3.653495,0.180176,0.049316,0.494803,0.135513,0.100523,0.193744,0.293478,78.0,351,91
455727,TX,Dallas,113,2025-07-21,1,2025-03-24,119,0.196632,0.844509,2.967255,0.256833,0.086556,0.056989,0.155109,0.120323,-0.009705,0.978261,78.217391,351,101
455727,TX,Dallas,113,2025-09-29,1,2025-06-30,91,0.196876,1.13785,3.107514,0.297671,0.095791,0.088724,0.099992,0.091199,0.043426,0.913043,75.043478,351,91
455727,TX,Dallas,113,2025-11-10,1,2025-06-30,133,0.196876,1.13785,3.107514,0.297671,0.095791,0.088724,0.099992,0.091199,0.043426,0.913043,75.043478,351,102
455731,TX,Dallas,113,2025-09-08,1,2025-03-24,168,0.18529,0.464104,3.06482,0.416133,0.135777,0.0,0.149363,0.091256,0.018629,0.945652,122.782609,155,28
455731,TX,Dallas,113,2026-01-05,1,2025-07-14,175,0.176508,0.406285,3.379198,0.43836,0.129723,0.0,0.135529,0.087937,0.133111,0.478261,124.576087,155,33
455754,TX,Bexar,029,2025-10-13,0,,,,,,,,,,,,,,351,90
455754,TX,Bexar,029,2026-03-16,0,,,,,,,,,,,,,,349,120
455757,TX,Jefferson,245,2025-07-28,0,,,,,,,,,,,,,,351,100
455785,TX,Bell,027,2025-06-30,1,2025-03-24,98,0.207232,0.942581,2.777518,0.373389,0.134433,0.0,0.10984,0.091456,0.124933,1.0,79.891304,351,101
455785,TX,Bell,027,2025-11-17,1,2025-05-26,175,0.203465,0.871718,2.82807,0.348565,0.123252,0.0,0.115044,0.090445,0.101297,1.0,84.858696,351,102
455800,TX,Harris,201,2025-11-17,1,2025-05-26,175,0.182147,0.463515,3.028389,0.268722,0.088734,0.0,0.147496,0.091433,-0.037277,0.956522,77.978261,351,102
455815,TX,Harris,201,2025-08-11,0,,,,,,,,,,,,,,315,87
455815,TX,Harris,201,2025-10-06,0,,,,,,,,,,,,,,318,85
455815,TX,Harris,201,2026-02-23,0,,,,,,,,,,,,,,313,106
455823,TX,Dallas,113,2025-10-27,0,,,,,,,,,,,,,,351,90
455823,TX,Dallas,113,2026-03-16,0,,,,,,,,,,,,,,349,120
455835,TX,Tarrant,439,2025-04-21,0,,,,,,,,,,,,,,348,108
455855,TX,Angelina,005,2025-09-15,1,2025-03-24,175,0.17967,0.968833,2.969134,0.193173,0.06506,0.0,0.141401,0.100581,-0.125503,0.967391,70.195652,318,85
455855,TX,Angelina,005,2025-10-20,1,2025-04-28,175,0.17967,0.925856,2.969134,0.193173,0.06506,0.0,0.141401,0.100581,-0.125503,0.967391,70.195652,318,86
455855,TX,Angelina,005,2025-12-01,1,2025-06-09,175,0.177193,0.879061,3.054507,0.241455,0.079049,0.0,0.153785,0.109891,-0.076345,0.858696,67.0,316,95
455864,TX,Collin,085,2025-04-21,0,,,,,,,,,,,,,,310,99
455876,TX,Montgomery,339,2025-06-16,1,2025-03-24,84,0.178938,0.0,3.085303,0.386765,0.125357,0.0,0.124161,0.082665,-0.092646,0.967391,152.630435,13,6
455881,TX,Tarrant,439,2025-05-19,1,2025-03-24,56,0.211742,1.511379,2.836162,0.27216,0.095961,0.061813,0.120127,0.083187,0.070871,1.0,78.141304,351,101
455881,TX,Tarrant,439,2025-08-18,1,2025-03-24,147,0.211742,1.511379,2.836162,0.27216,0.095961,0.061813,0.120127,0.083187,0.070871,1.0,78.141304,351,91
455881,TX,Tarrant,439,2025-09-08,1,2025-03-24,168,0.211742,1.511379,2.836162,0.27216,0.095961,0.061813,0.120127,0.083187,0.070871,1.0,78.141304,351,91
455881,TX,Tarrant,439,2025-10-13,1,2025-04-21,175,0.211742,1.455179,2.836162,0.27216,0.095961,0.061813,0.120127,0.083187,0.070871,1.0,78.141304,351,91
455881,TX,Tarrant,439,2025-11-17,1,2025-05-26,175,0.193224,1.854061,3.064306,0.318039,0.103788,0.016172,0.125163,0.084426,0.113438,0.945652,74.597826,351,102
455889,TX,Lampasas,281,2025-05-05,0,,,,,,,,,,,,,,310,99
455893,TX,Clay,077,2025-04-21,0,,,,,,,,,,,,,,0,0
455895,TX,Dallas,113,2025-07-07,1,2025-03-24,105,0.19895,1.110182,2.933291,0.444531,0.151547,0.034255,0.180183,0.128556,-0.001795,0.934783,168.01087,13,6
455895,TX,Dallas,113,2025-09-15,1,2025-03-24,175,0.19895,1.110182,2.933291,0.444531,0.151547,0.034255,0.180183,0.128556,-0.001795,0.934783,168.01087,13,5
455895,TX,Dallas,113,2025-12-08,1,2025-06-16,175,0.190599,0.984501,3.151505,0.395564,0.125516,0.018629,0.202469,0.143369,0.068778,0.695652,167.141304,12,5
455915,TX,Hood,221,2025-09-08,1,2025-03-24,168,0.205594,0.558486,2.86121,0.137856,0.048181,0.0,0.141692,0.090617,0.037935,0.98913,132.184783,29,8
455917,TX,Hays,209,2025-05-05,1,2025-03-24,42,0.191569,0.483775,2.813656,0.544094,0.193376,0.01383,0.136907,0.082457,-0.005152,1.0,73.380435,310,100
455917,TX,Hays,209,2025-07-28,1,2025-03-24,126,0.191569,0.483775,2.813656,0.544094,0.193376,0.01383,0.136907,0.082457,-0.005152,1.0,73.380435,315,88
455917,TX,Hays,209,2025-09-29,1,2025-04-07,175,0.191569,0.474967,2.813656,0.544094,0.193376,0.01383,0.136907,0.082457,-0.005152,1.0,73.380435,318,86
455959,TX,Nacogdoches,347,2025-03-31,1,2025-03-24,7,0.183424,0.0,3.019456,0.263352,0.087218,0.0,0.243076,0.151329,-0.025794,0.847826,85.858696,348,109
455959,TX,Nacogdoches,347,2025-06-23,1,2025-03-24,91,0.183424,0.0,3.019456,0.263352,0.087218,0.0,0.243076,0.151329,-0.025794,0.847826,85.858696,351,101
455968,TX,Young,503,2025-10-06,1,2025-04-14,175,0.220366,0.404933,2.362828,0.242195,0.102502,0.0,0.256657,0.159375,-0.036302,1.0,74.880435,318,86
455969,TX,Bexar,029,2025-10-27,0,,,,,,,,,,,,,,245,102
455986,TX,Rusk,401,2025-09-15,0,,,,,,,,,,,,,,351,90
455989,TX,Hutchinson,233,2025-09-08,1,2025-03-24,168,0.228515,0.556784,2.99503,0.377374,0.126,0.165749,0.144277,0.147721,0.255463,0.858696,33.902174,245,103
465006,UT,Salt Lake,035,2025-10-20,0,,,,,,,,,,,,,,26,18
465020,UT,Box Elder,003,2025-03-31,0,,,,,,,,,,,,,,36,25
465075,UT,Salt Lake,035,2025-12-22,0,,,,,,,,,,,,,,13,7
465086,UT,Weber,057,2025-11-10,1,2025-05-19,175,0.199761,0.78464,2.561917,0.630218,0.245995,0.0,0.068217,0.089613,0.029605,1.0,43.891304,39,25
465086,UT,Weber,057,2026-01-05,1,2025-07-14,175,0.199761,0.740122,2.561917,0.630218,0.245995,0.0,0.068217,0.089613,0.029605,1.0,43.891304,39,25
465088,UT,Utah,049,2025-08-18,1,2025-03-24,147,0.20798,0.322659,2.747295,0.433546,0.157808,0.0,0.197128,0.148221,0.185126,0.978261,39.423913,39,24
465089,UT,Tooele,045,2025-06-16,0,,,,,,,,,,,,,,13,7
465091,UT,Salt Lake,035,2025-11-24,0,,,,,,,,,,,,,,26,19
465092,UT,Uintah,047,2025-09-22,0,,,,,,,,,,,,,,39,23
465093,UT,Box Elder,003,2025-12-01,1,2025-08-18,105,0.179399,0.364158,2.247299,0.727701,0.323811,0.0,0.108693,0.846651,-0.322391,0.522222,26.244444,39,25
465094,UT,Salt Lake,035,2025-06-23,0,,,,,,,,,,,,,,8,6
465100,UT,Salt Lake,035,2025-12-15,1,2025-08-18,119,0.169771,0.242048,2.940721,0.773425,0.263005,0.0,0.175939,0.123952,-0.104969,0.933333,61.611111,26,20
465101,UT,Washington,053,2025-09-22,0,,,,,,,,,,,,,,39,23
465112,UT,Davis,011,2025-06-09,0,,,,,,,,,,,,,,26,22
465112,UT,Davis,011,2025-11-03,0,,,,,,,,,,,,,,26,18
465116,UT,Cache,005,2026-02-09,0,,,,,,,,,,,,,,26,19
465119,UT,Utah,049,2026-03-16,0,,,,,,,,,,,,,,8,6
465123,UT,Cache,005,2026-01-26,0,,,,,,,,,,,,,,5,5
465143,UT,Iron,021,2025-06-23,0,,,,,,,,,,,,,,26,22
465146,UT,Salt Lake,035,2025-06-16,1,2025-03-24,84,0.185619,0.664695,3.150117,0.972086,0.308587,0.124093,0.146113,0.085683,-0.020365,0.923913,113.48913,8,7
465150,UT,Salt Lake,035,2025-11-10,0,,,,,,,,,,,,,,26,19
465153,UT,Iron,021,2026-03-23,0,,,,,,,,,,,,,,0,0
465165,UT,Box Elder,003,2025-12-15,0,,,,,,,,,,,,,,39,24
465171,UT,Salt Lake,035,2025-12-01,1,2025-08-18,105,0.190367,0.0,1.928043,0.595974,0.309108,0.0,0.173474,0.382814,-0.474547,0.911111,103.8,13,8
465179,UT,Salt Lake,035,2025-04-28,0,,,,,,,,,,,,,,26,22
465183,UT,Utah,049,2025-11-24,1,2025-06-02,175,0.173242,0.280962,3.10042,0.487334,0.157183,0.0,0.154601,0.099233,-0.010521,0.891304,40.934783,39,25
465185,UT,Salt Lake,035,2025-03-31,1,2025-03-24,7,0.203977,0.0,2.330662,0.71474,0.306668,0.0,0.206776,0.121684,-0.005586,1.0,59.641304,26,23
465186,UT,Cache,005,2025-12-08,0,,,,,,,,,,,,,,39,24
46A070,UT,Grand,019,2025-05-05,0,,,,,,,,,,,,,,36,25
46A071,UT,Weber,057,2025-10-06,1,2025-04-14,175,0.20181,0.0,2.537374,0.579382,0.228339,0.0,0.206882,0.118086,-0.009712,1.0,83.782609,13,8
475012,VT,Rutland,021,2025-09-08,1,2025-03-24,168,0.179891,0.339452,3.44754,1.031603,0.299229,0.169402,0.156096,0.083795,-0.012206,0.423913,136.597826,1,0
475019,VT,Caledonia,005,2025-05-26,1,2025-03-24,63,0.242947,1.13785,3.460799,0.669455,0.193439,0.563721,0.121186,0.084438,-0.014496,0.48913,75.945652,9,4
475019,VT,Caledonia,005,2025-07-21,1,2025-03-24,119,0.242947,1.13785,3.460799,0.669455,0.193439,0.563721,0.121186,0.084438,-0.014496,0.48913,75.945652,9,4
475021,VT,Franklin,011,2025-07-21,1,2025-03-24,119,0.20025,0.0,3.386689,0.663046,0.19578,0.279735,0.132866,0.07233,-0.013869,0.565217,84.184783,9,4
475027,VT,Bennington,003,2026-02-02,1,2025-08-11,175,0.181129,0.934143,4.400915,0.588211,0.133656,0.417844,0.151084,0.121049,0.217711,0.032609,51.695652,7,5
475032,VT,Bennington,003,2026-03-09,0,,,,,,,,,,,,,,9,4
475037,VT,Washington,023,2025-11-10,1,2025-05-19,175,0.239615,0.0,3.31782,0.450662,0.135831,0.471962,0.10858,0.072245,-0.022891,0.695652,83.717391,9,4
475039,VT,Rutland,021,2025-06-16,1,2025-03-24,84,0.17859,0.0,3.365509,0.838763,0.249223,0.124056,0.106725,0.064569,0.007017,0.663043,97.391304,9,4
475039,VT,Rutland,021,2025-08-04,1,2025-03-24,133,0.17859,0.0,3.365509,0.838763,0.249223,0.124056,0.106725,0.064569,0.007017,0.663043,97.391304,9,4
475049,VT,Orleans,019,2025-09-01,0,,,,,,,,,,,,,,7,4
475049,VT,Orleans,019,2025-10-13,0,,,,,,,,,,,,,,7,4
475055,VT,Franklin,011,2026-03-02,0,,,,,,,,,,,,,,0,0
495071,VA,Newport News City,700,2025-08-25,1,2025-03-24,154,0.197202,0.301237,3.315199,0.561527,0.16938,0.154042,0.157584,0.101034,0.006429,0.630435,194.108696,8,3
495093,VA,Harrisonburg City,660,2025-04-07,1,2025-03-24,14,0.257156,0.0,2.925092,0.23847,0.081526,0.346477,0.202524,0.119579,-0.018603,0.98913,171.804348,23,9
495097,VA,Henrico,087,2025-04-28,1,2025-03-24,35,0.217063,0.317609,2.684373,0.198161,0.07382,0.0,0.152253,0.095376,0.0205,1.0,172.043478,23,9
495097,VA,Henrico,087,2025-12-15,1,2025-06-23,175,0.222568,0.458281,2.473869,0.224672,0.090818,0.0,0.156867,0.113482,-0.056095,1.0,172.521739,23,7
495097,VA,Henrico,087,2026-02-09,1,2025-08-18,175,0.232266,0.447793,2.439631,0.266445,0.109215,0.053592,0.141936,0.122602,-0.055586,1.0,170.433333,21,5
495097,VA,Henrico,087,2026-03-16,1,2025-09-22,175,0.232266,0.441479,2.439631,0.266445,0.109215,0.053592,0.141936,0.122602,-0.055586,1.0,170.433333,21,5
495099,VA,Fairfax City,600,2026-02-02,0,,,,,,,,,,,,,,8,3
495117,VA,Norfolk City,710,2025-09-22,0,,,,,,,,,,,,,,23,6
495121,VA,Arlington,013,2025-04-21,1,2025-03-24,28,0.198496,0.388564,3.160898,0.502457,0.15896,0.092292,0.191475,0.113471,0.014684,0.826087,202.413043,4,2
495131,VA,Bristol City,520,2025-08-18,0,,,,,,,,,,,,,,79,25
495144,VA,Petersburg City,730,2026-03-09,1,2025-09-15,175,0.194566,0.14716,3.162048,0.312034,0.098681,0.071042,0.187491,0.120382,0.059517,0.788889,114.677778,79,29
495149,VA,Portsmouth City,740,2025-09-15,1,2025-03-24,175,0.179725,0.519744,3.401736,0.290347,0.085353,0.035199,0.159516,0.117282,0.12308,0.586957,100.956522,79,26
495152,VA,Tazewell,185,2025-06-09,1,2025-03-24,77,0.187108,0.0,2.995844,0.29672,0.099044,2.3e-05,0.182961,0.104999,-0.0747,0.967391,160.793478,23,9
495184,VA,James City,095,2026-02-23,0,,,,,,,,,,,,,,26,26
495186,VA,Virginia Beach City,810,2025-11-17,0,,,,,,,,,,,,,,79,25
495188,VA,Appomattox,011,2025-08-11,1,2025-05-19,84,0.174882,0.0,2.919185,0.533127,0.182629,0.0,0.147751,0.114729,-0.111335,0.956522,54.304348,41,18
495193,VA,Henrico,087,2025-05-12,1,2025-03-24,49,0.168972,0.848761,3.33983,0.283524,0.084892,0.0,0.220585,0.120674,-0.007431,0.543478,113.076087,79,29
495204,VA,Newport News City,700,2026-02-16,1,2025-08-25,175,0.186838,0.0,3.09067,0.472874,0.153,0.052661,0.161732,0.097804,-0.011836,0.9,107.055556,79,29
495210,VA,Norfolk City,710,2025-09-22,1,2025-03-31,175,0.224411,0.0,2.863348,0.372733,0.130174,0.135337,0.196147,0.110276,0.040504,1.0,163.021739,23,7
495227,VA,Henrico,087,2025-10-20,1,2025-05-19,154,0.168898,0.276286,3.44851,0.522243,0.15144,0.000117,0.146744,0.090047,0.009703,0.467391,201.336957,4,1
495230,VA,Fluvanna,065,2025-04-28,1,2025-03-24,35,0.246733,0.332802,2.80181,0.354183,0.126412,0.276984,0.140018,0.131537,0.075071,0.978261,54.413043,41,19
495234,VA,Virginia Beach City,810,2026-02-23,1,2025-09-01,175,0.180421,0.0,3.150072,0.384252,0.121982,0.025168,0.232954,0.134911,0.013588,0.777778,81.722222,61,29
495243,VA,Staunton City,790,2026-03-16,1,2025-09-22,175,0.229901,0.534512,2.723106,0.375928,0.138051,0.163076,0.194216,0.141831,-0.008919,0.988889,129.222222,20,8
495246,VA,Stafford,179,2025-08-25,1,2025-03-24,154,0.16953,0.0,3.334106,0.395428,0.118601,0.0,0.110829,0.087553,0.026475,0.663043,91.76087,62,23
495266,VA,Hanover,085,2025-10-06,1,2025-04-14,175,0.169969,0.175855,3.226962,0.441445,0.136799,0.0,0.227682,0.124993,-0.045125,0.717391,111.934783,79,26
495268,VA,Westmoreland,193,2025-04-21,1,2025-03-24,28,0.169277,0.0,3.283889,0.471143,0.143471,0.005758,0.156647,0.103661,0.028581,0.684783,60.586957,41,19
495269,VA,Arlington,013,2026-03-09,0,,,,,,,,,,,,,,11,11
495272,VA,Henrico,087,2025-04-28,0,,,,,,,,,,,,,,23,8
495275,VA,Loudoun,107,2025-05-19,0,,,,,,,,,,,,,,62,24
495296,VA,Southampton,175,2026-01-26,1,2025-08-04,175,0.190101,0.185406,3.060752,0.323129,0.105572,0.043968,0.149455,0.092416,0.008991,0.956522,86.282609,61,27
495297,VA,Caroline,033,2025-05-26,1,2025-03-24,63,0.169432,0.0,3.283403,0.48703,0.148331,0.0,0.191791,0.10415,-0.005043,0.586957,112.51087,79,26
495315,VA,Shenandoah,171,2025-09-22,1,2025-03-31,175,0.183306,0.583466,3.026011,0.424719,0.140356,0.0,0.215705,0.157397,0.024285,0.815217,79.043478,62,23
495316,VA,Warren,187,2026-01-12,1,2025-07-21,175,0.19,0.514437,3.840186,0.831656,0.216567,0.277519,0.168598,0.121931,0.166108,0.26087,106.619565,79,26
495326,VA,Albemarle,003,2025-08-18,1,2025-03-24,147,0.181659,0.159289,3.201649,0.409231,0.127819,0.01792,0.136253,0.08807,0.020749,0.826087,132.521739,20,6
495340,VA,Newport News City,700,2026-03-09,1,2025-09-15,175,0.179001,0.45037,3.002961,0.297596,0.099101,0.0,0.276635,0.171878,-0.085256,0.777778,88.866667,61,29
495345,VA,Lancaster,103,2026-02-16,1,2025-08-25,175,0.186892,0.151934,2.931221,0.509714,0.173891,0.029132,0.172723,0.124624,-0.036839,0.9,84.933333,61,29
495348,VA,Floyd,063,2025-12-01,0,,,,,,,,,,,,,,61,26
495349,VA,Wythe,197,2025-05-05,1,2025-03-24,42,0.175831,0.0,3.125792,0.41138,0.131608,0.011244,0.21944,0.124556,-0.053494,0.804348,100.576087,79,29
495362,VA,Hanover,085,2026-03-16,1,2025-09-22,175,0.203097,0.0,2.975262,0.220217,0.074016,0.0,0.184591,0.13318,0.091481,0.855556,160.933333,20,8
495365,VA,Russell,167,2025-10-20,0,,,,,,,,,,,,,,41,17
495391,VA,Henrico,087,2025-04-14,1,2025-03-24,21,0.189175,0.0,3.225992,0.418419,0.129702,0.144615,0.252678,0.145599,-0.076162,0.619565,119.413043,79,29
495398,VA,Petersburg City,730,2025-09-01,1,2025-03-24,161,0.178469,0.0,3.571613,0.533692,0.149426,0.209192,0.17864,0.130675,-0.014436,0.445652,54.521739,41,18
495420,VA,Albemarle,003,2025-10-20,1,2025-04-28,175,0.235299,0.486676,2.827513,0.298056,0.105413,0.257916,0.111604,0.078973,-0.082438,1.0,119.369565,79,26
495421,VA,Roanoke,161,2025-06-16,0,,,,,,,,,,,,,,79,25
495423,VA,Richmond City,760,2026-02-02,1,2025-08-11,175,0.187152,0.29185,3.36316,0.386791,0.115008,0.009462,0.117291,0.088879,0.172948,0.652174,175.804348,8,4
495425,VA,Bristol City,520,2025-09-29,0,,,,,,,,,,,,,,62,22
495428,VA,Henrico,087,2025-12-29,0,,,,,,,,,,,,,,26,26
495428,VA,Henrico,087,2026-02-16,0,,,,,,,,,,,,,,26,26
505017,WA,King,033,2025-08-04,0,,,,,,,,,,,,,,1,1
505017,WA,King,033,2025-09-15,0,,,,,,,,,,,,,,1,1
505070,WA,Benton,005,2025-07-21,0,,,,,,,,,,,,,,63,58
505086,WA,Yakima,077,2025-06-09,0,,,,,,,,,,,,,,63,58
505098,WA,Whatcom,073,2025-04-28,0,,,,,,,,,,,,,,30,29
505182,WA,King,033,2025-06-09,0,,,,,,,,,,,,,,2,2
505185,WA,Clallam,009,2025-07-28,0,,,,,,,,,,,,,,63,58
505185,WA,Clallam,009,2026-01-19,0,,,,,,,,,,,,,,63,59
505185,WA,Clallam,009,2026-03-16,0,,,,,,,,,,,,,,63,60
505240,WA,Kitsap,035,2025-11-10,1,2025-05-19,175,0.177141,1.025983,3.468078,0.332639,0.095914,0.152426,0.147913,0.106824,-0.049031,0.48913,72.782609,64,61
505255,WA,Adams,001,2025-09-08,0,,,,,,,,,,,,,,32,29
505261,WA,Grant,025,2025-05-05,0,,,,,,,,,,,,,,63,59
505261,WA,Grant,025,2025-10-13,1,2025-08-18,56,0.169977,0.894125,3.744665,0.566554,0.151296,0.185367,0.15679,0.091197,0.031782,0.222222,65.588889,64,59
505272,WA,Skagit,057,2025-05-19,0,,,,,,,,,,,,,,63,58
505272,WA,Skagit,057,2025-07-28,0,,,,,,,,,,,,,,63,58
505272,WA,Skagit,057,2025-11-17,0,,,,,,,,,,,,,,64,60
505275,WA,Stevens,065,2025-05-19,1,2025-03-24,56,0.210284,0.936538,3.561623,0.563247,0.158143,0.376653,0.254653,0.148747,0.063829,0.391304,58.413043,63,59
505311,WA,King,033,2025-04-28,0,,,,,,,,,,,,,,53,49
505311,WA,King,033,2025-07-21,0,,,,,,,,,,,,,,53,49
505311,WA,King,033,2026-02-09,0,,,,,,,,,,,,,,54,52
505319,WA,Snohomish,061,2025-08-18,1,2025-03-24,147,0.177919,1.141406,3.865103,0.695688,0.179992,0.271586,0.13021,0.080425,0.042568,0.163043,89.73913,54,51
505319,WA,Snohomish,061,2025-12-01,0,,,,,,,,,,,,,,54,52
505322,WA,Spokane,063,2025-04-21,1,2025-03-24,28,0.208178,0.80011,3.455388,0.61482,0.177931,0.356256,0.120504,0.085989,-0.045403,0.478261,101.086957,18,16
505322,WA,Spokane,063,2025-08-04,1,2025-03-24,133,0.208178,0.80011,3.455388,0.61482,0.177931,0.356256,0.120504,0.085989,-0.045403,0.478261,101.086957,18,16
505334,WA,King,033,2025-08-25,0,,,,,,,,,,,,,,54,50
505355,WA,King,033,2026-02-23,0,,,,,,,,,,,,,,63,60
505369,WA,Spokane,063,2025-05-05,0,,,,,,,,,,,,,,53,49
505379,WA,Spokane,063,2025-04-14,0,,,,,,,,,,,,,,18,15
505379,WA,Spokane,063,2025-07-14,0,,,,,,,,,,,,,,18,15
505387,WA,Thurston,067,2026-03-02,0,,,,,,,,,,,,,,18,17
505393,WA,Whatcom,073,2026-01-26,0,,,,,,,,,,,,,,54,52
505393,WA,Whatcom,073,2026-02-02,0,,,,,,,,,,,,,,54,52
505393,WA,Whatcom,073,2026-03-02,0,,,,,,,,,,,,,,54,52
505406,WA,Whatcom,073,2025-05-26,0,,,,,,,,,,,,,,53,49
505416,WA,King,033,2025-09-15,0,,,,,,,,,,,,,,18,15
505453,WA,King,033,2025-05-19,0,,,,,,,,,,,,,,53,49
505453,WA,King,033,2025-08-11,0,,,,,,,,,,,,,,53,49
505478,WA,King,033,2025-04-07,0,,,,,,,,,,,,,,30,29
505485,WA,Pierce,053,2025-05-19,0,,,,,,,,,,,,,,18,15
505485,WA,Pierce,053,2025-08-18,0,,,,,,,,,,,,,,18,15
505485,WA,Pierce,053,2025-10-06,0,,,,,,,,,,,,,,18,15
505499,WA,Pierce,053,2025-08-18,0,,,,,,,,,,,,,,54,50
505513,WA,King,033,2025-06-30,0,,,,,,,,,,,,,,63,58
505516,WA,Pierce,053,2025-08-25,0,,,,,,,,,,,,,,54,50
505517,WA,Kitsap,035,2025-06-30,0,,,,,,,,,,,,,,2,2
505520,WA,King,033,2025-05-12,0,,,,,,,,,,,,,,30,29
515025,WV,Randolph,083,2025-08-25,0,,,,,,,,,,,,,,26,15
515066,WV,Kanawha,039,2025-05-05,1,2025-03-24,42,0.179746,0.0,3.061709,0.433461,0.141575,0.0,0.221064,0.131131,-0.032971,0.858696,113.228261,26,8
515066,WV,Kanawha,039,2025-07-28,1,2025-03-24,126,0.179746,0.0,3.061709,0.433461,0.141575,0.0,0.221064,0.131131,-0.032971,0.858696,113.228261,26,7
515076,WV,Upshur,097,2025-07-28,1,2025-03-24,126,0.176367,0.337258,3.262225,0.337903,0.10358,0.0,0.113489,0.082411,0.03963,0.782609,106.25,26,7
515080,WV,Hampshire,027,2026-01-19,0,,,,,,,,,,,,,,10,8
515086,WV,Raleigh,081,2025-05-19,1,2025-03-24,56,0.172452,2.251156,3.243082,0.651934,0.201023,0.0,0.220994,0.140497,-0.022779,0.630435,174.793478,1,0
515087,WV,Kanawha,039,2025-04-14,1,2025-03-24,21,0.192331,0.997951,2.823263,0.466115,0.165098,0.002994,0.176091,0.133647,-0.031726,0.978261,112.402174,26,8
515087,WV,Kanawha,039,2025-05-12,1,2025-03-24,49,0.192331,0.997951,2.823263,0.466115,0.165098,0.002994,0.176091,0.133647,-0.031726,0.978261,112.402174,26,8
515087,WV,Kanawha,039,2026-03-16,1,2025-09-22,175,0.188291,1.598468,2.887863,0.547784,0.189685,0.0,0.182392,0.116617,-0.01058,0.966667,113.022222,26,7
515100,WV,Greenbrier,025,2025-09-08,1,2025-03-24,168,0.169215,0.488956,3.151844,0.800552,0.253995,0.0,0.253617,0.158112,0.029539,0.673913,63.23913,42,17
515102,WV,Wood,107,2025-12-08,1,2025-06-16,175,0.17789,0.0,3.003753,0.671861,0.223674,0.0,0.163319,0.10554,0.011295,0.967391,63.48913,42,22
515104,WV,Monongalia,061,2026-01-19,0,,,,,,,,,,,,,,42,21
515117,WV,Boone,005,2025-05-05,0,,,,,,,,,,,,,,25,14
515122,WV,Mineral,057,2025-11-24,1,2025-06-02,175,0.186529,0.0,3.187342,0.53972,0.169332,0.094583,0.20558,0.116733,-0.018717,0.76087,116.097826,26,7
515128,WV,Brooke,009,2025-05-26,1,2025-03-24,63,0.183183,0.0,2.897568,0.672032,0.23193,0.0,0.223983,0.138976,-0.025187,0.934783,108.815217,26,7
515129,WV,Barbour,001,2025-07-21,1,2025-03-24,119,0.172403,0.0,3.587641,0.579751,0.161597,0.150173,0.177963,0.121242,0.036868,0.391304,53.26087,42,18
515140,WV,Logan,045,2025-10-20,1,2025-04-28,175,0.178141,0.418385,3.811046,0.532625,0.139758,0.22269,0.305478,0.179035,0.074703,0.326087,111.195652,26,7
515142,WV,Clay,015,2025-05-19,1,2025-03-24,56,0.186506,0.0,3.51514,0.344695,0.09806,0.18578,0.116595,0.12323,0.060429,0.467391,56.445652,42,18
515144,WV,Greenbrier,025,2026-01-12,0,,,,,,,,,,,,,,26,15
515170,WV,Summers,089,2025-08-18,1,2025-03-24,147,0.17536,0.339452,3.12351,0.465988,0.149187,0.0,0.157365,0.125896,-0.042134,0.782609,109.456522,26,7
515175,WV,Logan,045,2025-06-09,1,2025-03-24,77,0.174541,0.364158,3.065241,0.587599,0.191698,0.0,0.182986,0.108968,-0.013456,0.880435,64.152174,42,18
515183,WV,Pocahontas,075,2025-11-03,1,2025-05-12,175,0.195294,0.450926,2.723051,0.60408,0.221839,0.0,0.22318,0.159747,0.04988,0.956522,64.847826,42,17
515183,WV,Pocahontas,075,2025-12-15,1,2025-06-23,175,0.192268,0.428697,2.861333,0.547581,0.191373,0.0,0.23292,0.150217,0.0822,0.934783,62.630435,42,22
515189,WV,Marion,049,2025-08-04,1,2025-03-24,133,0.232238,0.0,2.951238,0.472996,0.16027,0.267719,0.136041,0.101751,0.025997,0.978261,97.913043,25,15
515196,WV,Randolph,083,2025-08-04,1,2025-03-24,133,0.198003,0.0,3.111571,0.287322,0.09234,0.142312,0.12859,0.093042,-0.058493,0.902174,90.586957,25,15
525061,WI,Racine,101,2025-05-26,0,,,,,,,,,,,,,,39,25
525064,WI,Waukesha,133,2025-06-23,0,,,,,,,,,,,,,,39,25
525064,WI,Waukesha,133,2025-09-08,0,,,,,,,,,,,,,,39,23
525069,WI,Milwaukee,079,2025-04-28,0,,,,,,,,,,,,,,10,10
525108,WI,Milwaukee,079,2025-06-23,0,,,,,,,,,,,,,,39,25
525132,WI,Marathon,073,2025-08-18,0,,,,,,,,,,,,,,10,8
525165,WI,Washington,131,2025-10-13,0,,,,,,,,,,,,,,82,56
525165,WI,Washington,131,2025-11-10,0,,,,,,,,,,,,,,82,57
525209,WI,La Crosse,063,2025-04-14,0,,,,,,,,,,,,,,39,26
525241,WI,Rock,105,2025-03-31,0,,,,,,,,,,,,,,145,126
525241,WI,Rock,105,2026-03-23,0,,,,,,,,,,,,,,0,0
525242,WI,Waukesha,133,2025-05-19,1,2025-03-24,56,0.169287,0.422254,3.429153,0.654961,0.190998,0.064851,0.143479,0.146992,0.032849,0.48913,75.369565,39,26
525264,WI,Outagamie,087,2025-06-23,0,,,,,,,,,,,,,,149,124
525265,WI,La Crosse,063,2025-06-16,0,,,,,,,,,,,,,,79,57
525266,WI,Dane,025,2025-09-08,0,,,,,,,,,,,,,,82,56
525266,WI,Dane,025,2026-01-05,0,,,,,,,,,,,,,,82,57
525271,WI,Jefferson,055,2025-04-14,0,,,,,,,,,,,,,,0,0
525271,WI,Jefferson,055,2025-06-23,0,,,,,,,,,,,,,,0,0
525271,WI,Jefferson,055,2025-11-24,0,,,,,,,,,,,,,,0,0
525274,WI,Fond Du Lac,039,2025-06-09,0,,,,,,,,,,,,,,149,124
525276,WI,Dane,025,2025-05-05,0,,,,,,,,,,,,,,10,10
525279,WI,Waukesha,133,2025-04-21,0,,,,,,,,,,,,,,147,128
525279,WI,Waukesha,133,2025-06-16,0,,,,,,,,,,,,,,149,124
525281,WI,Kenosha,059,2025-09-29,1,2025-04-07,175,0.191086,1.067982,3.062653,0.467306,0.152582,0.079125,0.152946,0.095833,-0.02088,0.945652,98.076087,39,24
525304,WI,Wood,141,2025-07-07,0,,,,,,,,,,,,,,80,58
525305,WI,Dane,025,2026-03-09,0,,,,,,,,,,,,,,150,130
525314,WI,Jefferson,055,2025-06-30,0,,,,,,,,,,,,,,16,12
525317,WI,Sauk,111,2025-05-12,0,,,,,,,,,,,,,,147,128
525321,WI,Grant,043,2025-04-21,1,2025-03-24,28,0.240354,1.017409,3.342337,0.676828,0.202501,0.541367,0.156583,0.111453,-0.046035,0.663043,47.48913,147,129
525321,WI,Grant,043,2025-08-25,1,2025-03-24,154,0.240354,1.017409,3.342337,0.676828,0.202501,0.541367,0.156583,0.111453,-0.046035,0.663043,47.48913,150,120
525328,WI,Ashland,003,2025-05-26,0,,,,,,,,,,,,,,148,123
525331,WI,Dane,025,2025-07-07,1,2025-05-19,49,0.183374,0.935339,3.876426,0.94472,0.243709,0.41051,0.146749,0.109921,-0.084543,0.195652,54.347826,80,59
525331,WI,Dane,025,2025-09-15,1,2025-05-19,119,0.183374,0.935339,3.876426,0.94472,0.243709,0.41051,0.146749,0.109921,-0.084543,0.195652,54.347826,82,57
525331,WI,Dane,025,2025-10-13,1,2025-05-19,147,0.183374,0.935339,3.876426,0.94472,0.243709,0.41051,0.146749,0.109921,-0.084543,0.195652,54.347826,82,57
525338,WI,Dodge,027,2026-02-16,1,2025-08-25,175,0.180578,2.236224,2.848083,0.604931,0.212399,0.004451,0.113078,0.090256,-0.080666,0.988889,63.766667,82,64
525338,WI,Dodge,027,2026-03-16,1,2025-09-22,175,0.180578,2.174107,2.848083,0.604931,0.212399,0.004451,0.113078,0.090256,-0.080666,0.988889,63.766667,82,64
525343,WI,Shawano,115,2025-09-15,1,2025-03-24,175,0.168831,0.533991,3.367808,0.600591,0.178333,0.077169,0.124784,0.084209,-0.012179,0.619565,39.380435,151,121
525348,WI,Waupaca,135,2025-04-21,0,,,,,,,,,,,,,,147,128
525350,WI,Clark,019,2025-08-18,1,2025-08-18,0,0.181449,0.0,2.278956,0.554817,0.243452,0.0,0.071885,0.731826,-0.415175,0.611111,65.0,81,56
525352,WI,Grant,043,2025-08-18,1,2025-03-24,147,0.177283,0.0,3.439292,0.530389,0.154215,0.095637,0.148602,0.101707,0.110369,0.478261,38.521739,150,120
525362,WI,Lafayette,065,2026-03-23,0,,,,,,,,,,,,,,0,0
525363,WI,Oconto,083,2025-09-15,1,2025-03-24,175,0.21485,0.0,2.771491,0.682677,0.246321,0.188075,0.166509,0.129618,0.006981,0.978261,33.380435,151,121
525365,WI,Richland,103,2025-03-31,0,,,,,,,,,,,,,,78,58
525365,WI,Richland,103,2025-06-30,0,,,,,,,,,,,,,,80,58
525365,WI,Richland,103,2025-07-21,0,,,,,,,,,,,,,,80,58
525371,WI,Milwaukee,079,2025-06-30,1,2025-03-24,98,0.196996,0.995232,2.85005,0.386536,0.135624,0.082224,0.088229,0.090128,-0.125993,0.98913,99.097826,39,26
525371,WI,Milwaukee,079,2025-07-28,1,2025-03-24,126,0.196996,0.995232,2.85005,0.386536,0.135624,0.082224,0.088229,0.090128,-0.125993,0.98913,99.097826,39,26
525371,WI,Milwaukee,079,2025-09-29,1,2025-04-07,175,0.196996,0.976604,2.85005,0.386536,0.135624,0.082224,0.088229,0.090128,-0.125993,0.98913,99.097826,39,24
525382,WI,Milwaukee,079,2025-04-14,0,,,,,,,,,,,,,,146,127
525389,WI,Manitowoc,071,2025-06-23,0,,,,,,,,,,,,,,149,124
525398,WI,Pierce,093,2025-04-07,1,2025-03-24,14,0.172489,0.0,3.749547,0.810743,0.216224,0.197751,0.142796,0.1165,0.097779,0.282609,38.173913,146,128
525415,WI,Waukesha,133,2025-08-04,0,,,,,,,,,,,,,,150,124
525421,WI,Waukesha,133,2025-11-10,0,,,,,,,,,,,,,,82,57
525422,WI,Waukesha,133,2025-09-22,0,,,,,,,,,,,,,,151,120
525424,WI,Waukesha,133,2025-08-25,1,2025-05-19,98,0.168721,1.976996,3.344719,0.409914,0.122556,0.010874,0.197716,0.125886,0.008506,0.608696,96.532609,39,24
525425,WI,Grant,043,2025-06-30,0,,,,,,,,,,,,,,149,124
525425,WI,Grant,043,2025-09-08,0,,,,,,,,,,,,,,151,120
525438,WI,La Crosse,063,2026-01-19,0,,,,,,,,,,,,,,82,57
525452,WI,Juneau,057,2025-06-30,1,2025-03-24,98,0.173504,0.44006,3.126788,0.73438,0.234867,0.0,0.13052,0.087804,0.037801,0.913043,66.48913,80,59
525453,WI,Dodge,027,2025-08-04,0,,,,,,,,,,,,,,150,124
525484,WI,Outagamie,087,2026-03-09,0,,,,,,,,,,,,,,82,63
525494,WI,Door,029,2026-02-09,0,,,,,,,,,,,,,,150,130
525495,WI,Racine,101,2026-02-09,0,,,,,,,,,,,,,,82,63
525497,WI,Waupaca,135,2025-04-28,1,2025-03-24,35,0.168802,0.0,3.377374,0.435115,0.128832,0.043558,0.180637,0.114224,0.028453,0.5,47.434783,147,129
525497,WI,Waupaca,135,2025-06-16,1,2025-03-24,84,0.168802,0.0,3.377374,0.435115,0.128832,0.043558,0.180637,0.114224,0.028453,0.5,47.434783,149,125
525504,WI,Milwaukee,079,2025-12-08,1,2025-06-16,175,0.188918,0.648181,4.421637,1.003378,0.226925,0.572001,0.100103,0.077388,0.005484,0.01087,82.847826,39,26
525524,WI,Milwaukee,079,2026-01-05,0,,,,,,,,,,,,,,150,122
525528,WI,Waukesha,133,2025-12-22,1,2025-08-18,126,0.172928,1.296362,3.972244,0.573621,0.144407,0.307539,0.131747,0.096798,-0.026755,0.111111,88.133333,39,26
525533,WI,Kewaunee,061,2025-11-03,0,,,,,,,,,,,,,,151,120
525542,WI,Racine,101,2025-05-05,0,,,,,,,,,,,,,,78,58
525542,WI,Racine,101,2025-10-27,0,,,,,,,,,,,,,,82,56
525549,WI,Milwaukee,079,2026-01-26,1,2025-08-04,175,0.189791,1.880309,3.254332,0.319278,0.098109,0.199214,0.202945,0.135132,-0.134201,0.641304,78.0,39,26
525552,WI,Milwaukee,079,2025-03-31,1,2025-03-24,7,0.185412,1.010373,3.876631,1.033072,0.266487,0.316123,0.108461,0.183575,0.132292,0.271739,45.75,145,127
525552,WI,Milwaukee,079,2025-10-27,1,2025-05-05,175,0.185412,1.432353,3.876631,1.033072,0.266487,0.316123,0.108461,0.183575,0.132292,0.271739,45.75,151,121
525554,WI,Winnebago,139,2025-08-11,1,2025-03-24,140,0.169539,0.0,4.40367,0.995693,0.226105,0.361845,0.125416,0.095871,0.151159,0.021739,72.73913,80,59
525556,WI,Kenosha,059,2025-07-07,0,,,,,,,,,,,,,,3,3
525565,WI,Walworth,127,2025-11-03,0,,,,,,,,,,,,,,151,120
525567,WI,Bayfield,007,2025-11-10,0,,,,,,,,,,,,,,150,122
525568,WI,Sheboygan,117,2025-12-15,0,,,,,,,,,,,,,,82,57
525574,WI,Outagamie,087,2026-03-16,0,,,,,,,,,,,,,,10,9
525579,WI,Outagamie,087,2026-01-19,0,,,,,,,,,,,,,,150,122
525622,WI,Crawford,023,2025-07-21,0,,,,,,,,,,,,,,150,124
525625,WI,Walworth,127,2025-09-01,0,,,,,,,,,,,,,,39,23
525630,WI,Green,045,2026-02-16,0,,,,,,,,,,,,,,39,27
525632,WI,Sawyer,113,2025-08-04,0,,,,,,,,,,,,,,150,124
525642,WI,Dodge,027,2025-04-28,0,,,,,,,,,,,,,,147,128
525643,WI,Green,045,2025-08-04,0,,,,,,,,,,,,,,80,58
525656,WI,Dane,025,2025-09-01,0,,,,,,,,,,,,,,151,120
525657,WI,Marquette,077,2025-04-07,0,,,,,,,,,,,,,,146,127
525657,WI,Marquette,077,2025-10-20,0,,,,,,,,,,,,,,151,120
525660,WI,Grant,043,2025-12-22,1,2025-06-30,175,0.190067,1.819427,3.325407,0.608273,0.182917,0.163203,0.098169,0.087054,0.052023,0.663043,60.467391,82,58
525668,WI,Ozaukee,089,2025-07-28,0,,,,,,,,,,,,,,150,124
525672,WI,Barron,005,2026-02-02,0,,,,,,,,,,,,,,82,57
525688,WI,Racine,101,2025-06-09,0,,,,,,,,,,,,,,79,57
525688,WI,Racine,101,2025-09-29,0,,,,,,,,,,,,,,82,56
525701,WI,Eau Claire,035,2025-04-14,0,,,,,,,,,,,,,,146,127
535013,WY,Laramie,021,2025-06-23,1,2025-03-24,91,0.178856,0.0,3.092824,0.623173,0.20149,0.0,0.09298,0.077544,0.040122,0.978261,82.554348,5,4
535013,WY,Laramie,021,2026-03-23,0,,,,,,,,,,,,,,0,0
535017,WY,Sublette,035,2025-08-18,0,,,,,,,,,,,,,,12,8
535021,WY,Big Horn,003,2025-10-20,0,,,,,,,,,,,,,,5,3
535023,WY,Weston,045,2025-12-08,0,,,,,,,,,,,,,,12,9
535024,WY,Natrona,025,2025-05-12,0,,,,,,,,,,,,,,5,4
535024,WY,Natrona,025,2025-08-25,1,2025-05-19,98,0.168798,0.463515,3.023579,0.783816,0.259234,0.001022,0.176024,0.120112,-0.093942,0.923913,84.434783,5,4
535025,WY,Laramie,021,2025-08-04,0,,,,,,,,,,,,,,5,3
535025,WY,Laramie,021,2025-10-20,0,,,,,,,,,,,,,,5,3
535025,WY,Laramie,021,2025-11-10,0,,,,,,,,,,,,,,5,3
535040,WY,Converse,009,2025-09-15,0,,,,,,,,,,,,,,0,0
535042,WY,Natrona,025,2025-05-19,1,2025-03-24,56,0.175156,1.170673,3.242296,0.676521,0.208655,0.0,0.192798,0.119511,0.036861,0.684783,154.141304,0,0
535042,WY,Natrona,025,2026-03-09,1,2025-09-15,175,0.172699,1.315032,3.196207,0.758408,0.237284,0.0,0.237251,0.149289,-0.01086,0.688889,160.233333,0,0
535048,WY,Washakie,043,2026-02-23,0,,,,,,,,,,,,,,6,4
535053,WY,Platte,031,2026-02-16,0,,,,,,,,,,,,,,11,10
535056,WY,Sweetwater,037,2026-01-12,0,,,,,,,,,,,,,,12,9
555004,CA,Los Angeles,037,2025-04-21,0,,,,,,,,,,,,,,330,316
555023,CA,Santa Barbara,083,2025-11-17,0,,,,,,,,,,,,,,179,170
555034,CA,San Mateo,081,2025-06-30,1,2025-03-24,98,0.175828,0.774929,3.996983,0.717031,0.179393,0.11041,0.138877,0.079006,0.210416,0.076087,282.73913,6,4
555057,CA,Los Angeles,037,2025-12-01,0,,,,,,,,,,,,,,122,116
555057,CA,Los Angeles,037,2026-03-02,0,,,,,,,,,,,,,,122,116
555071,CA,Los Angeles,037,2025-04-21,0,,,,,,,,,,,,,,330,316
555083,CA,Sacramento,067,2025-11-10,0,,,,,,,,,,,,,,334,321
555098,CA,Sacramento,067,2025-12-15,0,,,,,,,,,,,,,,86,79
555099,CA,Los Angeles,037,2025-06-09,0,,,,,,,,,,,,,,6,3
555099,CA,Los Angeles,037,2025-12-15,0,,,,,,,,,,,,,,6,3
555105,CA,San Joaquin,077,2025-12-08,0,,,,,,,,,,,,,,334,321
555115,CA,Madera,039,2025-07-21,0,,,,,,,,,,,,,,248,239
555115,CA,Madera,039,2025-09-08,1,2025-08-18,21,0.168721,0.335092,3.47277,0.212273,0.061125,0.099087,0.11547,0.117203,-0.06788,0.422222,62.566667,250,240
555115,CA,Madera,039,2025-10-27,1,2025-08-18,70,0.168721,0.335092,3.47277,0.212273,0.061125,0.099087,0.11547,0.117203,-0.06788,0.422222,62.566667,250,240
555117,CA,Los Angeles,037,2025-03-31,0,,,,,,,,,,,,,,330,316
555117,CA,Los Angeles,037,2025-05-05,0,,,,,,,,,,,,,,330,316
555117,CA,Los Angeles,037,2025-08-04,0,,,,,,,,,,,,,,333,316
555135,CA,Riverside,065,2025-08-25,0,,,,,,,,,,,,,,336,317
555139,CA,Los Angeles,037,2025-12-08,0,,,,,,,,,,,,,,122,116
555170,CA,Kern,029,2026-01-19,0,,,,,,,,,,,,,,334,321
555190,CA,Stanislaus,099,2025-10-27,0,,,,,,,,,,,,,,48,44
555207,CA,Napa,055,2026-03-23,0,,,,,,,,,,,,,,0,0
555208,CA,Tulare,107,2025-06-02,0,,,,,,,,,,,,,,83,76
555214,CA,Marin,041,2025-08-11,0,,,,,,,,,,,,,,333,316
555235,CA,San Mateo,081,2025-05-12,0,,,,,,,,,,,,,,119,113
555235,CA,San Mateo,081,2025-08-11,0,,,,,,,,,,,,,,120,114
555257,CA,Orange,059,2026-02-09,0,,,,,,,,,,,,,,334,324
555259,CA,Orange,059,2026-03-09,0,,,,,,,,,,,,,,47,45
555286,CA,Orange,059,2025-11-10,0,,,,,,,,,,,,,,86,79
555297,CA,Riverside,065,2025-04-07,0,,,,,,,,,,,,,,48,45
555304,CA,Butte,007,2025-07-14,0,,,,,,,,,,,,,,84,77
555319,CA,Riverside,065,2025-05-12,0,,,,,,,,,,,,,,244,237
555330,CA,Riverside,065,2025-04-21,0,,,,,,,,,,,,,,48,45
555330,CA,Riverside,065,2025-10-13,0,,,,,,,,,,,,,,48,44
555330,CA,Riverside,065,2026-03-02,0,,,,,,,,,,,,,,47,45
555350,CA,San Bernardino,071,2025-08-25,0,,,,,,,,,,,,,,7,5
555394,CA,Santa Barbara,083,2025-09-29,0,,,,,,,,,,,,,,122,115
555394,CA,Santa Barbara,083,2025-10-20,0,,,,,,,,,,,,,,122,115
555400,CA,Sacramento,067,2025-09-22,0,,,,,,,,,,,,,,48,44
555400,CA,Sacramento,067,2026-01-05,0,,,,,,,,,,,,,,48,46
555421,CA,Contra Costa,013,2026-03-23,0,,,,,,,,,,,,,,0,0
555431,CA,San Diego,073,2026-03-16,1,2025-09-22,175,0.184696,0.0,3.957709,0.247033,0.062418,0.225275,0.145015,0.082718,0.028105,0.088889,300.311111,6,4
555432,CA,Los Angeles,037,2025-11-10,0,,,,,,,,,,,,,,250,242
555433,CA,Plumas,063,2025-05-12,0,,,,,,,,,,,,,,244,237
555433,CA,Plumas,063,2025-07-21,0,,,,,,,,,,,,,,248,239
555470,CA,San Joaquin,077,2026-01-26,0,,,,,,,,,,,,,,86,79
555473,CA,Orange,059,2026-03-09,0,,,,,,,,,,,,,,122,116
555487,CA,Santa Clara,085,2025-08-18,0,,,,,,,,,,,,,,86,79
555496,CA,San Joaquin,077,2026-02-16,0,,,,,,,,,,,,,,334,324
555514,CA,San Bernardino,071,2025-04-14,0,,,,,,,,,,,,,,244,237
555515,CA,Orange,059,2025-09-15,0,,,,,,,,,,,,,,250,239
555522,CA,San Bernardino,071,2025-10-06,0,,,,,,,,,,,,,,336,317
555522,CA,San Bernardino,071,2025-11-17,0,,,,,,,,,,,,,,334,321
555565,CA,Los Angeles,037,2025-05-19,0,,,,,,,,,,,,,,23,19
555565,CA,Los Angeles,037,2025-06-09,0,,,,,,,,,,,,,,23,19
555565,CA,Los Angeles,037,2025-11-10,0,,,,,,,,,,,,,,23,21
555566,CA,Riverside,065,2025-05-12,0,,,,,,,,,,,,,,48,45
555579,CA,Los Angeles,037,2025-06-23,0,,,,,,,,,,,,,,7,5
555579,CA,Los Angeles,037,2025-07-14,0,,,,,,,,,,,,,,7,5
555579,CA,Los Angeles,037,2025-08-04,0,,,,,,,,,,,,,,7,5
555579,CA,Los Angeles,037,2026-02-02,0,,,,,,,,,,,,,,7,5
555583,CA,Los Angeles,037,2026-01-12,0,,,,,,,,,,,,,,86,79
555652,CA,Fresno,019,2025-05-05,0,,,,,,,,,,,,,,48,45
555652,CA,Fresno,019,2025-09-22,0,,,,,,,,,,,,,,48,44
555652,CA,Fresno,019,2026-01-05,0,,,,,,,,,,,,,,48,46
555658,CA,Tulare,107,2025-09-01,0,,,,,,,,,,,,,,336,317
555668,CA,Los Angeles,037,2025-07-14,0,,,,,,,,,,,,,,333,316
555686,CA,Los Angeles,037,2025-08-11,0,,,,,,,,,,,,,,48,45
555701,CA,Ventura,111,2025-06-30,0,,,,,,,,,,,,,,333,316
555702,CA,Kern,029,2026-03-16,0,,,,,,,,,,,,,,86,81
555703,CA,Sonoma,097,2025-04-14,0,,,,,,,,,,,,,,244,237
555707,CA,Los Angeles,037,2025-04-21,0,,,,,,,,,,,,,,119,113
555712,CA,Santa Clara,085,2025-12-01,0,,,,,,,,,,,,,,179,170
555751,CA,Orange,059,2025-07-14,0,,,,,,,,,,,,,,334,317
555757,CA,Santa Clara,085,2025-06-23,0,,,,,,,,,,,,,,176,166
555771,CA,Kern,029,2025-12-01,0,,,,,,,,,,,,,,122,116
555771,CA,Kern,029,2025-12-08,0,,,,,,,,,,,,,,122,116
555771,CA,Kern,029,2026-03-02,0,,,,,,,,,,,,,,122,116
555781,CA,Los Angeles,037,2025-06-23,1,2025-03-24,91,0.212173,1.28496,3.175632,0.17165,0.054052,0.162336,0.188336,0.10926,0.019166,0.836957,166.48913,48,46
555808,CA,Los Angeles,037,2025-03-31,0,,,,,,,,,,,,,,330,316
555808,CA,Los Angeles,037,2025-09-01,0,,,,,,,,,,,,,,336,317
555819,CA,Alameda,001,2026-02-16,0,,,,,,,,,,,,,,248,243
555823,CA,Los Angeles,037,2026-01-19,0,,,,,,,,,,,,,,86,79
555831,CA,Santa Clara,085,2025-06-02,0,,,,,,,,,,,,,,333,316
555831,CA,Santa Clara,085,2025-06-23,0,,,,,,,,,,,,,,333,316
555831,CA,Santa Clara,085,2025-08-25,0,,,,,,,,,,,,,,336,317
555844,CA,Marin,041,2025-04-21,0,,,,,,,,,,,,,,48,45
555844,CA,Marin,041,2025-09-08,1,2025-08-18,21,0.175533,0.462928,3.731942,0.532948,0.142807,0.167028,0.111275,0.064955,0.01061,0.177778,174.855556,48,45
555852,CA,Los Angeles,037,2025-04-14,0,,,,,,,,,,,,,,5,4
555867,CA,Monterey,053,2025-09-29,0,,,,,,,,,,,,,,0,0
555878,CA,San Diego,073,2026-02-02,0,,,,,,,,,,,,,,334,321
555904,CA,Los Angeles,037,2025-11-10,0,,,,,,,,,,,,,,48,46
675001,TX,Eastland,133,2025-03-31,0,,,,,,,,,,,,,,310,99
675017,TX,Brown,049,2025-03-31,0,,,,,,,,,,,,,,310,99
675020,TX,Hunt,231,2025-05-12,1,2025-03-24,49,0.176081,0.597302,3.223639,0.529701,0.164318,0.0,0.137832,0.136711,0.084547,0.695652,76.076087,348,109
675032,TX,Dallas,113,2025-08-11,1,2025-03-24,140,0.182661,0.529348,3.050899,0.48714,0.159671,0.002467,0.115053,0.076694,0.026252,0.967391,83.771739,351,101
675034,TX,Tarrant,439,2025-04-14,1,2025-03-24,21,0.186148,0.0,2.895563,0.519596,0.179446,0.0,0.155393,0.088725,-0.014416,1.0,85.01087,348,109
675034,TX,Tarrant,439,2025-07-21,1,2025-03-24,119,0.186148,0.0,2.895563,0.519596,0.179446,0.0,0.155393,0.088725,-0.014416,1.0,85.01087,351,101
675037,TX,Camp,063,2025-06-30,0,,,,,,,,,,,,,,242,107
675044,TX,Hidalgo,215,2025-07-14,0,,,,,,,,,,,,,,154,30
675046,TX,Fort Bend,157,2025-11-17,1,2025-05-26,175,0.171425,1.50774,3.416489,0.576096,0.168622,0.0,0.206958,0.118097,0.137331,0.467391,108.097826,155,33
675052,TX,Harris,201,2025-11-10,0,,,,,,,,,,,,,,242,107
675089,TX,Grayson,181,2025-05-05,1,2025-03-24,42,0.209603,0.943798,2.72951,0.377121,0.138164,0.030673,0.176261,0.253073,0.07941,0.934783,69.652174,310,100
675101,TX,Lee,287,2025-11-24,1,2025-06-02,175,0.196327,0.781283,3.017828,0.262193,0.086881,0.0,0.089193,0.10906,0.156412,0.934783,52.0,316,95
675104,TX,Live Oak,297,2025-05-19,1,2025-03-24,56,0.189134,0.0,2.885257,0.409861,0.142054,0.0,0.165003,0.099634,-0.005366,0.98913,76.826087,351,101
675105,TX,Kaufman,257,2025-04-21,0,,,,,,,,,,,,,,240,115
675105,TX,Kaufman,257,2025-08-11,0,,,,,,,,,,,,,,242,107
675111,TX,Dallas,113,2025-07-07,1,2025-03-24,105,0.178957,0.0,3.195705,0.322837,0.101022,0.024492,0.130141,0.089585,0.014577,0.869565,70.347826,315,88
675118,TX,Travis,453,2025-05-05,1,2025-03-24,42,0.171684,0.563657,3.362159,0.276288,0.082176,0.018352,0.06947,0.079976,0.032044,0.663043,76.369565,348,109
675118,TX,Travis,453,2025-09-29,1,2025-04-07,175,0.171684,0.551737,3.362159,0.276288,0.082176,0.018352,0.06947,0.079976,0.032044,0.663043,76.369565,351,91
675127,TX,Harris,201,2025-05-05,1,2025-03-24,42,0.197389,0.46767,2.823569,0.322946,0.114375,0.012222,0.201192,0.214893,0.024241,0.967391,61.793478,310,100
675128,TX,Wichita,485,2025-06-02,0,,,,,,,,,,,,,,351,100
675132,TX,Robertson,395,2025-08-11,1,2025-03-24,140,0.180039,0.0,3.2989,0.377776,0.114516,0.159565,0.085855,0.100047,-0.09411,0.684783,22.728261,12,9
675134,TX,De Witt,123,2025-05-19,0,,,,,,,,,,,,,,242,107
675145,TX,Ector,135,2025-03-31,1,2025-03-24,7,0.205074,0.0,2.530629,0.387562,0.153149,0.0,0.204317,0.124515,-0.055052,1.0,85.391304,348,109
675151,TX,Grayson,181,2026-01-26,1,2025-08-04,175,0.207168,0.429201,3.224848,0.484741,0.150314,0.263274,0.1032,0.106234,0.011338,0.706522,29.326087,241,107
675229,TX,Montgomery,339,2025-08-25,1,2025-03-24,154,0.176774,0.0,3.109441,0.277356,0.089198,0.0,0.082144,0.122831,-0.019961,0.815217,48.586957,245,103
675230,TX,Shelby,419,2025-12-08,0,,,,,,,,,,,,,,316,94
675231,TX,Harris,201,2025-10-27,1,2025-05-05,175,0.188498,0.535557,3.071216,0.315181,0.102624,0.011161,0.179319,0.108111,0.076006,0.934783,71.347826,318,86
675270,TX,Tarrant,439,2025-09-01,1,2025-03-24,161,0.175148,0.555936,3.416166,0.385994,0.11299,0.020132,0.170214,0.13984,0.195198,0.5,30.956522,245,103
675311,TX,Freestone,161,2025-04-07,1,2025-03-24,14,0.181904,0.0,3.241902,0.302721,0.093378,0.116464,0.059655,0.076959,-0.069038,0.847826,41.543478,240,116
675320,TX,Van Zandt,467,2025-09-22,0,,,,,,,,,,,,,,245,102
675336,TX,Potter,375,2025-09-08,1,2025-08-18,21,0.190214,0.0,2.972265,0.350892,0.118055,0.041586,0.082658,0.089592,-0.015582,0.955556,58.044444,318,85
675344,TX,Brazoria,039,2025-06-30,1,2025-03-24,98,0.190418,0.46767,2.696955,0.506124,0.187665,0.0,0.261386,0.162119,-0.059332,0.98913,65.673913,315,88
675352,TX,Dallas,113,2026-02-02,1,2025-08-11,175,0.218852,0.0,2.539823,0.399476,0.157285,0.018501,0.158265,0.096152,0.058572,1.0,103.01087,155,33
675356,TX,Bastrop,021,2026-02-02,1,2025-08-11,175,0.197479,0.0,2.745601,0.380147,0.138457,0.0,0.085445,0.093918,0.02112,1.0,46.630435,241,107
675360,TX,Mc Lennan,309,2025-06-09,1,2025-03-24,77,0.197385,1.395415,2.900274,0.338369,0.116668,0.062606,0.227868,0.133312,-0.03631,0.956522,86.086957,351,101
675360,TX,Mc Lennan,309,2026-03-02,1,2025-09-08,175,0.216675,1.503086,2.536129,0.315817,0.124527,0.088692,0.146963,0.09309,-0.126606,1.0,92.055556,349,121
675361,TX,Wharton,481,2026-02-02,1,2025-08-11,175,0.18818,0.35844,2.731743,0.308742,0.11302,0.0,0.171494,0.116424,-0.158734,0.98913,81.891304,350,101
675369,TX,Johnson,251,2025-04-28,0,,,,,,,,,,,,,,310,99
675398,TX,Shelby,419,2025-04-21,1,2025-03-24,28,0.183994,0.498295,2.898267,0.225183,0.077696,0.001034,0.14329,0.380933,-0.103926,0.619565,65.304348,310,100
675399,TX,Grimes,185,2025-08-11,1,2025-03-24,140,0.192976,1.995902,3.059139,0.186462,0.060953,0.0,0.155821,0.142153,0.123782,0.847826,61.206522,315,88
675399,TX,Grimes,185,2025-09-15,1,2025-03-24,175,0.192976,1.995902,3.059139,0.186462,0.060953,0.0,0.155821,0.142153,0.123782,0.847826,61.206522,318,85
675402,TX,Rockwall,397,2025-10-20,1,2025-04-28,175,0.185213,0.775478,3.095441,0.239896,0.0775,0.0,0.116643,0.087153,0.040896,0.934783,78.532609,351,91
675418,TX,Dallas,113,2025-07-14,1,2025-03-24,112,0.18367,0.370812,3.01833,0.312767,0.103623,0.010802,0.172736,0.111291,-0.019869,0.923913,67.673913,315,88
675438,TX,Mc Lennan,309,2025-05-05,0,,,,,,,,,,,,,,150,32
675446,TX,Wilson,493,2025-12-29,0,,,,,,,,,,,,,,313,94
675453,TX,Collin,085,2025-05-19,1,2025-03-24,56,0.168859,0.0,3.377543,0.374849,0.110983,0.004301,0.051728,0.070852,0.060766,0.684783,62.858696,315,88
675458,TX,Caldwell,055,2025-05-05,1,2025-03-24,42,0.210287,0.552572,2.845333,0.401621,0.141151,0.115076,0.244012,0.148625,0.02371,0.98913,64.391304,310,100
675458,TX,Caldwell,055,2025-11-17,1,2025-05-26,175,0.191268,1.008978,2.877596,0.471772,0.163946,0.007327,0.192324,0.121223,0.034191,0.956522,67.369565,316,95
675458,TX,Caldwell,055,2026-02-16,1,2025-08-25,175,0.194643,0.896319,2.81671,0.463276,0.164474,0.015272,0.181365,0.109442,0.003865,1.0,79.833333,313,107
675471,TX,Fannin,147,2025-04-21,1,2025-03-24,28,0.174287,0.865521,3.216842,0.42481,0.132058,0.0,0.109319,0.097172,0.060821,0.782609,46.706522,240,116
675484,TX,San Jacinto,407,2025-04-21,0,,,,,,,,,,,,,,240,115
675484,TX,San Jacinto,407,2025-07-21,0,,,,,,,,,,,,,,242,107
675493,TX,Harris,201,2025-06-23,1,2025-03-24,91,0.189286,0.0,2.959749,0.301817,0.101974,0.024251,0.201953,0.156757,-0.03228,0.858696,84.956522,351,101
675498,TX,Randall,381,2025-04-21,1,2025-03-24,28,0.189785,0.0,3.136397,0.423328,0.134973,0.082109,0.094579,0.071965,-0.000933,0.978261,89.73913,348,109
675527,TX,Lubbock,303,2025-06-30,1,2025-03-24,98,0.176899,0.375772,3.293477,0.222304,0.067498,0.0,0.2549,0.151775,0.096483,0.586957,76.152174,351,101
675527,TX,Lubbock,303,2025-08-11,1,2025-03-24,140,0.176899,0.375772,3.293477,0.222304,0.067498,0.0,0.2549,0.151775,0.096483,0.586957,76.152174,351,101
675541,TX,Jefferson,245,2025-06-02,1,2025-05-19,14,0.172925,1.868286,3.286527,0.158741,0.0483,0.011946,0.180716,0.115156,-0.000546,0.673913,70.597826,315,88
675561,TX,Bowie,037,2025-09-08,1,2025-03-24,168,0.177704,0.462928,2.878344,0.588849,0.204579,0.0,0.121414,0.132205,-0.067927,0.934783,38.336957,245,103
675572,TX,Somervell,425,2025-05-05,1,2025-03-24,42,0.181519,0.572492,3.140723,0.279482,0.088987,0.004471,0.114406,0.08332,0.02409,0.880435,81.663043,348,109
675587,TX,Bell,027,2025-12-29,1,2025-07-07,175,0.181105,0.87276,3.158611,0.229477,0.072651,0.0,0.189844,0.132527,0.048527,0.73913,72.782609,313,95
675593,TX,Taylor,441,2025-10-27,0,,,,,,,,,,,,,,351,90
675617,TX,Maverick,323,2025-04-21,1,2025-03-24,28,0.188848,0.480592,3.038307,0.195625,0.064386,0.0,0.213738,0.121247,0.06017,0.902174,63.956522,310,100
675620,TX,Jefferson,245,2026-01-26,0,,,,,,,,,,,,,,241,106
675622,TX,Tarrant,439,2025-07-07,1,2025-03-24,105,0.172025,1.115267,3.383642,0.426021,0.125906,0.0,0.143847,0.09537,0.005198,0.554348,186.728261,3,0
675641,TX,Guadalupe,187,2026-01-26,1,2025-08-04,175,0.26579,0.444343,2.701993,0.13408,0.049623,0.367964,0.112168,0.106236,-0.065848,0.98913,68.380435,313,95
675651,TX,Hays,209,2025-07-28,1,2025-03-24,126,0.196064,0.564529,2.741964,0.459228,0.167481,0.0,0.159143,0.096094,-0.021042,1.0,98.978261,351,101
675663,TX,Fort Bend,157,2025-04-07,1,2025-03-24,14,0.175346,0.0,2.987771,0.607128,0.203204,0.009747,0.202212,0.131736,-0.041067,0.880435,43.108696,240,116
675671,TX,Harris,201,2025-12-08,0,,,,,,,,,,,,,,242,107
675689,TX,Hidalgo,215,2025-04-07,1,2025-03-24,14,0.177096,0.0,3.227915,0.329961,0.102221,0.0,0.202786,0.112216,0.046328,0.673913,95.173913,348,109
675689,TX,Hidalgo,215,2025-06-02,1,2025-03-24,70,0.177096,0.0,3.227915,0.329961,0.102221,0.0,0.202786,0.112216,0.046328,0.673913,95.173913,351,101
675690,TX,Bexar,029,2025-05-26,1,2025-03-24,63,0.181279,1.662747,3.295085,0.398216,0.120851,0.050654,0.200927,0.121331,0.097119,0.619565,67.01087,315,88
675717,TX,Nueces,355,2025-08-18,1,2025-03-24,147,0.212173,0.792299,2.773846,0.144816,0.052208,0.0,0.191289,0.111319,0.075258,1.0,115.228261,155,28
675717,TX,Nueces,355,2025-10-27,1,2025-05-05,175,0.212173,0.75778,2.773846,0.144816,0.052208,0.0,0.191289,0.111319,0.075258,1.0,115.228261,155,28
675754,TX,Dallas,113,2025-05-26,1,2025-03-24,63,0.17709,0.534773,3.148584,0.385107,0.122311,0.0,0.130609,0.088741,-0.009553,0.880435,95.173913,351,101
675783,TX,Dallas,113,2025-05-12,1,2025-03-24,49,0.176603,1.468834,3.217914,0.3187,0.099039,0.011936,0.153101,0.088404,0.005142,0.815217,89.641304,348,109
675785,TX,Hidalgo,215,2025-12-29,1,2025-07-07,175,0.196786,0.363433,2.924034,0.159881,0.054678,0.00637,0.120554,0.086264,0.012579,0.98913,92.336957,350,101
675790,TX,Dallas,113,2025-11-10,1,2025-08-18,84,0.170306,1.112437,3.21367,0.466872,0.145277,0.0,0.108559,0.075637,-0.011386,0.9,66.844444,316,95
675791,TX,Harris,201,2025-07-21,1,2025-03-24,119,0.172181,0.412246,3.373447,0.328417,0.097354,0.0,0.136945,0.075885,0.050439,0.521739,124.369565,154,31
675791,TX,Harris,201,2025-08-04,1,2025-03-24,133,0.172181,0.412246,3.373447,0.328417,0.097354,0.0,0.136945,0.075885,0.050439,0.521739,124.369565,154,31
675797,TX,Bell,027,2025-05-12,0,,,,,,,,,,,,,,348,108
675797,TX,Bell,027,2025-06-09,1,2025-05-19,21,0.212853,2.07234,3.534414,0.523311,0.148061,0.352564,0.16693,0.115204,0.081955,0.391304,82.673913,351,101
675797,TX,Bell,027,2025-07-21,1,2025-05-19,63,0.212853,2.07234,3.534414,0.523311,0.148061,0.352564,0.16693,0.115204,0.081955,0.391304,82.673913,351,101
675800,TX,Val Verde,465,2025-05-05,0,,,,,,,,,,,,,,310,99
675810,TX,Dallas,113,2025-07-28,1,2025-03-24,126,0.189193,0.376159,2.840676,0.367627,0.129415,0.0,0.142467,0.11969,-0.018778,0.978261,48.054348,242,108
675812,TX,Wood,499,2025-06-23,1,2025-03-24,91,0.168799,1.015994,3.32337,0.37268,0.112139,0.002005,0.179439,0.104053,0.036954,0.608696,65.217391,315,88
675820,TX,Dallas,113,2025-05-05,1,2025-03-24,42,0.187118,0.344251,3.270087,0.311391,0.095224,0.055068,0.122756,0.095026,0.112315,0.75,73.478261,310,100
675822,TX,Dallas,113,2025-09-22,0,,,,,,,,,,,,,,245,102
675823,TX,Bexar,029,2025-04-21,0,,,,,,,,,,,,,,348,108
675823,TX,Bexar,029,2025-08-18,0,,,,,,,,,,,,,,351,90
675834,TX,Harris,201,2026-03-23,0,,,,,,,,,,,,,,0,0
675840,TX,Tarrant,439,2025-08-04,1,2025-03-24,133,0.178045,0.360919,3.29093,0.326131,0.0991,0.0,0.142908,0.09372,0.108114,0.717391,84.304348,351,101
675848,TX,Harris,201,2025-10-06,1,2025-04-14,175,0.195124,0.39106,2.971444,0.284023,0.095584,0.000743,0.272387,0.253421,0.093789,0.73913,88.597826,351,91
675857,TX,Bell,027,2025-07-21,1,2025-03-24,119,0.18104,1.239536,3.310797,0.365417,0.110371,0.013812,0.142687,0.094551,0.072352,0.673913,151.293478,13,6
675887,TX,Brazos,041,2025-07-28,0,,,,,,,,,,,,,,315,87
675896,TX,Bexar,029,2025-07-07,1,2025-03-24,105,0.187077,0.504489,3.148436,0.566401,0.179899,0.0,0.119868,0.086678,0.2184,0.891304,41.706522,242,108
675899,TX,Matagorda,321,2025-12-29,1,2025-07-07,175,0.178507,0.0,3.075922,0.329949,0.107268,0.0,0.084576,0.114369,-0.011573,0.858696,51.25,313,95
675900,TX,Trinity,455,2025-07-28,1,2025-03-24,126,0.174591,0.462928,3.199495,0.305676,0.095539,0.0,0.193544,0.128952,0.023059,0.76087,58.369565,315,88
675901,TX,Fort Bend,157,2026-02-23,1,2025-09-01,175,0.174972,1.536278,3.206877,0.583018,0.181803,0.000529,0.115724,0.081022,0.020042,0.888889,115.7,349,121
675906,TX,Tarrant,439,2025-08-04,1,2025-03-24,133,0.209958,0.569813,2.671621,0.098193,0.036754,0.0,0.132845,0.116105,-0.016832,0.98913,85.706522,351,101
675910,TX,Midland,329,2026-02-23,1,2025-09-01,175,0.205476,0.0,2.510261,0.533568,0.212555,0.003594,0.207939,0.159364,0.007634,0.988889,69.7,313,107
675925,TX,Lubbock,303,2025-08-18,1,2025-03-24,147,0.178022,0.0,3.035887,0.202786,0.066796,0.0,0.171002,0.091346,-0.131934,0.98913,106.043478,155,28
675925,TX,Lubbock,303,2026-02-23,1,2025-09-01,175,0.186871,0.394013,3.021122,0.140451,0.04649,0.0,0.161604,0.092295,-0.045411,0.977778,107.7,155,40
675928,TX,Ector,135,2025-06-23,1,2025-03-24,91,0.202543,0.407645,2.772631,0.442037,0.159429,0.0,0.147706,0.123453,0.083902,0.978261,87.119565,351,101
675940,TX,Sabine,403,2025-09-22,0,,,,,,,,,,,,,,245,102
675961,TX,Harris,201,2025-04-14,1,2025-03-24,21,0.193821,0.440591,2.453588,0.198811,0.081029,0.007988,0.223695,0.701632,-0.321679,0.597826,69.48913,310,100
675963,TX,Tarrant,439,2025-06-23,1,2025-03-24,91,0.179717,1.392313,3.16,0.371047,0.11742,0.0,0.123575,0.094457,0.07237,0.891304,54.815217,315,88
675963,TX,Tarrant,439,2025-09-08,1,2025-03-24,168,0.179717,1.392313,3.16,0.371047,0.11742,0.0,0.123575,0.094457,0.07237,0.891304,54.815217,318,85
675968,TX,Bexar,029,2025-06-23,1,2025-03-24,91,0.21837,0.0,2.692176,0.142931,0.053091,0.04324,0.146099,0.10129,0.004647,1.0,109.869565,154,31
675981,TX,Wood,499,2025-04-14,1,2025-03-24,21,0.190934,1.03617,3.044026,0.209047,0.068674,0.0,0.057671,0.133331,0.098268,0.858696,46.978261,240,116
675985,TX,Midland,329,2025-05-05,1,2025-03-24,42,0.191541,0.0,2.907646,0.393941,0.135485,0.004353,0.21203,0.244933,0.018741,0.869565,89.271739,348,109
675986,TX,Harris,201,2025-06-09,1,2025-03-24,77,0.194176,0.494919,2.785028,0.309852,0.111256,0.0,0.166819,0.103964,-0.053137,1.0,88.097826,351,101
675986,TX,Harris,201,2026-03-16,1,2025-09-22,175,0.196649,0.794022,2.741804,0.282819,0.103151,0.0,0.165185,0.120568,-0.06517,0.988889,91.511111,349,121
675995,TX,Denton,121,2025-09-08,1,2025-03-24,168,0.18217,0.866548,3.00312,0.421777,0.140446,0.0,0.222371,0.135225,-0.016641,0.858696,88.163043,351,91
675996,TX,Colorado,089,2025-07-07,1,2025-03-24,105,0.183548,0.494919,3.16099,0.198051,0.062655,0.014994,0.154408,0.107781,0.042469,0.815217,71.880435,315,88
675998,TX,Anderson,001,2025-10-06,1,2025-08-18,49,0.173598,0.432249,3.628401,0.326049,0.08986,0.199187,0.103944,0.070587,-0.096256,0.311111,97.122222,155,28
676003,TX,Tarrant,439,2025-04-21,1,2025-03-24,28,0.182969,1.113567,3.325771,0.292277,0.087882,0.0,0.206112,0.152758,0.178719,0.619565,103.48913,150,33
676003,TX,Tarrant,439,2025-07-14,1,2025-03-24,112,0.182969,1.113567,3.325771,0.292277,0.087882,0.0,0.206112,0.152758,0.178719,0.619565,103.48913,154,31
676005,TX,Smith,423,2025-05-05,1,2025-03-24,42,0.176505,0.0,3.527046,0.317919,0.090137,0.094668,0.192418,0.190506,0.077827,0.48913,89.73913,348,109
676005,TX,Smith,423,2025-11-17,1,2025-05-26,175,0.177177,0.408557,3.144689,0.244773,0.077837,0.004569,0.136862,0.106341,-0.046264,0.826087,91.663043,351,102
676017,TX,Eastland,133,2026-01-12,1,2025-07-21,175,0.170333,0.0,3.136979,0.264381,0.084279,0.0,0.23027,0.162971,-0.061731,0.673913,37.641304,241,107
676019,TX,Brazos,041,2025-10-06,1,2025-04-14,175,0.189383,1.2175,3.035006,0.220001,0.072488,0.0,0.182488,0.118839,0.041026,0.913043,88.663043,351,91
676028,TX,Lubbock,303,2025-08-18,0,,,,,,,,,,,,,,318,84
676033,TX,Hill,217,2025-04-14,1,2025-03-24,21,0.215568,0.562789,2.776055,0.250331,0.090175,0.119045,0.135366,0.104377,-0.020415,1.0,57.423913,310,100
676033,TX,Hill,217,2025-09-01,1,2025-03-24,161,0.215568,0.562789,2.776055,0.250331,0.090175,0.119045,0.135366,0.104377,-0.020415,1.0,57.423913,318,85
676035,TX,Llano,299,2025-10-06,1,2025-04-14,175,0.205043,0.0,2.903409,0.342028,0.117802,0.110796,0.122499,0.086301,-0.022488,1.0,67.141304,318,86
676040,TX,Wharton,481,2025-06-23,1,2025-03-24,91,0.199284,0.455424,2.736313,0.304623,0.111326,0.0,0.176602,0.100804,-0.038511,1.0,101.336957,154,31
676040,TX,Wharton,481,2026-03-09,1,2025-09-15,175,0.191033,0.747697,2.950213,0.424089,0.143749,0.0,0.176676,0.102473,0.047247,0.966667,96.1,155,40
676047,TX,Johnson,251,2025-07-07,0,,,,,,,,,,,,,,351,100
676053,TX,Taylor,441,2025-08-18,0,,,,,,,,,,,,,,245,102
676053,TX,Taylor,441,2026-02-16,0,,,,,,,,,,,,,,241,117
676059,TX,Harris,201,2026-02-09,1,2025-08-18,175,0.174384,1.046562,3.215643,0.34861,0.108411,0.0,0.106812,0.078159,-0.015148,0.833333,101.888889,349,121
676069,TX,Bowie,037,2026-03-02,0,,,,,,,,,,,,,,313,106
676073,TX,Fort Bend,157,2025-06-23,1,2025-03-24,91,0.169613,0.0,3.43138,0.317144,0.092425,0.0,0.142571,0.091919,0.083621,0.467391,99.032609,351,101
676080,TX,Tarrant,439,2025-06-30,0,,,,,,,,,,,,,,315,87
676080,TX,Tarrant,439,2025-11-17,0,,,,,,,,,,,,,,316,94
676083,TX,Cameron,061,2025-05-05,1,2025-03-24,42,0.201069,0.0,2.765528,0.178947,0.064706,0.0,0.15257,0.101608,-0.052812,1.0,112.793478,150,33
676083,TX,Cameron,061,2025-07-14,1,2025-03-24,112,0.201069,0.0,2.765528,0.178947,0.064706,0.0,0.15257,0.101608,-0.052812,1.0,112.793478,154,31
676087,TX,Nueces,355,2025-07-14,1,2025-03-24,112,0.171983,0.0,3.313937,0.455727,0.137518,0.0,0.121052,0.094941,0.072268,0.673913,78.576087,351,101
676089,TX,Milam,331,2025-08-11,0,,,,,,,,,,,,,,242,107
676094,TX,Orange,361,2025-04-14,1,2025-03-24,21,0.19408,0.462342,2.926783,0.2194,0.074963,0.002365,0.243845,0.267781,0.003339,0.858696,105.48913,150,33
676094,TX,Orange,361,2025-04-21,1,2025-03-24,28,0.19408,0.462342,2.926783,0.2194,0.074963,0.002365,0.243845,0.267781,0.003339,0.858696,105.48913,150,33
676103,TX,Cherokee,073,2025-09-01,0,,,,,,,,,,,,,,245,102
676103,TX,Cherokee,073,2026-01-05,0,,,,,,,,,,,,,,241,106
676108,TX,Orange,361,2026-02-23,1,2025-09-01,175,0.188848,0.39615,2.893923,0.108627,0.037536,0.0,0.150959,0.135704,-0.102847,0.966667,86.111111,349,121
676121,TX,Guadalupe,187,2025-04-21,0,,,,,,,,,,,,,,348,108
676121,TX,Guadalupe,187,2025-10-06,1,2025-05-19,140,0.176579,0.873804,2.978613,0.431991,0.145031,0.0,0.179186,0.166629,-0.110003,0.847826,89.054348,351,91
676125,TX,Cameron,061,2025-08-25,1,2025-03-24,154,0.171226,0.508705,3.332485,0.283817,0.085167,0.0,0.171142,0.10268,0.030728,0.641304,95.032609,351,91
676127,TX,Tarrant,439,2025-06-23,1,2025-03-24,91,0.174565,0.0,3.194906,0.302747,0.094759,0.000299,0.210443,0.122574,-0.019876,0.717391,96.673913,351,101
676128,TX,Dallas,113,2025-04-14,0,,,,,,,,,,,,,,310,99
676132,TX,Tarrant,439,2025-11-17,0,,,,,,,,,,,,,,316,94
676146,TX,Dallas,113,2025-09-01,0,,,,,,,,,,,,,,351,90
676146,TX,Dallas,113,2025-12-01,0,,,,,,,,,,,,,,351,101
676148,TX,Parker,367,2025-09-15,1,2025-03-24,175,0.18407,0.0,2.875949,0.383788,0.133447,0.0,-0.033425,0.090524,-0.065245,1.0,40.836957,245,103
676152,TX,Harris,201,2025-04-28,0,,,,,,,,,,,,,,310,99
676153,TX,Galveston,167,2025-07-07,1,2025-03-24,105,0.176316,2.183857,3.418062,0.275837,0.0807,0.039442,0.054078,0.076507,0.051256,0.576087,118.25,154,31
676153,TX,Galveston,167,2026-03-16,1,2025-09-22,175,0.189616,2.146005,3.497559,0.236549,0.067633,0.135073,0.140561,0.111687,0.096175,0.466667,126.111111,155,40
676157,TX,Potter,375,2025-04-07,0,,,,,,,,,,,,,,150,32
676158,TX,Bexar,029,2025-05-12,1,2025-03-24,49,0.172619,0.962451,3.4433,0.269761,0.078344,0.086547,0.203937,0.115053,-0.026578,0.391304,93.717391,348,109
676160,TX,Montgomery,339,2025-06-02,1,2025-03-24,70,0.285582,0.0,0.437142,0.059391,0.135861,0.054697,0.050442,2.365292,-0.886059,0.98913,95.423913,351,101
676160,TX,Montgomery,339,2025-06-23,1,2025-03-24,91,0.285582,0.0,0.437142,0.059391,0.135861,0.054697,0.050442,2.365292,-0.886059,0.98913,95.423913,351,101
676161,TX,Tarrant,439,2025-09-01,0,,,,,,,,,,,,,,351,90
676170,TX,Harris,201,2025-05-05,0,,,,,,,,,,,,,,348,108
676178,TX,Dallas,113,2025-05-19,0,,,,,,,,,,,,,,351,100
676180,TX,Bastrop,021,2025-04-21,1,2025-03-24,28,0.186583,0.0,3.057634,0.378598,0.123821,0.0,0.173129,0.096916,0.066006,0.956522,82.630435,348,109
676184,TX,Smith,423,2025-11-24,1,2025-08-18,98,0.168743,0.421767,3.243739,0.557427,0.171847,0.0,0.162932,0.103399,-0.019265,0.722222,99.222222,351,102
676186,TX,Castro,069,2025-05-19,1,2025-03-24,56,0.229953,0.0,2.841955,0.318055,0.111914,0.101771,0.102559,0.158065,0.242713,0.956522,54.380435,315,88
676204,TX,Harris,201,2025-04-14,1,2025-03-24,21,0.215523,0.287372,2.413742,0.263883,0.109325,0.010939,0.184669,0.253702,-0.075191,0.98913,73.586957,310,100
676204,TX,Harris,201,2025-05-05,1,2025-03-24,42,0.215523,0.287372,2.413742,0.263883,0.109325,0.010939,0.184669,0.253702,-0.075191,0.98913,73.586957,310,100
676206,TX,Hidalgo,215,2025-09-08,1,2025-03-24,168,0.174935,0.0,3.371953,0.276094,0.08188,0.0,0.098922,0.069748,0.081722,0.630435,114.434783,155,28
676208,TX,Harris,201,2025-09-15,1,2025-03-24,175,0.173222,0.514437,3.03786,0.446852,0.147094,0.012941,0.178637,0.113109,-0.122696,0.913043,75.336957,351,91
676208,TX,Harris,201,2026-01-26,1,2025-08-04,175,0.174603,0.433274,2.991939,0.50085,0.1674,0.0,0.170719,0.12391,-0.097422,0.923913,75.967391,350,101
676210,TX,Jefferson,245,2025-05-19,1,2025-03-24,56,0.188652,0.0,2.989432,0.204787,0.068504,0.002723,0.155651,0.243492,-0.016421,0.826087,91.467391,351,101
676211,TX,Mc Lennan,309,2025-04-07,0,,,,,,,,,,,,,,150,32
676215,TX,Dallas,113,2025-05-05,0,,,,,,,,,,,,,,348,108
676218,TX,Jefferson,245,2025-05-12,1,2025-03-24,49,0.18525,0.0,3.024618,0.216757,0.071664,0.0,0.112174,0.07668,-0.045593,0.978261,104.967391,150,33
676222,TX,Bastrop,021,2026-03-16,1,2025-09-22,175,0.199536,1.306019,2.669936,0.245245,0.091854,0.0,0.225356,0.148026,-0.099611,0.977778,102.8,349,121
676223,TX,Galveston,167,2025-09-15,1,2025-08-18,28,0.1782,0.0,2.846293,0.335858,0.117999,0.0,0.219963,0.135569,-0.206415,0.977778,90.733333,351,91
676227,TX,Burleson,051,2025-05-05,1,2025-03-24,42,0.192691,0.545964,2.910097,0.278476,0.095693,0.0,0.160405,0.113977,0.051544,0.956522,45.98913,240,116
676230,TX,Harris,201,2025-09-15,1,2025-03-24,175,0.17501,0.0,3.151549,0.554046,0.175801,0.0,0.172031,0.095906,-0.006856,0.869565,107.967391,155,28
676233,TX,Bandera,019,2025-03-31,1,2025-03-24,7,0.249408,0.422254,2.778262,0.283458,0.102027,0.290199,0.118984,0.085288,-0.00261,1.0,91.369565,348,109
676238,TX,Travis,453,2025-09-15,1,2025-03-24,175,0.186369,0.410393,2.989989,0.430944,0.144129,0.0,0.141802,0.083946,-0.00269,0.967391,110.978261,155,28
676241,TX,Titus,449,2025-10-27,1,2025-05-05,175,0.192821,0.951172,2.957532,0.405569,0.137131,0.0,0.164321,0.110324,0.093455,0.956522,72.804348,318,86
676247,TX,Dallas,113,2025-04-14,1,2025-03-24,21,0.172831,0.557634,3.285822,0.713144,0.217037,0.079344,0.220435,0.146776,-0.019505,0.663043,70.456522,310,100
676248,TX,Dallas,113,2025-03-31,1,2025-03-24,7,0.188109,0.503793,3.048757,0.250887,0.082292,0.039807,0.121567,0.07523,-0.031272,1.0,79.51087,348,109
676251,TX,Harris,201,2025-09-22,1,2025-06-30,84,0.172289,0.490268,3.255629,0.385197,0.118317,0.0,0.163875,0.105871,0.002774,0.717391,99.347826,351,91
676251,TX,Harris,201,2026-03-09,0,,,,,,,,,,,,,,349,120
676255,TX,Tarrant,439,2025-06-23,0,,,,,,,,,,,,,,351,100
676263,TX,Harris,201,2025-10-27,0,,,,,,,,,,,,,,351,90
676271,TX,Travis,453,2025-03-31,1,2025-03-24,7,0.189143,0.56584,3.128059,0.140136,0.0448,0.003311,0.146815,0.090124,0.048694,0.902174,116.423913,150,33
676272,TX,Hays,209,2025-12-08,1,2025-06-16,175,0.184517,0.0,3.055895,0.375613,0.122914,0.0,0.179028,0.112167,0.005944,0.869565,114.413043,155,33
676293,TX,Dallas,113,2025-10-27,1,2025-05-05,175,0.204536,1.588043,2.913595,0.37333,0.128134,0.0,0.106492,0.078322,0.152514,1.0,109.793478,155,28
676293,TX,Dallas,113,2025-11-17,1,2025-05-26,175,0.198298,1.541139,2.876542,0.371195,0.129042,0.0,0.186667,0.127754,0.066918,0.923913,103.195652,155,33
676299,TX,Travis,453,2025-06-09,1,2025-03-24,77,0.199056,0.563657,2.817727,0.185274,0.065753,0.0,0.158896,0.107683,-0.033741,0.98913,110.25,154,31
676301,TX,Guadalupe,187,2026-01-05,1,2025-07-14,175,0.209676,0.344575,3.38682,0.351277,0.103719,0.319221,0.166913,0.128985,-0.005674,0.663043,60.423913,313,95
676303,TX,Nueces,355,2025-04-21,0,,,,,,,,,,,,,,240,115
676308,TX,Williamson,491,2025-09-08,1,2025-03-24,168,0.176134,0.507997,3.179791,0.415416,0.130643,0.000205,0.207965,0.129525,0.020213,0.728261,91.554348,351,91
676310,TX,Harris,201,2025-11-17,0,,,,,,,,,,,,,,155,32
676329,TX,Dallas,113,2026-01-19,0,,,,,,,,,,,,,,241,106
676337,TX,Harris,201,2025-05-19,1,2025-03-24,56,0.181955,1.017409,3.213265,0.289914,0.090224,0.0,0.155273,0.102065,0.079296,0.793478,99.76087,351,101
676337,TX,Harris,201,2025-06-23,1,2025-03-24,91,0.181955,1.017409,3.213265,0.289914,0.090224,0.0,0.155273,0.102065,0.079296,0.793478,99.76087,351,101
676342,TX,El Paso,141,2025-05-12,0,,,,,,,,,,,,,,150,32
676350,TX,Harris,201,2025-05-12,1,2025-03-24,49,0.184736,0.293846,3.066867,0.359495,0.117219,0.024121,0.157254,0.102963,-0.038503,0.945652,115.054348,150,33
676355,TX,Washington,477,2025-08-18,1,2025-03-24,147,0.179619,1.116972,2.950444,0.605124,0.205096,0.002106,0.187041,0.232874,0.011484,0.836957,36.73913,245,103
676355,TX,Washington,477,2025-11-17,1,2025-05-26,175,0.190134,1.018828,2.72328,0.444531,0.163234,0.0,0.19965,0.162203,-0.045934,0.945652,40.826087,242,108
676355,TX,Washington,477,2026-01-19,1,2025-07-28,175,0.190134,0.936538,2.72328,0.444531,0.163234,0.0,0.19965,0.162203,-0.045934,0.945652,40.826087,241,107
676357,TX,Montgomery,339,2026-03-09,0,,,,,,,,,,,,,,349,120
676358,TX,Dallas,113,2025-06-30,1,2025-05-19,42,0.169149,0.48506,3.258209,0.438976,0.134729,0.0,0.12258,0.085832,-0.048324,0.771739,113.673913,154,31
676373,TX,Travis,453,2025-04-28,1,2025-03-24,35,0.193817,1.688367,3.268785,0.234034,0.071597,0.130559,0.083784,0.068845,0.003985,0.826087,98.608696,348,109
676373,TX,Travis,453,2025-05-26,1,2025-03-24,63,0.193817,1.688367,3.268785,0.234034,0.071597,0.130559,0.083784,0.068845,0.003985,0.826087,98.608696,351,101
676373,TX,Travis,453,2025-09-08,1,2025-03-24,168,0.193817,1.688367,3.268785,0.234034,0.071597,0.130559,0.083784,0.068845,0.003985,0.826087,98.608696,351,91
676376,TX,Taylor,441,2025-06-23,0,,,,,,,,,,,,,,315,87
676386,TX,Mc Lennan,309,2025-06-23,1,2025-03-24,91,0.179513,0.0,3.885012,0.202302,0.052072,0.251706,0.163309,0.08566,0.05745,0.217391,106.478261,154,31
676386,TX,Mc Lennan,309,2025-12-22,1,2025-06-30,175,0.168575,0.44761,3.938053,0.194413,0.049368,0.199309,0.172762,0.090482,0.04963,0.206522,106.521739,155,33
676386,TX,Mc Lennan,309,2026-02-16,1,2025-08-25,175,0.17228,0.418865,3.948183,0.237532,0.060162,0.245887,0.173243,0.089405,0.021972,0.166667,108.055556,155,40
676407,TX,Tarrant,439,2025-04-07,0,,,,,,,,,,,,,,240,115
676408,TX,Tarrant,439,2025-12-15,1,2025-08-18,119,0.169699,0.741624,3.123775,0.808023,0.258669,0.012292,0.197364,0.126706,-0.015525,0.8,68.0,351,102
676412,TX,Harris,201,2025-04-07,1,2025-03-24,14,0.176159,0.87276,3.277159,0.221873,0.067703,0.030826,0.136489,0.084638,-0.010737,0.73913,87.23913,348,109
676419,TX,Maverick,323,2025-05-12,1,2025-03-24,49,0.216477,0.0,2.810235,0.294951,0.104956,0.0,0.205596,0.135673,0.234906,0.967391,84.086957,348,109
676427,TX,Limestone,293,2025-10-13,0,,,,,,,,,,,,,,318,85
676428,TX,El Paso,141,2026-03-09,0,,,,,,,,,,,,,,241,117
676431,TX,El Paso,141,2025-08-18,1,2025-03-24,147,0.208984,1.266763,2.676346,0.141478,0.052862,0.0,0.043928,0.062457,-0.071147,1.0,136.195652,29,8
676437,TX,Brazos,041,2025-04-07,1,2025-03-24,14,0.169815,2.308786,3.390666,0.323769,0.095488,0.0,0.20356,0.121693,0.076969,0.467391,86.521739,348,109
676437,TX,Brazos,041,2026-01-26,1,2025-08-04,175,0.179003,2.371753,3.07061,0.247715,0.080673,0.0,0.179817,0.132731,-0.059911,0.847826,88.706522,350,101
676438,TX,Bell,027,2025-06-23,1,2025-03-24,91,0.207213,3.524729,3.470737,0.16479,0.04748,0.291847,0.196701,0.115389,0.036058,0.423913,80.836957,351,101
676455,TX,Potter,375,2026-01-05,1,2025-07-14,175,0.182618,0.0,3.069012,0.580776,0.189239,0.0,0.13905,0.110625,0.067471,0.902174,85.076087,350,101
676457,TX,El Paso,141,2025-08-04,0,,,,,,,,,,,,,,315,87
676463,TX,Harris,201,2025-07-21,1,2025-03-24,119,0.180149,1.017409,3.127149,0.342358,0.109479,0.000487,0.131955,0.095562,-0.00658,0.858696,106.978261,154,31
676467,TX,Harris,201,2025-05-26,1,2025-03-24,63,0.204152,0.422254,3.310856,0.158445,0.047856,0.199478,0.232806,0.12487,0.028645,0.543478,105.608696,154,31
676468,TX,El Paso,141,2026-03-09,1,2025-09-15,175,0.195006,1.296746,2.80252,0.258348,0.092184,3.3e-05,0.200717,0.161362,-0.079863,0.977778,121.1,155,40
676472,TX,Comal,091,2025-07-28,1,2025-03-24,126,0.174313,0.0,3.259446,0.280313,0.086,0.001416,0.215139,0.138195,0.015672,0.608696,100.119565,154,31
676474,TX,Dallas,113,2025-09-22,1,2025-03-31,175,0.178364,1.115267,3.064827,0.310927,0.10145,0.0,0.067109,0.072403,-0.037758,0.978261,58.413043,318,86
676477,TX,Franklin,159,2025-04-14,0,,,,,,,,,,,,,,240,115
676478,TX,Bexar,029,2025-09-08,0,,,,,,,,,,,,,,351,90
676486,TX,Blanco,031,2025-12-01,1,2025-06-09,175,0.172269,1.248007,3.149232,0.722263,0.229346,0.0,0.192969,0.13945,0.077087,0.782609,32.271739,242,108
676488,TX,Grayson,181,2025-12-29,1,2025-07-07,175,0.1744,0.371189,3.708891,0.191841,0.051725,0.16443,0.153267,0.096114,0.02954,0.282609,97.184783,350,101
676490,TX,Harris,201,2025-07-21,1,2025-03-24,119,0.187384,0.0,3.068801,0.18264,0.059515,0.003847,0.14742,0.114457,-0.000699,0.891304,108.76087,154,31
676492,TX,Dallas,113,2025-05-05,0,,,,,,,,,,,,,,348,108
676494,TX,Smith,423,2025-04-07,1,2025-03-24,14,0.175421,0.523281,3.070106,0.368133,0.119909,0.037514,0.150238,0.121088,-0.171079,0.858696,105.206522,150,33
676494,TX,Smith,423,2025-07-07,1,2025-03-24,105,0.175421,0.523281,3.070106,0.368133,0.119909,0.037514,0.150238,0.121088,-0.171079,0.858696,105.206522,154,31
676494,TX,Smith,423,2025-07-28,1,2025-03-24,126,0.175421,0.523281,3.070106,0.368133,0.119909,0.037514,0.150238,0.121088,-0.171079,0.858696,105.206522,154,31
025020,AK,Fairbanks North Star,090,2026-01-19,0,,,,,,,,,,,,,,3,3
055344,CA,Los Angeles,037,2025-06-23,0,,,,,,,,,,,,,,333,316
056483,CA,Mendocino,045,2026-03-02,0,,,,,,,,,,,,,,0,0
065387,CO,Denver,031,2025-06-30,0,,,,,,,,,,,,,,0,0
145160,IL,Sangamon,167,2025-09-15,1,2025-03-24,175,0.228778,1.728312,2.441025,0.264339,0.10829,0.064843,0.145179,0.0906,-0.046538,1.0,106.956522,80,22
145160,IL,Sangamon,167,2025-10-13,1,2025-04-21,175,0.228778,1.655211,2.441025,0.264339,0.10829,0.064843,0.145179,0.0906,-0.046538,1.0,106.956522,80,22
145308,IL,Kane,089,2025-03-31,1,2025-03-24,7,0.224129,2.304416,2.127332,0.798408,0.37531,0.028015,0.205894,0.113282,0.016978,1.0,168.73913,32,6
145308,IL,Kane,089,2025-11-17,1,2025-05-26,175,0.218552,2.620158,2.044652,0.812377,0.397318,0.0024,0.205609,0.116709,-0.026418,1.0,177.217391,32,6
145312,IL,Boone,007,2025-07-21,1,2025-03-24,119,0.200599,1.722877,2.589492,0.54293,0.209666,0.021517,0.340593,0.208537,-0.044649,0.98913,89.641304,142,45
145312,IL,Boone,007,2025-09-08,1,2025-03-24,168,0.200599,1.722877,2.589492,0.54293,0.209666,0.021517,0.340593,0.208537,-0.044649,0.98913,89.641304,142,41
145312,IL,Boone,007,2026-02-02,1,2025-08-11,175,0.232256,1.882732,2.727404,0.422264,0.154823,0.200367,0.271,0.181834,0.016063,0.956522,87.923913,141,42
145441,IL,Shelby,173,2025-04-28,0,,,,,,,,,,,,,,141,51
145441,IL,Shelby,173,2025-10-20,0,,,,,,,,,,,,,,142,40
145608,IL,Cook,031,2025-06-23,1,2025-03-24,91,0.173063,0.0,3.248402,0.679317,0.209123,0.001912,0.096053,0.076648,0.027593,0.804348,126.01087,50,10
145608,IL,Cook,031,2025-07-28,1,2025-03-24,126,0.173063,0.0,3.248402,0.679317,0.209123,0.001912,0.096053,0.076648,0.027593,0.804348,126.01087,50,10
145608,IL,Cook,031,2025-12-29,1,2025-07-07,175,0.176003,0.496264,3.249122,0.635445,0.195574,0.001855,0.102989,0.069603,0.065831,0.826087,119.902174,50,10
145620,IL,St. Clair,163,2025-11-17,0,,,,,,,,,,,,,,142,42
145798,IL,Cook,031,2025-05-12,1,2025-03-24,49,0.226205,0.576104,2.397123,0.357653,0.149201,0.0,0.118701,0.085628,0.009327,1.0,154.23913,32,6
145968,IL,Henry,073,2026-01-05,1,2025-07-14,175,0.192457,0.490927,3.108309,0.311689,0.100276,0.063292,0.184223,0.168112,0.079278,0.858696,46.858696,108,61
146017,IL,Champaign,019,2025-04-21,1,2025-03-24,28,0.171555,0.576104,3.343247,0.405358,0.121247,0.022911,0.237755,0.182294,0.080596,0.597826,45.423913,104,65
146041,IL,Rock Island,161,2025-08-18,1,2025-03-24,147,0.194011,0.576104,3.125143,0.174516,0.055842,0.033376,0.155647,0.097859,0.087217,0.869565,90.913043,142,41
146152,IL,Ogle,141,2025-06-30,1,2025-03-24,98,0.216348,4.608833,2.362425,0.590141,0.249803,0.003277,0.247358,0.178215,0.102324,1.0,50.195652,140,59
155131,IN,Lake,089,2026-01-26,0,,,,,,,,,,,,,,3,2
155154,IN,Marion,097,2025-05-26,0,,,,,,,,,,,,,,112,71
155193,IN,Johnson,081,2025-05-05,0,,,,,,,,,,,,,,3,2
155322,IN,Allen,003,2026-03-09,1,2025-09-15,175,0.197426,0.0,2.836967,0.186832,0.065856,0.0,0.141324,0.100527,-0.006923,0.988889,78.644444,113,76
155336,IN,Marion,097,2026-02-16,1,2025-08-25,175,0.186641,0.0,2.779493,0.308127,0.110857,0.000396,0.152767,0.128622,-0.146515,0.955556,80.788889,173,139
165381,IA,Keokuk,107,2025-11-03,0,,,,,,,,,,,,,,11,11
165448,IA,Polk,153,2025-03-31,0,,,,,,,,,,,,,,9,8
165448,IA,Polk,153,2025-07-21,0,,,,,,,,,,,,,,9,8
165448,IA,Polk,153,2025-09-15,0,,,,,,,,,,,,,,9,8
165607,IA,Marion,125,2025-08-25,0,,,,,,,,,,,,,,28,16
175508,KS,Brown,013,2026-03-16,0,,,,,,,,,,,,,,0,0
185241,KY,Kenton,117,2025-08-18,0,,,,,,,,,,,,,,0,0
195501,LA,Livingston,063,2025-07-07,0,,,,,,,,,,,,,,0,0
195562,LA,Red River,081,2025-08-18,0,,,,,,,,,,,,,,80,50
195565,LA,Lafayette,055,2025-07-28,0,,,,,,,,,,,,,,53,31
215216,MD,Garrett,023,2025-10-06,0,,,,,,,,,,,,,,0,0
215277,MD,Allegany,001,2025-11-03,0,,,,,,,,,,,,,,0,0
225445,MA,Norfolk,021,2025-06-23,0,,,,,,,,,,,,,,50,33
235008,MI,Branch,023,2025-08-25,0,,,,,,,,,,,,,,114,88
235373,MI,Ottawa,139,2025-06-09,0,,,,,,,,,,,,,,113,89
235555,MI,Oakland,125,2025-07-28,0,,,,,,,,,,,,,,113,89
235574,MI,Jackson,075,2025-06-02,0,,,,,,,,,,,,,,0,0
235582,MI,Oakland,125,2025-04-07,0,,,,,,,,,,,,,,31,24
235625,MI,Berrien,021,2025-08-18,0,,,,,,,,,,,,,,100,78
235625,MI,Berrien,021,2026-01-12,0,,,,,,,,,,,,,,100,83
245055,MN,Hennepin,053,2025-09-01,1,2025-03-24,161,0.176617,0.0,3.582671,0.7009,0.195636,0.096404,0.146327,0.079501,0.025578,0.293478,225.75,1,1
245164,MN,Ramsey,123,2025-04-07,1,2025-03-24,14,0.170404,1.725591,3.740485,0.796547,0.212953,0.177312,0.109801,0.111451,0.05106,0.304348,81.206522,40,29
245164,MN,Ramsey,123,2025-04-14,1,2025-03-24,21,0.170404,1.725591,3.740485,0.796547,0.212953,0.177312,0.109801,0.111451,0.05106,0.304348,81.206522,40,29
245164,MN,Ramsey,123,2025-09-08,1,2025-03-24,168,0.170404,1.725591,3.740485,0.796547,0.212953,0.177312,0.109801,0.111451,0.05106,0.304348,81.206522,42,30
245164,MN,Ramsey,123,2026-03-16,0,,,,,,,,,,,,,,42,33
245234,MN,Carver,019,2025-05-26,0,,,,,,,,,,,,,,92,75
245484,MN,Polk,119,2025-06-02,0,,,,,,,,,,,,,,41,28
245484,MN,Polk,119,2025-07-07,0,,,,,,,,,,,,,,41,28
265395,MO,Jefferson,099,2025-06-23,0,,,,,,,,,,,,,,0,0
265730,MO,Grundy,079,2025-04-14,0,,,,,,,,,,,,,,0,0
285137,NE,Douglas,055,2025-11-17,1,2025-05-26,175,0.177898,0.524032,3.311714,0.626761,0.189256,0.121851,0.242479,0.140549,-0.055229,0.51087,97.576087,17,13
335311,NY,Rockland,087,2025-09-01,0,,,,,,,,,,,,,,0,0
335693,NY,Rensselaer,083,2026-02-23,0,,,,,,,,,,,,,,0,0
345066,NC,Davidson,057,2025-07-14,1,2025-03-24,112,0.194867,1.152208,3.582799,0.292527,0.081648,0.217078,0.087682,0.08183,0.110347,0.347826,92.695652,160,79
345066,NC,Davidson,057,2026-02-23,1,2025-09-01,175,0.200612,1.378302,3.493019,0.296914,0.085002,0.282708,0.177795,0.126664,-0.001704,0.411111,91.177778,160,85
345185,NC,Columbus,047,2025-06-23,0,,,,,,,,,,,,,,0,0
345409,NC,Robeson,155,2025-06-02,1,2025-03-24,70,0.204347,1.728312,2.994345,0.401214,0.133991,0.183816,0.117893,0.137912,-0.100441,0.858696,77.152174,160,79
366462,OH,Fairfield,045,2025-06-09,0,,,,,,,,,,,,,,251,138
375140,OK,Mcintosh,091,2026-02-16,0,,,,,,,,,,,,,,94,76
375209,OK,Oklahoma,109,2025-07-28,0,,,,,,,,,,,,,,21,12
375382,OK,Tulsa,143,2025-06-23,0,,,,,,,,,,,,,,35,23
375524,OK,Woods,151,2026-01-12,0,,,,,,,,,,,,,,94,70
385121,OR,Multnomah,051,2026-02-23,0,,,,,,,,,,,,,,6,6
385185,OR,Lane,039,2025-07-07,0,,,,,,,,,,,,,,6,6
385190,OR,Multnomah,051,2025-06-16,0,,,,,,,,,,,,,,0,0
385190,OR,Multnomah,051,2025-12-15,0,,,,,,,,,,,,,,0,0
395393,PA,Blair,013,2025-04-14,0,,,,,,,,,,,,,,148,70
395476,PA,Northampton,095,2025-06-23,0,,,,,,,,,,,,,,0,0
395476,PA,Northampton,095,2025-09-15,0,,,,,,,,,,,,,,0,0
395476,PA,Northampton,095,2025-09-22,0,,,,,,,,,,,,,,0,0
395476,PA,Northampton,095,2025-09-29,0,,,,,,,,,,,,,,0,0
395476,PA,Northampton,095,2025-10-13,0,,,,,,,,,,,,,,0,0
395846,PA,Lebanon,075,2025-04-21,1,2025-03-24,28,0.1945,0.0,3.058321,0.49207,0.160895,0.165227,0.151734,0.137478,-0.085529,0.826087,49.728261,72,63
39A438,PA,Allegheny,003,2025-09-22,0,,,,,,,,,,,,,,61,14
415039,RI,Providence,007,2025-09-15,0,,,,,,,,,,,,,,9,5
415049,RI,Providence,007,2025-11-24,0,,,,,,,,,,,,,,17,10
435079,SD,Brookings,011,2025-07-07,0,,,,,,,,,,,,,,25,16
455429,TX,Smith,423,2025-08-11,0,,,,,,,,,,,,,,316,88
455429,TX,Smith,423,2025-09-29,1,2025-08-18,42,0.178031,2.806018,2.875646,0.270994,0.094238,0.0,0.202446,0.163487,-0.190163,0.922222,73.566667,318,86
455510,TX,Bexar,029,2025-04-28,0,,,,,,,,,,,,,,240,115
455510,TX,Bexar,029,2025-09-08,0,,,,,,,,,,,,,,245,102
455862,TX,Travis,453,2025-05-05,1,2025-03-24,42,0.182993,1.728312,2.951761,0.226788,0.076831,0.007837,0.18501,0.11353,-0.109744,0.98913,82.228261,348,109
455862,TX,Travis,453,2025-05-19,1,2025-03-24,56,0.182993,1.728312,2.951761,0.226788,0.076831,0.007837,0.18501,0.11353,-0.109744,0.98913,82.228261,351,101
455862,TX,Travis,453,2025-09-01,1,2025-03-24,161,0.182993,1.728312,2.951761,0.226788,0.076831,0.007837,0.18501,0.11353,-0.109744,0.98913,82.228261,351,91
455862,TX,Travis,453,2025-09-15,1,2025-03-24,175,0.182993,1.728312,2.951761,0.226788,0.076831,0.007837,0.18501,0.11353,-0.109744,0.98913,82.228261,351,91
455862,TX,Travis,453,2025-09-29,1,2025-04-07,175,0.182993,1.690972,2.951761,0.226788,0.076831,0.007837,0.18501,0.11353,-0.109744,0.98913,82.228261,351,91
455862,TX,Travis,453,2025-12-08,1,2025-06-16,175,0.189994,2.543524,2.83849,0.198101,0.069791,0.006713,0.179266,0.109609,-0.108653,1.0,82.141304,351,102
455963,TX,Panola,365,2025-07-14,1,2025-03-24,112,0.180111,1.728312,3.180712,0.289365,0.090975,0.0,0.15378,0.120636,0.091171,0.793478,43.641304,242,108
495372,VA,Halifax,083,2025-12-01,0,,,,,,,,,,,,,,0,0
505263,WA,Kittitas,037,2025-11-03,1,2025-05-19,168,0.170303,2.120464,3.756928,0.639622,0.170251,0.24261,0.223051,0.135324,-0.046802,0.304348,58.945652,32,30
505296,WA,Whatcom,073,2025-04-21,0,,,,,,,,,,,,,,30,29
505483,WA,Pierce,053,2025-04-28,0,,,,,,,,,,,,,,18,15
505483,WA,Pierce,053,2025-10-06,0,,,,,,,,,,,,,,18,15
525418,WI,Rock,105,2025-05-12,1,2025-03-24,49,0.173102,1.152208,3.497225,0.646498,0.18486,0.137805,0.147565,0.11585,0.008213,0.413043,60.282609,78,59
525418,WI,Rock,105,2025-09-15,1,2025-03-24,175,0.173102,1.152208,3.497225,0.646498,0.18486,0.137805,0.147565,0.11585,0.008213,0.413043,60.282609,82,57
525418,WI,Rock,105,2026-02-23,0,,,,,,,,,,,,,,82,63
525418,WI,Rock,105,2026-03-23,0,,,,,,,,,,,,,,0,0
525526,WI,Milwaukee,079,2025-07-14,0,,,,,,,,,,,,,,0,0
525526,WI,Milwaukee,079,2025-11-10,0,,,,,,,,,,,,,,0,0
525526,WI,Milwaukee,079,2026-02-16,0,,,,,,,,,,,,,,0,0
525543,WI,Dodge,027,2025-04-07,1,2025-03-24,14,0.181708,0.576104,3.098014,0.710166,0.229233,0.004613,0.157904,0.10102,0.107547,0.891304,76.641304,39,27
535054,WY,Sheridan,033,2025-11-17,0,,,,,,,,,,,,,,0,0
555213,CA,Los Angeles,037,2025-04-14,0,,,,,,,,,,,,,,244,237
555213,CA,Los Angeles,037,2025-08-25,0,,,,,,,,,,,,,,250,239
555732,CA,Los Angeles,037,2025-05-26,0,,,,,,,,,,,,,,333,316
675172,TX,Jefferson,245,2025-08-11,0,,,,,,,,,,,,,,351,100
675172,TX,Jefferson,245,2025-09-22,0,,,,,,,,,,,,,,351,90
675798,TX,Chambers,071,2025-08-18,1,2025-03-24,147,0.187698,0.575197,2.985088,0.335085,0.112253,0.0,0.226513,0.149562,0.02433,0.869565,83.586957,351,91
676072,TX,Polk,373,2025-07-21,0,,,,,,,,,,,,,,242,107
676416,TX,Taylor,441,2025-08-25,1,2025-05-19,98,0.18417,0.0,2.803769,0.270124,0.096343,0.0,0.165062,0.10225,-0.18626,1.0,93.586957,351,91
676496,TX,Johnson,251,2025-09-08,1,2025-03-24,168,0.196256,0.576104,3.217313,0.444698,0.13822,0.0,0.230699,0.130568,0.301642,0.706522,103.869565,155,28
056363,CA,Los Angeles,037,2025-12-29,0,,,,,,,,,,,,,,334,321
056435,CA,Los Angeles,037,2025-10-06,0,,,,,,,,,,,,,,250,239
056435,CA,Los Angeles,037,2025-12-08,0,,,,,,,,,,,,,,250,242
056435,CA,Los Angeles,037,2026-01-26,0,,,,,,,,,,,,,,249,241
145220,IL,Cook,031,2025-08-04,1,2025-03-24,133,0.222943,2.330144,2.483493,0.374077,0.150625,0.001812,0.191659,0.115208,0.037904,1.0,154.576087,32,6
145220,IL,Cook,031,2025-08-11,1,2025-03-24,140,0.222943,2.330144,2.483493,0.374077,0.150625,0.001812,0.191659,0.115208,0.037904,1.0,154.576087,32,6
145220,IL,Cook,031,2025-09-15,1,2025-03-24,175,0.222943,2.330144,2.483493,0.374077,0.150625,0.001812,0.191659,0.115208,0.037904,1.0,154.576087,32,6
145556,IL,Whiteside,195,2025-05-26,1,2025-03-24,63,0.178921,1.744825,3.479461,0.272047,0.078187,0.136943,0.095923,0.075082,-0.008165,0.543478,77.847826,142,45
145556,IL,Whiteside,195,2026-02-02,1,2025-08-11,175,0.178221,1.902344,3.582464,0.477743,0.133356,0.167388,0.088212,0.075656,0.031363,0.423913,76.673913,141,42
146040,IL,Jersey,083,2025-12-08,1,2025-06-16,175,0.202794,0.513713,2.872763,0.26096,0.090839,0.104689,0.167423,0.131,-0.065313,0.934783,55.391304,108,61
146097,IL,Woodford,203,2025-08-04,1,2025-03-24,133,0.279302,1.163217,2.387736,0.350152,0.146646,0.143222,0.20098,0.26559,0.344033,1.0,94.836957,142,45
146172,IL,Will,197,2025-12-08,1,2025-06-16,175,0.198419,1.027426,2.746738,0.337674,0.122937,0.0,0.202293,0.110992,-0.035079,1.0,107.456522,80,22
165104,IA,Dubuque,061,2026-03-09,1,2025-09-15,175,0.176203,0.915414,3.907539,1.119476,0.286491,0.289895,0.176755,0.10401,0.089677,0.2,53.055556,110,81
165202,IA,Polk,153,2025-09-08,0,,,,,,,,,,,,,,193,120
235264,MI,Allegan,005,2025-07-21,1,2025-03-24,119,0.217288,0.581608,2.94839,0.397186,0.134713,0.148215,0.177227,0.147117,0.072033,0.858696,96.684783,113,90
235264,MI,Allegan,005,2025-08-04,1,2025-03-24,133,0.217288,0.581608,2.94839,0.397186,0.134713,0.148215,0.177227,0.147117,0.072033,0.858696,96.684783,113,90
235264,MI,Allegan,005,2025-08-18,1,2025-03-24,147,0.217288,0.581608,2.94839,0.397186,0.134713,0.148215,0.177227,0.147117,0.072033,0.858696,96.684783,114,89
235350,MI,Otsego,137,2025-08-04,0,,,,,,,,,,,,,,113,89
235350,MI,Otsego,137,2026-02-23,0,,,,,,,,,,,,,,114,94
235532,MI,Gratiot,057,2025-06-30,0,,,,,,,,,,,,,,67,59
235532,MI,Gratiot,057,2025-08-11,0,,,,,,,,,,,,,,67,59
235589,MI,Oakland,125,2025-06-30,0,,,,,,,,,,,,,,99,78
265704,MO,Perry,157,2025-06-09,1,2025-03-24,77,0.296637,0.582536,1.517365,0.075557,0.049795,0.0,0.357545,0.257516,0.004792,1.0,119.043478,42,14
265704,MO,Perry,157,2025-07-07,1,2025-03-24,105,0.296637,0.582536,1.517365,0.075557,0.049795,0.0,0.357545,0.257516,0.004792,1.0,119.043478,42,14
265704,MO,Perry,157,2025-09-01,1,2025-03-24,161,0.296637,0.582536,1.517365,0.075557,0.049795,0.0,0.357545,0.257516,0.004792,1.0,119.043478,42,11
265704,MO,Perry,157,2025-09-08,1,2025-03-24,168,0.296637,0.582536,1.517365,0.075557,0.049795,0.0,0.357545,0.257516,0.004792,1.0,119.043478,42,11
275126,MT,Missoula,063,2026-01-12,0,,,,,,,,,,,,,,15,4
285106,NE,Hall,079,2026-01-26,0,,,,,,,,,,,,,,43,31
395019,PA,Montgomery,091,2026-02-09,0,,,,,,,,,,,,,,60,16
395262,PA,Erie,049,2026-01-26,1,2025-08-04,175,0.176675,0.0,3.208321,0.506041,0.157728,0.01943,0.092351,0.108219,0.030362,0.782609,79.391304,143,71
395380,PA,Montgomery,091,2025-05-05,1,2025-03-24,42,0.253039,0.581608,3.22376,0.310431,0.096295,0.4017,0.137228,0.141417,0.065219,0.728261,171.793478,39,9
395449,PA,Philadelphia,101,2025-03-31,1,2025-03-24,7,0.231064,0.581608,3.038074,0.359166,0.118222,0.203869,0.099003,0.071607,0.058714,1.0,192.586957,19,3
395449,PA,Philadelphia,101,2025-11-03,1,2025-05-12,175,0.231064,1.079025,3.038074,0.359166,0.118222,0.203869,0.099003,0.071607,0.058714,1.0,192.586957,19,3
395653,PA,Allegheny,003,2025-06-30,1,2025-03-24,98,0.181188,0.0,3.531542,0.761161,0.215532,0.179506,0.087511,0.062051,0.01641,0.423913,111.173913,115,51
395793,PA,Mercer,085,2025-12-15,1,2025-06-23,175,0.171935,0.508705,4.180932,0.584131,0.139713,0.269837,0.103832,0.094746,0.19308,0.043478,74.195652,108,80
455574,TX,Parker,367,2026-01-12,1,2025-07-21,175,0.189168,0.0,3.075378,0.322048,0.104718,0.071878,0.119934,0.090151,-0.039226,0.934783,77.630435,350,101
505327,WA,Clallam,009,2025-12-08,0,,,,,,,,,,,,,,54,52
555229,CA,Kern,029,2026-01-26,0,,,,,,,,,,,,,,249,241
675638,TX,Victoria,469,2025-07-07,1,2025-03-24,105,0.210767,0.583466,2.638656,0.224375,0.085034,0.0,0.176836,0.108697,0.003146,1.0,100.456522,154,31
675948,TX,Bell,027,2025-11-10,1,2025-05-19,175,0.184616,1.067982,2.98623,0.24975,0.083634,0.003488,0.119828,0.080332,-0.035702,0.967391,64.902174,316,95
676360,TX,Galveston,167,2025-04-21,0,,,,,,,,,,,,,,348,108
676394,TX,Grayson,181,2025-10-20,1,2025-04-28,175,0.1721,0.551737,3.366959,0.482376,0.143268,0.04839,0.116373,0.08035,0.010161,0.663043,90.130435,351,91
676449,TX,Tarrant,439,2025-05-26,0,,,,,,,,,,,,,,315,87
676449,TX,Tarrant,439,2026-02-02,0,,,,,,,,,,,,,,313,94
056101,CA,Sacramento,067,2025-12-01,0,,,,,,,,,,,,,,122,116
056101,CA,Sacramento,067,2026-03-09,0,,,,,,,,,,,,,,122,116
056407,CA,Los Angeles,037,2025-11-03,0,,,,,,,,,,,,,,122,115
056407,CA,Los Angeles,037,2026-01-26,0,,,,,,,,,,,,,,122,116
145247,IL,Marion,121,2025-08-11,1,2025-03-24,140,0.169856,1.778815,3.232299,0.541499,0.167527,0.0,0.214051,0.138504,0.027845,0.684783,64.478261,140,59
145247,IL,Marion,121,2026-02-09,0,,,,,,,,,,,,,,138,62
145370,IL,Moultrie,139,2025-11-24,1,2025-06-02,175,0.185006,1.060232,3.07336,0.259072,0.084296,0.0,0.130731,0.116065,0.037406,0.847826,71.684783,140,60
145433,IL,Kane,089,2025-09-22,1,2025-03-31,175,0.218492,0.580684,3.366479,1.23735,0.36755,0.404238,0.23342,0.133421,0.059588,0.51087,86.532609,142,41
145433,IL,Kane,089,2026-03-16,1,2025-09-22,175,0.22804,0.454291,3.287585,1.182287,0.359622,0.448076,0.093864,0.077833,0.006003,0.744444,92.7,140,45
145563,IL,Winnebago,201,2025-06-02,1,2025-03-24,70,0.174069,2.356452,3.586651,1.102922,0.307507,0.1851,0.131572,0.085474,-0.012865,0.391304,120.097826,79,26
145563,IL,Winnebago,201,2025-07-07,1,2025-03-24,105,0.174069,2.356452,3.586651,1.102922,0.307507,0.1851,0.131572,0.085474,-0.012865,0.391304,120.097826,79,26
145563,IL,Winnebago,201,2025-11-24,1,2025-06-02,175,0.178448,2.117391,3.57658,0.952185,0.266228,0.192843,0.11765,0.075594,-0.001829,0.380435,125.434783,80,22
145724,IL,Cook,031,2025-12-01,0,,,,,,,,,,,,,,140,59
145724,IL,Cook,031,2026-03-23,0,,,,,,,,,,,,,,0,0
145863,IL,Williamson,199,2025-06-16,0,,,,,,,,,,,,,,142,44
145863,IL,Williamson,199,2025-08-11,0,,,,,,,,,,,,,,142,44
146021,IL,Jefferson,081,2025-12-08,1,2025-06-16,175,0.177637,1.037642,2.963744,0.474121,0.159974,0.0,0.170942,0.115142,-0.076624,0.945652,70.336957,140,60
155001,IN,Marion,097,2025-12-29,0,,,,,,,,,,,,,,19,6
155059,IN,Huntington,069,2025-04-07,1,2025-03-24,14,0.170377,0.0,3.260352,0.24984,0.07663,0.0,0.104139,0.090016,-0.001161,0.771739,49.706522,113,88
155059,IN,Huntington,069,2025-11-24,1,2025-06-02,175,0.179744,0.530116,2.939079,0.337256,0.114749,0.0,0.106283,0.096228,-0.092927,0.978261,54.5,116,85
155183,IN,Morgan,109,2025-04-14,1,2025-03-24,21,0.179928,0.590065,3.309222,0.440083,0.132987,0.128557,0.105122,0.100856,-0.04402,0.673913,49.847826,113,88
155667,IN,Jasper,073,2025-05-05,1,2025-03-24,42,0.190923,0.0,2.853581,0.800736,0.280607,0.256584,0.146496,0.222911,-0.354646,0.880435,55.554348,171,140
155831,IN,St. Joseph,141,2025-08-04,0,,,,,,,,,,,,,,112,71
165175,IA,Polk,153,2025-10-27,0,,,,,,,,,,,,,,110,70
165230,IA,Pottawattamie,155,2025-07-07,1,2025-03-24,105,0.204489,0.587219,2.733588,0.306443,0.112103,0.061369,0.187994,0.156662,-0.040193,0.934783,52.565217,109,72
165325,IA,Keokuk,107,2025-05-12,0,,,,,,,,,,,,,,185,127
195517,LA,Orleans,071,2026-03-02,0,,,,,,,,,,,,,,77,52
225216,MA,Worcester,027,2026-02-09,1,2025-08-18,175,0.176022,0.0,3.507936,0.353327,0.100722,0.067849,0.144317,0.08021,0.074076,0.355556,128.244444,94,71
235036,MI,Oakland,125,2025-10-06,0,,,,,,,,,,,,,,100,79
235036,MI,Oakland,125,2025-12-01,0,,,,,,,,,,,,,,100,83
235036,MI,Oakland,125,2026-02-23,0,,,,,,,,,,,,,,100,87
235267,MI,Dickinson,043,2025-06-23,1,2025-03-24,91,0.180253,1.180129,3.30942,0.864366,0.261184,0.145175,0.129636,0.11477,-0.016538,0.663043,76.152174,113,90
235289,MI,Kalamazoo,077,2025-06-09,0,,,,,,,,,,,,,,99,78
235289,MI,Kalamazoo,077,2025-08-11,0,,,,,,,,,,,,,,99,78
235289,MI,Kalamazoo,077,2026-03-23,0,,,,,,,,,,,,,,0,0
235327,MI,Ottawa,139,2025-08-04,1,2025-05-19,77,0.170419,0.541111,3.213443,0.639628,0.199047,0.004135,0.213752,0.125903,0.004199,0.652174,95.184783,113,90
235587,MI,Wayne,163,2025-12-01,0,,,,,,,,,,,,,,114,90
245247,MN,Kittson,069,2025-06-09,0,,,,,,,,,,,,,,134,104
245289,MN,Hennepin,053,2025-06-30,1,2025-03-24,98,0.16859,3.55763,2.955786,0.437617,0.148054,0.0,0.167057,0.163452,-0.195267,0.869565,52.315217,92,76
245289,MN,Hennepin,053,2025-12-08,1,2025-06-16,175,0.181534,3.130714,2.706048,0.339048,0.125293,0.0,0.179273,0.192155,-0.224544,0.934783,57.065217,96,78
245400,MN,Redwood,127,2025-05-26,1,2025-03-24,63,0.206664,1.176329,2.402237,0.505395,0.210385,0.053108,0.133706,0.120765,-0.124246,1.0,41.163043,134,105
245400,MN,Redwood,127,2026-01-12,1,2025-07-21,175,0.218032,1.480743,2.270175,0.383542,0.168948,0.046262,0.095231,0.105869,-0.121295,1.0,42.782609,135,112
245400,MN,Redwood,127,2026-02-23,1,2025-09-01,175,0.210765,1.401215,2.416127,0.437143,0.180927,0.0,0.106877,0.120806,-0.001967,1.0,43.322222,133,114
245429,MN,Houston,055,2025-07-14,0,,,,,,,,,,,,,,134,104
245429,MN,Houston,055,2025-12-15,0,,,,,,,,,,,,,,137,113
245452,MN,Ramsey,123,2025-12-15,0,,,,,,,,,,,,,,12,11
245511,MN,Wright,171,2025-04-14,0,,,,,,,,,,,,,,88,72
245560,MN,Pipestone,117,2025-08-18,1,2025-03-24,147,0.17438,0.0,3.184065,0.55057,0.172914,0.030431,0.149846,0.110273,0.012299,0.793478,46.554348,137,107
255313,MS,Clay,025,2025-06-16,0,,,,,,,,,,,,,,79,71
285095,NE,Scott Bluff,157,2025-03-31,0,,,,,,,,,,,,,,17,13
285134,NE,Douglas,055,2025-11-03,0,,,,,,,,,,,,,,17,12
285261,NE,Thayer,169,2025-05-19,0,,,,,,,,,,,,,,79,46
315427,NJ,Gloucester,015,2025-08-11,0,,,,,,,,,,,,,,36,24
335744,NY,Bronx,005,2025-12-08,0,,,,,,,,,,,,,,0,0
335744,NY,Bronx,005,2026-02-23,0,,,,,,,,,,,,,,0,0
345441,NC,Gaston,071,2025-10-20,1,2025-04-28,175,0.247499,0.556784,3.253517,0.330883,0.1017,0.566208,0.249072,0.156199,-0.141415,0.619565,53.152174,86,46
345475,NC,Swain,173,2025-04-07,0,,,,,,,,,,,,,,79,44
345554,NC,New Hanover,129,2025-09-15,0,,,,,,,,,,,,,,161,75
395045,PA,Northumberlnd,097,2025-08-25,0,,,,,,,,,,,,,,0,0
395045,PA,Northumberlnd,097,2025-09-15,0,,,,,,,,,,,,,,0,0
395298,PA,Luzerne,079,2026-01-12,1,2025-07-21,175,0.181237,1.974324,3.420676,0.526847,0.154018,0.118486,0.086033,0.083502,0.036635,0.619565,94.217391,143,71
395338,PA,Philadelphia,101,2025-09-29,1,2025-04-07,175,0.229769,0.0,3.564795,0.287193,0.080564,0.392568,0.102602,0.065006,-0.014362,0.347826,265.043478,2,0
395432,PA,Bucks,017,2026-01-26,1,2025-08-04,175,0.175436,0.48765,4.25274,1.032466,0.242777,0.44487,0.152419,0.143081,0.009304,0.108696,39.673913,78,64
395459,PA,Bucks,017,2026-03-09,1,2025-09-15,175,0.200992,0.460013,3.161529,0.64209,0.203095,0.145326,0.100889,0.064046,-0.002302,0.955556,170.911111,37,9
395459,PA,Bucks,017,2026-03-16,1,2025-09-22,175,0.200992,0.455993,3.161529,0.64209,0.203095,0.145326,0.100889,0.064046,-0.002302,0.955556,170.911111,37,9
395500,PA,Westmoreland,129,2025-12-29,1,2025-07-07,175,0.185997,0.0,3.172066,0.48725,0.153606,0.061873,0.055982,0.070298,-0.012168,0.913043,125.315217,61,17
395666,PA,Allegheny,003,2026-01-19,0,,,,,,,,,,,,,,144,71
395666,PA,Allegheny,003,2026-02-23,0,,,,,,,,,,,,,,143,75
395826,PA,Allegheny,003,2025-09-22,1,2025-03-31,175,0.185506,0.580684,3.220789,0.976006,0.303033,0.064514,0.122404,0.094346,0.066303,0.804348,176.0,19,3
425075,SC,Oconee,073,2026-02-02,0,,,,,,,,,,,,,,48,24
455485,TX,Smith,423,2025-11-10,1,2025-05-19,175,0.175425,0.540311,3.221978,0.270294,0.083891,0.0,0.163276,0.112879,0.018256,0.73913,79.565217,351,102
505409,WA,Yakima,077,2026-03-23,0,,,,,,,,,,,,,,0,0
525390,WI,Rock,105,2025-06-16,0,,,,,,,,,,,,,,39,25
525561,WI,Walworth,127,2025-07-21,0,,,,,,,,,,,,,,150,124
555416,CA,Los Angeles,037,2025-09-15,0,,,,,,,,,,,,,,122,115
675002,TX,Bexar,029,2025-10-20,1,2025-04-28,175,0.229002,1.672901,2.891925,0.24934,0.086219,0.142716,0.173908,0.11655,0.14182,0.98913,85.445652,351,91
675065,TX,Leon,289,2025-06-09,0,,,,,,,,,,,,,,242,107
675212,TX,Grayson,181,2025-07-14,1,2025-05-19,56,0.177757,0.540311,3.349093,0.21861,0.065274,0.103825,0.100684,0.079535,-0.050506,0.695652,60.76087,315,88
675703,TX,Denton,121,2025-09-08,1,2025-03-24,168,0.170168,0.0,3.220471,0.447599,0.138986,0.0,0.145805,0.117599,-0.040681,0.815217,97.663043,351,91
675779,TX,Tarrant,439,2025-09-01,1,2025-03-24,161,0.16895,1.767339,3.397559,0.211952,0.062384,0.0,0.209296,0.110526,0.001801,0.467391,132.902174,29,8
676063,TX,Hidalgo,215,2026-02-23,0,,,,,,,,,,,,,,12,4
676409,TX,Mc Lennan,309,2025-08-25,1,2025-03-24,154,0.189696,1.770194,3.09955,0.366494,0.118241,0.086362,0.117634,0.09163,-0.014339,0.923913,60.608696,318,85
676409,TX,Mc Lennan,309,2025-09-22,1,2025-03-31,175,0.189696,1.750399,3.09955,0.366494,0.118241,0.086362,0.117634,0.09163,-0.014339,0.923913,60.608696,318,86
045379,AR,Jefferson,069,2025-04-14,0,,,,,,,,,,,,,,69,62
055735,CA,San Joaquin,077,2025-04-07,0,,,,,,,,,,,,,,119,113
05A137,CA,Los Angeles,037,2025-08-11,1,2025-03-24,140,0.210514,0.0,2.577803,0.18402,0.071386,0.0,0.133027,0.099757,-0.001166,1.0,42.98913,176,166
145343,IL,Cook,031,2025-07-21,1,2025-03-24,119,0.182098,0.597791,3.087695,0.768435,0.24887,0.0,0.133038,0.094642,0.053196,0.945652,144.130435,50,10
145343,IL,Cook,031,2025-08-18,1,2025-03-24,147,0.182098,0.597791,3.087695,0.768435,0.24887,0.0,0.133038,0.094642,0.053196,0.945652,144.130435,50,9
145343,IL,Cook,031,2025-12-08,1,2025-06-16,175,0.186879,0.52554,2.92711,0.717965,0.245281,0.0,0.15009,0.088323,0.000526,1.0,150.695652,50,10
145484,IL,Cook,031,2025-04-21,1,2025-03-24,28,0.184265,2.984069,3.620518,0.710328,0.196195,0.200164,0.202461,0.106896,0.027229,0.293478,161.902174,32,6
145484,IL,Cook,031,2025-06-09,1,2025-03-24,77,0.184265,2.984069,3.620518,0.710328,0.196195,0.200164,0.202461,0.106896,0.027229,0.293478,161.902174,32,6
145584,IL,Coles,029,2025-04-07,1,2025-03-24,14,0.216268,2.969512,2.329718,0.433127,0.185914,0.0,0.247648,0.162451,-0.017882,1.0,79.532609,141,52
145584,IL,Coles,029,2025-04-21,1,2025-03-24,28,0.216268,2.969512,2.329718,0.433127,0.185914,0.0,0.247648,0.162451,-0.017882,1.0,79.532609,141,52
145584,IL,Coles,029,2025-10-13,1,2025-04-21,175,0.216268,3.408243,2.329718,0.433127,0.185914,0.0,0.247648,0.162451,-0.017882,1.0,79.532609,142,41
145584,IL,Coles,029,2026-01-26,1,2025-08-04,175,0.232224,3.418115,2.171833,0.227959,0.104962,0.0,0.183149,0.138309,-0.0561,1.0,83.086957,141,42
145708,IL,Champaign,019,2025-10-20,1,2025-04-28,175,0.188848,1.685769,3.173242,0.450799,0.142063,0.102172,0.096575,0.0749,-0.013364,0.923913,85.054348,142,41
146179,IL,Cook,031,2025-06-09,0,,,,,,,,,,,,,,140,58
155278,IN,Monroe,105,2025-03-31,1,2025-03-24,7,0.172775,0.0,3.246023,0.48549,0.149564,0.003203,0.161194,0.118989,-0.001607,0.684783,117.097826,53,37
155787,IN,Tippecanoe,157,2025-06-16,0,,,,,,,,,,,,,,55,35
165514,IA,Polk,153,2025-04-21,0,,,,,,,,,,,,,,108,78
225343,MA,Norfolk,021,2026-02-09,1,2025-08-18,175,0.186479,1.443676,3.168611,0.562166,0.177417,0.078245,0.162455,0.102391,0.001359,0.8,114.477778,94,71
225444,MA,Norfolk,021,2026-01-26,1,2025-08-04,175,0.194457,0.0,3.224353,0.474889,0.147282,0.005513,0.10487,0.070637,0.313067,0.858696,58.76087,54,30
235041,MI,Mackinac,097,2025-10-13,0,,,,,,,,,,,,,,68,59
235266,MI,Wayne,163,2025-09-08,0,,,,,,,,,,,,,,114,88
235296,MI,Oakland,125,2025-08-11,0,,,,,,,,,,,,,,31,24
235461,MI,Oakland,125,2025-05-19,1,2025-03-24,56,0.171283,1.790441,3.349958,0.685923,0.204756,0.0,0.171275,0.123967,0.144331,0.597826,70.380435,99,79
235461,MI,Oakland,125,2025-08-18,1,2025-03-24,147,0.171283,1.790441,3.349958,0.685923,0.204756,0.0,0.171275,0.123967,0.144331,0.597826,70.380435,100,79
235463,MI,Wayne,163,2025-12-08,1,2025-06-16,175,0.192446,1.569842,2.982418,0.351141,0.117737,0.0,0.18682,0.136415,0.060571,0.913043,103.793478,61,50
235513,MI,Gratiot,057,2025-10-06,0,,,,,,,,,,,,,,68,59
235635,MI,Bay,017,2025-06-09,0,,,,,,,,,,,,,,99,78
235635,MI,Bay,017,2025-07-21,0,,,,,,,,,,,,,,99,78
235635,MI,Bay,017,2025-12-15,0,,,,,,,,,,,,,,100,83
235705,MI,Luce,095,2025-06-02,0,,,,,,,,,,,,,,67,59
235705,MI,Luce,095,2025-12-29,0,,,,,,,,,,,,,,67,59
245184,MN,Olmsted,109,2025-07-28,0,,,,,,,,,,,,,,93,76
245432,MN,Isanti,059,2025-06-23,0,,,,,,,,,,,,,,12,11
245432,MN,Isanti,059,2025-08-04,0,,,,,,,,,,,,,,12,11
245514,MN,Scott,139,2025-05-19,1,2025-03-24,56,0.199776,0.0,3.789814,1.068903,0.282046,0.45957,0.108589,0.087881,-0.024568,0.206522,60.836957,92,76
275043,MT,Missoula,063,2025-08-25,0,,,,,,,,,,,,,,0,0
325066,NM,San Juan,045,2025-04-21,1,2025-03-24,28,0.200425,0.59584,2.972907,0.552306,0.18578,0.116894,0.180214,0.108982,0.009957,0.956522,77.815217,19,3
345201,NC,Mecklenburg,119,2026-03-02,1,2025-09-08,175,0.210657,0.936538,3.226486,0.73748,0.228571,0.302421,0.146404,0.111551,-0.019179,0.766667,78.788889,160,85
345520,NC,Davidson,057,2025-07-14,1,2025-03-24,112,0.185438,0.0,3.430438,0.403561,0.117641,0.170734,0.226192,0.131752,-0.009559,0.467391,97.923913,160,79
365826,OH,Summit,153,2025-06-09,1,2025-03-24,77,0.191949,0.0,3.41717,0.476679,0.139495,0.174459,0.157946,0.167829,0.101293,0.586957,58.152174,319,191
365826,OH,Summit,153,2025-08-18,1,2025-03-24,147,0.191949,0.0,3.41717,0.476679,0.139495,0.174459,0.157946,0.167829,0.101293,0.586957,58.152174,319,180
395423,PA,Allegheny,003,2025-03-31,0,,,,,,,,,,,,,,39,8
395596,PA,Allegheny,003,2025-04-28,1,2025-03-24,35,0.194132,0.596814,3.463309,0.682546,0.197079,0.188995,0.138083,0.108063,0.076592,0.467391,143.206522,59,15
395596,PA,Allegheny,003,2026-01-12,1,2025-07-21,175,0.200126,0.999316,2.994364,0.660808,0.220684,0.1396,0.110007,0.090558,-0.096396,0.967391,166.434783,61,17
395775,PA,Mc Kean,083,2025-10-20,1,2025-04-28,175,0.226436,0.0,3.08429,0.517315,0.167726,0.33907,0.126528,0.082367,-0.088532,0.934783,110.23913,117,51
396003,PA,Allegheny,003,2025-05-12,1,2025-03-24,49,0.174794,0.596814,3.073915,0.838148,0.272665,0.0,0.135329,0.117997,-0.012913,0.858696,125.347826,59,15
435105,SD,Marshall,091,2025-12-01,1,2025-06-09,175,0.185776,1.057164,2.975195,0.635549,0.213616,0.01681,0.22149,0.143681,0.08724,0.891304,40.315217,47,27
435130,SD,Minnehaha,099,2025-05-26,0,,,,,,,,,,,,,,25,16
435130,SD,Minnehaha,099,2025-10-20,0,,,,,,,,,,,,,,25,15
455515,TX,Coryell,099,2025-07-28,1,2025-03-24,126,0.194366,0.59487,3.039556,0.15448,0.050823,0.035033,0.119134,0.104011,0.037533,0.902174,70.271739,315,88
455606,TX,Tarrant,439,2025-07-14,0,,,,,,,,,,,,,,29,7
455627,TX,Denton,121,2025-11-17,1,2025-05-26,175,0.171395,0.0,2.817504,0.485384,0.172274,0.012902,0.048603,0.72147,-0.273021,0.347826,59.054348,316,95
455676,TX,Medina,325,2025-04-21,1,2025-03-24,28,0.174254,0.596814,3.333652,0.203252,0.06097,0.040776,0.238292,0.153772,0.031351,0.576087,53.847826,310,100
505246,WA,Whitman,075,2025-12-22,0,,,,,,,,,,,,,,32,29
505436,WA,Pierce,053,2025-08-25,0,,,,,,,,,,,,,,54,50
525442,WI,Monroe,081,2025-12-22,1,2025-08-18,126,0.171794,0.0,3.246592,0.647339,0.19939,0.040852,0.090258,0.107307,0.00407,0.788889,54.322222,150,123
525598,WI,Sheboygan,117,2026-01-19,0,,,,,,,,,,,,,,82,57
675139,TX,Limestone,293,2025-08-25,1,2025-03-24,154,0.18063,1.19168,3.244284,0.304402,0.093827,0.089952,0.201821,0.1447,-0.016489,0.695652,41.608696,245,103
675153,TX,Tarrant,439,2025-11-17,1,2025-05-26,175,0.169216,0.540311,3.36376,0.470254,0.1398,0.000137,0.120764,0.073303,0.031512,0.586957,117.717391,155,33
675407,TX,Crosby,107,2025-07-14,1,2025-03-24,112,0.237835,1.187805,2.391977,0.310653,0.129873,0.0,0.167513,0.120812,0.243321,1.0,35.130435,242,108
675407,TX,Crosby,107,2026-01-12,1,2025-07-21,175,0.212749,1.492847,2.431423,0.290276,0.119385,0.0,0.170194,0.13446,-0.021448,1.0,35.826087,241,107
675525,TX,Bosque,035,2025-07-07,1,2025-03-24,105,0.193328,0.596814,3.015018,0.142924,0.047404,0.035352,0.196006,0.118489,-0.004863,0.913043,83.706522,351,101
675525,TX,Bosque,035,2025-12-15,1,2025-06-23,175,0.17422,0.519559,3.433063,0.15372,0.044776,0.0,0.244002,0.141677,0.146546,0.434783,84.413043,351,102
675672,TX,Nueces,355,2025-11-10,1,2025-05-19,175,0.211448,0.545964,2.462413,0.333108,0.135277,0.0,0.190846,0.146325,-0.047396,0.98913,84.586957,351,102
675918,TX,Travis,453,2025-09-08,0,,,,,,,,,,,,,,351,90
675939,TX,Denton,121,2025-04-21,1,2025-03-24,28,0.173719,1.199507,3.15238,0.347302,0.110171,0.0,0.153436,0.096643,-0.029081,0.836957,68.456522,310,100
675939,TX,Denton,121,2025-07-28,1,2025-03-24,126,0.173719,1.199507,3.15238,0.347302,0.110171,0.0,0.153436,0.096643,-0.029081,0.836957,68.456522,315,88
676422,TX,Dallas,113,2025-06-23,1,2025-03-24,91,0.169349,0.59487,3.366311,0.311297,0.092474,0.008785,0.17876,0.104767,0.017985,0.554348,97.326087,351,101
676422,TX,Dallas,113,2025-07-28,1,2025-03-24,126,0.169349,0.59487,3.366311,0.311297,0.092474,0.008785,0.17876,0.104767,0.017985,0.554348,97.326087,351,101
676422,TX,Dallas,113,2025-08-25,1,2025-03-24,154,0.169349,0.59487,3.366311,0.311297,0.092474,0.008785,0.17876,0.104767,0.017985,0.554348,97.326087,351,91
055070,CA,Los Angeles,037,2025-08-25,0,,,,,,,,,,,,,,250,239
056216,CA,San Joaquin,077,2025-08-25,0,,,,,,,,,,,,,,122,115
125009,HI,Honolulu,003,2025-04-21,0,,,,,,,,,,,,,,12,12
135130,ID,Ada,001,2025-12-15,0,,,,,,,,,,,,,,30,23
145457,IL,Adams,001,2025-04-21,1,2025-03-24,28,0.172209,1.20148,3.642592,0.683038,0.187514,0.080196,0.131068,0.11271,0.19183,0.347826,75.108696,141,52
145457,IL,Adams,001,2025-07-07,1,2025-03-24,105,0.172209,1.20148,3.642592,0.683038,0.187514,0.080196,0.131068,0.11271,0.19183,0.347826,75.108696,142,45
145927,IL,Cook,031,2025-09-08,1,2025-03-24,168,0.172608,3.622314,3.191713,0.472864,0.148154,0.020192,0.236223,0.134912,-0.054101,0.695652,103.108696,80,22
145927,IL,Cook,031,2025-12-15,1,2025-06-23,175,0.170089,3.148707,3.296574,0.438684,0.133073,0.01851,0.210026,0.124958,-0.022534,0.630435,104.021739,80,22
145927,IL,Cook,031,2026-02-02,1,2025-08-11,175,0.170089,2.941611,3.296574,0.438684,0.133073,0.01851,0.210026,0.124958,-0.022534,0.630435,104.021739,80,22
145927,IL,Cook,031,2026-02-16,0,,,,,,,,,,,,,,80,22
146006,IL,Union,181,2025-06-09,1,2025-03-24,77,0.19508,1.207438,2.919141,0.419437,0.143685,0.015381,0.124381,0.123711,0.084017,0.956522,56.163043,140,59
146006,IL,Union,181,2025-08-25,1,2025-03-24,154,0.19508,1.207438,2.919141,0.419437,0.143685,0.015381,0.124381,0.123711,0.084017,0.956522,56.163043,142,55
146006,IL,Union,181,2026-03-02,1,2025-09-08,175,0.197801,1.890039,2.753001,0.404173,0.146812,0.016982,0.113219,0.131251,-0.008794,0.988889,62.088889,138,63
146062,IL,Cook,031,2025-06-09,1,2025-03-24,77,0.195907,4.821782,2.648224,0.566249,0.213822,0.0,0.216091,0.147871,-0.059697,1.0,118.706522,79,26
146062,IL,Cook,031,2025-07-28,1,2025-03-24,126,0.195907,4.821782,2.648224,0.566249,0.213822,0.0,0.216091,0.147871,-0.059697,1.0,118.706522,79,26
155064,IN,Howard,067,2026-02-02,1,2025-08-11,175,0.174155,0.490268,3.084429,0.20186,0.065445,0.01766,0.195031,0.134387,-0.120931,0.804348,54.75,174,130
155668,IN,Floyd,043,2025-08-25,0,,,,,,,,,,,,,,55,33
155668,IN,Floyd,043,2026-03-16,0,,,,,,,,,,,,,,55,33
155843,IN,Wayne,177,2025-06-02,0,,,,,,,,,,,,,,114,84
155843,IN,Wayne,177,2026-02-09,0,,,,,,,,,,,,,,115,91
165186,IA,Warren,181,2025-04-21,1,2025-03-24,28,0.169961,1.205446,3.168317,0.461359,0.145617,0.000712,0.155888,0.107974,-0.064503,0.815217,86.76087,27,20
165197,IA,Black Hawk,013,2026-01-05,1,2025-07-14,175,0.176246,0.508705,2.927601,0.719006,0.245596,0.0,0.170227,0.202292,-0.012795,0.869565,36.293478,191,130
165358,IA,Carroll,027,2025-04-07,0,,,,,,,,,,,,,,185,127
165358,IA,Carroll,027,2026-01-12,0,,,,,,,,,,,,,,191,129
165451,IA,Marshall,127,2025-10-06,1,2025-04-14,175,0.19121,1.161367,2.829017,0.221222,0.078197,0.0,0.168995,0.128871,-0.054302,0.945652,58.184783,110,71
175323,KS,Jefferson,087,2025-09-15,1,2025-03-24,175,0.173649,0.602723,3.747043,0.446748,0.119227,0.119373,0.218688,0.200794,0.236973,0.402174,27.641304,159,124
175323,KS,Jefferson,087,2025-11-17,1,2025-05-26,175,0.181576,0.545964,2.910545,0.257851,0.088592,0.0,0.0687,0.164636,-0.090238,0.891304,32.326087,159,126
175323,KS,Jefferson,087,2026-01-12,1,2025-07-21,175,0.181576,0.503793,2.910545,0.257851,0.088592,0.0,0.0687,0.164636,-0.090238,0.891304,32.326087,159,126
195423,LA,West Carroll,123,2025-07-28,0,,,,,,,,,,,,,,54,32
195561,LA,E. Baton Rouge,033,2025-11-10,1,2025-05-19,175,0.179006,0.550075,3.369023,0.171599,0.050934,0.0,-0.047192,0.045223,0.081562,0.771739,129.880435,15,9
225318,MA,Essex,009,2025-05-26,1,2025-03-24,63,0.184908,0.603719,3.189978,0.603149,0.189076,0.082081,0.095153,0.099384,0.024836,0.858696,80.586957,68,43
235293,MI,Oakland,125,2025-06-23,0,,,,,,,,,,,,,,99,78
235293,MI,Oakland,125,2025-11-10,0,,,,,,,,,,,,,,100,83
235293,MI,Oakland,125,2026-01-26,0,,,,,,,,,,,,,,100,83
235377,MI,Kent,081,2025-09-22,0,,,,,,,,,,,,,,31,24
235377,MI,Kent,081,2025-12-08,0,,,,,,,,,,,,,,31,25
235381,MI,Chippewa,033,2026-01-12,0,,,,,,,,,,,,,,0,0
235483,MI,Kalamazoo,077,2025-09-08,0,,,,,,,,,,,,,,114,88
245364,MN,Wright,171,2025-06-16,0,,,,,,,,,,,,,,134,104
245424,MN,Ramsey,123,2025-06-02,0,,,,,,,,,,,,,,12,11
245471,MN,Lake,075,2025-09-08,1,2025-03-24,168,0.216569,0.0,3.298554,0.780081,0.236492,0.340458,0.088033,0.097774,0.070433,0.73913,36.380435,137,107
245581,MN,Wadena,159,2025-06-16,0,,,,,,,,,,,,,,134,104
265149,MO,Pettis,159,2025-07-28,1,2025-03-24,126,0.314668,0.603719,1.556153,0.109336,0.070261,0.039481,0.38073,0.212275,0.037358,1.0,232.902174,0,0
265149,MO,Pettis,159,2025-12-08,1,2025-06-16,175,0.305211,0.530116,1.321843,0.103188,0.078064,0.0,0.396271,0.224462,-0.135305,1.0,233.902174,0,0
285150,NE,Dawes,045,2025-12-08,0,,,,,,,,,,,,,,81,53
335184,NY,Onondaga,067,2025-04-14,1,2025-03-24,21,0.174918,1.811157,3.933539,0.420631,0.106935,0.075542,0.192288,0.10499,0.000716,0.23913,468.206522,2,1
335184,NY,Onondaga,067,2026-01-12,1,2025-07-21,175,0.192977,2.017956,3.468255,0.386059,0.111312,0.06862,0.168784,0.103221,-0.12091,0.423913,492.554348,2,1
335184,NY,Onondaga,067,2026-02-02,1,2025-08-11,175,0.192977,1.961074,3.468255,0.386059,0.111312,0.06862,0.168784,0.103221,-0.12091,0.423913,492.554348,2,1
335184,NY,Onondaga,067,2026-03-02,1,2025-09-08,175,0.188905,1.890039,3.661737,0.402295,0.109864,0.072327,0.212474,0.114405,-0.038848,0.3,498.722222,2,1
335184,NY,Onondaga,067,2026-03-09,1,2025-09-15,175,0.188905,1.873077,3.661737,0.402295,0.109864,0.072327,0.212474,0.114405,-0.038848,0.3,498.722222,2,1
345102,NC,Haywood,087,2025-05-26,1,2025-03-24,63,0.188145,0.60173,3.616626,0.668524,0.184848,0.225803,0.168017,0.119706,0.088269,0.347826,93.619565,160,79
345130,NC,Cabarrus,025,2026-02-23,1,2025-09-01,175,0.179513,0.953655,2.979822,0.4151,0.139304,0.068331,0.167609,0.125168,-0.217303,0.888889,98.8,72,33
365880,OH,Coshocton,031,2025-12-29,1,2025-07-07,175,0.17679,0.513713,2.868779,0.75168,0.262021,0.0,0.163157,0.15717,-0.054413,0.978261,56.597826,317,199
366395,OH,Cuyahoga,035,2025-06-30,0,,,,,,,,,,,,,,319,190
375276,OK,Mayes,097,2026-03-16,0,,,,,,,,,,,,,,9,8
375400,OK,Oklahoma,109,2025-05-05,0,,,,,,,,,,,,,,91,67
375400,OK,Oklahoma,109,2025-09-08,0,,,,,,,,,,,,,,97,67
395134,PA,Philadelphia,101,2025-03-31,0,,,,,,,,,,,,,,19,2
395134,PA,Philadelphia,101,2025-07-28,0,,,,,,,,,,,,,,19,2
395251,PA,Allegheny,003,2026-01-05,1,2025-07-14,175,0.173673,0.0,3.323333,0.700018,0.210637,0.018065,0.083219,0.095913,0.053672,0.684783,130.141304,61,17
395290,PA,York,133,2025-12-22,1,2025-06-30,175,0.291757,1.552054,3.435223,0.410902,0.119614,0.616107,0.096717,0.058544,0.005297,0.467391,362.51087,1,0
395430,PA,Clearfield,033,2025-12-29,1,2025-07-07,175,0.190487,1.027426,3.510283,0.53273,0.151763,0.25348,0.122322,0.076066,-0.055818,0.380435,117.880435,116,53
395491,PA,Monroe,089,2025-07-21,0,,,,,,,,,,,,,,149,66
395606,PA,Allegheny,003,2025-04-07,1,2025-03-24,14,0.180832,0.603719,4.815908,1.1402,0.236757,0.627414,0.13938,0.08015,0.024497,0.0,115.402174,112,51
395606,PA,Allegheny,003,2025-07-07,1,2025-03-24,105,0.180832,0.603719,4.815908,1.1402,0.236757,0.627414,0.13938,0.08015,0.024497,0.0,115.402174,115,51
395637,PA,Philadelphia,101,2026-03-09,0,,,,,,,,,,,,,,14,14
435073,SD,Brown,013,2026-03-09,0,,,,,,,,,,,,,,6,6
475020,VT,Washington,023,2025-05-05,1,2025-03-24,42,0.235846,1.20346,3.774822,0.750999,0.198949,0.634986,0.176925,0.133903,0.02592,0.315217,50.48913,6,4
505140,WA,Whatcom,073,2026-02-09,0,,,,,,,,,,,,,,32,29
525376,WI,Iowa,049,2026-01-26,0,,,,,,,,,,,,,,150,122
525588,WI,Milwaukee,079,2026-01-12,0,,,,,,,,,,,,,,39,25
525692,WI,Dane,025,2025-10-20,0,,,,,,,,,,,,,,0,0
525730,WI,Milwaukee,079,2025-09-29,1,2025-05-19,133,0.179469,2.206949,3.737865,0.538071,0.143951,0.208511,0.11462,0.082985,0.055525,0.217391,111.23913,10,9
675066,TX,Fannin,147,2025-09-29,1,2025-04-07,175,0.170449,1.180129,3.333889,0.341379,0.102397,0.0,0.121858,0.094466,0.08034,0.684783,44.217391,245,103
675293,TX,Cass,067,2025-04-07,1,2025-03-24,14,0.182159,1.211443,2.876802,0.692015,0.24055,0.006604,0.155413,0.217678,0.009159,0.945652,38.576087,240,116
055167,CA,Los Angeles,037,2025-05-05,0,,,,,,,,,,,,,,330,316
055737,CA,Los Angeles,037,2025-04-21,0,,,,,,,,,,,,,,83,77
056056,CA,Los Angeles,037,2025-10-06,0,,,,,,,,,,,,,,86,79
056190,CA,Los Angeles,037,2025-12-08,0,,,,,,,,,,,,,,122,116
056190,CA,Los Angeles,037,2025-12-29,0,,,,,,,,,,,,,,122,116
145655,IL,Madison,119,2025-05-12,1,2025-03-24,49,0.197458,3.038686,3.625671,0.537614,0.14828,0.303947,0.213336,0.133838,0.058966,0.369565,83.630435,141,52
145655,IL,Madison,119,2025-09-29,1,2025-04-07,175,0.197458,2.969512,3.625671,0.537614,0.14828,0.303947,0.213336,0.133838,0.058966,0.369565,83.630435,142,41
145655,IL,Madison,119,2025-11-17,1,2025-05-26,175,0.196209,3.300452,3.74815,0.519708,0.138657,0.324703,0.231891,0.13555,0.083763,0.293478,89.782609,142,43
145655,IL,Madison,119,2026-01-19,1,2025-07-28,175,0.196209,3.014443,3.74815,0.519708,0.138657,0.324703,0.231891,0.13555,0.083763,0.293478,89.782609,141,42
145655,IL,Madison,119,2026-02-09,1,2025-08-18,175,0.193265,2.929813,3.901222,0.545801,0.139905,0.362213,0.231326,0.129926,0.087349,0.255556,88.255556,140,45
145989,IL,La Salle,099,2025-06-02,1,2025-03-24,70,0.181207,0.60875,2.931485,0.611212,0.208499,0.009157,0.18038,0.128401,-0.015302,0.934783,58.206522,140,59
155223,IN,Fountain,045,2025-07-21,1,2025-03-24,119,0.193707,0.610786,3.192595,0.317656,0.099498,0.095013,0.05719,0.102835,0.048735,0.847826,80.369565,112,72
155223,IN,Fountain,045,2025-10-20,1,2025-04-28,175,0.193707,0.577014,3.192595,0.317656,0.099498,0.095013,0.05719,0.102835,0.048735,0.847826,80.369565,113,71
165017,IA,Linn,113,2025-12-22,1,2025-06-30,175,0.180407,0.523281,3.454929,0.554665,0.160543,0.161904,0.118872,0.076774,0.000398,0.5,72.228261,28,18
165217,IA,Cass,029,2025-06-16,0,,,,,,,,,,,,,,0,0
165254,IA,Grundy,075,2026-02-02,1,2025-08-11,175,0.203267,0.0,3.18621,0.659183,0.206886,0.251751,0.125828,0.102547,-0.016216,0.826087,42.326087,191,130
165500,IA,Wright,197,2026-03-16,0,,,,,,,,,,,,,,191,140
165503,IA,Delaware,055,2025-10-06,0,,,,,,,,,,,,,,28,16
195386,LA,St. Mary,101,2025-08-04,1,2025-03-24,133,0.174378,0.60875,3.208213,0.21227,0.066164,0.011664,0.212703,0.139482,-0.039554,0.684783,84.0,79,55
195589,LA,Orleans,071,2025-05-12,0,,,,,,,,,,,,,,15,12
195613,LA,Rapides,079,2025-09-29,1,2025-04-07,175,0.176365,2.979201,3.265604,0.236075,0.072291,0.039355,0.239495,0.133676,-0.034942,0.576087,104.434783,65,39
235395,MI,St. Joseph,149,2025-10-06,1,2025-04-14,175,0.192952,0.588164,3.48489,0.718835,0.206272,0.184262,0.050268,0.194644,0.142865,0.478261,84.554348,114,89
235395,MI,St. Joseph,149,2025-10-20,1,2025-04-28,175,0.192952,0.575197,3.48489,0.718835,0.206272,0.184262,0.050268,0.194644,0.142865,0.478261,84.554348,114,89
245401,MN,Le Sueur,079,2025-08-04,0,,,,,,,,,,,,,,17,15
245426,MN,Steele,147,2025-07-07,0,,,,,,,,,,,,,,41,28
24E116,MN,Hennepin,053,2025-11-24,1,2025-06-02,175,0.243406,0.0,1.834928,0.595074,0.324304,0.0,0.346307,0.219937,0.008161,1.0,206.76087,2,2
275134,MT,Powell,077,2025-12-01,1,2025-06-09,175,0.232728,1.079025,3.05652,0.537847,0.175967,0.352935,0.088901,0.114277,0.010916,0.847826,43.51087,20,13
275135,MT,Ravalli,081,2025-08-25,1,2025-05-19,98,0.17578,0.556784,3.563156,0.931425,0.261404,0.14434,-0.008244,0.114159,0.129441,0.413043,33.032609,20,8
315525,NJ,Hudson,017,2025-08-18,0,,,,,,,,,,,,,,0,0
345092,NC,Forsyth,067,2025-08-25,1,2025-03-24,154,0.215915,1.841597,3.311016,0.227175,0.068612,0.258239,0.187238,0.129595,-0.055674,0.576087,215.706522,0,0
345377,NC,Pitt,147,2025-09-08,0,,,,,,,,,,,,,,86,45
395166,PA,Chester,029,2025-11-03,1,2025-05-12,175,0.215854,0.0,3.388626,0.436142,0.128707,0.284893,0.161782,0.102261,0.073281,0.554348,133.021739,61,15
395166,PA,Chester,029,2025-12-22,1,2025-06-30,175,0.205048,0.0,3.459548,0.46163,0.133436,0.240298,0.143955,0.097162,0.088281,0.478261,130.521739,61,17
395286,PA,Schuylkill,107,2025-10-13,1,2025-04-21,175,0.188395,0.582536,3.506014,0.572553,0.163306,0.192805,0.089376,0.064753,0.061256,0.413043,91.5,149,66
395334,PA,Montgomery,091,2026-03-09,1,2025-09-15,175,0.27052,0.0,3.315763,0.383301,0.1156,0.567874,0.105745,0.075784,0.006158,0.755556,166.766667,37,9
395422,PA,Bedford,009,2025-05-26,1,2025-03-24,63,0.172651,0.60875,3.128416,0.55644,0.177866,0.006195,0.123733,0.113678,-0.05201,0.847826,91.413043,148,66
395878,PA,Schuylkill,107,2025-04-07,1,2025-03-24,14,0.194818,0.0,3.184441,0.40538,0.1273,0.116201,0.144434,0.089898,0.009412,0.858696,112.434783,112,51
396048,PA,Allegheny,003,2025-05-05,1,2025-03-24,42,0.185074,1.219533,3.464819,0.791919,0.22856,0.207231,0.114941,0.081971,-0.010438,0.554348,97.652174,148,71
396048,PA,Allegheny,003,2025-11-10,1,2025-05-19,175,0.184179,1.672901,3.551338,0.813801,0.229153,0.208544,0.092882,0.079547,0.03661,0.456522,95.043478,146,73
415110,RI,Providence,007,2025-08-04,1,2025-03-24,133,0.169152,1.823211,3.23111,0.578345,0.178993,0.0,0.151247,0.088819,-0.035821,0.771739,114.217391,17,8
415110,RI,Providence,007,2025-12-08,1,2025-06-16,175,0.170554,1.599635,3.287927,0.559212,0.17008,0.001669,0.144155,0.089464,0.006037,0.717391,122.304348,17,11
43A138,SD,Dewey,041,2025-11-17,0,,,,,,,,,,,,,,2,2
455490,TX,Galveston,167,2025-11-24,1,2025-06-02,175,0.200167,0.0,2.525099,0.242737,0.09613,0.0,0.193883,0.123612,-0.178717,1.0,85.48913,351,102
455573,TX,Grayson,181,2025-06-16,1,2025-03-24,84,0.180008,0.0,2.990305,0.537983,0.179909,0.0,0.241052,0.142963,-0.044003,0.880435,108.978261,154,31
455763,TX,Johnson,251,2025-05-19,1,2025-03-24,56,0.17025,1.832358,3.386735,0.11381,0.033605,0.040438,0.127198,0.07355,-0.045063,0.608696,87.467391,351,101
455763,TX,Johnson,251,2026-03-09,1,2025-09-15,175,0.179792,1.890039,3.244348,0.094635,0.029169,0.046241,0.153527,0.089991,-0.053168,0.777778,98.2,349,121
455819,TX,Tarrant,439,2025-09-01,1,2025-03-24,161,0.170344,1.219533,3.351829,0.421869,0.125862,0.0,0.134186,0.096123,0.040808,0.684783,106.358696,155,28
505331,WA,Clark,011,2025-06-09,0,,,,,,,,,,,,,,63,58
525680,WI,Polk,095,2025-08-25,0,,,,,,,,,,,,,,150,119
675309,TX,Jim Wells,249,2025-06-30,0,,,,,,,,,,,,,,315,87
675606,TX,Cameron,061,2026-02-16,1,2025-08-25,175,0.180381,0.48506,3.126832,0.350523,0.112102,0.0,0.143381,0.095431,-0.005987,0.911111,111.411111,155,40
675976,TX,Houston,225,2025-04-28,1,2025-03-24,35,0.187195,1.82625,2.812298,0.380245,0.135208,0.021358,0.206089,0.136418,-0.116028,0.967391,68.358696,310,100
676491,TX,Refugio,391,2025-09-08,1,2025-03-24,168,0.171687,1.219533,2.985131,0.567843,0.190224,0.0,0.180932,0.147765,-0.090766,0.891304,46.565217,245,103
055107,CA,Alameda,001,2025-08-04,1,2025-03-24,133,0.209212,0.0,2.248915,0.083695,0.037216,0.0,0.071631,0.718572,-0.305448,0.73913,35.065217,176,166
055870,CA,Los Angeles,037,2026-01-05,0,,,,,,,,,,,,,,334,321
065294,CO,Prowers,099,2026-01-26,0,,,,,,,,,,,,,,4,3
075423,CT,Northeastern Ct,150,2025-04-14,0,,,,,,,,,,,,,,3,0
075423,CT,Northeastern Ct,150,2025-06-16,0,,,,,,,,,,,,,,3,0
075423,CT,Northeastern Ct,150,2025-09-08,0,,,,,,,,,,,,,,3,0
105372,FL,Palm Beach,099,2025-09-01,0,,,,,,,,,,,,,,282,214
105401,FL,Gilchrist,041,2025-08-11,0,,,,,,,,,,,,,,281,220
105422,FL,Pinellas,103,2026-03-02,0,,,,,,,,,,,,,,108,99
105491,FL,Hillsborough,057,2026-03-23,0,,,,,,,,,,,,,,0,0
105671,FL,Brevard,009,2025-04-07,1,2025-03-24,14,0.168748,0.273801,3.293034,0.507953,0.154251,0.021546,0.093003,0.077705,-0.040811,0.728261,96.358696,106,94
106041,FL,Pinellas,103,2025-04-14,0,,,,,,,,,,,,,,279,231
106041,FL,Pinellas,103,2025-07-28,0,,,,,,,,,,,,,,281,220
115562,GA,Lowndes,185,2026-02-23,1,2025-09-01,175,0.172561,0.0,3.120184,0.58051,0.18605,0.0,0.182938,0.12476,-0.026311,0.777778,84.533333,93,55
145008,IL,Perry,145,2025-05-19,1,2025-03-24,56,0.175493,0.0,3.144176,0.392773,0.124921,0.0,0.204963,0.135139,0.023138,0.73913,52.869565,140,59
145468,IL,Cook,031,2025-04-14,1,2025-03-24,21,0.211708,1.233953,2.507324,0.428219,0.170787,0.000339,0.135024,0.08881,0.000707,1.0,102.402174,79,28
145522,IL,Du Page,043,2025-03-31,0,,,,,,,,,,,,,,104,64
145657,IL,Du Page,043,2025-04-14,1,2025-03-24,21,0.182149,0.484416,3.346817,0.578638,0.172892,0.101278,0.094716,0.095001,0.054029,0.673913,81.336957,141,52
145681,IL,Cook,031,2025-04-14,0,,,,,,,,,,,,,,79,27
145681,IL,Cook,031,2026-02-16,1,2025-08-25,175,0.176119,1.689017,2.898361,0.626883,0.216289,0.000561,0.135646,0.088275,-0.168803,1.0,133.955556,80,23
145767,IL,Cook,031,2025-06-02,1,2025-03-24,70,0.217731,1.236041,3.589083,0.447253,0.124615,0.44046,0.104156,0.090903,-0.024523,0.347826,98.967391,142,45
145945,IL,Macon,115,2025-06-30,1,2025-05-19,42,0.194997,1.351526,2.522077,0.195738,0.07761,0.0,0.026382,0.446415,-0.268641,1.0,68.75,142,45
145945,IL,Macon,115,2025-11-03,1,2025-05-19,168,0.194997,1.351526,2.522077,0.195738,0.07761,0.0,0.026382,0.446415,-0.268641,1.0,68.75,142,41
146043,IL,Washington,189,2025-07-14,1,2025-03-24,112,0.225368,2.459596,2.769686,0.279425,0.100887,0.139529,0.094545,0.137998,0.051915,0.978261,58.206522,140,59
146043,IL,Washington,189,2025-12-22,1,2025-06-30,175,0.227326,2.111272,2.881162,0.203974,0.070796,0.163851,0.073038,0.109757,0.083608,0.967391,56.51087,140,60
146043,IL,Washington,189,2026-03-16,1,2025-09-22,175,0.229103,2.353415,2.790642,0.14089,0.050487,0.146492,0.073652,0.115727,0.048032,0.988889,58.288889,138,63
146110,IL,Cook,031,2025-04-28,0,,,,,,,,,,,,,,141,51
146110,IL,Cook,031,2025-06-16,0,,,,,,,,,,,,,,142,44
155061,IN,Dearborn,029,2025-09-22,1,2025-03-31,175,0.171308,0.609766,3.472189,0.712951,0.205332,0.164765,0.070628,0.083824,-0.058432,0.478261,37.684783,116,82
155215,IN,Hendricks,063,2026-01-19,1,2025-07-28,175,0.174123,0.756995,3.226321,0.394716,0.122342,0.000401,0.073986,0.059666,-0.010142,0.891304,105.097826,55,34
155215,IN,Hendricks,063,2026-03-09,1,2025-09-15,175,0.181052,0.720414,3.039378,0.361096,0.118806,0.0,0.074726,0.070978,-0.059952,0.955556,108.755556,55,34
155249,IN,Allen,003,2025-04-21,0,,,,,,,,,,,,,,171,139
155566,IN,Kosciusko,085,2025-07-21,1,2025-03-24,119,0.198815,1.233953,2.897903,0.427863,0.147646,0.084628,0.151525,0.143962,-0.019452,0.923913,63.978261,172,127
155566,IN,Kosciusko,085,2025-09-29,1,2025-04-07,175,0.198815,1.205446,2.897903,0.427863,0.147646,0.084628,0.151525,0.143962,-0.019452,0.923913,63.978261,174,125
155717,IN,Marion,097,2025-05-26,0,,,,,,,,,,,,,,172,126
165531,IA,Page,145,2025-12-08,1,2025-06-16,175,0.175567,1.61615,3.189746,0.218236,0.068418,0.0,0.139913,0.188189,0.030417,0.706522,35.054348,192,131
205117,ME,Aroostook,003,2025-11-03,0,,,,,,,,,,,,,,24,19
225219,MA,Worcester,027,2025-08-04,0,,,,,,,,,,,,,,50,33
225412,MA,Norfolk,021,2026-03-16,1,2025-09-22,175,0.169233,0.943798,3.853454,0.388405,0.100794,0.14578,0.119973,0.072604,0.122397,0.144444,96.544444,94,71
235011,MI,Iosco,069,2026-01-05,0,,,,,,,,,,,,,,67,59
245243,MN,Yellow Medcine,173,2025-09-15,0,,,,,,,,,,,,,,137,106
245375,MN,Stearns,145,2025-07-28,0,,,,,,,,,,,,,,135,105
245376,MN,Goodhue,049,2025-05-26,0,,,,,,,,,,,,,,134,104
245396,MN,Stearns,145,2025-07-28,0,,,,,,,,,,,,,,93,76
245396,MN,Stearns,145,2025-12-01,0,,,,,,,,,,,,,,96,77
245396,MN,Stearns,145,2026-01-12,0,,,,,,,,,,,,,,96,77
24E508,MN,Ramsey,123,2025-06-23,1,2025-03-24,91,0.20422,0.562789,2.377646,0.563044,0.236807,0.014154,0.213131,0.151708,-0.048949,1.0,31.956522,134,105
265482,MO,Cole,051,2025-10-27,1,2025-05-05,175,0.223908,0.17368,4.201341,0.413288,0.098371,0.59902,0.07255,0.098153,0.243454,0.021739,43.206522,102,49
265672,MO,St. Louis City,510,2025-10-20,0,,,,,,,,,,,,,,0,0
265672,MO,St. Louis City,510,2025-12-08,0,,,,,,,,,,,,,,0,0
285141,NE,Lincoln,111,2025-04-07,1,2025-03-24,14,0.287958,0.0,3.236973,0.294574,0.091003,0.663055,0.107573,0.116075,0.047291,0.73913,47.478261,78,52
285141,NE,Lincoln,111,2025-09-22,1,2025-03-31,175,0.287958,0.0,3.236973,0.294574,0.091003,0.663055,0.107573,0.116075,0.047291,0.73913,47.478261,81,49
285141,NE,Lincoln,111,2026-03-02,1,2025-09-08,175,0.217302,0.479961,3.58858,0.599838,0.167152,0.415916,0.178931,0.132754,0.105562,0.366667,41.155556,81,56
295106,NV,Clark,003,2025-05-05,0,,,,,,,,,,,,,,6,5
335006,NY,Oneida,065,2025-05-05,1,2025-03-24,42,0.170698,0.369499,3.092911,0.526226,0.170139,0.0,0.184533,0.173474,-0.111904,0.76087,111.695652,106,51
345258,NC,Cabarrus,025,2026-03-16,1,2025-09-22,175,0.17081,0.943798,3.34747,0.342995,0.102464,0.0,0.163396,0.10837,0.056183,0.611111,86.066667,160,85
345339,NC,Bertie,015,2025-05-05,1,2025-03-24,42,0.218007,1.233953,3.241619,0.437085,0.134835,0.293976,0.217687,0.133425,0.047987,0.673913,70.358696,82,47
345405,NC,Mecklenburg,119,2026-01-26,0,,,,,,,,,,,,,,160,78
355024,ND,Cass,017,2025-04-07,0,,,,,,,,,,,,,,6,5
365354,OH,Portage,133,2025-03-31,0,,,,,,,,,,,,,,251,146
365591,OH,Wayne,169,2025-05-12,0,,,,,,,,,,,,,,317,201
365977,OH,Columbiana,029,2025-04-07,0,,,,,,,,,,,,,,172,118
366239,OH,Ashland,005,2025-05-05,1,2025-03-24,42,0.176101,0.0,3.146402,0.394731,0.125455,0.0,0.205183,0.148031,0.022205,0.75,62.73913,317,202
366239,OH,Ashland,005,2025-08-04,1,2025-03-24,133,0.176101,0.0,3.146402,0.394731,0.125455,0.0,0.205183,0.148031,0.022205,0.75,62.73913,319,191
375117,OK,Oklahoma,109,2025-09-15,1,2025-03-24,175,0.232858,0.392742,3.233595,0.172841,0.053452,0.28472,0.092795,0.098629,0.10654,0.793478,117.413043,21,13
375117,OK,Oklahoma,109,2025-12-01,1,2025-06-09,175,0.188737,0.362711,3.101211,0.197156,0.063574,0.0,0.114656,0.232855,0.043411,0.608696,118.228261,21,14
375483,OK,Oklahoma,109,2025-08-04,1,2025-03-24,133,0.214306,0.0,3.599888,0.212776,0.059106,0.34066,0.178821,0.117225,0.130044,0.315217,81.434783,35,24
385068,OR,Multnomah,051,2025-05-19,0,,,,,,,,,,,,,,46,46
395243,PA,Fayette,051,2025-08-18,0,,,,,,,,,,,,,,105,75
395273,PA,Lackawanna,069,2026-01-26,0,,,,,,,,,,,,,,143,70
395587,PA,Luzerne,079,2025-05-26,0,,,,,,,,,,,,,,114,49
395623,PA,Montour,093,2025-07-14,1,2025-03-24,112,0.204927,2.472081,3.689782,0.46254,0.125357,0.374655,0.239298,0.136082,-0.010982,0.304348,144.282609,60,16
395623,PA,Montour,093,2025-09-29,1,2025-04-07,175,0.204927,2.414876,3.689782,0.46254,0.125357,0.374655,0.239298,0.136082,-0.010982,0.304348,144.282609,61,15
395721,PA,Franklin,055,2025-10-06,0,,,,,,,,,,,,,,149,65
395860,PA,Westmoreland,129,2025-08-18,0,,,,,,,,,,,,,,0,0
395883,PA,Allegheny,003,2025-03-31,0,,,,,,,,,,,,,,101,79
395883,PA,Allegheny,003,2025-04-28,0,,,,,,,,,,,,,,102,80
415063,RI,Washington,009,2026-03-16,1,2025-09-22,175,0.172251,0.47251,3.356937,0.513026,0.152826,0.026371,0.147335,0.111433,0.032564,0.644444,111.955556,17,12
415087,RI,Providence,007,2025-04-14,0,,,,,,,,,,,,,,9,5
415087,RI,Providence,007,2026-03-09,0,,,,,,,,,,,,,,9,7
415119,RI,Providence,007,2025-09-01,1,2025-03-24,161,0.190827,0.557634,3.62159,0.419808,0.115918,0.201249,0.243138,0.133878,0.036068,0.304348,198.902174,2,2
425081,SC,Saluda,081,2025-04-14,0,,,,,,,,,,,,,,15,9
435087,SD,Mc Cook,087,2026-03-23,0,,,,,,,,,,,,,,0,0
435122,SD,Grant,051,2026-02-16,0,,,,,,,,,,,,,,46,26
455522,TX,Bell,027,2025-04-28,1,2025-03-24,35,0.187649,0.0,2.969396,0.701723,0.236318,0.0,0.155783,0.127266,0.140377,0.913043,50.532609,310,100
455554,TX,Mc Lennan,309,2025-06-23,1,2025-03-24,91,0.168614,1.185877,3.225211,0.382078,0.118466,0.001262,0.162504,0.100959,-0.037958,0.73913,66.75,315,88
455642,TX,Liberty,291,2025-09-15,0,,,,,,,,,,,,,,245,102
455748,TX,Dallas,113,2026-03-23,0,,,,,,,,,,,,,,0,0
495417,VA,Wythe,197,2025-04-07,1,2025-03-24,14,0.218747,0.268172,2.967944,0.250408,0.084371,0.196758,0.180432,0.149286,-0.040447,0.858696,105.771739,79,29
525523,WI,Milwaukee,079,2026-03-09,1,2025-09-15,175,0.18579,0.951172,3.584102,1.01719,0.283806,0.358893,0.171551,0.158229,-0.158449,0.422222,79.4,82,64
675067,TX,Cooke,097,2025-06-02,1,2025-03-24,70,0.461982,0.59584,1.60564,0.053325,0.033211,0.988251,-0.128633,0.223179,-0.431132,1.0,50.706522,315,88
675112,TX,Tarrant,439,2025-06-30,0,,,,,,,,,,,,,,351,100
675112,TX,Tarrant,439,2025-07-21,0,,,,,,,,,,,,,,351,100
675289,TX,Smith,423,2025-09-29,1,2025-04-07,175,0.224437,0.602723,2.931634,0.310776,0.106008,0.210085,0.090538,0.068297,0.010372,1.0,76.054348,351,91
675323,TX,Galveston,167,2025-04-14,0,,,,,,,,,,,,,,348,108
675447,TX,Dallas,113,2025-04-14,1,2025-03-24,21,0.187511,0.0,2.939141,0.385481,0.131154,0.008917,0.165797,0.095345,-0.016899,1.0,79.51087,348,109
675538,TX,Fort Bend,157,2025-05-26,0,,,,,,,,,,,,,,351,100
675540,TX,Liberty,291,2025-05-05,1,2025-03-24,42,0.181632,0.0,3.474177,0.232668,0.066971,0.152015,0.173872,0.117541,0.00571,0.467391,70.23913,310,100
675540,TX,Liberty,291,2026-03-16,1,2025-09-22,175,0.171581,0.411781,3.678805,0.291318,0.079188,0.173857,0.15954,0.113961,-0.00227,0.3,63.8,313,107
675543,TX,Harris,201,2025-10-06,0,,,,,,,,,,,,,,318,85
675648,TX,Montgomery,339,2025-04-07,0,,,,,,,,,,,,,,348,108
675691,TX,Walker,471,2025-10-27,1,2025-05-05,175,0.187728,0.0,3.139473,0.558287,0.177828,0.165472,0.164547,0.095342,-0.107366,0.891304,54.5,318,86
675971,TX,Fayette,149,2026-02-16,1,2025-08-25,175,0.20339,0.687206,2.920612,0.307546,0.105302,0.067963,0.183865,0.118445,0.056296,0.955556,59.588889,313,107
676044,TX,Caldwell,055,2025-06-02,1,2025-03-24,70,0.225698,0.544337,3.330973,0.226794,0.068087,0.289729,0.203731,0.146213,0.154273,0.630435,80.565217,351,101
676044,TX,Caldwell,055,2025-06-23,1,2025-03-24,91,0.225698,0.544337,3.330973,0.226794,0.068087,0.289729,0.203731,0.146213,0.154273,0.630435,80.565217,351,101
676044,TX,Caldwell,055,2025-07-21,1,2025-03-24,119,0.225698,0.544337,3.330973,0.226794,0.068087,0.289729,0.203731,0.146213,0.154273,0.630435,80.565217,351,101
676044,TX,Caldwell,055,2025-11-03,1,2025-05-12,175,0.225698,0.507292,3.330973,0.226794,0.068087,0.289729,0.203731,0.146213,0.154273,0.630435,80.565217,351,91
676240,TX,Kendall,259,2025-09-01,1,2025-03-24,161,0.187056,0.546781,3.085508,0.442833,0.14352,0.091332,0.150843,0.115481,-0.068726,0.836957,83.945652,351,91
676268,TX,Dallas,113,2025-05-12,0,,,,,,,,,,,,,,150,32
676268,TX,Dallas,113,2025-08-25,0,,,,,,,,,,,,,,155,27
676268,TX,Dallas,113,2025-09-08,0,,,,,,,,,,,,,,155,27
676292,TX,Caldwell,055,2025-05-05,1,2025-03-24,42,0.309538,0.61802,2.580709,0.094923,0.036782,0.39976,0.100487,0.131621,0.205193,0.978261,48.923913,240,116
676292,TX,Caldwell,055,2025-07-21,1,2025-03-24,119,0.309538,0.61802,2.580709,0.094923,0.036782,0.39976,0.100487,0.131621,0.205193,0.978261,48.923913,242,108
676323,TX,Fort Bend,157,2025-06-23,0,,,,,,,,,,,,,,154,30
676323,TX,Fort Bend,157,2025-10-20,0,,,,,,,,,,,,,,155,27
676450,TX,Harris,201,2025-07-21,1,2025-05-19,63,0.175708,2.258114,3.120461,0.47555,0.152397,0.031725,0.130575,0.08893,-0.099942,0.923913,105.934783,154,31
015217,AL,Jefferson,073,2025-10-27,1,2025-05-19,161,0.169176,0.0,3.318875,0.272702,0.082167,0.0,0.197116,0.126686,-0.03769,0.586957,124.565217,35,23
056023,CA,Los Angeles,037,2026-01-05,0,,,,,,,,,,,,,,122,116
135141,ID,Ada,001,2025-12-15,0,,,,,,,,,,,,,,30,23
146059,IL,Morgan,137,2025-11-17,1,2025-05-26,175,0.177672,1.685769,3.080161,0.562837,0.18273,0.001755,0.170404,0.116174,-0.040764,0.923913,126.684783,50,10
146059,IL,Morgan,137,2026-03-23,0,,,,,,,,,,,,,,0,0
155200,IN,Grant,053,2025-10-06,1,2025-05-19,140,0.174544,1.141406,3.205942,0.46447,0.144878,0.067098,0.14929,0.107674,-0.081017,0.793478,66.456522,174,125
155200,IN,Grant,053,2026-02-16,0,,,,,,,,,,,,,,173,138
155809,IN,Allen,003,2025-04-28,0,,,,,,,,,,,,,,112,74
155809,IN,Allen,003,2025-10-20,0,,,,,,,,,,,,,,113,70
165245,IA,Sioux,167,2026-03-23,0,,,,,,,,,,,,,,0,0
165350,IA,Polk,153,2025-11-24,0,,,,,,,,,,,,,,110,76
165484,IA,Clay,041,2025-09-01,1,2025-03-24,161,0.172184,0.624359,3.774927,0.699954,0.185422,0.214841,0.105296,0.091786,0.030795,0.184783,70.641304,110,71
195488,LA,E. Baton Rouge,033,2026-03-16,0,,,,,,,,,,,,,,77,52
195496,LA,Caddo,017,2025-08-11,0,,,,,,,,,,,,,,79,54
225194,MA,Bristol,005,2025-10-06,1,2025-04-14,175,0.174923,0.0,3.717651,0.219017,0.058913,0.174133,0.178792,0.106708,0.023394,0.315217,102.434783,94,58
225781,MA,Middlesex,017,2026-02-16,0,,,,,,,,,,,,,,66,42
245273,MN,Renville,129,2025-03-31,1,2025-03-24,7,0.220052,0.0,2.667989,0.309928,0.116165,0.211068,0.055186,0.10224,-0.183237,1.0,34.76087,129,104
245378,MN,Redwood,127,2025-11-17,0,,,,,,,,,,,,,,137,113
245410,MN,Kandiyohi,067,2026-03-23,0,,,,,,,,,,,,,,0,0
245461,MN,Clay,027,2025-04-28,0,,,,,,,,,,,,,,0,0
24E185,MN,Hennepin,053,2025-08-25,1,2025-03-24,154,0.202124,1.248718,2.577638,0.542114,0.210314,0.0,0.153409,0.09893,0.014108,1.0,68.554348,95,75
24E185,MN,Hennepin,053,2025-11-17,1,2025-05-26,175,0.205733,1.127315,2.520568,0.485881,0.192767,0.0,0.13401,0.093548,-0.000808,1.0,68.326087,96,78
24E185,MN,Hennepin,053,2025-12-15,1,2025-06-23,175,0.205733,1.080621,2.520568,0.485881,0.192767,0.0,0.13401,0.093548,-0.000808,1.0,68.326087,96,78
265863,MO,Platte,165,2026-02-23,0,,,,,,,,,,,,,,42,14
275080,MT,Lewis And Clark,049,2025-08-04,1,2025-03-24,133,0.255435,1.873077,3.040709,0.416699,0.13704,0.378059,0.178009,0.120594,0.138483,0.891304,72.532609,15,5
275080,MT,Lewis And Clark,049,2025-09-08,1,2025-03-24,168,0.255435,1.873077,3.040709,0.416699,0.13704,0.378059,0.178009,0.120594,0.138483,0.891304,72.532609,15,5
275080,MT,Lewis And Clark,049,2025-12-01,1,2025-06-09,175,0.25198,1.655211,3.15332,0.459047,0.145576,0.407074,0.088782,0.125084,0.131268,0.826087,68.23913,15,5
285146,NE,Sarpy,153,2025-05-05,1,2025-03-24,42,0.173801,0.0,3.209539,0.434695,0.135438,0.086487,0.232311,0.207779,-0.097774,0.652174,43.641304,78,52
315231,NJ,Gloucester,015,2026-02-09,0,,,,,,,,,,,,,,50,21
325047,NM,Dona Ana,013,2025-05-12,1,2025-03-24,49,0.180421,0.622232,3.182518,0.573442,0.180185,0.035876,0.178515,0.096367,-0.001694,0.880435,129.652174,2,0
345165,NC,Mc Dowell,111,2026-03-23,0,,,,,,,,,,,,,,0,0
395311,PA,Delaware,045,2026-03-09,1,2025-09-15,175,0.184553,1.449405,3.131857,0.356472,0.113821,0.04431,0.119802,0.096163,-0.067971,0.833333,145.422222,60,17
395395,PA,Dauphin,043,2025-07-07,1,2025-03-24,105,0.175901,0.628657,3.451176,0.345498,0.10011,0.053009,0.106243,0.074902,0.042027,0.532609,136.228261,60,16
395395,PA,Dauphin,043,2026-03-09,1,2025-09-15,175,0.180172,0.96627,3.546037,0.44398,0.125205,0.133564,0.124548,0.10017,0.030864,0.366667,137.9,60,17
395410,PA,Armstrong,005,2026-03-02,1,2025-09-08,175,0.174927,0.485705,3.423801,0.588718,0.171949,0.106081,0.112298,0.067489,-0.02193,0.488889,110.055556,116,54
395454,PA,Montgomery,091,2025-05-26,1,2025-03-24,63,0.24938,0.0,2.924741,0.361606,0.123637,0.281043,0.160096,0.115097,-0.054403,1.0,275.619565,2,1
395568,PA,Indiana,063,2025-04-21,1,2025-03-24,28,0.187702,0.0,3.615407,0.688861,0.190535,0.271839,0.075592,0.061823,-0.001689,0.293478,85.826087,148,71
395687,PA,Montgomery,091,2025-03-31,1,2025-03-24,7,0.23243,0.628657,2.924208,0.305776,0.104567,0.212244,0.210381,0.146447,-0.050483,0.98913,215.076087,11,0
395687,PA,Montgomery,091,2025-12-15,1,2025-06-23,175,0.225603,1.087054,3.145038,0.354694,0.112779,0.216151,0.172906,0.113843,0.041461,0.804348,209.630435,11,0
395868,PA,Centre,027,2025-10-06,1,2025-04-14,175,0.172407,0.60074,3.408784,0.427193,0.125321,0.026626,0.08235,0.075462,0.067813,0.543478,97.228261,149,66
396130,PA,Monroe,089,2025-04-28,0,,,,,,,,,,,,,,148,70
45F410,TX,Bexar,029,2025-04-21,0,,,,,,,,,,,,,,348,108
505529,WA,Pierce,053,2026-03-16,0,,,,,,,,,,,,,,63,60
525490,WI,Waukesha,133,2025-10-13,0,,,,,,,,,,,,,,82,56
525490,WI,Waukesha,133,2026-02-16,0,,,,,,,,,,,,,,82,63
525546,WI,Calumet,015,2025-06-23,1,2025-03-24,91,0.183345,0.623294,3.483295,1.089478,0.312772,0.190908,0.156086,0.112269,0.129605,0.48913,33.717391,149,125
525604,WI,Milwaukee,079,2026-03-09,0,,,,,,,,,,,,,,39,27
555542,CA,Sacramento,067,2025-11-24,0,,,,,,,,,,,,,,179,170
675408,TX,Rusk,401,2025-08-11,1,2025-03-24,140,0.216635,1.869881,2.726988,0.31967,0.117225,0.009322,0.196377,0.157293,0.212546,0.967391,42.793478,242,108
675440,TX,Dallas,113,2025-06-09,1,2025-03-24,77,0.212257,0.622232,2.805587,0.132852,0.047353,0.0,0.174038,0.128993,0.1542,0.978261,59.532609,315,88
675885,TX,Burleson,051,2025-08-25,1,2025-03-24,154,0.181244,0.0,2.871892,0.332559,0.115798,0.0,0.105293,0.143498,-0.109326,0.934783,43.836957,245,103
676402,TX,Bexar,029,2025-04-14,1,2025-03-24,21,0.186197,0.0,2.976914,0.197446,0.066326,0.017846,0.203113,0.127309,-0.097788,0.923913,104.586957,150,33
045430,AR,Monroe,095,2025-07-14,0,,,,,,,,,,,,,,69,61
045430,AR,Monroe,095,2026-02-23,0,,,,,,,,,,,,,,71,63
145197,IL,Cook,031,2025-05-12,1,2025-03-24,49,0.181573,2.54087,3.106992,0.353986,0.113932,0.004704,0.220107,0.126297,-0.017522,0.847826,124.206522,79,28
145197,IL,Cook,031,2025-05-26,1,2025-03-24,63,0.181573,2.54087,3.106992,0.353986,0.113932,0.004704,0.220107,0.126297,-0.017522,0.847826,124.206522,79,26
145464,IL,Henry,073,2025-10-06,0,,,,,,,,,,,,,,108,57
145983,IL,Cook,031,2025-12-08,1,2025-06-16,175,0.201828,1.655211,2.976394,0.368362,0.123761,0.020193,0.130849,0.10493,0.035857,0.956522,193.652174,20,0
145983,IL,Cook,031,2026-01-19,1,2025-07-28,175,0.201828,1.556463,2.976394,0.368362,0.123761,0.020193,0.130849,0.10493,0.035857,0.956522,193.652174,20,0
145983,IL,Cook,031,2026-02-09,1,2025-08-18,175,0.204373,1.511379,2.867997,0.343585,0.1198,0.021057,0.086743,0.084131,-0.01695,1.0,189.355556,20,1
155491,IN,Fayette,041,2025-10-27,1,2025-05-05,175,0.177434,0.0,3.642818,0.652963,0.179247,0.162424,0.200675,0.120979,0.103812,0.347826,79.065217,113,71
155730,IN,Ripley,137,2025-12-15,0,,,,,,,,,,,,,,113,73
165490,IA,Howard,089,2025-05-12,0,,,,,,,,,,,,,,185,127
225682,MA,Middlesex,017,2025-06-09,0,,,,,,,,,,,,,,94,57
235171,MI,Genesee,049,2026-01-05,0,,,,,,,,,,,,,,61,49
235701,MI,Ingham,065,2025-05-05,0,,,,,,,,,,,,,,99,80
245254,MN,Dakota,037,2025-07-14,0,,,,,,,,,,,,,,134,104
245300,MN,Ramsey,123,2026-02-02,0,,,,,,,,,,,,,,12,11
245306,MN,Olmsted,109,2025-09-08,0,,,,,,,,,,,,,,137,106
245306,MN,Olmsted,109,2025-11-17,0,,,,,,,,,,,,,,137,113
245360,MN,Kandiyohi,067,2025-09-08,0,,,,,,,,,,,,,,137,106
245405,MN,Hubbard,057,2026-02-09,0,,,,,,,,,,,,,,133,113
285166,NE,Adams,001,2026-02-16,1,2025-08-25,175,0.23505,0.498975,2.518443,0.342088,0.135833,0.142505,0.118378,0.137431,0.004919,1.0,60.444444,43,35
355074,ND,Ward,101,2025-11-17,1,2025-08-18,91,0.170892,1.511379,4.200341,1.040732,0.247773,0.355848,0.083463,0.053691,-0.012254,0.0,127.877778,4,4
355081,ND,Rolette,079,2025-12-01,0,,,,,,,,,,,,,,2,2
395015,PA,Beaver,007,2025-08-04,1,2025-03-24,133,0.327639,1.889224,3.300845,0.634556,0.19224,0.656345,0.135056,0.074173,0.09223,0.782609,463.097826,0,0
395015,PA,Beaver,007,2025-12-01,1,2025-06-09,175,0.33097,1.667808,3.227395,0.622728,0.192951,0.649367,0.086345,0.079358,0.078655,0.891304,462.032609,0,0
395347,PA,Dauphin,043,2025-06-02,1,2025-03-24,70,0.195777,1.266031,3.472906,0.413894,0.119178,0.230185,0.086872,0.058305,0.003294,0.445652,120.554348,114,50
395347,PA,Dauphin,043,2025-09-08,1,2025-03-24,168,0.195777,1.266031,3.472906,0.413894,0.119178,0.230185,0.086872,0.058305,0.003294,0.445652,120.554348,117,51
395481,PA,Montgomery,091,2025-04-28,1,2025-03-24,35,0.188214,0.0,3.088977,0.390659,0.126469,0.0,0.092696,0.070436,0.014426,0.98913,165.554348,39,9
39A435,PA,Chester,029,2025-05-05,0,,,,,,,,,,,,,,39,8
39A435,PA,Chester,029,2025-06-30,0,,,,,,,,,,,,,,39,8
39A435,PA,Chester,029,2025-10-06,0,,,,,,,,,,,,,,38,7
39A437,PA,Blair,013,2026-02-09,0,,,,,,,,,,,,,,19,3
415057,RI,Washington,009,2025-11-17,0,,,,,,,,,,,,,,13,10
455455,TX,Jim Wells,249,2026-03-23,0,,,,,,,,,,,,,,0,0
475045,VT,Washington,023,2025-09-22,0,,,,,,,,,,,,,,3,1
505318,WA,Skagit,057,2026-02-23,0,,,,,,,,,,,,,,63,60
525431,WI,Kenosha,059,2026-03-02,0,,,,,,,,,,,,,,150,130
555902,CA,Kern,029,2025-03-31,0,,,,,,,,,,,,,,119,113
555902,CA,Kern,029,2025-09-15,0,,,,,,,,,,,,,,122,115
675220,TX,Jasper,241,2025-09-08,0,,,,,,,,,,,,,,245,102
675386,TX,Gregg,183,2025-07-14,1,2025-03-24,112,0.170153,1.892487,3.263926,0.333105,0.102057,0.0,0.184413,0.125441,-0.002758,0.673913,75.369565,351,101
675386,TX,Gregg,183,2025-09-08,1,2025-03-24,168,0.170153,1.892487,3.263926,0.333105,0.102057,0.0,0.184413,0.125441,-0.002758,0.673913,75.369565,351,91
675386,TX,Gregg,183,2026-02-16,1,2025-08-25,175,0.171223,2.491473,3.172698,0.42165,0.132899,0.0,0.244498,0.140311,-0.025672,0.711111,72.677778,349,121
056043,CA,Los Angeles,037,2025-11-03,0,,,,,,,,,,,,,,23,19
056043,CA,Los Angeles,037,2026-01-26,0,,,,,,,,,,,,,,23,21
056174,CA,Los Angeles,037,2025-07-21,0,,,,,,,,,,,,,,248,239
085010,DE,Sussex,005,2025-06-23,1,2025-03-24,91,0.178156,1.277098,3.809511,0.762879,0.200256,0.228806,0.167269,0.111154,0.078655,0.293478,106.043478,9,7
145772,IL,Coles,029,2026-02-16,1,2025-08-25,175,0.193245,1.007586,3.588994,0.596758,0.166274,0.264625,0.145421,0.098441,0.018925,0.311111,122.355556,80,23
146178,IL,Will,197,2026-03-23,0,,,,,,,,,,,,,,0,0
14E345,IL,Winnebago,201,2026-02-23,0,,,,,,,,,,,,,,138,62
155103,IN,St. Joseph,141,2025-06-16,0,,,,,,,,,,,,,,112,71
155484,IN,Vigo,167,2025-10-06,1,2025-04-14,175,0.18525,0.0,3.00833,0.321522,0.106877,0.0,0.206193,0.125836,-0.027263,0.902174,111.891304,55,34
205115,ME,Penobscot,019,2025-08-25,0,,,,,,,,,,,,,,22,19
225284,MA,Plymouth,023,2025-08-04,1,2025-03-24,133,0.186439,1.915647,3.491406,0.669822,0.191849,0.202901,0.190145,0.114485,0.046302,0.402174,77.152174,69,44
225284,MA,Plymouth,023,2025-09-15,1,2025-03-24,175,0.186439,1.915647,3.491406,0.669822,0.191849,0.202901,0.190145,0.114485,0.046302,0.402174,77.152174,69,39
225284,MA,Plymouth,023,2026-02-09,1,2025-08-18,175,0.177851,2.031989,3.33898,0.59532,0.178294,0.131136,0.135385,0.09591,-0.055218,0.644444,79.3,66,43
235005,MI,Benzie,019,2025-09-15,0,,,,,,,,,,,,,,114,88
235331,MI,Livingston,093,2025-05-26,0,,,,,,,,,,,,,,31,24
235331,MI,Livingston,093,2025-12-08,0,,,,,,,,,,,,,,31,25
245252,MN,Pennington,113,2025-12-29,1,2025-07-07,175,0.17109,2.15805,3.545627,1.019962,0.287668,0.216768,0.233455,0.143047,-0.079192,0.369565,62.891304,96,78
275132,MT,Flathead,029,2025-10-20,1,2025-04-28,175,0.203643,1.20148,2.559086,0.716997,0.280177,0.06289,0.237388,0.156495,-0.043645,1.0,88.73913,6,2
275132,MT,Flathead,029,2026-03-09,1,2025-09-15,175,0.220432,0.976604,3.080237,0.86717,0.281527,0.266045,0.241878,0.139582,0.107325,0.811111,84.411111,6,2
345206,NC,Madison,115,2025-08-25,0,,,,,,,,,,,,,,161,75
375253,OK,Custer,039,2025-04-14,0,,,,,,,,,,,,,,93,72
395296,PA,Philadelphia,101,2025-10-20,1,2025-04-28,175,0.243127,0.602723,3.277547,0.376884,0.11499,0.377089,0.05621,0.057133,0.001968,0.869565,216.73913,11,0
395590,PA,Lancaster,071,2025-07-14,1,2025-03-24,112,0.199592,0.0,3.68045,0.686904,0.186636,0.324993,0.128959,0.104982,0.140989,0.315217,39.880435,76,65
395746,PA,Cumberland,041,2025-06-23,1,2025-03-24,91,0.215715,0.639667,3.484334,0.501024,0.143793,0.294316,0.084168,0.0806,0.126185,0.456522,132.793478,60,16
395746,PA,Cumberland,041,2026-03-16,1,2025-09-22,175,0.219782,0.97012,3.274,0.370905,0.113288,0.292451,0.131279,0.089207,-6.2e-05,0.688889,138.0,60,17
395834,PA,Montgomery,091,2026-01-26,1,2025-08-04,175,0.262776,0.0,3.305717,0.451956,0.13672,0.523239,0.116177,0.076089,0.041386,0.717391,149.076087,61,17
395936,PA,Wayne,127,2025-11-17,0,,,,,,,,,,,,,,146,72
505386,WA,Snohomish,061,2025-07-21,0,,,,,,,,,,,,,,63,58
525589,WI,Oneida,085,2025-10-13,0,,,,,,,,,,,,,,39,23
675739,TX,Montgomery,339,2025-06-16,1,2025-03-24,84,0.26424,0.638549,0.509585,0.086344,0.16944,0.0,0.06063,2.353558,-0.859475,0.902174,90.619565,351,101
675751,TX,Ector,135,2025-05-12,1,2025-03-24,49,0.188991,0.0,2.932025,0.302705,0.103241,0.006236,0.162684,0.271395,0.006873,0.869565,53.206522,310,100
676242,TX,Jackson,239,2025-05-12,1,2025-03-24,49,0.184632,0.0,2.924176,0.581835,0.198974,0.0,0.185823,0.151311,0.045541,0.880435,48.98913,240,116
055185,CA,Stanislaus,099,2025-07-14,0,,,,,,,,,,,,,,333,316
055185,CA,Stanislaus,099,2025-11-24,0,,,,,,,,,,,,,,334,321
115626,GA,Jeff Davis,161,2025-09-22,1,2025-03-31,175,0.198258,0.0,2.773478,0.402759,0.145218,0.011801,0.112423,0.109755,0.01902,1.0,62.847826,107,61
145304,IL,Lake,097,2025-04-28,0,,,,,,,,,,,,,,50,10
145304,IL,Lake,097,2025-08-04,0,,,,,,,,,,,,,,50,9
145519,IL,Greene,061,2025-08-25,1,2025-03-24,154,0.203398,0.0,3.797745,0.368528,0.097039,0.383281,0.219117,0.133758,0.061466,0.293478,105.184783,80,22
165426,IA,Dallas,049,2025-06-02,1,2025-03-24,70,0.238693,1.295213,2.617319,0.663648,0.25356,0.243212,0.082894,0.142952,0.064622,0.978261,33.608696,187,125
195406,LA,Caddo,017,2025-03-31,0,,,,,,,,,,,,,,77,55
225568,MA,Middlesex,017,2025-09-08,1,2025-03-24,168,0.18473,0.0,3.291544,0.596222,0.181138,0.090924,0.173494,0.10244,0.044297,0.652174,116.967391,94,58
235253,MI,Kent,081,2025-04-07,1,2025-03-24,14,0.194532,0.64646,2.788277,0.412499,0.147941,0.001176,0.146403,0.096846,-0.029474,1.0,99.467391,111,89
235367,MI,Marquette,103,2026-01-26,0,,,,,,,,,,,,,,114,90
235663,MI,Oakland,125,2025-05-12,0,,,,,,,,,,,,,,60,48
235663,MI,Oakland,125,2026-03-23,0,,,,,,,,,,,,,,0,0
245290,MN,Renville,129,2025-04-07,0,,,,,,,,,,,,,,129,103
245290,MN,Renville,129,2025-05-12,0,,,,,,,,,,,,,,130,104
245290,MN,Renville,129,2025-05-26,0,,,,,,,,,,,,,,134,104
245290,MN,Renville,129,2025-08-18,0,,,,,,,,,,,,,,137,106
245436,MN,Faribault,043,2025-04-21,0,,,,,,,,,,,,,,17,15
245436,MN,Faribault,043,2026-02-02,0,,,,,,,,,,,,,,16,13
245635,MN,Freeborn,047,2025-08-04,0,,,,,,,,,,,,,,93,76
255161,MS,Lee,081,2025-11-03,0,,,,,,,,,,,,,,52,42
315198,NJ,Union,039,2025-09-01,1,2025-03-24,161,0.193367,0.0,3.193154,0.423272,0.132556,0.118651,0.18144,0.115469,0.006977,0.76087,108.01087,70,30
355064,ND,Mclean,055,2025-06-16,1,2025-03-24,84,0.188585,0.0,3.018501,0.833229,0.276041,0.107754,0.157001,0.101129,0.007816,0.934783,52.141304,6,6
395300,PA,Allegheny,003,2025-03-31,1,2025-03-24,7,0.211523,0.0,3.537791,0.791205,0.223644,0.346586,0.147844,0.175212,0.073797,0.358696,122.597826,112,51
395300,PA,Allegheny,003,2025-07-14,1,2025-03-24,112,0.211523,0.0,3.537791,0.791205,0.223644,0.346586,0.147844,0.175212,0.073797,0.358696,122.597826,115,51
395870,PA,Fayette,051,2025-07-28,0,,,,,,,,,,,,,,104,78
435044,SD,Minnehaha,099,2025-06-16,0,,,,,,,,,,,,,,6,6
435044,SD,Minnehaha,099,2026-03-02,0,,,,,,,,,,,,,,6,6
455940,TX,Lubbock,303,2025-09-01,1,2025-03-24,161,0.16948,1.935954,3.218919,0.204214,0.063442,0.0,0.07049,0.090448,-0.087121,0.826087,76.793478,351,91
475025,VT,Windsor,027,2025-11-17,1,2025-05-26,175,0.234244,1.172552,3.715713,0.607735,0.163558,0.559805,0.167633,0.11665,0.065003,0.326087,80.097826,9,4
505123,WA,Kitsap,035,2025-11-17,0,,,,,,,,,,,,,,54,52
525447,WI,Dodge,027,2025-07-21,0,,,,,,,,,,,,,,80,58
525447,WI,Dodge,027,2026-03-09,1,2025-09-15,175,0.212805,0.988498,2.465902,0.774305,0.314005,0.228446,0.172608,0.711916,-0.241992,0.477778,54.744444,82,64
525712,WI,Barron,005,2026-02-16,0,,,,,,,,,,,,,,150,130
555891,CA,Shasta,089,2025-08-18,0,,,,,,,,,,,,,,179,168
675329,TX,Hockley,219,2025-08-11,1,2025-03-24,140,0.185629,0.0,3.281344,0.308325,0.093963,0.11488,0.215506,0.133567,0.022299,0.597826,51.195652,315,88
675696,TX,Brazoria,039,2025-09-22,1,2025-03-31,175,0.183766,1.281579,3.23096,0.346016,0.107094,0.086942,0.141538,0.094562,-0.055865,0.804348,113.956522,155,28
675809,TX,Dallas,113,2025-06-16,1,2025-05-19,28,0.169193,0.589113,3.164743,0.609382,0.192553,0.0,0.098756,0.123908,-0.012776,0.793478,53.445652,315,88
676246,TX,Travis,453,2025-05-26,1,2025-03-24,63,0.18204,1.290636,3.079764,0.325702,0.105756,0.004282,0.205578,0.120421,-0.012709,0.891304,99.75,351,101
676246,TX,Travis,453,2026-03-09,1,2025-09-15,175,0.174674,1.97166,3.32041,0.377241,0.113613,0.002112,0.245059,0.131358,0.076349,0.555556,109.133333,349,121
676446,TX,Hidalgo,215,2025-08-25,0,,,,,,,,,,,,,,155,27
676446,TX,Hidalgo,215,2025-10-27,0,,,,,,,,,,,,,,155,27
045284,AR,Randolph,121,2025-06-16,0,,,,,,,,,,,,,,69,61
056338,CA,Fresno,019,2025-09-15,0,,,,,,,,,,,,,,250,239
145171,IL,Cook,031,2025-09-08,1,2025-03-24,168,0.200489,0.655745,2.585176,0.913455,0.353343,0.018719,0.187343,0.107222,-0.027052,1.0,197.391304,20,0
145710,IL,Will,197,2025-06-09,1,2025-03-24,77,0.177149,0.655745,3.532486,0.830015,0.234966,0.041613,0.148847,0.084911,0.10217,0.315217,245.271739,8,1
145710,IL,Will,197,2025-07-07,1,2025-03-24,105,0.177149,0.655745,3.532486,0.830015,0.234966,0.041613,0.148847,0.084911,0.10217,0.315217,245.271739,8,1
145818,IL,Winnebago,201,2025-12-08,1,2025-06-16,175,0.214855,2.275701,2.549445,0.403953,0.158447,0.026478,0.267332,0.146968,0.04331,1.0,76.445652,140,60
155206,IN,Hendricks,063,2026-01-12,0,,,,,,,,,,,,,,113,73
165385,IA,Marshall,127,2025-08-04,0,,,,,,,,,,,,,,0,0
195497,LA,Bossier,015,2025-06-16,1,2025-03-24,84,0.188135,0.65457,3.477351,0.214676,0.061736,0.002564,0.212919,0.129762,0.335609,0.467391,110.945652,65,40
225273,MA,Middlesex,017,2025-06-09,0,,,,,,,,,,,,,,68,42
225304,MA,Franklin,011,2026-02-23,0,,,,,,,,,,,,,,94,70
235088,MI,Grand Traverse,055,2025-06-09,0,,,,,,,,,,,,,,7,6
235088,MI,Grand Traverse,055,2025-10-13,0,,,,,,,,,,,,,,7,6
235088,MI,Grand Traverse,055,2026-02-23,0,,,,,,,,,,,,,,7,7
235642,MI,Oakland,125,2025-10-06,0,,,,,,,,,,,,,,100,79
235650,MI,Oakland,125,2025-09-22,0,,,,,,,,,,,,,,61,48
245490,MN,Brown,015,2025-06-16,0,,,,,,,,,,,,,,41,28
275109,MT,Flathead,029,2025-07-14,0,,,,,,,,,,,,,,6,1
345432,NC,Buncombe,021,2025-04-21,1,2025-03-24,28,0.175724,0.0,3.907902,0.589716,0.150904,0.280284,0.082591,0.113733,0.038437,0.130435,65.5,79,45
345432,NC,Buncombe,021,2025-06-09,1,2025-03-24,77,0.175724,0.0,3.907902,0.589716,0.150904,0.280284,0.082591,0.113733,0.038437,0.130435,65.5,84,46
375520,OK,Oklahoma,109,2025-07-21,1,2025-03-24,119,0.171896,0.65457,3.337187,0.449482,0.134689,0.04747,0.126737,0.111395,0.040012,0.652174,37.326087,97,72
395080,PA,Lehigh,077,2025-08-18,1,2025-03-24,147,0.181425,0.0,3.631301,0.438588,0.12078,0.102432,0.112029,0.067656,0.060637,0.26087,238.619565,5,2
395371,PA,Westmoreland,129,2025-05-19,1,2025-03-24,56,0.199464,0.0,3.24129,0.584049,0.18019,0.201075,0.095114,0.078387,-0.046331,0.858696,132.913043,59,15
395371,PA,Westmoreland,129,2025-11-10,1,2025-05-19,175,0.208845,0.0,3.448007,0.539686,0.156521,0.299916,0.105624,0.09499,0.019158,0.586957,128.728261,61,17
395371,PA,Westmoreland,129,2026-01-05,1,2025-07-14,175,0.208845,0.546781,3.448007,0.539686,0.156521,0.299916,0.105624,0.09499,0.019158,0.586957,128.728261,61,17
395428,PA,Dauphin,043,2025-10-20,1,2025-04-28,175,0.26302,0.616976,2.962438,0.479301,0.161793,0.449381,0.133193,0.100311,-0.044058,0.956522,148.73913,61,15
396146,PA,Adams,001,2025-06-09,1,2025-03-24,77,0.425948,0.0,0.740411,0.230746,0.311645,0.975135,-0.360944,0.595008,-0.817377,1.0,35.423913,75,65
455513,TX,Lampasas,281,2025-06-09,1,2025-05-19,21,0.176123,0.0,2.891108,0.535328,0.185164,0.0,0.188258,0.175277,-0.092375,0.836957,41.782609,242,108
455513,TX,Lampasas,281,2025-11-17,1,2025-05-26,175,0.176123,0.0,2.891108,0.535328,0.185164,0.0,0.188258,0.175277,-0.092375,0.836957,41.782609,242,108
475014,VT,Chittenden,007,2025-12-15,1,2025-06-23,175,0.235251,1.125578,3.627714,0.613707,0.169172,0.577675,0.12436,0.092577,-0.033833,0.282609,93.293478,3,2
475014,VT,Chittenden,007,2026-03-16,1,2025-09-22,175,0.241567,0.987162,4.050228,0.74364,0.183605,0.700487,0.139131,0.10549,0.097668,0.111111,97.488889,3,2
675028,TX,Tarrant,439,2025-04-28,1,2025-03-24,35,0.182009,2.613596,2.897739,0.354378,0.122295,0.0,0.214025,0.12848,-0.10325,0.956522,79.673913,348,109
675028,TX,Tarrant,439,2025-09-08,1,2025-03-24,168,0.182009,2.613596,2.897739,0.354378,0.122295,0.0,0.214025,0.12848,-0.10325,0.956522,79.673913,351,91
676250,TX,Bexar,029,2025-07-07,1,2025-03-24,105,0.170719,0.0,3.339649,0.396664,0.118774,0.0,0.175674,0.114482,0.047713,0.586957,98.413043,351,101
676497,TX,Henderson,213,2026-01-19,1,2025-07-28,175,0.177896,1.606672,3.431208,0.408182,0.118962,0.153489,0.128692,0.109458,-0.057749,0.5,73.26087,313,95
045376,AR,Pulaski,119,2025-12-08,0,,,,,,,,,,,,,,74,66
056129,CA,Los Angeles,037,2026-01-26,0,,,,,,,,,,,,,,48,46
056137,CA,Los Angeles,037,2026-02-09,0,,,,,,,,,,,,,,334,324
056137,CA,Los Angeles,037,2026-03-23,0,,,,,,,,,,,,,,0,0
056234,CA,Los Angeles,037,2025-11-17,0,,,,,,,,,,,,,,334,321
075182,CT,Capitol,110,2025-07-21,1,2025-03-24,119,0.18156,1.985054,4.024245,0.424612,0.105514,0.332651,0.136654,0.103473,0.052879,0.108696,102.369565,55,28
075182,CT,Capitol,110,2026-03-02,0,,,,,,,,,,,,,,55,35
125062,HI,Kauai,007,2026-03-09,0,,,,,,,,,,,,,,10,8
145838,IL,Cook,031,2026-01-26,1,2025-08-04,175,0.20614,0.535557,3.428549,0.637447,0.185923,0.271749,0.133893,0.07698,0.001185,0.456522,174.869565,32,6
155199,IN,Hamilton,057,2026-03-02,0,,,,,,,,,,,,,,113,75
155503,IN,Clay,021,2026-01-12,0,,,,,,,,,,,,,,174,129
155525,IN,Dearborn,029,2025-11-17,1,2025-06-30,140,0.201195,0.0,2.807643,0.65135,0.231992,0.0,0.233515,0.143888,0.166718,0.978261,85.326087,113,74
165513,IA,Dubuque,061,2025-09-15,0,,,,,,,,,,,,,,28,16
165513,IA,Dubuque,061,2025-10-20,0,,,,,,,,,,,,,,28,16
165513,IA,Dubuque,061,2026-02-09,0,,,,,,,,,,,,,,28,22
165566,IA,Iowa,095,2025-11-17,0,,,,,,,,,,,,,,110,76
215094,MD,Carroll,013,2025-08-11,1,2025-05-19,84,0.172271,0.0,3.661549,0.893418,0.244,0.160587,0.169654,0.100179,0.041206,0.293478,113.456522,49,16
235177,MI,Wayne,163,2025-03-31,0,,,,,,,,,,,,,,7,7
235429,MI,Emmet,047,2025-05-19,1,2025-03-24,56,0.18624,1.325771,3.305151,0.698362,0.211295,0.172204,0.160377,0.13678,-0.018363,0.630435,73.652174,99,79
235530,MI,Wayne,163,2026-01-05,0,,,,,,,,,,,,,,114,90
235556,MI,Oakland,125,2025-08-04,0,,,,,,,,,,,,,,31,24
245222,MN,Hennepin,053,2026-02-02,1,2025-08-11,175,0.203024,0.0,2.491008,0.646246,0.259432,0.044333,0.142347,0.102985,-0.064202,1.0,65.532609,96,78
245259,MN,Chippewa,023,2025-06-02,1,2025-03-24,70,0.170373,1.325771,3.992554,0.773059,0.193625,0.281847,0.161038,0.102163,0.0505,0.152174,56.565217,92,76
245283,MN,St. Louis,137,2025-08-11,1,2025-03-24,140,0.196581,0.662886,2.999012,0.584548,0.194914,0.145582,0.22325,0.154287,-0.033802,0.836957,52.934783,93,77
245397,MN,Beltrami,007,2025-08-04,0,,,,,,,,,,,,,,93,76
245397,MN,Beltrami,007,2026-01-12,0,,,,,,,,,,,,,,96,77
245590,MN,Scott,139,2025-12-29,0,,,,,,,,,,,,,,96,77
265374,MO,Franklin,071,2025-09-01,1,2025-03-24,161,0.187986,0.0,2.927968,0.35612,0.121627,0.015302,0.135909,0.117243,-0.005433,0.923913,47.065217,102,49
315103,NJ,Passaic,031,2025-10-27,1,2025-05-05,175,0.217786,0.0,2.865955,0.491521,0.171503,0.157542,0.176682,0.145195,0.022792,0.967391,103.195652,70,30
395284,PA,Chester,029,2025-06-02,1,2025-03-24,70,0.210168,0.0,3.504634,0.59837,0.170737,0.377679,0.093275,0.070129,-0.0046,0.478261,72.706522,103,78
395589,PA,Northumberlnd,097,2025-12-01,1,2025-06-09,175,0.233256,0.583466,3.017974,0.492654,0.16324,0.316979,0.164153,0.115275,-0.013649,0.945652,106.163043,117,54
395638,PA,Allegheny,003,2026-03-09,0,,,,,,,,,,,,,,107,80
425080,SC,Kershaw,055,2025-07-21,0,,,,,,,,,,,,,,15,8
425360,SC,Richland,079,2025-04-14,0,,,,,,,,,,,,,,47,25
455599,TX,Travis,453,2025-07-14,1,2025-03-24,112,0.186426,1.988657,3.097139,0.450326,0.145401,0.0,0.17039,0.088993,-0.005309,0.978261,188.076087,3,0
455599,TX,Travis,453,2025-10-13,1,2025-04-21,175,0.186426,1.892487,3.097139,0.450326,0.145401,0.0,0.17039,0.088993,-0.005309,0.978261,188.076087,3,0
455871,TX,Hockley,219,2025-09-01,1,2025-03-24,161,0.213439,0.0,2.765815,0.150283,0.054336,0.039247,0.130228,0.113889,0.06485,1.0,59.163043,318,85
475029,VT,Bennington,003,2025-12-15,1,2025-06-23,175,0.185774,0.0,3.973522,0.663687,0.167027,0.402603,0.204932,0.113766,-0.063104,0.228261,121.304348,3,2
475050,VT,Windham,025,2025-12-08,0,,,,,,,,,,,,,,5,4
505093,WA,Pierce,053,2025-06-09,1,2025-03-24,77,0.172116,0.661685,3.670533,0.672347,0.183174,0.067961,0.209072,0.164929,0.204066,0.391304,105.445652,18,16
535022,WY,Campbell,005,2025-04-14,0,,,,,,,,,,,,,,1,1
675550,TX,Cooke,097,2025-10-13,1,2025-04-21,175,0.193375,0.0,2.945388,0.532015,0.180626,0.001217,0.280972,0.172258,0.11777,0.880435,90.956522,351,91
675666,TX,Hunt,231,2026-03-23,0,,,,,,,,,,,,,,0,0
676066,TX,Harris,201,2025-12-01,0,,,,,,,,,,,,,,316,94
676249,TX,Tarrant,439,2025-08-18,1,2025-03-24,147,0.174748,0.662886,3.264687,0.315057,0.096505,0.015461,0.130343,0.130034,0.025126,0.641304,73.380435,318,85
676332,TX,Harris,201,2025-08-25,0,,,,,,,,,,,,,,245,102
105688,FL,Pinellas,103,2025-08-25,1,2025-03-24,154,0.193541,0.670183,3.506294,0.425413,0.121328,0.131124,0.083742,0.080336,0.054675,0.478261,245.663043,3,1
105886,FL,Orange,095,2025-10-13,0,,,,,,,,,,,,,,45,42
105886,FL,Orange,095,2025-12-15,0,,,,,,,,,,,,,,45,42
115525,GA,Fulton,121,2026-02-23,0,,,,,,,,,,,,,,0,0
145173,IL,Cook,031,2026-03-09,0,,,,,,,,,,,,,,0,0
145379,IL,Du Page,043,2025-06-02,0,,,,,,,,,,,,,,0,0
145409,IL,Kane,089,2025-03-31,0,,,,,,,,,,,,,,141,51
145409,IL,Kane,089,2025-04-14,0,,,,,,,,,,,,,,141,51
145454,IL,Macoupin,117,2025-12-15,0,,,,,,,,,,,,,,0,0
145480,IL,Coles,029,2025-04-07,0,,,,,,,,,,,,,,0,0
145480,IL,Coles,029,2026-02-23,0,,,,,,,,,,,,,,0,0
145712,IL,De Kalb,037,2025-08-25,1,2025-03-24,154,0.182892,0.672652,2.937237,0.816247,0.277896,0.023342,0.186824,0.112169,0.008997,0.967391,87.880435,142,41
145712,IL,De Kalb,037,2025-09-15,1,2025-03-24,175,0.182892,0.672652,2.937237,0.816247,0.277896,0.023342,0.186824,0.112169,0.008997,0.967391,87.880435,142,41
145778,IL,Cook,031,2025-06-09,1,2025-03-24,77,0.307132,1.347786,1.371799,0.262905,0.19165,0.000205,0.294267,0.160406,-0.035139,1.0,357.782609,0,0
155245,IN,Marion,097,2025-09-22,1,2025-08-18,35,0.170222,0.530116,3.204755,0.343356,0.107139,0.002909,0.193211,0.128956,-0.042305,0.7,70.922222,174,125
165156,IA,Webster,187,2025-05-19,1,2025-03-24,56,0.184655,0.671415,2.910962,0.612526,0.21042,0.007932,0.191652,0.111721,0.021015,0.956522,57.880435,108,72
165156,IA,Webster,187,2025-08-25,1,2025-03-24,154,0.184655,0.671415,2.910962,0.612526,0.21042,0.007932,0.191652,0.111721,0.021015,0.956522,57.880435,110,71
165156,IA,Webster,187,2025-11-17,1,2025-05-26,175,0.18588,1.20346,2.914064,0.578912,0.198661,0.012666,0.205564,0.123448,0.018636,0.956522,60.23913,110,77
165156,IA,Webster,187,2026-02-23,1,2025-09-01,175,0.179036,1.554255,3.019535,0.666602,0.220763,0.001917,0.195053,0.119637,0.039996,0.911111,59.255556,110,81
165357,IA,Harrison,085,2025-11-17,0,,,,,,,,,,,,,,192,130
225154,MA,Essex,009,2025-09-29,0,,,,,,,,,,,,,,4,1
225548,MA,Middlesex,017,2025-12-15,0,,,,,,,,,,,,,,94,65
225771,MA,Berkshire,003,2025-05-19,1,2025-03-24,56,0.185519,0.0,2.70806,0.4375,0.161555,0.0,0.203021,0.131308,-0.134487,1.0,56.434783,53,31
225771,MA,Berkshire,003,2025-10-13,1,2025-04-21,175,0.185519,0.0,2.70806,0.4375,0.161555,0.0,0.203021,0.131308,-0.134487,1.0,56.434783,55,30
235031,MI,Houghton,061,2025-09-22,0,,,,,,,,,,,,,,61,48
235283,MI,Ingham,065,2025-04-07,0,,,,,,,,,,,,,,99,80
235283,MI,Ingham,065,2025-12-08,0,,,,,,,,,,,,,,100,83
235601,MI,Iron,071,2026-02-02,0,,,,,,,,,,,,,,0,0
235626,MI,Oakland,125,2025-04-07,0,,,,,,,,,,,,,,99,80
235626,MI,Oakland,125,2025-06-23,0,,,,,,,,,,,,,,99,78
235626,MI,Oakland,125,2026-03-02,0,,,,,,,,,,,,,,100,87
245189,MN,Dakota,037,2026-03-23,0,,,,,,,,,,,,,,0,0
245516,MN,Blue Earth,013,2026-01-05,0,,,,,,,,,,,,,,135,111
255112,MS,Hinds,049,2025-06-23,0,,,,,,,,,,,,,,52,44
255112,MS,Hinds,049,2025-12-01,0,,,,,,,,,,,,,,52,44
255112,MS,Hinds,049,2026-02-23,0,,,,,,,,,,,,,,52,45
265644,MO,Linn,115,2025-06-09,0,,,,,,,,,,,,,,0,0
265644,MO,Linn,115,2025-09-08,0,,,,,,,,,,,,,,0,0
265644,MO,Linn,115,2025-10-13,0,,,,,,,,,,,,,,0,0
265644,MO,Linn,115,2026-03-16,0,,,,,,,,,,,,,,0,0
285207,NE,Madison,119,2026-03-23,0,,,,,,,,,,,,,,0,0
315426,NJ,Bergen,003,2025-06-02,0,,,,,,,,,,,,,,72,32
345538,NC,Wake,183,2025-05-05,0,,,,,,,,,,,,,,23,11
355050,ND,Cavalier,019,2025-09-08,0,,,,,,,,,,,,,,0,0
395016,PA,York,133,2025-07-21,1,2025-03-24,119,0.205752,0.0,3.376934,0.538035,0.159326,0.241661,0.102889,0.074051,0.061135,0.641304,113.097826,115,51
395016,PA,York,133,2026-01-12,1,2025-07-21,175,0.198869,0.0,3.040867,0.501089,0.164785,0.131984,0.077439,0.094684,-0.055642,0.956522,113.771739,116,53
395016,PA,York,133,2026-02-16,1,2025-08-25,175,0.188919,0.524032,2.896784,0.544872,0.188095,0.048337,0.076883,0.0818,-0.096733,0.988889,109.522222,116,54
395118,PA,Butler,019,2025-11-10,0,,,,,,,,,,,,,,146,72
395541,PA,Berks,011,2026-01-05,1,2025-07-14,175,0.220198,0.558486,3.139837,0.480501,0.153034,0.189533,0.141458,0.090785,0.059824,0.902174,201.771739,11,0
395631,PA,Lancaster,071,2026-02-02,0,,,,,,,,,,,,,,107,78
395706,PA,Luzerne,079,2026-01-05,0,,,,,,,,,,,,,,143,70
395959,PA,Venango,121,2025-06-02,1,2025-03-24,70,0.193411,0.673893,3.572848,0.389322,0.108967,0.262803,0.100381,0.064588,0.018627,0.304348,87.815217,148,66
415042,RI,Providence,007,2025-07-21,1,2025-03-24,119,0.17537,0.672652,3.174597,0.666819,0.210048,0.0,0.104757,0.067663,0.024309,0.945652,113.195652,17,8
415042,RI,Providence,007,2025-11-17,1,2025-05-26,175,0.175446,0.602723,3.185482,0.663462,0.208277,0.0,0.090373,0.064967,0.028407,0.945652,114.771739,17,11
415042,RI,Providence,007,2025-12-01,1,2025-06-09,175,0.175446,0.589113,3.185482,0.663462,0.208277,0.0,0.090373,0.064967,0.028407,0.945652,114.771739,17,11
435035,SD,Butte,019,2025-09-29,1,2025-04-07,175,0.172265,1.96371,3.10837,0.602224,0.193743,0.0,0.247774,0.148167,0.009623,0.793478,49.956522,48,25
435035,SD,Butte,019,2026-02-09,1,2025-08-18,175,0.202598,1.585745,2.695751,0.564808,0.209518,0.118568,0.232098,0.206016,-0.098819,0.944444,47.511111,46,27
435064,SD,Pennington,103,2025-08-04,1,2025-05-19,77,0.170589,0.609766,2.986139,0.73471,0.24604,0.0,0.235857,0.13335,-0.073416,0.945652,62.380435,25,17
435098,SD,Bon Homme,009,2025-07-14,0,,,,,,,,,,,,,,25,16
455879,TX,Harrison,203,2025-10-20,0,,,,,,,,,,,,,,318,85
455879,TX,Harrison,203,2026-02-02,0,,,,,,,,,,,,,,313,94
505341,WA,Clark,011,2025-04-21,0,,,,,,,,,,,,,,63,59
505341,WA,Clark,011,2025-10-27,0,,,,,,,,,,,,,,64,58
525508,WI,Rock,105,2025-12-15,0,,,,,,,,,,,,,,0,0
675877,TX,Tarrant,439,2026-01-05,0,,,,,,,,,,,,,,241,106
676004,TX,Wise,497,2025-04-28,1,2025-03-24,35,0.199383,0.672652,2.820302,0.250537,0.088833,0.0,0.18966,0.165738,0.047897,0.902174,62.597826,310,100
676294,TX,Lamar,277,2026-02-02,0,,,,,,,,,,,,,,350,100
045184,AR,Chicot,017,2026-03-02,0,,,,,,,,,,,,,,71,63
045431,AR,Pulaski,119,2025-04-21,0,,,,,,,,,,,,,,73,66
056111,CA,Los Angeles,037,2026-03-23,0,,,,,,,,,,,,,,0,0
056158,CA,Sacramento,067,2025-11-17,0,,,,,,,,,,,,,,122,116
05A269,CA,Los Angeles,037,2025-03-31,1,2025-03-24,7,0.218477,0.0,2.488098,0.244043,0.098084,0.0,0.075181,0.040443,0.011563,1.0,76.98913,330,317
05A269,CA,Los Angeles,037,2025-05-26,1,2025-03-24,63,0.218477,0.0,2.488098,0.244043,0.098084,0.0,0.075181,0.040443,0.011563,1.0,76.98913,333,317
05A269,CA,Los Angeles,037,2025-07-21,1,2025-03-24,119,0.218477,0.0,2.488098,0.244043,0.098084,0.0,0.075181,0.040443,0.011563,1.0,76.98913,333,317
105631,FL,Taylor,123,2025-09-08,0,,,,,,,,,,,,,,109,87
145518,IL,St. Clair,163,2025-05-19,0,,,,,,,,,,,,,,107,60
145518,IL,St. Clair,163,2025-08-18,0,,,,,,,,,,,,,,108,57
145518,IL,St. Clair,163,2025-09-01,0,,,,,,,,,,,,,,108,57
146050,IL,Douglas,041,2025-08-04,1,2025-03-24,133,0.220829,0.680168,2.541393,0.167123,0.06576,0.000583,0.151619,0.118949,0.060927,1.0,65.630435,140,59
146050,IL,Douglas,041,2025-10-06,1,2025-04-14,175,0.220829,0.65457,2.541393,0.167123,0.06576,0.000583,0.151619,0.118949,0.060927,1.0,65.630435,141,54
155535,IN,Bartholomew,005,2026-02-16,0,,,,,,,,,,,,,,113,75
165432,IA,Muscatine,139,2025-08-04,0,,,,,,,,,,,,,,2,1
165462,IA,Tama,171,2025-08-18,1,2025-03-24,147,0.179604,1.357807,3.108499,0.755296,0.242978,0.058445,0.135116,0.102195,0.018818,0.891304,51.184783,110,71
195247,LA,Bossier,015,2025-06-23,0,,,,,,,,,,,,,,10,7
235197,MI,Hillsdale,059,2025-09-29,0,,,,,,,,,,,,,,31,24
235361,MI,Berrien,021,2025-08-18,0,,,,,,,,,,,,,,68,59
235361,MI,Berrien,021,2025-12-08,0,,,,,,,,,,,,,,68,60
235407,MI,Kalkaska,079,2025-04-28,0,,,,,,,,,,,,,,111,88
235407,MI,Kalkaska,079,2025-09-15,0,,,,,,,,,,,,,,114,88
235407,MI,Kalkaska,079,2025-12-29,0,,,,,,,,,,,,,,114,90
235456,MI,Huron,063,2026-03-09,0,,,,,,,,,,,,,,114,94
235615,MI,Livingston,093,2025-11-10,0,,,,,,,,,,,,,,100,83
235615,MI,Livingston,093,2026-02-09,0,,,,,,,,,,,,,,100,87
245489,MN,Becker,005,2026-01-26,0,,,,,,,,,,,,,,96,77
245624,MN,Hennepin,053,2025-08-11,0,,,,,,,,,,,,,,136,106
245631,MN,Rock,133,2026-01-12,0,,,,,,,,,,,,,,96,77
355093,ND,Bottineau,009,2025-05-12,1,2025-03-24,49,0.171193,0.681437,3.315404,0.628214,0.189483,0.141556,0.323129,0.211362,-0.123484,0.554348,48.619565,30,23
355093,ND,Bottineau,009,2025-07-14,1,2025-03-24,112,0.171193,0.681437,3.315404,0.628214,0.189483,0.141556,0.323129,0.211362,-0.123484,0.554348,48.619565,31,21
395224,PA,Lancaster,071,2025-09-22,1,2025-03-31,175,0.173104,0.0,3.21658,0.595526,0.185143,0.02883,0.075854,0.05529,-0.026221,0.902174,89.521739,149,66
395556,PA,Schuylkill,107,2026-01-05,1,2025-07-14,175,0.214057,0.562789,3.160961,0.48145,0.152311,0.235634,0.182966,0.122069,0.033161,0.76087,98.619565,143,71
395692,PA,Washington,125,2025-08-25,1,2025-08-18,7,0.1711,0.0,3.539379,0.450156,0.127185,0.138895,0.105593,0.084024,-0.077398,0.366667,110.288889,117,51
395749,PA,Philadelphia,101,2025-05-12,0,,,,,,,,,,,,,,9,9
435039,SD,Minnehaha,099,2025-07-07,0,,,,,,,,,,,,,,6,6
435039,SD,Minnehaha,099,2026-02-02,0,,,,,,,,,,,,,,6,6
455592,TX,Tarrant,439,2025-05-05,1,2025-03-24,42,0.199641,0.681437,2.817229,0.381053,0.135258,0.0,0.129516,0.077041,-0.049586,1.0,186.576087,3,0
455994,TX,Dallas,113,2026-02-09,1,2025-08-18,175,0.173773,0.0,3.304738,0.27012,0.081737,0.0,0.138877,0.089023,0.058494,0.711111,76.011111,313,107
505085,WA,Yakima,077,2025-12-01,0,,,,,,,,,,,,,,64,60
505085,WA,Yakima,077,2026-03-09,0,,,,,,,,,,,,,,63,60
535026,WY,Sheridan,033,2025-10-20,0,,,,,,,,,,,,,,5,3
555698,CA,El Dorado,017,2025-04-28,0,,,,,,,,,,,,,,175,167
555698,CA,El Dorado,017,2026-02-02,0,,,,,,,,,,,,,,176,167
675444,TX,Bowie,037,2025-09-22,1,2025-03-31,175,0.168884,1.345304,3.312379,0.317272,0.095784,0.016401,0.13185,0.093531,-0.036315,0.652174,86.728261,351,91
675444,TX,Bowie,037,2026-02-23,1,2025-09-01,175,0.180692,1.048063,3.193433,0.212827,0.066645,0.046293,0.159291,0.117664,-0.046659,0.744444,91.566667,349,121
676101,TX,Tarrant,439,2025-08-11,1,2025-03-24,140,0.180249,1.360335,3.119844,0.352291,0.112919,0.002336,0.179114,0.105456,0.004218,0.891304,95.456522,351,101
676207,TX,Brazoria,039,2025-06-02,0,,,,,,,,,,,,,,13,5
676207,TX,Brazoria,039,2025-10-20,1,2025-08-18,63,0.169262,2.142229,3.404409,0.545576,0.160256,0.009673,0.123162,0.091041,0.012646,0.5,159.011111,12,5
085001,DE,New Castle,003,2025-12-08,0,,,,,,,,,,,,,,11,9
145624,IL,Clay,025,2025-04-14,1,2025-03-24,21,0.194947,1.378302,2.569864,0.714641,0.278085,0.0,0.115171,0.160587,0.00597,0.967391,49.673913,104,65
145624,IL,Clay,025,2025-06-30,1,2025-03-24,98,0.194947,1.378302,2.569864,0.714641,0.278085,0.0,0.115171,0.160587,0.00597,0.967391,49.673913,107,61
145624,IL,Clay,025,2026-01-12,1,2025-07-21,175,0.19157,2.251156,3.002734,0.734911,0.244747,0.0,0.186981,0.119404,0.218934,0.902174,53.717391,108,61
225584,MA,Middlesex,017,2025-04-28,1,2025-03-24,35,0.178507,1.378302,3.248209,0.867256,0.266995,0.111736,0.086839,0.067033,-0.018235,0.847826,74.815217,53,33
235103,MI,Kent,081,2026-03-16,0,,,,,,,,,,,,,,61,50
235270,MI,Van Buren,159,2025-06-16,0,,,,,,,,,,,,,,99,78
235292,MI,Chippewa,033,2025-06-16,0,,,,,,,,,,,,,,99,78
235292,MI,Chippewa,033,2026-02-02,0,,,,,,,,,,,,,,100,83
235292,MI,Chippewa,033,2026-02-09,0,,,,,,,,,,,,,,100,87
245473,MN,Sibley,143,2025-12-01,1,2025-06-09,175,0.190862,1.20148,3.75062,1.197579,0.319302,0.369947,0.187253,0.134249,0.058093,0.336957,33.98913,137,114
275020,MT,Yellowstone,111,2025-11-17,1,2025-05-26,175,0.213856,1.850929,3.230309,0.474759,0.14697,0.212801,0.107397,0.098745,0.130814,0.804348,80.880435,6,2
395203,PA,Delaware,045,2025-05-05,1,2025-03-24,42,0.186148,1.375706,3.653833,0.274796,0.075208,0.154318,0.150701,0.095894,0.124023,0.293478,142.358696,59,15
395751,PA,Beaver,007,2025-05-12,1,2025-03-24,49,0.183273,1.391429,3.421946,0.879254,0.256946,0.129019,0.19896,0.131503,0.114958,0.48913,95.413043,148,71
395751,PA,Beaver,007,2026-01-26,0,,,,,,,,,,,,,,144,71
395751,PA,Beaver,007,2026-02-09,0,,,,,,,,,,,,,,143,75
525262,WI,Jefferson,055,2025-04-14,1,2025-03-24,21,0.218022,2.782857,3.166828,0.460377,0.145375,0.366892,0.140468,0.107205,-0.134296,0.869565,55.956522,78,59
525262,WI,Jefferson,055,2025-07-21,1,2025-03-24,119,0.218022,2.782857,3.166828,0.460377,0.145375,0.366892,0.140468,0.107205,-0.134296,0.869565,55.956522,80,59
675756,TX,Dallas,113,2025-06-16,1,2025-03-24,84,0.21461,1.380907,2.857339,0.155129,0.054291,0.0,0.139478,0.082191,0.078953,1.0,194.771739,3,0
675756,TX,Dallas,113,2026-02-09,1,2025-08-18,175,0.224067,1.620932,2.482973,0.171268,0.068977,0.0,0.145509,0.093769,-0.086593,1.0,200.644444,3,1
675756,TX,Dallas,113,2026-03-02,1,2025-09-08,175,0.224067,1.572095,2.482973,0.171268,0.068977,0.0,0.145509,0.093769,-0.086593,1.0,200.644444,3,1
675756,TX,Dallas,113,2026-03-23,0,,,,,,,,,,,,,,0,0
675799,TX,Washington,477,2026-02-16,1,2025-08-25,175,0.193945,0.534773,2.843481,0.319098,0.112221,0.0,0.134859,0.08858,-0.047413,1.0,117.866667,155,40
676077,TX,Stonewall,433,2025-06-16,1,2025-03-24,84,0.173205,0.0,3.071012,0.310743,0.101186,0.023385,0.201378,0.114495,-0.126808,0.934783,51.336957,315,88
676109,TX,Jefferson,245,2025-10-06,0,,,,,,,,,,,,,,245,102
035299,AZ,Maricopa,013,2026-01-19,0,,,,,,,,,,,,,,33,28
145760,IL,Crawford,033,2025-09-01,0,,,,,,,,,,,,,,142,54
145760,IL,Crawford,033,2025-09-15,0,,,,,,,,,,,,,,142,54
145936,IL,Lake,097,2026-01-12,1,2025-07-21,175,0.180275,0.569813,3.007877,0.663951,0.220738,0.0,0.089478,0.091526,0.008615,0.956522,89.815217,141,42
146029,IL,Cook,031,2025-08-18,0,,,,,,,,,,,,,,142,40
165034,IA,Black Hawk,013,2025-10-27,0,,,,,,,,,,,,,,28,16
165303,IA,Buchanan,019,2025-11-03,1,2025-05-12,175,0.17214,0.639667,3.220401,0.548927,0.170453,0.012836,0.193668,0.119752,0.036283,0.76087,53.706522,110,71
205122,ME,Waldo,027,2025-12-29,0,,,,,,,,,,,,,,21,20
235224,MI,Lenawee,091,2025-06-23,0,,,,,,,,,,,,,,61,49
235358,MI,Mason,105,2025-04-14,0,,,,,,,,,,,,,,111,88
235358,MI,Mason,105,2025-08-25,0,,,,,,,,,,,,,,114,88
235358,MI,Mason,105,2026-03-09,0,,,,,,,,,,,,,,114,94
235487,MI,Oakland,125,2025-10-20,0,,,,,,,,,,,,,,100,79
245039,MN,Beltrami,007,2025-06-30,0,,,,,,,,,,,,,,92,75
245039,MN,Beltrami,007,2025-12-08,0,,,,,,,,,,,,,,96,77
265825,MO,Lincoln,113,2025-04-14,1,2025-03-24,21,0.186178,0.0,2.934154,0.396673,0.135192,0.0,0.193635,0.118284,0.01378,0.956522,53.804348,169,74
265825,MO,Lincoln,113,2025-07-28,1,2025-03-24,126,0.186178,0.0,2.934154,0.396673,0.135192,0.0,0.193635,0.118284,0.01378,0.956522,53.804348,171,70
305093,NH,Sullivan,019,2025-06-02,0,,,,,,,,,,,,,,2,0
395330,PA,Montgomery,091,2026-01-19,1,2025-07-28,175,0.203191,2.268634,3.615669,0.362976,0.10039,0.310063,0.098186,0.068841,-0.014184,0.282609,171.663043,37,8
395330,PA,Montgomery,091,2026-03-09,1,2025-09-15,175,0.213138,2.108225,3.442483,0.33772,0.098104,0.325404,0.067212,0.073329,-0.068692,0.5,177.177778,37,9
395845,PA,Butler,019,2025-03-31,0,,,,,,,,,,,,,,112,50
455489,TX,Mc Lennan,309,2025-07-07,1,2025-03-24,105,0.187367,0.697042,3.190365,0.183233,0.057433,0.017696,0.124722,0.09682,0.097491,0.858696,75.413043,351,101
505254,WA,Thurston,067,2025-12-29,0,,,,,,,,,,,,,,63,59
515061,WV,Fayette,019,2025-05-12,1,2025-03-24,49,0.177967,0.0,3.064418,0.543968,0.177511,0.0,0.202342,0.113747,-0.031918,0.891304,115.195652,26,8
675878,TX,Van Zandt,467,2025-10-27,0,,,,,,,,,,,,,,318,85
675891,TX,Wise,497,2025-10-27,1,2025-05-05,175,0.216601,0.0,3.234218,0.20012,0.061876,0.249168,0.167622,0.097386,0.026978,0.76087,98.445652,351,91
675891,TX,Wise,497,2025-12-29,1,2025-07-07,175,0.228724,0.0,3.180782,0.170332,0.05355,0.302939,0.132722,0.08514,0.003722,0.869565,103.076087,350,101
676079,TX,Bailey,017,2026-02-02,1,2025-08-11,175,0.204552,0.0,3.250632,0.651654,0.20047,0.284951,0.17299,0.123124,-0.005788,0.706522,31.282609,241,107
045140,AR,White,145,2026-03-23,0,,,,,,,,,,,,,,0,0
055526,CA,Los Angeles,037,2025-08-18,0,,,,,,,,,,,,,,336,317
055526,CA,Los Angeles,037,2026-01-12,0,,,,,,,,,,,,,,334,321
125065,HI,Hawaii,001,2026-02-23,1,2025-09-01,175,0.184276,0.0,3.534395,0.78626,0.22246,0.257648,0.112723,0.100817,-0.066989,0.477778,92.311111,12,12
145221,IL,Will,197,2025-08-25,1,2025-03-24,154,0.19843,0.0,2.782492,0.446153,0.160343,0.021771,0.239455,0.134574,-0.069936,0.978261,160.326087,32,6
145221,IL,Will,197,2026-02-09,1,2025-08-18,175,0.197326,0.551737,2.924998,0.478822,0.1637,0.022154,0.244505,0.131775,0.021478,0.977778,157.922222,32,7
145445,IL,Monroe,133,2025-07-21,1,2025-03-24,119,0.174272,0.710603,3.994295,0.794261,0.198849,0.298013,0.146326,0.090563,-0.003366,0.076087,130.98913,50,10
146076,IL,De Witt,039,2026-01-12,0,,,,,,,,,,,,,,141,41
146076,IL,De Witt,039,2026-02-16,0,,,,,,,,,,,,,,140,44
155181,IN,Hamilton,057,2025-09-22,1,2025-03-31,175,0.180171,0.0,3.322093,0.545677,0.164257,0.077756,0.177613,0.095199,-0.003983,0.586957,141.880435,19,7
155181,IN,Hamilton,057,2025-11-10,1,2025-05-19,175,0.1898,0.0,3.470208,0.610003,0.175783,0.178591,0.147534,0.08881,0.043465,0.402174,138.271739,19,7
155556,IN,Tipton,159,2026-03-23,0,,,,,,,,,,,,,,0,0
155637,IN,Lake,089,2025-07-21,1,2025-05-19,63,0.174169,0.0,3.143351,0.371034,0.118038,0.0,0.08928,0.069335,-0.070181,0.967391,103.043478,112,72
165301,IA,Clayton,043,2025-12-01,1,2025-06-09,175,0.17533,0.0,3.484419,0.985651,0.282874,0.172222,0.19029,0.162812,0.054553,0.532609,24.619565,192,131
235410,MI,Alger,003,2026-01-05,0,,,,,,,,,,,,,,100,83
235441,MI,Kent,081,2026-01-05,1,2025-07-14,175,0.169728,0.580684,3.369848,0.467236,0.138652,0.0,0.122721,0.07744,0.084064,0.652174,77.391304,100,84
235611,MI,Leelanau,089,2025-09-01,0,,,,,,,,,,,,,,8,8
245276,MN,Ramsey,123,2025-07-07,1,2025-03-24,105,0.174256,0.0,3.926502,0.999821,0.254634,0.310112,0.103683,0.080219,-0.022188,0.097826,95.358696,41,29
245425,MN,Freeborn,047,2025-12-22,1,2025-06-30,175,0.195411,1.19168,3.490646,0.568959,0.162995,0.330478,0.121186,0.122243,-0.069399,0.467391,40.076087,135,112
395916,PA,Northampton,095,2026-02-16,0,,,,,,,,,,,,,,77,66
396076,PA,Philadelphia,101,2025-11-03,0,,,,,,,,,,,,,,39,8
396076,PA,Philadelphia,101,2025-12-08,0,,,,,,,,,,,,,,39,9
415044,RI,Providence,007,2025-08-04,1,2025-03-24,133,0.169543,1.42955,3.614504,0.48903,0.135296,0.126695,0.200019,0.124566,-0.008103,0.358696,109.206522,17,8
415044,RI,Providence,007,2025-12-15,0,,,,,,,,,,,,,,17,10
435060,SD,Pennington,103,2025-08-11,1,2025-03-24,140,0.188729,0.709223,3.163402,0.611768,0.193389,0.106703,0.184121,0.112264,0.028301,0.826087,73.652174,25,17
435060,SD,Pennington,103,2026-03-16,1,2025-09-22,175,0.186167,1.048063,3.058236,0.637393,0.208418,0.083201,0.186605,0.119865,-0.018579,0.877778,71.166667,23,15
675915,TX,Williamson,491,2025-07-07,1,2025-03-24,105,0.181133,2.12767,3.043914,0.267312,0.087818,0.0,0.160561,0.105164,-0.040419,0.913043,80.543478,351,101
675915,TX,Williamson,491,2025-10-06,1,2025-04-14,175,0.181133,2.04431,3.043914,0.267312,0.087818,0.0,0.160561,0.105164,-0.040419,0.913043,80.543478,351,91
675915,TX,Williamson,491,2026-01-05,1,2025-07-14,175,0.188934,2.330144,2.834879,0.319336,0.112645,0.0,0.132414,0.108389,-0.086416,0.967391,90.043478,350,101
676036,TX,Denton,121,2025-03-31,1,2025-03-24,7,0.182344,0.0,3.135043,0.500678,0.159704,0.007574,0.185981,0.112831,0.079637,0.869565,84.228261,348,109
085032,DE,Kent,001,2025-10-06,0,,,,,,,,,,,,,,5,5
155077,IN,Marion,097,2025-06-02,0,,,,,,,,,,,,,,55,35
155077,IN,Marion,097,2026-03-23,0,,,,,,,,,,,,,,0,0
165343,IA,Sac,161,2025-09-01,0,,,,,,,,,,,,,,193,120
165424,IA,Story,169,2026-02-09,0,,,,,,,,,,,,,,9,9
165424,IA,Story,169,2026-03-02,0,,,,,,,,,,,,,,9,9
235234,MI,Wayne,163,2026-02-02,0,,,,,,,,,,,,,,114,90
235401,MI,Kent,081,2025-07-28,0,,,,,,,,,,,,,,67,59
245218,MN,Goodhue,049,2025-03-31,0,,,,,,,,,,,,,,88,72
245454,MN,Pine,115,2025-12-01,0,,,,,,,,,,,,,,137,113
245558,MN,Cottonwood,033,2026-01-26,0,,,,,,,,,,,,,,96,77
26A378,MO,Pettis,159,2025-08-25,0,,,,,,,,,,,,,,0,0
345468,NC,New Hanover,129,2026-03-16,1,2025-09-22,175,0.173846,1.058696,3.552278,0.432051,0.121626,0.130989,0.121711,0.089672,0.020049,0.388889,75.366667,160,85
395475,PA,Dauphin,043,2025-12-29,0,,,,,,,,,,,,,,143,70
396144,PA,Chester,029,2025-04-14,0,,,,,,,,,,,,,,102,80
396144,PA,Chester,029,2026-02-16,0,,,,,,,,,,,,,,107,80
505507,WA,Mason,045,2026-01-12,0,,,,,,,,,,,,,,63,59
675079,TX,Harris,201,2025-09-01,1,2025-03-24,161,0.185356,0.718996,3.038588,0.170784,0.056205,0.006172,0.17591,0.237229,-0.021556,0.75,79.967391,351,91
675177,TX,Gregg,183,2026-03-23,0,,,,,,,,,,,,,,0,0
675975,TX,Hardin,199,2025-11-17,1,2025-05-26,175,0.178224,0.637435,3.210855,0.252296,0.078576,0.0016,0.150278,0.11663,0.047696,0.73913,71.956522,316,95
675975,TX,Hardin,199,2026-03-23,0,,,,,,,,,,,,,,0,0
676439,TX,Trinity,455,2025-11-10,1,2025-05-19,175,0.181853,0.65107,2.941651,0.196088,0.066659,0.0,0.209977,0.139129,-0.094192,0.902174,56.956522,316,95
676439,TX,Trinity,455,2026-03-02,0,,,,,,,,,,,,,,314,107
056125,CA,Los Angeles,037,2026-01-26,0,,,,,,,,,,,,,,334,321
165287,IA,Cedar,031,2025-12-01,1,2025-06-09,175,0.169493,1.892487,3.301095,0.580199,0.175759,0.017688,0.234192,0.166963,0.059866,0.554348,52.48913,110,77
165511,IA,Linn,113,2025-10-13,0,,,,,,,,,,,,,,193,120
235335,MI,Gladwin,051,2025-04-14,0,,,,,,,,,,,,,,64,57
235359,MI,Jackson,075,2025-08-18,0,,,,,,,,,,,,,,114,88
235600,MI,Genesee,049,2025-07-07,0,,,,,,,,,,,,,,61,49
235600,MI,Genesee,049,2025-08-11,0,,,,,,,,,,,,,,61,49
235600,MI,Genesee,049,2026-03-02,0,,,,,,,,,,,,,,61,50
245083,MN,Hennepin,053,2025-11-17,1,2025-05-26,175,0.178571,0.647606,3.143165,0.624228,0.198598,0.067795,0.148892,0.121483,-0.016022,0.858696,47.48913,137,114
265258,MO,Iron,093,2025-10-20,1,2025-04-28,175,0.236885,2.725746,2.526311,0.264969,0.104884,0.065756,0.175547,0.119772,0.122717,1.0,86.880435,92,24
275044,MT,Lewis And Clark,049,2026-03-23,0,,,,,,,,,,,,,,0,0
366487,OH,Summit,153,2025-10-06,0,,,,,,,,,,,,,,254,130
415096,RI,Providence,007,2025-11-03,0,,,,,,,,,,,,,,7,4
435046,SD,Minnehaha,099,2026-02-02,0,,,,,,,,,,,,,,6,6
435046,SD,Minnehaha,099,2026-03-16,0,,,,,,,,,,,,,,6,6
455533,TX,Bexar,029,2025-07-28,1,2025-03-24,126,0.203681,1.452286,2.83885,0.279767,0.098549,0.0,0.054287,0.066834,0.082562,1.0,86.76087,351,101
505059,WA,Thurston,067,2025-05-12,0,,,,,,,,,,,,,,18,15
505059,WA,Thurston,067,2026-01-26,0,,,,,,,,,,,,,,18,17
525419,WI,Chippewa,017,2026-03-23,0,,,,,,,,,,,,,,0,0
676051,TX,Panola,365,2025-11-03,1,2025-05-19,168,0.170656,0.660488,3.233498,0.358347,0.110823,0.0,0.127567,0.090059,-0.016955,0.804348,72.021739,318,86
676436,TX,Brazoria,039,2025-09-29,0,,,,,,,,,,,,,,245,102
676436,TX,Brazoria,039,2025-10-20,0,,,,,,,,,,,,,,245,102
676436,TX,Brazoria,039,2025-11-24,0,,,,,,,,,,,,,,242,107
055473,CA,Los Angeles,037,2025-05-26,0,,,,,,,,,,,,,,120,114
055935,CA,Stanislaus,099,2025-03-31,0,,,,,,,,,,,,,,175,167
056031,CA,Los Angeles,037,2025-05-05,0,,,,,,,,,,,,,,119,113
056430,CA,Marin,041,2026-01-05,0,,,,,,,,,,,,,,249,241
065152,CO,El Paso,041,2025-08-11,1,2025-03-24,140,0.196819,0.425699,2.965907,0.79727,0.268812,0.182,0.171844,0.123331,-0.077706,0.902174,60.608696,61,29
075356,CT,Western Ct,190,2025-12-08,0,,,,,,,,,,,,,,35,27
105706,FL,Orange,095,2026-03-02,0,,,,,,,,,,,,,,278,225
115463,GA,Henry,151,2025-06-23,1,2025-03-24,91,0.188854,0.330543,3.116665,0.33643,0.107946,0.012652,0.145565,0.094654,0.034637,0.923913,143.619565,26,11
115463,GA,Henry,151,2026-01-19,1,2025-07-28,175,0.185419,0.59342,3.167868,0.334028,0.105442,0.0,0.138177,0.084005,0.049129,0.902174,144.782609,27,11
145606,IL,Du Page,043,2025-06-02,0,,,,,,,,,,,,,,140,58
145694,IL,Will,197,2025-06-23,1,2025-03-24,91,0.193448,2.359496,3.366897,0.911962,0.270861,0.191215,0.100495,0.096211,0.085295,0.652174,95.23913,142,45
146058,IL,Cook,031,2026-02-23,1,2025-09-01,175,0.178695,0.558486,2.811407,0.853362,0.303535,0.001767,0.086639,0.097918,-0.035492,0.977778,53.611111,138,63
155076,IN,Marion,097,2025-10-06,0,,,,,,,,,,,,,,174,124
155833,IN,Hamilton,057,2025-12-01,0,,,,,,,,,,,,,,174,129
195150,LA,East Feliciana,037,2025-11-10,0,,,,,,,,,,,,,,8,3
235155,MI,Macomb,099,2025-11-10,0,,,,,,,,,,,,,,3,2
235668,MI,Livingston,093,2026-01-12,0,,,,,,,,,,,,,,114,90
235727,MI,Kent,081,2025-08-11,0,,,,,,,,,,,,,,99,78
255243,MS,Walthall,147,2026-01-26,0,,,,,,,,,,,,,,24,20
265566,MO,Benton,015,2025-10-27,1,2025-05-05,175,0.181609,0.494919,3.057872,0.333365,0.109018,0.0,0.226426,0.13056,-0.003577,0.902174,82.445652,92,24
315289,NJ,Camden,007,2025-10-20,0,,,,,,,,,,,,,,70,29
335427,NY,Madison,053,2025-04-21,0,,,,,,,,,,,,,,53,23
335832,NY,Westchester,119,2025-03-31,0,,,,,,,,,,,,,,26,3
335832,NY,Westchester,119,2026-03-09,0,,,,,,,,,,,,,,25,2
335832,NY,Westchester,119,2026-03-23,0,,,,,,,,,,,,,,0,0
365673,OH,Franklin,049,2025-05-12,1,2025-03-24,49,0.169128,0.198721,3.205253,0.387292,0.120831,0.0,0.073945,0.095528,-0.057172,0.793478,72.380435,317,202
375371,OK,Le Flore,079,2026-03-09,0,,,,,,,,,,,,,,94,76
375530,OK,Custer,039,2025-05-05,0,,,,,,,,,,,,,,92,68
395011,PA,Allegheny,003,2025-05-26,1,2025-03-24,63,0.174567,0.648757,3.403035,0.485236,0.142589,0.093505,0.11864,0.132943,-0.011241,0.543478,86.630435,148,66
395160,PA,Butler,019,2025-11-10,0,,,,,,,,,,,,,,108,79
395160,PA,Butler,019,2026-03-09,0,,,,,,,,,,,,,,107,80
395223,PA,Cumberland,041,2026-02-09,1,2025-08-18,175,0.186985,0.48506,3.359123,0.569107,0.169421,0.071891,0.053351,0.080496,0.075018,0.611111,176.944444,19,4
395435,PA,Westmoreland,129,2025-05-05,1,2025-03-24,42,0.201084,0.0,3.917528,0.674723,0.172232,0.365493,0.152997,0.083489,0.041657,0.195652,230.5,5,2
395435,PA,Westmoreland,129,2025-05-26,1,2025-03-24,63,0.201084,0.0,3.917528,0.674723,0.172232,0.365493,0.152997,0.083489,0.041657,0.195652,230.5,5,2
395506,PA,Lebanon,075,2025-06-30,1,2025-03-24,98,0.170417,0.0,3.723171,0.789085,0.211939,0.156863,0.113176,0.11586,0.126744,0.282609,36.815217,75,64
395713,PA,Allegheny,003,2025-05-05,1,2025-03-24,42,0.179355,0.0,3.325301,0.686399,0.206417,0.133073,0.170941,0.101456,-0.116423,0.565217,164.217391,39,9
395713,PA,Allegheny,003,2025-05-19,1,2025-03-24,56,0.179355,0.0,3.325301,0.686399,0.206417,0.133073,0.170941,0.101456,-0.116423,0.565217,164.217391,39,9
395713,PA,Allegheny,003,2025-10-13,1,2025-04-21,175,0.179355,0.0,3.325301,0.686399,0.206417,0.133073,0.170941,0.101456,-0.116423,0.565217,164.217391,38,8
395851,PA,Westmoreland,129,2025-04-21,0,,,,,,,,,,,,,,112,50
435104,SD,Pennington,103,2025-06-09,0,,,,,,,,,,,,,,48,25
455618,TX,Comal,091,2025-05-19,0,,,,,,,,,,,,,,351,100
505530,WA,Walla Walla,071,2026-02-23,0,,,,,,,,,,,,,,54,52
525315,WI,Waupaca,135,2025-04-14,0,,,,,,,,,,,,,,146,127
525408,WI,Douglas,031,2026-02-02,1,2025-08-11,175,0.183775,0.0,3.510384,0.676117,0.192605,0.216137,0.131264,0.10579,0.028211,0.434783,44.706522,150,123
525678,WI,Oneida,085,2025-04-21,0,,,,,,,,,,,,,,147,128
525678,WI,Oneida,085,2025-09-01,1,2025-08-18,14,0.193599,0.916562,2.965878,0.684063,0.230644,0.183109,0.171689,0.140587,-0.13798,0.855556,49.522222,151,121
525678,WI,Oneida,085,2026-01-26,1,2025-08-18,161,0.193599,0.916562,2.965878,0.684063,0.230644,0.183109,0.171689,0.140587,-0.13798,0.855556,49.522222,150,123
535045,WY,Park,029,2025-12-01,0,,,,,,,,,,,,,,12,9
555726,CA,Los Angeles,037,2025-06-30,0,,,,,,,,,,,,,,248,239
675078,TX,Harris,201,2025-06-16,1,2025-03-24,84,0.251529,1.714789,2.073171,0.251454,0.12129,0.0,0.130182,0.143182,0.107488,1.0,69.75,315,88
675078,TX,Harris,201,2026-03-02,1,2025-09-08,175,0.242121,1.790441,2.053213,0.442373,0.215454,0.0,0.12097,0.195677,0.118165,1.0,65.633333,313,107
675106,TX,El Paso,141,2025-04-07,0,,,,,,,,,,,,,,310,99
675557,TX,Brazoria,039,2025-04-07,1,2025-03-24,14,0.190066,1.453249,3.133901,0.422321,0.134759,0.0,0.207359,0.124353,0.155397,0.793478,106.021739,150,33
675949,TX,Bowie,037,2025-08-11,0,,,,,,,,,,,,,,315,87
676165,TX,Harris,201,2025-06-09,1,2025-03-24,77,0.191109,0.0,2.974761,0.306982,0.103196,0.000585,0.098675,0.078141,0.010345,0.978261,109.282609,154,31
676252,TX,Harris,201,2025-10-27,0,,,,,,,,,,,,,,351,90
676334,TX,Fort Bend,157,2026-03-09,0,,,,,,,,,,,,,,241,117
676426,TX,Tarrant,439,2025-09-08,1,2025-03-24,168,0.182522,1.478745,3.413984,0.521307,0.152698,0.077079,0.156097,0.109106,0.12336,0.521739,106.25,155,28
676426,TX,Tarrant,439,2026-03-23,0,,,,,,,,,,,,,,0,0
676482,TX,Harris,201,2026-03-02,1,2025-09-08,175,0.177944,0.551737,3.191082,0.461253,0.144544,0.000126,0.119182,0.08397,0.029832,0.877778,110.888889,155,40
146170,IL,Kane,089,2025-12-08,0,,,,,,,,,,,,,,140,59
165606,IA,Dallas,049,2025-10-06,0,,,,,,,,,,,,,,110,70
225538,MA,Barnstable,001,2025-03-31,0,,,,,,,,,,,,,,67,42
505309,WA,Island,029,2025-06-09,0,,,,,,,,,,,,,,53,49
035059,AZ,Maricopa,013,2026-01-05,0,,,,,,,,,,,,,,33,28
115654,GA,Ben Hill,017,2025-10-27,0,,,,,,,,,,,,,,94,45
145998,IL,Cook,031,2025-12-01,0,,,,,,,,,,,,,,0,0
146057,IL,Warren,187,2025-06-16,1,2025-03-24,84,0.187078,1.518711,2.657538,0.543902,0.204664,0.0,0.153202,0.144926,-0.098792,0.978261,43.76087,107,61
146057,IL,Warren,187,2025-09-08,1,2025-03-24,168,0.187078,1.518711,2.657538,0.543902,0.204664,0.0,0.153202,0.144926,-0.098792,0.978261,43.76087,108,58
146057,IL,Warren,187,2026-01-26,1,2025-08-04,175,0.171541,1.784609,3.214988,0.730776,0.227303,0.0,0.2218,0.21745,0.105969,0.630435,40.48913,108,61
165190,IA,Kossuth,109,2025-10-20,1,2025-04-28,175,0.174251,0.714775,3.221494,0.560368,0.173947,0.0737,0.199933,0.127158,-0.051459,0.717391,58.119565,110,71
225486,MA,Suffolk,025,2025-04-28,0,,,,,,,,,,,,,,94,61
235592,MI,Bay,017,2025-05-19,0,,,,,,,,,,,,,,67,59
235594,MI,Berrien,021,2025-11-17,0,,,,,,,,,,,,,,114,90
235594,MI,Berrien,021,2026-02-09,0,,,,,,,,,,,,,,114,94
235612,MI,Dickinson,043,2025-12-08,0,,,,,,,,,,,,,,68,60
235724,MI,Marquette,103,2025-12-08,0,,,,,,,,,,,,,,100,83
245228,MN,Lyon,083,2025-09-22,0,,,,,,,,,,,,,,96,75
245228,MN,Lyon,083,2026-03-23,0,,,,,,,,,,,,,,0,0
245255,MN,Ramsey,123,2025-05-12,0,,,,,,,,,,,,,,41,29
345113,NC,Wayne,191,2026-02-09,1,2025-08-18,175,0.188685,0.0,3.856385,0.67271,0.174441,0.296349,0.11941,0.069363,0.05344,0.111111,159.544444,3,1
345116,NC,Guilford,081,2025-06-09,1,2025-03-24,77,0.193807,2.301996,3.212271,0.20655,0.0643,0.144879,0.130004,0.100478,-0.082721,0.771739,114.76087,69,28
345116,NC,Guilford,081,2025-10-20,1,2025-04-28,175,0.193807,2.144325,3.212271,0.20655,0.0643,0.144879,0.130004,0.100478,-0.082721,0.771739,114.76087,72,27
395783,PA,Washington,125,2025-12-08,1,2025-06-16,175,0.19304,0.0,3.524662,1.060592,0.300906,0.230817,0.164004,0.129489,0.131599,0.467391,95.336957,117,54
395948,PA,Allegheny,003,2025-05-05,0,,,,,,,,,,,,,,72,62
455684,TX,Gregg,183,2025-05-12,1,2025-03-24,49,0.170123,1.518711,3.28541,0.327786,0.09977,0.0,0.10973,0.084378,-0.047174,0.728261,122.347826,150,33
525575,WI,Manitowoc,071,2025-04-14,0,,,,,,,,,,,,,,146,127
525602,WI,St. Croix,109,2026-03-02,0,,,,,,,,,,,,,,16,13
676141,TX,Tarrant,439,2025-08-25,1,2025-03-24,154,0.204052,1.518711,2.649885,0.286483,0.108111,0.0,0.501659,0.269034,-0.029233,1.0,111.369565,155,28
056313,CA,Los Angeles,037,2025-04-28,0,,,,,,,,,,,,,,330,316
115730,GA,Chatham,051,2025-07-28,1,2025-03-24,126,0.242936,0.0,1.74337,0.202512,0.116162,0.039123,0.086338,0.183694,-0.321625,1.0,82.630435,90,46
115730,GA,Chatham,051,2026-03-16,1,2025-09-22,175,0.281253,0.557634,2.291455,0.236163,0.103062,0.279479,0.096368,0.190995,-0.007914,1.0,78.411111,93,55
235065,MI,Oakland,125,2025-09-08,1,2025-03-24,168,0.169745,0.772199,3.13146,0.583703,0.1864,0.0,0.165528,0.106322,-0.042881,0.836957,68.565217,100,79
245449,MN,Goodhue,049,2026-03-02,0,,,,,,,,,,,,,,96,80
275127,MT,Blaine,005,2026-01-26,0,,,,,,,,,,,,,,20,12
325127,NM,Sandoval,043,2026-02-09,1,2025-08-18,175,0.20515,0.0,3.300609,0.520233,0.157617,0.245612,0.050731,0.068848,0.004427,0.744444,94.066667,19,2
345238,NC,Mecklenburg,119,2025-10-27,0,,,,,,,,,,,,,,23,11
366282,OH,Butler,017,2025-12-08,0,,,,,,,,,,,,,,318,198
395289,PA,Washington,125,2025-09-08,1,2025-03-24,168,0.216225,0.773835,1.867389,0.472301,0.25292,0.145119,0.41976,0.41128,-0.511071,0.967391,82.065217,150,65
395717,PA,Lackawanna,069,2025-05-19,0,,,,,,,,,,,,,,0,0
396116,PA,Allegheny,003,2025-04-14,0,,,,,,,,,,,,,,72,62
396116,PA,Allegheny,003,2026-01-19,0,,,,,,,,,,,,,,78,63
145948,IL,Piatt,147,2025-10-06,1,2025-04-14,175,0.175095,0.75,3.128652,0.561475,0.179462,0.0,0.061655,0.136292,0.054257,0.771739,31.456522,108,58
145948,IL,Piatt,147,2026-01-19,1,2025-07-28,175,0.203151,0.616976,2.91783,0.548462,0.187969,0.166951,0.116736,0.131474,-0.046564,0.923913,33.01087,108,61
145948,IL,Piatt,147,2026-03-09,1,2025-09-15,175,0.223791,0.569813,3.077635,0.734348,0.238608,0.332266,0.132415,0.140342,0.025395,0.822222,36.133333,106,65
155826,IN,Marion,097,2025-11-10,0,,,,,,,,,,,,,,113,73
195605,LA,Franklin,041,2026-03-16,0,,,,,,,,,,,,,,11,11
305086,NH,Hillsborough,011,2025-12-15,1,2025-08-18,119,0.171309,0.0,3.244028,0.457703,0.141091,0.036627,0.111941,0.074446,-0.071687,0.866667,89.211111,12,4
315280,NJ,Camden,007,2025-10-20,1,2025-04-28,175,0.178226,0.0,3.577431,0.758387,0.211992,0.197292,0.16743,0.122241,-0.039487,0.445652,127.630435,50,16
315280,NJ,Camden,007,2026-02-02,1,2025-08-11,175,0.170709,0.0,3.799092,0.78853,0.207558,0.202304,0.209364,0.132732,0.005417,0.293478,126.847826,50,18
555022,CA,Plumas,063,2025-10-06,0,,,,,,,,,,,,,,36,34
055670,CA,Los Angeles,037,2025-03-31,0,,,,,,,,,,,,,,244,237
065327,CO,Denver,031,2025-04-21,1,2025-03-24,28,0.280571,3.169197,2.567514,0.706153,0.275034,0.0,0.262683,0.151157,0.865995,1.0,123.663043,17,9
146066,IL,Winnebago,201,2025-12-01,0,,,,,,,,,,,,,,108,60
146066,IL,Winnebago,201,2026-01-05,0,,,,,,,,,,,,,,108,60
155073,IN,Marshall,099,2026-02-09,0,,,,,,,,,,,,,,173,138
155718,IN,Madison,095,2026-03-02,0,,,,,,,,,,,,,,173,138
195390,LA,Rapides,079,2025-08-25,0,,,,,,,,,,,,,,80,50
245596,MN,Nobles,105,2026-02-16,1,2025-08-25,175,0.180644,2.383361,3.558105,1.116641,0.31383,0.300679,0.12142,0.075387,-0.09277,0.333333,57.333333,133,114
366479,OH,Summit,153,2025-10-27,0,,,,,,,,,,,,,,319,179
395208,PA,Westmoreland,129,2025-06-02,0,,,,,,,,,,,,,,103,77
395413,PA,Philadelphia,101,2025-04-28,0,,,,,,,,,,,,,,112,50
676055,TX,Newton,351,2025-10-20,0,,,,,,,,,,,,,,318,85
676055,TX,Newton,351,2025-12-08,0,,,,,,,,,,,,,,316,94
335092,NY,New York,061,2025-08-18,0,,,,,,,,,,,,,,50,24
395698,PA,Allegheny,003,2026-01-12,0,,,,,,,,,,,,,,78,63
145602,IL,Lake,097,2026-02-23,0,,,,,,,,,,,,,,140,44
145602,IL,Lake,097,2026-03-09,0,,,,,,,,,,,,,,140,44
155551,IN,Wabash,169,2025-06-02,1,2025-03-24,70,0.16962,0.0,3.342014,0.401987,0.120283,0.015858,0.151794,0.090221,0.003723,0.684783,95.206522,112,72
165049,IA,Scott,163,2025-09-29,0,,,,,,,,,,,,,,110,70
165300,IA,Black Hawk,013,2025-11-17,0,,,,,,,,,,,,,,192,130
165545,IA,Johnson,103,2025-09-15,0,,,,,,,,,,,,,,28,16
225510,MA,Essex,009,2026-01-19,1,2025-07-28,175,0.171727,0.0,3.587113,0.388499,0.108304,0.093065,0.152164,0.086379,0.040066,0.326087,119.271739,94,66
235226,MI,Genesee,049,2026-02-23,0,,,,,,,,,,,,,,31,25
275133,MT,Glacier,035,2026-03-23,0,,,,,,,,,,,,,,0,0
355095,ND,Dickey,021,2025-10-13,0,,,,,,,,,,,,,,33,21
395363,PA,Warren,123,2026-02-23,1,2025-09-01,175,0.175427,0.0,3.558461,0.517346,0.145385,0.12275,0.06184,0.075879,0.067642,0.377778,76.0,142,75
395471,PA,Armstrong,005,2025-06-30,0,,,,,,,,,,,,,,149,66
395471,PA,Armstrong,005,2026-03-23,0,,,,,,,,,,,,,,0,0
396079,PA,Lancaster,071,2025-11-10,0,,,,,,,,,,,,,,108,79
676279,TX,Lubbock,303,2025-05-05,0,,,,,,,,,,,,,,348,108
155574,IN,St. Joseph,141,2025-10-06,0,,,,,,,,,,,,,,116,81
155719,IN,Newton,111,2025-11-10,0,,,,,,,,,,,,,,174,129
165466,IA,Pottawattamie,155,2026-01-26,0,,,,,,,,,,,,,,11,11
165589,IA,Mahaska,123,2025-09-15,1,2025-03-24,175,0.187973,0.0,3.343285,0.321964,0.096302,0.160585,0.153442,0.108925,-0.027281,0.630435,81.75,28,17
235535,MI,Ottawa,139,2025-07-07,0,,,,,,,,,,,,,,67,59
245114,MN,Mc Leod,085,2025-10-13,0,,,,,,,,,,,,,,12,11
245588,MN,Otter Tail,111,2025-04-14,0,,,,,,,,,,,,,,129,103
345537,NC,New Hanover,129,2026-03-02,0,,,,,,,,,,,,,,160,84
395872,PA,Columbia,037,2025-10-13,1,2025-04-21,175,0.202128,0.785484,2.993184,0.497268,0.166133,0.144646,0.115447,0.080864,-0.045939,0.967391,92.48913,149,66
415106,RI,Providence,007,2025-04-07,0,,,,,,,,,,,,,,3,3
415106,RI,Providence,007,2025-09-15,0,,,,,,,,,,,,,,3,3
435074,SD,Kingsbury,077,2025-10-20,0,,,,,,,,,,,,,,48,24
505401,WA,Yakima,077,2025-12-08,0,,,,,,,,,,,,,,0,0
505401,WA,Yakima,077,2026-03-23,0,,,,,,,,,,,,,,0,0
555368,CA,Los Angeles,037,2025-08-04,0,,,,,,,,,,,,,,333,316
115697,GA,De Kalb,089,2025-08-11,1,2025-03-24,140,0.196539,0.847448,3.601613,0.159061,0.044164,0.0,0.095407,0.128277,0.519553,0.369565,113.771739,47,24
155198,IN,Marion,097,2025-06-09,0,,,,,,,,,,,,,,172,126
165382,IA,Marion,125,2025-10-13,0,,,,,,,,,,,,,,110,70
395626,PA,Jefferson,065,2026-02-02,1,2025-08-11,175,0.172861,0.64418,3.658913,0.564887,0.154387,0.130949,0.130816,0.090602,0.092084,0.304348,83.98913,143,71
395802,PA,Cumberland,041,2025-07-21,0,,,,,,,,,,,,,,149,66
396021,PA,Westmoreland,129,2025-04-07,0,,,,,,,,,,,,,,102,80
396021,PA,Westmoreland,129,2025-08-04,0,,,,,,,,,,,,,,104,78
396021,PA,Westmoreland,129,2025-10-13,0,,,,,,,,,,,,,,108,77
396021,PA,Westmoreland,129,2026-03-09,0,,,,,,,,,,,,,,107,80
056157,CA,Los Angeles,037,2025-08-18,0,,,,,,,,,,,,,,250,239
155042,IN,Knox,083,2025-09-22,1,2025-03-31,175,0.172719,0.849419,3.810213,0.595806,0.156371,0.191767,0.093626,0.099925,0.084328,0.163043,80.804348,113,71
155177,IN,Tippecanoe,157,2026-01-19,0,,,,,,,,,,,,,,174,129
165152,IA,Black Hawk,013,2025-08-04,0,,,,,,,,,,,,,,192,127
165152,IA,Black Hawk,013,2026-03-23,0,,,,,,,,,,,,,,0,0
325129,NM,Lea,025,2026-01-26,1,2025-08-04,175,0.188574,0.656924,3.041258,0.310861,0.102215,0.000232,0.173475,0.115124,0.06963,0.913043,76.913043,9,3
335082,NY,Monroe,055,2025-05-05,1,2025-03-24,42,0.211886,0.861439,2.452095,0.377147,0.153806,0.0,0.300795,0.209461,-0.154103,0.98913,209.48913,26,4
335082,NY,Monroe,055,2025-12-22,1,2025-06-30,175,0.207979,1.399425,2.752379,0.425214,0.154489,0.001841,0.252172,0.184106,0.003956,0.978261,209.945652,25,3
375558,OK,Tulsa,143,2026-02-02,0,,,,,,,,,,,,,,34,24
375558,OK,Tulsa,143,2026-03-09,0,,,,,,,,,,,,,,34,26
395146,PA,Allegheny,003,2025-06-02,0,,,,,,,,,,,,,,114,49
395479,PA,Montgomery,091,2025-12-01,1,2025-06-09,175,0.179315,0.7305,3.65081,0.581941,0.159401,0.169382,0.170104,0.113347,0.01321,0.217391,172.076087,38,9
395984,PA,Lackawanna,069,2025-03-31,1,2025-03-24,7,0.210951,0.0,3.653469,0.480559,0.131535,0.354632,0.065171,0.080298,0.132679,0.293478,76.456522,148,71
395984,PA,Lackawanna,069,2025-07-28,1,2025-03-24,126,0.210951,0.0,3.653469,0.480559,0.131535,0.354632,0.065171,0.080298,0.132679,0.293478,76.456522,149,67
395984,PA,Lackawanna,069,2025-08-25,1,2025-03-24,154,0.210951,0.0,3.653469,0.480559,0.131535,0.354632,0.065171,0.080298,0.132679,0.293478,76.456522,150,65
445508,TN,Obion,131,2025-06-23,0,,,,,,,,,,,,,,33,29
085039,DE,New Castle,003,2025-05-05,0,,,,,,,,,,,,,,9,6
085039,DE,New Castle,003,2025-12-08,0,,,,,,,,,,,,,,10,8
155173,IN,Grant,053,2025-06-02,0,,,,,,,,,,,,,,172,126
155299,IN,Porter,127,2025-10-13,0,,,,,,,,,,,,,,174,124
155780,IN,Marion,097,2025-04-21,0,,,,,,,,,,,,,,171,139
165377,IA,Clinton,045,2026-01-12,1,2025-07-21,175,0.209388,0.681437,3.401965,0.514694,0.151293,0.342383,0.073271,0.127056,0.000362,0.532609,41.217391,191,130
165616,IA,Polk,153,2026-03-16,0,,,,,,,,,,,,,,28,22
195568,LA,Jackson,049,2025-09-22,0,,,,,,,,,,,,,,55,31
235249,MI,Saginaw,145,2025-07-14,0,,,,,,,,,,,,,,113,89
255341,MS,Harrison,047,2025-06-02,0,,,,,,,,,,,,,,78,71
355097,ND,Grand Forks,035,2025-07-07,1,2025-03-24,105,0.181151,0.875899,3.195759,0.784265,0.245408,0.159649,0.181277,0.251991,-0.067424,0.630435,32.956522,31,21
355097,ND,Grand Forks,035,2025-11-03,1,2025-05-12,175,0.181151,0.783798,3.195759,0.784265,0.245408,0.159649,0.181277,0.251991,-0.067424,0.630435,32.956522,33,22
365733,OH,Hamilton,061,2026-02-23,0,,,,,,,,,,,,,,252,152
395346,PA,Montgomery,091,2026-03-02,1,2025-09-08,175,0.212976,1.246587,3.504584,0.500795,0.142897,0.344753,0.108109,0.09712,0.041478,0.466667,106.633333,142,75
395625,PA,Lackawanna,069,2026-03-23,0,,,,,,,,,,,,,,0,0
525477,WI,Milwaukee,079,2026-02-16,1,2025-08-25,175,0.174891,0.0,3.103056,0.408191,0.131545,0.002766,0.067064,0.061439,-0.009598,0.955556,31.266667,150,131
065381,CO,Garfield,045,2026-01-26,0,,,,,,,,,,,,,,61,29
455617,TX,Dallas,113,2025-06-16,0,,,,,,,,,,,,,,351,100
455617,TX,Dallas,113,2025-08-11,0,,,,,,,,,,,,,,351,100
055255,CA,Riverside,065,2025-07-21,0,,,,,,,,,,,,,,333,316
055401,CA,Riverside,065,2025-12-29,0,,,,,,,,,,,,,,249,241
055551,CA,Tulare,107,2025-04-14,0,,,,,,,,,,,,,,330,316
055551,CA,Tulare,107,2026-01-12,0,,,,,,,,,,,,,,334,321
056288,CA,Kings,031,2025-03-31,0,,,,,,,,,,,,,,330,316
056426,CA,Kern,029,2025-06-30,0,,,,,,,,,,,,,,248,239
065379,CO,Broomfield,014,2025-12-08,1,2025-06-16,175,0.195641,0.324956,3.858918,0.581436,0.150673,0.350879,0.093958,0.064167,0.022663,0.086957,164.967391,3,0
145439,IL,Champaign,019,2025-09-01,1,2025-03-24,161,0.172378,1.980748,3.355157,0.47181,0.140622,0.0,0.19619,0.108861,0.017345,0.48913,175.25,20,0
145439,IL,Champaign,019,2025-11-24,1,2025-06-02,175,0.171763,1.840978,3.36302,0.505254,0.150238,0.0,0.191767,0.108943,0.016107,0.521739,177.913043,20,0
145733,IL,Jersey,083,2026-01-19,0,,,,,,,,,,,,,,50,9
146101,IL,Winnebago,201,2025-11-24,0,,,,,,,,,,,,,,108,60
155329,IN,Marion,097,2025-11-10,1,2025-05-19,175,0.16941,0.0,3.678869,0.328538,0.089304,0.103334,0.259236,0.147576,0.075423,0.326087,101.228261,113,74
155364,IN,Allen,003,2025-06-16,0,,,,,,,,,,,,,,55,35
155400,IN,Delaware,035,2025-12-08,0,,,,,,,,,,,,,,113,73
165524,IA,Pottawattamie,155,2025-05-26,0,,,,,,,,,,,,,,27,16
165524,IA,Pottawattamie,155,2025-09-29,0,,,,,,,,,,,,,,28,16
175401,KS,Wyandotte,209,2025-04-14,1,2025-03-24,21,0.190273,0.885097,3.144572,0.798458,0.253916,0.142057,0.153901,0.192088,0.054544,0.75,30.456522,154,130
175418,KS,Shawnee,177,2026-03-09,1,2025-09-15,175,0.265654,0.322659,2.265325,0.407734,0.179989,0.213413,0.102468,0.107494,0.044449,1.0,73.388889,60,51
175452,KS,Sedgwick,173,2026-01-19,1,2025-07-28,175,0.193566,0.546781,2.917824,0.363587,0.124609,0.0,0.209597,0.144695,0.078745,0.913043,63.630435,60,48
175454,KS,Sedgwick,173,2025-09-15,1,2025-03-24,175,0.204925,1.008282,3.17003,0.328937,0.103765,0.033791,0.163948,0.137412,0.342488,0.717391,43.445652,159,124
235384,MI,Gratiot,057,2025-08-11,0,,,,,,,,,,,,,,113,89
235563,MI,Monroe,115,2025-03-31,0,,,,,,,,,,,,,,111,88
245341,MN,Stearns,145,2025-04-07,0,,,,,,,,,,,,,,129,103
345184,NC,Pasquotank,139,2025-05-19,1,2025-03-24,56,0.296801,0.0,2.801673,0.409272,0.146081,0.534054,0.184732,0.127569,0.058752,0.978261,92.608696,160,79
345222,NC,Burke,023,2025-04-21,1,2025-03-24,28,0.172128,0.904084,3.688782,0.362382,0.098239,0.190533,0.131694,0.109899,-0.041801,0.326087,89.336957,160,82
345344,NC,Vance,181,2025-12-01,1,2025-06-09,175,0.177617,0.513713,3.164405,0.297385,0.093978,0.002565,0.155526,0.102666,0.007996,0.858696,75.326087,86,47
395095,PA,Delaware,045,2026-02-09,1,2025-08-18,175,0.18816,0.662886,3.856789,0.759357,0.196888,0.449655,0.098217,0.185509,-0.115015,0.266667,35.922222,77,67
395103,PA,Lackawanna,069,2026-01-19,0,,,,,,,,,,,,,,61,16
395425,PA,Philadelphia,101,2025-10-20,1,2025-04-28,175,0.192952,0.0,3.536584,0.416766,0.117844,0.198722,0.13259,0.072371,0.005732,0.293478,191.641304,19,3
425074,SC,Richland,079,2025-05-12,0,,,,,,,,,,,,,,20,12
425074,SC,Richland,079,2025-12-15,0,,,,,,,,,,,,,,21,14
445170,TN,Davidson,037,2025-10-06,0,,,,,,,,,,,,,,0,0
525519,WI,Waukesha,133,2025-06-23,0,,,,,,,,,,,,,,80,58
525522,WI,Fond Du Lac,039,2026-03-23,0,,,,,,,,,,,,,,0,0
555074,CA,Los Angeles,037,2025-12-08,0,,,,,,,,,,,,,,179,170
555347,CA,Stanislaus,099,2025-08-18,0,,,,,,,,,,,,,,179,168
555352,CA,Fresno,019,2025-09-01,0,,,,,,,,,,,,,,250,239
555659,CA,San Diego,073,2026-01-19,0,,,,,,,,,,,,,,7,5
676398,TX,Cameron,061,2025-10-13,1,2025-04-21,175,0.228667,0.0,3.081221,0.198379,0.064383,0.016839,0.158396,0.086472,0.473205,0.98913,112.184783,155,28
745021,TX,Smith,423,2025-10-27,1,2025-05-05,175,0.180927,2.616404,3.057775,0.260713,0.085262,0.0,0.233133,0.15945,-0.028296,0.815217,82.467391,351,91
035264,AZ,Maricopa,013,2025-10-27,0,,,,,,,,,,,,,,0,0
145726,IL,Adams,001,2025-06-02,1,2025-03-24,70,0.186787,1.835427,2.685173,0.608494,0.226613,0.0,0.206466,0.125518,-0.087478,1.0,71.402174,140,59
145726,IL,Adams,001,2026-02-09,1,2025-08-18,175,0.190941,2.01055,2.904714,0.788121,0.271325,0.049331,0.118406,0.127387,0.051545,0.944444,67.811111,138,63
155072,IN,Marion,097,2025-04-28,0,,,,,,,,,,,,,,112,74
155692,IN,Huntington,069,2026-03-09,0,,,,,,,,,,,,,,173,138
155824,IN,St. Joseph,141,2025-06-23,0,,,,,,,,,,,,,,114,84
115314,GA,Cobb,067,2025-12-01,0,,,,,,,,,,,,,,47,23
115635,GA,Clinch,065,2025-09-22,1,2025-03-31,175,0.190164,0.0,2.946036,0.255979,0.086889,0.0,0.154204,0.109405,0.009576,0.978261,72.26087,107,61
155234,IN,Vigo,167,2026-03-16,0,,,,,,,,,,,,,,115,91
225723,MA,Bristol,005,2025-03-31,1,2025-03-24,7,0.192364,2.80243,3.415709,0.456891,0.133762,0.127777,0.157062,0.086861,0.092813,0.521739,153.402174,9,4
235502,MI,Wayne,163,2026-03-23,0,,,,,,,,,,,,,,0,0
245533,MN,Meeker,093,2026-02-09,0,,,,,,,,,,,,,,133,113
325040,NM,Lea,025,2025-07-14,1,2025-03-24,112,0.20896,0.0,2.592485,0.465016,0.179371,0.0,0.230795,0.132323,0.039221,1.0,108.043478,14,6
325040,NM,Lea,025,2025-11-17,1,2025-05-26,175,0.204087,0.0,2.733022,0.501462,0.183482,0.0,0.210822,0.131894,0.079997,1.0,108.130435,14,5
345560,NC,Lenoir,107,2025-07-28,0,,,,,,,,,,,,,,160,78
395720,PA,Lancaster,071,2026-02-02,0,,,,,,,,,,,,,,107,78
415040,RI,Newport,005,2025-11-24,1,2025-06-02,175,0.197355,0.0,3.383255,1.277026,0.377455,0.28077,0.152829,0.160203,0.101286,0.641304,37.902174,7,5
555530,CA,Madera,039,2025-08-04,0,,,,,,,,,,,,,,176,165
675867,TX,Navarro,349,2025-11-17,1,2025-05-26,175,0.174688,0.806291,2.932366,0.477142,0.162716,0.0,0.327589,0.210161,-0.083916,0.793478,37.98913,242,108
676156,TX,Denton,121,2025-04-14,0,,,,,,,,,,,,,,310,99
165440,IA,Linn,113,2026-01-26,0,,,,,,,,,,,,,,191,129
195524,LA,Livingston,063,2025-03-31,1,2025-03-24,7,0.175447,0.0,3.405754,0.089967,0.026416,0.0,0.179895,0.106563,0.029018,0.521739,172.913043,8,4
245587,MN,Ramsey,123,2025-12-01,0,,,,,,,,,,,,,,96,77
345495,NC,Mecklenburg,119,2025-09-22,0,,,,,,,,,,,,,,86,45
395378,PA,Franklin,055,2026-01-12,1,2025-07-21,175,0.172116,0.0,3.697159,0.731869,0.197954,0.171541,0.056873,0.055809,0.047464,0.141304,84.097826,143,71
415076,RI,Newport,005,2025-09-22,0,,,,,,,,,,,,,,13,9
505265,WA,Yakima,077,2026-03-23,0,,,,,,,,,,,,,,0,0
05A396,CA,Alameda,001,2025-07-28,0,,,,,,,,,,,,,,248,239
175564,KS,Sedgwick,173,2025-03-31,0,,,,,,,,,,,,,,60,49
235622,MI,Wayne,163,2025-07-21,1,2025-03-24,119,0.179492,0.0,3.075716,0.476997,0.155085,0.001212,0.141676,0.090025,-0.005951,0.956522,92.576087,113,90
395680,PA,Berks,011,2026-03-23,0,,,,,,,,,,,,,,0,0
085025,DE,New Castle,003,2025-12-22,0,,,,,,,,,,,,,,11,9
195349,LA,Tangipahoa,105,2025-04-28,0,,,,,,,,,,,,,,77,55
395752,PA,Northampton,095,2025-06-23,0,,,,,,,,,,,,,,104,78
395784,PA,Cumberland,041,2025-04-21,1,2025-03-24,28,0.211715,1.985054,3.653687,0.495864,0.135716,0.430891,0.103212,0.090379,-0.002261,0.282609,79.869565,148,71
395784,PA,Cumberland,041,2026-01-26,1,2025-08-04,175,0.216887,2.187126,3.938169,0.529588,0.134476,0.527536,0.064472,0.108828,0.07424,0.130435,80.782609,143,71
505289,WA,Pierce,053,2026-03-23,0,,,,,,,,,,,,,,0,0
015433,AL,Jefferson,073,2025-07-14,0,,,,,,,,,,,,,,58,49
085058,DE,Sussex,005,2026-02-09,1,2025-08-18,175,0.190411,1.478745,4.103234,1.087593,0.265058,0.468354,0.068724,0.072688,0.005952,0.011111,92.422222,11,11
105392,FL,Miami-Dade,086,2026-02-23,0,,,,,,,,,,,,,,57,47
105672,FL,Lee,071,2025-11-17,1,2025-05-26,175,0.287305,0.871718,4.876648,1.348753,0.276574,0.098776,0.154023,0.09048,2.271243,0.0,91.934783,108,92
105810,FL,Leon,073,2025-06-02,1,2025-05-19,14,0.201659,0.0,2.233246,0.294414,0.131832,0.0,0.152215,0.724236,-0.36267,0.73913,105.619565,281,221
115270,GA,Fulton,121,2025-06-16,1,2025-03-24,84,0.214792,0.0,3.021981,0.312592,0.103439,0.135611,0.259054,0.154124,-0.017525,0.826087,210.26087,5,1
115270,GA,Fulton,121,2025-12-15,1,2025-06-23,175,0.195378,0.519559,3.118943,0.344209,0.110361,0.035059,0.191787,0.123974,0.013087,0.804348,210.130435,5,1
115356,GA,Laurens,175,2026-02-02,1,2025-08-11,175,0.184182,0.0,3.137152,0.26752,0.085275,0.0,0.122394,0.086475,0.03969,0.891304,103.0,47,24
115363,GA,Floyd,115,2025-08-25,0,,,,,,,,,,,,,,94,46
115553,GA,Liberty,179,2025-10-06,0,,,,,,,,,,,,,,107,60
125011,HI,Honolulu,003,2025-04-21,0,,,,,,,,,,,,,,0,0
135145,ID,Nez Perce,069,2025-03-31,0,,,,,,,,,,,,,,30,24
145843,IL,Kankakee,091,2026-02-09,0,,,,,,,,,,,,,,140,44
146088,IL,Franklin,055,2026-02-23,1,2025-09-01,175,0.176872,0.0,2.962468,0.680303,0.229641,0.0,0.069559,0.073222,-0.01858,0.988889,49.066667,106,65
146091,IL,La Salle,099,2026-03-09,0,,,,,,,,,,,,,,80,22
146198,IL,Cook,031,2025-05-19,1,2025-03-24,56,0.248473,0.0,2.109369,0.23561,0.111697,0.0,0.214631,0.114714,0.024444,1.0,138.782609,50,10
155029,IN,Marion,097,2025-11-10,1,2025-05-19,175,0.168823,0.0,3.242731,0.465262,0.143478,0.0,0.189737,0.127597,0.014953,0.695652,52.73913,174,130
155388,IN,Lawrence,093,2025-10-20,1,2025-04-28,175,0.180144,0.0,3.242887,0.38862,0.119838,0.032201,0.102407,0.12398,0.105556,0.717391,30.945652,116,82
155708,IN,Daviess,027,2025-09-08,1,2025-03-24,168,0.181769,0.0,3.224708,0.508259,0.157614,0.0,0.163918,0.155096,0.206493,0.684783,31.586957,116,82
165146,IA,Scott,163,2025-06-30,0,,,,,,,,,,,,,,9,8
165338,IA,Allamakee,005,2025-11-10,1,2025-05-19,175,0.187411,0.0,2.822253,0.439689,0.155794,0.0,0.146152,0.105185,-0.023141,0.978261,40.956522,192,131
165338,IA,Allamakee,005,2026-03-02,1,2025-09-08,175,0.182212,0.0,2.909054,0.553747,0.190353,0.0,0.17354,0.11391,0.002961,0.955556,40.622222,191,141
165352,IA,Palo Alto,147,2025-07-28,1,2025-05-19,70,0.18659,0.0,3.008905,0.549986,0.182786,0.143761,0.126964,0.115146,-0.153497,0.913043,37.836957,192,128
165483,IA,Washington,183,2025-10-13,0,,,,,,,,,,,,,,110,70
165495,IA,Butler,023,2025-07-07,0,,,,,,,,,,,,,,190,126
165537,IA,Linn,113,2025-10-27,0,,,,,,,,,,,,,,9,8
165612,IA,Polk,153,2025-12-22,0,,,,,,,,,,,,,,9,9
185242,KY,Montgomery,173,2025-11-10,0,,,,,,,,,,,,,,39,29
195532,LA,Webster,119,2025-05-19,0,,,,,,,,,,,,,,79,54
225511,MA,Middlesex,017,2025-03-31,0,,,,,,,,,,,,,,53,32
225511,MA,Middlesex,017,2026-03-09,0,,,,,,,,,,,,,,53,31
235442,MI,Saginaw,145,2026-01-12,0,,,,,,,,,,,,,,100,83
235551,MI,Houghton,061,2025-09-15,1,2025-03-24,175,0.170035,0.835812,3.22701,0.811468,0.251461,0.0,0.200582,0.131056,0.096388,0.695652,50.706522,100,79
245028,MN,Ramsey,123,2025-06-02,0,,,,,,,,,,,,,,92,75
245028,MN,Ramsey,123,2025-09-15,1,2025-08-18,28,0.169164,1.36457,3.585236,0.703796,0.196304,0.157109,0.101302,0.103013,-0.017161,0.411111,56.633333,96,76
245028,MN,Ramsey,123,2026-02-09,1,2025-08-18,175,0.169164,1.36457,3.585236,0.703796,0.196304,0.157109,0.101302,0.103013,-0.017161,0.411111,56.633333,96,81
245186,MN,Hennepin,053,2025-12-08,1,2025-06-16,175,0.186467,0.0,3.571979,0.620146,0.173614,0.216256,0.093447,0.076068,0.04492,0.347826,91.336957,42,33
245224,MN,Dakota,037,2026-03-16,0,,,,,,,,,,,,,,96,80
245250,MN,Dakota,037,2025-12-08,0,,,,,,,,,,,,,,96,77
245262,MN,Stevens,149,2025-07-28,0,,,,,,,,,,,,,,135,105
245428,MN,Itasca,061,2025-12-15,0,,,,,,,,,,,,,,17,14
245488,MN,Crow Wing,035,2025-06-02,0,,,,,,,,,,,,,,134,104
245564,MN,Traverse,155,2026-03-02,0,,,,,,,,,,,,,,133,113
245592,MN,Pennington,113,2025-07-14,1,2025-03-24,112,0.17797,0.992527,2.477327,0.641298,0.258867,0.0,-0.116382,0.748937,-0.298249,0.554348,33.913043,134,105
245592,MN,Pennington,113,2026-02-16,0,,,,,,,,,,,,,,133,113
24E102,MN,Hennepin,053,2025-04-28,1,2025-03-24,35,0.195889,0.0,2.549023,0.707614,0.277602,0.014329,0.301959,0.162603,-0.048441,1.0,88.880435,40,29
255185,MS,Sunflower,133,2026-01-12,0,,,,,,,,,,,,,,76,66
265110,MO,Vernon,217,2025-05-12,0,,,,,,,,,,,,,,98,58
265195,MO,St. Louis,189,2025-11-17,1,2025-05-26,175,0.221391,0.21793,2.578014,0.267129,0.103618,0.017136,0.046598,0.310862,0.062346,0.945652,90.423913,91,32
265431,MO,St. Clair,185,2026-01-05,1,2025-07-14,175,0.208138,0.0,2.766717,0.23002,0.083138,0.036809,0.14976,0.167326,0.025232,0.923913,70.347826,169,66
265431,MO,St. Clair,185,2026-03-09,1,2025-09-15,175,0.211921,0.0,2.609154,0.252458,0.096759,0.038586,0.130793,0.130793,-0.042064,1.0,72.277778,167,72
265842,MO,St. Louis,189,2025-10-13,1,2025-08-18,56,0.188768,0.0,2.505875,0.234366,0.093527,0.081389,0.11246,0.110558,-0.472364,1.0,58.633333,172,63
275067,MT,Dawson,021,2025-09-08,1,2025-03-24,168,0.169832,0.0,4.444375,1.123695,0.252835,0.505901,0.169306,0.123929,-0.047533,0.021739,34.065217,20,8
275121,MT,Richland,083,2025-12-01,0,,,,,,,,,,,,,,20,12
275140,MT,Yellowstone,111,2026-03-23,0,,,,,,,,,,,,,,0,0
285019,NE,Douglas,055,2025-10-27,0,,,,,,,,,,,,,,0,0
28E173,NE,York,185,2025-10-20,0,,,,,,,,,,,,,,81,48
315523,NJ,Union,039,2025-12-22,0,,,,,,,,,,,,,,19,17
335023,NY,Nassau,059,2025-05-19,1,2025-03-24,56,0.213478,0.657516,2.847826,0.588279,0.206571,0.0,0.211769,0.108793,-0.071138,1.0,445.75,5,1
335023,NY,Nassau,059,2025-09-29,1,2025-04-07,175,0.213478,0.649333,2.847826,0.588279,0.206571,0.0,0.211769,0.108793,-0.071138,1.0,445.75,5,1
335083,NY,Suffolk,103,2025-09-22,0,,,,,,,,,,,,,,50,24
335127,NY,Franklin,033,2026-03-02,0,,,,,,,,,,,,,,106,46
345004,NC,Person,145,2025-11-24,1,2025-06-02,175,0.178322,0.0,3.36102,0.547144,0.162791,0.124603,0.201597,0.126201,0.009881,0.532609,49.858696,25,19
345126,NC,Wayne,191,2025-09-29,1,2025-04-07,175,0.230817,2.572183,2.956027,0.394387,0.133418,0.228749,0.122131,0.080723,0.037418,0.98913,123.913043,72,27
345280,NC,Hoke,093,2025-09-29,1,2025-04-07,175,0.183566,1.025983,3.091542,0.31191,0.100891,0.001298,0.1076,0.084872,-0.017229,0.934783,123.25,72,27
345317,NC,Johnston,101,2025-10-27,1,2025-05-05,175,0.21473,0.0,3.127078,0.500759,0.160136,0.233913,0.231433,0.130904,0.046195,0.826087,82.391304,161,76
345489,NC,Mecklenburg,119,2025-07-21,1,2025-03-24,119,0.224627,2.220365,3.231776,0.235795,0.072961,0.345334,0.174979,0.121746,-0.058773,0.75,97.369565,160,79
345489,NC,Mecklenburg,119,2025-09-01,1,2025-03-24,161,0.224627,2.220365,3.231776,0.235795,0.072961,0.345334,0.174979,0.121746,-0.058773,0.75,97.369565,161,76
345489,NC,Mecklenburg,119,2026-01-05,1,2025-07-14,175,0.184738,1.656463,3.220164,0.293151,0.091036,0.096887,0.161653,0.107829,-0.057722,0.76087,94.902174,160,79
345535,NC,Guilford,081,2025-04-28,0,,,,,,,,,,,,,,69,33
355041,ND,Eddy,027,2025-06-02,0,,,,,,,,,,,,,,31,20
355041,ND,Eddy,027,2025-08-25,0,,,,,,,,,,,,,,33,21
355042,ND,Adams,001,2025-09-01,1,2025-03-24,161,0.177623,1.274869,4.283514,0.841461,0.196442,0.443577,0.260985,0.167949,0.066469,0.163043,37.804348,33,22
365482,OH,Stark,151,2025-07-14,0,,,,,,,,,,,,,,251,138
365618,OH,Marion,101,2025-10-20,1,2025-04-28,175,0.1815,0.0,2.89092,0.705694,0.244107,0.025583,0.139697,0.080702,-0.079844,1.0,90.891304,254,131
365625,OH,Crawford,033,2025-04-07,0,,,,,,,,,,,,,,317,201
365625,OH,Crawford,033,2025-10-27,0,,,,,,,,,,,,,,319,179
365828,OH,Cuyahoga,035,2025-04-07,1,2025-03-24,14,0.189987,0.672652,3.038409,0.343997,0.113216,0.0,0.081262,0.087124,0.061608,0.978261,98.086957,251,147
365890,OH,Coshocton,031,2025-12-08,0,,,,,,,,,,,,,,318,198
366114,OH,Cuyahoga,035,2025-04-07,0,,,,,,,,,,,,,,317,201
366128,OH,Guernsey,059,2026-01-05,0,,,,,,,,,,,,,,173,115
366196,OH,Licking,089,2025-05-19,1,2025-03-24,56,0.182264,0.282701,3.049573,0.516509,0.169371,0.086191,0.135567,0.136365,-0.07658,0.847826,35.119565,173,114
366369,OH,Perry,127,2025-09-01,0,,,,,,,,,,,,,,173,108
366495,OH,Cuyahoga,035,2025-06-02,1,2025-03-24,70,0.19644,0.804515,2.987209,0.245161,0.08207,0.135617,0.116494,0.10741,-0.171663,0.934783,94.902174,251,139
375135,OK,Oklahoma,109,2025-04-07,0,,,,,,,,,,,,,,91,67
375160,OK,Carter,019,2026-02-09,0,,,,,,,,,,,,,,89,68
375246,OK,Pottawatomie,125,2025-05-12,1,2025-03-24,49,0.197589,0.0,2.430795,0.229439,0.094389,0.0,0.159121,0.729913,-0.243583,0.576087,46.51087,93,73
375381,OK,Oklahoma,109,2025-09-29,0,,,,,,,,,,,,,,21,12
375469,OK,Bryan,013,2025-04-07,1,2025-03-24,14,0.215288,0.0,2.113642,0.461724,0.218449,0.0,0.367632,0.248232,-0.086439,1.0,41.869565,93,73
375582,OK,Oklahoma,109,2025-06-02,0,,,,,,,,,,,,,,95,69
375582,OK,Oklahoma,109,2025-08-18,1,2025-08-18,0,0.172074,0.751543,3.726052,0.209332,0.056181,0.245498,0.093515,0.123299,-0.098431,0.255556,50.766667,97,67
375582,OK,Oklahoma,109,2026-02-16,1,2025-08-25,175,0.172074,1.481744,3.726052,0.209332,0.056181,0.245498,0.093515,0.123299,-0.098431,0.255556,50.766667,94,77
37E568,OK,Oklahoma,109,2025-05-12,1,2025-03-24,49,0.314203,0.0,1.258565,0.406043,0.322624,0.591967,0.065501,0.352355,-0.6311,1.0,28.706522,93,73
385072,OR,Benton,003,2025-04-07,0,,,,,,,,,,,,,,46,46
385167,OR,Lane,039,2025-08-11,0,,,,,,,,,,,,,,46,46
385167,OR,Lane,039,2026-02-09,0,,,,,,,,,,,,,,45,45
395001,PA,Butler,019,2025-09-08,0,,,,,,,,,,,,,,150,64
395001,PA,Butler,019,2026-02-23,0,,,,,,,,,,,,,,142,74
395345,PA,Luzerne,079,2025-04-28,0,,,,,,,,,,,,,,148,70
395456,PA,Luzerne,079,2025-07-07,0,,,,,,,,,,,,,,149,66
395467,PA,Philadelphia,101,2025-06-16,1,2025-03-24,84,0.177827,1.96371,3.522566,0.552167,0.156751,0.161441,0.033558,0.05305,0.003277,0.402174,76.0,149,67
395469,PA,Lancaster,071,2025-12-22,1,2025-06-30,175,0.178423,0.835812,3.779345,0.671358,0.177639,0.267816,0.212378,0.147069,0.025567,0.326087,64.586957,107,79
395469,PA,Lancaster,071,2026-03-23,0,,,,,,,,,,,,,,0,0
395502,PA,Venango,121,2025-10-20,1,2025-04-28,175,0.223795,0.924684,3.446249,0.672215,0.195057,0.433301,0.134758,0.102929,0.010212,0.478261,83.576087,149,66
395542,PA,Luzerne,079,2026-02-16,0,,,,,,,,,,,,,,142,74
395549,PA,Butler,019,2025-08-11,0,,,,,,,,,,,,,,76,64
395627,PA,Berks,011,2026-03-23,0,,,,,,,,,,,,,,0,0
395830,PA,Somerset,111,2025-06-09,1,2025-03-24,77,0.191509,0.602723,3.463855,0.475777,0.137355,0.220428,0.113255,0.074284,-0.027562,0.467391,121.717391,115,51
395918,PA,Franklin,055,2025-07-21,0,,,,,,,,,,,,,,104,78
396141,PA,Philadelphia,101,2026-01-19,0,,,,,,,,,,,,,,78,63
396141,PA,Philadelphia,101,2026-03-02,0,,,,,,,,,,,,,,77,66
39A433,PA,Lackawanna,069,2025-05-12,0,,,,,,,,,,,,,,19,2
425316,SC,Spartanburg,083,2025-06-23,1,2025-05-19,35,0.19406,0.0,3.087017,0.741896,0.240328,0.178005,0.025576,0.092855,-0.037581,0.913043,38.293478,21,16
435020,SD,Beadle,005,2026-03-09,0,,,,,,,,,,,,,,23,14
435102,SD,Meade,093,2025-06-09,0,,,,,,,,,,,,,,48,25
435124,SD,Hand,059,2026-02-16,0,,,,,,,,,,,,,,46,26
43A073,SD,Brule,015,2025-06-09,0,,,,,,,,,,,,,,48,25
43A098,SD,Clay,027,2026-01-26,0,,,,,,,,,,,,,,24,14
445088,TN,Robertson,147,2025-09-15,0,,,,,,,,,,,,,,104,68
445413,TN,Madison,113,2026-01-19,0,,,,,,,,,,,,,,85,57
455714,TX,Harris,201,2025-08-11,1,2025-03-24,140,0.174096,1.207438,3.336119,0.372073,0.111529,0.0,0.154481,0.092123,0.087313,0.641304,95.163043,351,101
455714,TX,Harris,201,2025-08-18,1,2025-03-24,147,0.174096,1.207438,3.336119,0.372073,0.111529,0.0,0.154481,0.092123,0.087313,0.641304,95.163043,351,91
505373,WA,Lewis,041,2025-12-29,0,,,,,,,,,,,,,,63,59
505382,WA,Chelan,007,2025-05-05,0,,,,,,,,,,,,,,30,29
525114,WI,Sauk,111,2025-04-07,0,,,,,,,,,,,,,,78,58
525114,WI,Sauk,111,2026-02-02,0,,,,,,,,,,,,,,82,57
525405,WI,Marathon,073,2025-11-03,0,,,,,,,,,,,,,,151,120
525498,WI,Milwaukee,079,2026-02-16,0,,,,,,,,,,,,,,82,63
525498,WI,Milwaukee,079,2026-02-23,0,,,,,,,,,,,,,,82,63
525531,WI,Dodge,027,2025-10-13,0,,,,,,,,,,,,,,151,120
525538,WI,Waupaca,135,2025-10-27,0,,,,,,,,,,,,,,82,56
525663,WI,Rock,105,2025-11-24,1,2025-06-02,175,0.199978,0.0,2.663083,0.479514,0.18006,0.0,0.137178,0.113224,0.004758,1.0,77.597826,39,26
555490,CA,Lake,033,2025-10-06,1,2025-04-14,175,0.177701,1.286092,3.803421,0.241236,0.063426,0.174186,0.083785,0.060326,0.133374,0.108696,93.978261,336,318
555517,CA,Kern,029,2025-10-27,1,2025-05-05,175,0.169335,0.974,3.592481,0.205934,0.057324,0.093424,0.105851,0.123272,0.056537,0.402174,46.434783,179,169
675085,TX,Harris,201,2025-04-07,1,2025-03-24,14,0.185485,1.667808,2.917446,0.405144,0.13887,0.0,0.165811,0.103096,-0.096626,0.967391,137.717391,29,8
675085,TX,Harris,201,2026-01-05,1,2025-07-14,175,0.18337,1.89987,3.094083,0.393114,0.127054,0.0,0.222667,0.122078,-0.003798,0.902174,141.043478,28,8
675085,TX,Harris,201,2026-03-23,0,,,,,,,,,,,,,,0,0
675152,TX,Tyler,457,2025-07-07,1,2025-03-24,105,0.181784,1.03178,3.010166,0.150648,0.050046,0.0,0.15819,0.101831,-0.064197,0.934783,59.043478,315,88
675391,TX,Hardin,199,2025-09-08,1,2025-03-24,168,0.181588,0.0,3.089359,0.285921,0.09255,0.0,0.20581,0.133131,0.029691,0.869565,59.98913,318,85
675424,TX,Henderson,213,2025-08-11,0,,,,,,,,,,,,,,351,100
675424,TX,Henderson,213,2026-02-09,0,,,,,,,,,,,,,,349,120
675445,TX,Fayette,149,2025-09-01,0,,,,,,,,,,,,,,245,102
675612,TX,Harris,201,2025-08-25,1,2025-08-18,7,0.171763,1.39675,3.247091,0.446911,0.137634,0.0,0.196901,0.123015,-0.011647,0.688889,115.644444,155,28
676007,TX,Gregg,183,2025-06-09,0,,,,,,,,,,,,,,351,100
676295,TX,Navarro,349,2025-09-29,1,2025-04-07,175,0.218789,0.411781,2.987589,0.183422,0.061395,0.158764,0.162547,0.104542,0.053205,0.967391,79.630435,351,91
135147,ID,Ada,001,2025-09-01,0,,,,,,,,,,,,,,30,22
235654,MI,Lapeer,087,2026-03-02,0,,,,,,,,,,,,,,100,87
345210,NC,Bladen,017,2025-09-15,1,2025-03-31,168,0.190828,0.0,3.276292,0.49747,0.151839,0.146915,0.225457,0.144801,0.028939,0.641304,80.782609,161,76
255277,MS,Greene,041,2025-07-21,0,,,,,,,,,,,,,,79,71
235025,MI,Antrim,009,2025-09-22,0,,,,,,,,,,,,,,114,88
055052,CA,Los Angeles,037,2025-05-26,0,,,,,,,,,,,,,,120,114
056259,CA,Sonoma,097,2025-03-31,0,,,,,,,,,,,,,,245,238
056259,CA,Sonoma,097,2025-07-28,0,,,,,,,,,,,,,,248,239
075232,CT,Lower Ct River Vly,130,2025-09-08,1,2025-08-18,21,0.169963,0.0,3.372112,0.644759,0.191203,0.126936,0.159864,0.120074,-0.088428,0.6,49.188889,14,11
075232,CT,Lower Ct River Vly,130,2025-09-29,1,2025-08-18,42,0.169963,0.0,3.372112,0.644759,0.191203,0.126936,0.159864,0.120074,-0.088428,0.6,49.188889,14,11
075358,CT,Capitol,110,2026-01-12,0,,,,,,,,,,,,,,14,10
075358,CT,Capitol,110,2026-02-09,0,,,,,,,,,,,,,,14,11
135148,ID,Kootenai,055,2025-07-28,0,,,,,,,,,,,,,,28,22
135148,ID,Kootenai,055,2025-11-10,0,,,,,,,,,,,,,,28,21
145497,IL,Randolph,157,2025-09-01,1,2025-05-19,105,0.205748,0.0,2.469345,0.183219,0.074197,0.0,0.110108,0.13347,-0.162188,1.0,65.065217,142,55
146099,IL,Rock Island,161,2025-04-07,0,,,,,,,,,,,,,,142,52
146099,IL,Rock Island,161,2025-09-08,0,,,,,,,,,,,,,,142,40
17E210,KS,Marion,115,2025-12-08,1,2025-06-16,175,0.208662,2.491473,2.52057,0.478281,0.189751,0.0,0.173189,0.142532,0.060124,1.0,43.641304,159,126
195177,LA,St. Tammany,103,2026-03-09,0,,,,,,,,,,,,,,77,52
195585,LA,East Carroll,035,2025-03-31,0,,,,,,,,,,,,,,52,34
235462,MI,Oakland,125,2025-08-11,0,,,,,,,,,,,,,,113,89
235462,MI,Oakland,125,2026-02-23,0,,,,,,,,,,,,,,114,94
245240,MN,Winona,169,2025-12-15,0,,,,,,,,,,,,,,96,77
245450,MN,Rice,131,2025-09-15,0,,,,,,,,,,,,,,96,75
245583,MN,Carver,019,2025-03-31,0,,,,,,,,,,,,,,130,104
245604,MN,Carver,019,2025-03-31,0,,,,,,,,,,,,,,130,104
335780,NY,Bronx,005,2025-05-26,1,2025-05-19,7,0.179453,0.0,3.665327,0.45835,0.12505,0.195916,0.189082,0.147514,0.054807,0.402174,79.25,66,38
375467,OK,Osage,113,2025-07-21,1,2025-05-19,63,0.174937,0.0,3.227097,0.277073,0.085858,0.065847,0.109117,0.092008,-0.083437,0.782609,49.804348,97,72
375467,OK,Osage,113,2026-02-02,1,2025-08-11,175,0.174937,0.443803,3.227097,0.277073,0.085858,0.065847,0.109117,0.092008,-0.083437,0.782609,49.804348,94,71
375557,OK,Hughes,063,2025-04-28,0,,,,,,,,,,,,,,92,68
415029,RI,Providence,007,2025-12-08,0,,,,,,,,,,,,,,9,6
495374,VA,Wise,195,2026-02-09,0,,,,,,,,,,,,,,11,11
745019,TX,Tarrant,439,2025-06-09,0,,,,,,,,,,,,,,154,30
435033,SD,Pennington,103,2025-07-07,0,,,,,,,,,,,,,,48,25
43A072,SD,Charles Mix,023,2026-02-02,1,2025-08-11,175,0.172052,1.383523,3.638292,0.99377,0.273142,0.253121,0.198563,0.135262,-0.055525,0.413043,32.641304,47,27
355033,ND,Richland,077,2026-01-26,1,2025-08-18,161,0.171719,2.756604,3.451752,0.760221,0.220242,0.146916,0.19195,0.116674,-0.020691,0.444444,45.655556,31,21
525085,WI,Milwaukee,079,2026-02-16,0,,,,,,,,,,,,,,150,130
395473,PA,Bucks,017,2025-03-31,0,,,,,,,,,,,,,,72,62
225049,MA,Middlesex,017,2026-03-02,0,,,,,,,,,,,,,,53,31
225210,MA,Worcester,027,2025-05-05,0,,,,,,,,,,,,,,68,43
115719,GA,Floyd,115,2026-02-16,0,,,,,,,,,,,,,,93,54
085050,DE,New Castle,003,2025-07-07,0,,,,,,,,,,,,,,10,7
085050,DE,New Castle,003,2025-11-10,0,,,,,,,,,,,,,,10,8
395780,PA,Delaware,045,2026-02-09,0,,,,,,,,,,,,,,0,0
245356,MN,Polk,119,2025-08-18,0,,,,,,,,,,,,,,137,106
245636,MN,Otter Tail,111,2025-12-01,0,,,,,,,,,,,,,,42,32
395328,PA,Lancaster,071,2025-08-25,0,,,,,,,,,,,,,,117,50
106151,FL,Orange,095,2025-09-01,0,,,,,,,,,,,,,,74,69
106153,FL,Seminole,117,2025-11-17,0,,,,,,,,,,,,,,45,42
155508,IN,Warrick,173,2025-08-11,0,,,,,,,,,,,,,,173,127
155801,IN,Warrick,173,2025-09-15,1,2025-08-18,28,0.216949,0.943798,2.342796,0.426834,0.18219,0.0,0.06504,0.139868,0.008928,1.0,50.188889,174,125
155801,IN,Warrick,173,2026-02-16,1,2025-08-25,175,0.216949,0.935339,2.342796,0.426834,0.18219,0.0,0.06504,0.139868,0.008928,1.0,50.188889,173,139
165796,IA,Carroll,027,2025-10-13,1,2025-08-18,56,0.171121,0.593902,3.835643,0.778398,0.202938,0.23252,0.116657,0.074867,0.026898,0.133333,76.411111,28,17
245546,MN,Hennepin,053,2025-04-07,0,,,,,,,,,,,,,,89,73
245546,MN,Hennepin,053,2026-02-23,0,,,,,,,,,,,,,,96,80
425005,SC,Chesterfield,025,2025-11-03,0,,,,,,,,,,,,,,42,20
555919,CA,Imperial,025,2025-04-07,0,,,,,,,,,,,,,,176,168
675856,TX,Grayson,181,2025-10-20,0,,,,,,,,,,,,,,245,102
