threshold,precision,recall
0.9999999999999589,0.0,0.0
0.4065022613747988,0.11398963730569948,0.0004386227246446159
0.3484656789493891,0.20170454545454544,0.0014155551568076242
0.3309695815876136,0.18929254302103252,0.0019738022609007717
0.31836231244980856,0.21605839416058395,0.0029507346930637795
0.30633177587044635,0.2364475201845444,0.00408716629782483
0.29276854112917033,0.2459485224022879,0.005143848316286859
0.2878737923849946,0.24230145867098865,0.005961281575851825
0.2833737097038573,0.25106082036775107,0.007077775784038121
0.2784905231851387,0.2672521957340025,0.008493330940845744
0.2744889838322824,0.26040494938132736,0.00923101461411169
0.270949003125618,0.2558974358974359,0.009948760890802879
0.26934649596635934,0.25469924812030076,0.010806068943517355
0.26567093847175416,0.23572664359861592,0.010865881133241622
0.26232697596577687,0.24130962004850445,0.011902625755128895
0.2603584435481122,0.24546827794561935,0.012959307773590924
0.2586350507693608,0.23500352858151025,0.013278306118787008
0.25710718321129555,0.2361341746927931,0.014175488964650996
0.2554138969601312,0.2366938008766437,0.015072671810514983
0.25390416569104124,0.22903703703703704,0.015411607552285822
0.25231299958199616,0.22938867077958497,0.01630879039814981
0.25102028445624824,0.2279723991507431,0.017126223657714774
0.24994944233996372,0.22538794199949122,0.017664533365233166
0.24892862825932607,0.22466422466422467,0.01834240484877485
0.2482122207938847,0.22404884922498824,0.019020276332316528
0.2467768588815278,0.2147982062780269,0.019100025918615548
0.2456958451123308,0.21174185193179365,0.01955858603983492
0.24459002876450525,0.2157392026578073,0.020714955041170723
0.24336873883671567,0.22037630104083267,0.02195107362880555
0.24238792179772153,0.22054556006964596,0.022728632095221007
0.24173558841027315,0.21423220973782772,0.022808381681520027
0.24099194275465294,0.21581041968162085,0.023785314113683034
0.24002739671691745,0.2128182616330114,0.024164124648603385
0.23889460596392392,0.21098265895953758,0.024742309149271287
0.2384623560568275,0.20943271767810026,0.025320493649939192
0.2375962498721912,0.2073268277075668,0.025838865960882827
0.23711262902171754,0.20873484612993473,0.026775923599896327
0.2365493665786967,0.20627462867535618,0.02713479673824192
0.23586900343253964,0.20504499188670897,0.027712981238909824
0.23510948584775737,0.2037703266657073,0.02823135354985346
0.23459446541569048,0.2017149283103739,0.02861016408477381
0.23397631924728635,0.2001371742112483,0.02908866160256794
0.23331225862729016,0.20008013890743956,0.02986622006898339
0.2326933702895397,0.20422810909565445,0.031202025639491995
0.23222535989250045,0.20471337579617835,0.03203939629563172
0.23184125288295648,0.20536494073611977,0.03281695476204717
0.23147648090051506,0.20628131492117804,0.033654325418186894
0.2310043551545961,0.20681381957773512,0.03437207169487808
0.23038056827423278,0.20637524903316537,0.03510975536814403
0.2298810590236912,0.20536943552088113,0.035687939868811934
0.2293147241662172,0.2042055549308445,0.03620631217975557
0.22875299519911474,0.20602183743244734,0.03724305680164284
0.22820247338044172,0.2077879935100054,0.03829973882010487
0.22799989546684252,0.21101209420751113,0.03965548178718823
0.22756409100204056,0.20912309935430118,0.04003429232210858
0.2271674118813818,0.20912896967221484,0.04083178818509879
0.22649257163572406,0.21003009027081243,0.041748908427537534
0.2262052959677761,0.2104328961640864,0.042546404290527744
0.22560466482648356,0.211398662401861,0.043483461929541244
0.22533023783693007,0.21272138640258997,0.04454014394800327
0.22484242956841574,0.21355486717356614,0.045357577207568237
0.2244172280672812,0.21417366429823753,0.04627469745000698
0.22416401944230452,0.21457122093023256,0.047092130709571946
0.22388841988718886,0.21566523605150215,0.04808900053830971
0.22352402038477504,0.21584001409567438,0.048846621608150405
0.22309441657604642,0.2156964656964657,0.04964411747114062
0.22280466779430372,0.21664532650448143,0.05060111250672887
0.2225749315183242,0.21854527129178566,0.05187710588751321
0.22232620222939659,0.21726904308990158,0.052375540801882094
0.2219949931075053,0.216557911908646,0.052933787905975235
0.22160802338219754,0.21808980641015344,0.05413003170046055
0.22136474232533276,0.21882669622357692,0.05510696413262356
0.2210197199108903,0.21762870514820593,0.0556253364435672
0.22070027771568643,0.21968879987675244,0.056861455031202025
0.22043394704025882,0.22008660639671807,0.05775863787706601
0.22013235529166492,0.2202501310566914,0.05863588332635524
0.21975636222537534,0.2210969840331165,0.059632753155093005
0.2194572097318367,0.21840839527765632,0.05975237753454154
0.2191787587955117,0.21959119044191738,0.06082899694957832
0.21899396173243518,0.2204411660401447,0.061965428554339376
0.218658259394105,0.22006857462738785,0.06270311222760531
0.2184922201910258,0.22009536314007325,0.06350060809059553
0.21818467269923345,0.22210095497953616,0.06491616324740315
0.21787372284197545,0.22286560732561272,0.06599278266243994
0.2176775287464536,0.22407025480673276,0.06714915166377575
0.2173017104826764,0.2241639839695158,0.06802639711306498
0.21702967634538675,0.22366541109234966,0.06866439380345714
0.21674056130770306,0.22174415617775495,0.06884383037262994
0.2165784429391984,0.22231394462788925,0.06980082540821819
0.21635904633262762,0.22273184217139985,0.07067807085750742
0.2161510069667522,0.22468138016785824,0.07205375122116554
0.21588907118064646,0.22410187007874016,0.07263193572183345
0.21563130086446738,0.22427745664739884,0.07348924377454792
0.21545590825035243,0.22370718198783937,0.07408736567179058
0.21521185509533045,0.22222884031210913,0.07438642662041191
0.21488979051419435,0.2212128362435111,0.07476523715533226
0.21470763202539742,0.22364813626553112,0.0764399784676117
0.21457408009015896,0.2221196028630801,0.07671910201965827
0.21437736070237423,0.22011536923867725,0.0768387263991068
0.21415693211524522,0.21858047016274865,0.07711784995115338
0.21381422557640473,0.22037782249049856,0.07861315469426003
0.21345739592106472,0.22169367774766305,0.07990908547161911
0.21323236069022866,0.2231468301762838,0.08126482843870247
0.21300277127806957,0.22399869925749283,0.08240126004346353
0.21274851750047988,0.22444706892849475,0.08335825507905177
0.21242788377679256,0.2241149853606601,0.08393643957971968
0.2121727354792924,0.22477185208630057,0.0849532468050322
0.21185610528056634,0.22506794898599206,0.08585042965089619
0.21159490647550566,0.2250323918113501,0.08656817592758738
0.2114613978550336,0.22508997429305913,0.08728592220427857
0.21116951810501083,0.22390186796966458,0.08770460753234842
0.21085842488667145,0.22398509116550822,0.08866160256793668
0.2106813242423985,0.224459209671779,0.08957872281037542
0.2104040102550738,0.2241089108910891,0.0902565942939171
0.21012261861824366,0.22389671591968976,0.09093446577745878
0.20998198894566444,0.22385589094449854,0.09167214945072473
0.2096761731243149,0.22439519049688542,0.09264908188288773
0.2094508286689338,0.22454645541142118,0.09352632733217696
0.20928042427918572,0.22445688264870506,0.09434376059174193
0.20915406036518253,0.223230660710087,0.09464282154036326
0.2089518613082479,0.22479354266784865,0.09605837669717088
0.208824846521682,0.22480584319526628,0.09695555954303486
0.20856722160918667,0.2254457124524497,0.09807205375122116
0.20839148148232362,0.2250216017099459,0.09865023825188907
0.20819324634716074,0.22476319350473614,0.0993480471320055
0.20804909419979126,0.22384384653265882,0.09968698287377634
0.207873017391025,0.22315480948574473,0.10018541778814523
0.2076839484774044,0.22369058631778335,0.10124209980660726
0.20738112936671307,0.22324159021406728,0.10188009649699942
0.2072369150071644,0.22211621856027755,0.10211934525589648
0.20712497590985737,0.22206451612903225,0.10293677851546146
0.20692687752114886,0.22163362952836638,0.10343521342983034
0.20673565435097155,0.2216342082980525,0.10437227106884384
0.20658843865939142,0.2220820719811638,0.10530932870785732
0.20643813363044966,0.22159162041480615,0.10586757581195047
0.2062612257029165,0.2206424870466321,0.1061267619674223
0.2060440977026899,0.2202461817133918,0.10666507167494069
0.2058603749430903,0.21906784853559905,0.10692425783041251
0.20571849915801693,0.21995538430338674,0.10812050162489782
0.20559936391886058,0.21929612627848916,0.10857906174611719
0.20542934640438212,0.218194172428954,0.10883824790158901
0.20527634502850522,0.21761555246974806,0.10935662021253265
0.2050360251793728,0.2184877260727373,0.11055286400701797
0.20492516424024645,0.2190520918946421,0.11158960862890524
0.20475108847447032,0.2191072400653239,0.11234722969874594
0.20453836661597657,0.21862567113445866,0.11284566461311482
0.20442194387942916,0.21823966878785556,0.11350359870008174
0.2042385139623793,0.21864768141323385,0.11450046852881951
0.20415249729213758,0.21833169477425698,0.11511852782263692
0.20402154729715816,0.21869130794080083,0.11607552285822517
0.20385747647946276,0.21774163464766666,0.1163745838068465
0.20369769428592027,0.21738325371255046,0.11703251789381343
0.20362425328867095,0.21770158917010005,0.11798951292940169
0.20348089828032298,0.21738971662284545,0.11868732180951812
0.2033770140002712,0.21808684296441397,0.11986362820742867
0.20320348632058557,0.21735054445806593,0.12018262655262475
0.20302376495975225,0.21731967624095694,0.12098012241561497
0.20284697404484336,0.21782001993450092,0.12199692964092748
0.20273197863118605,0.21751282504864675,0.12257511414159539
0.20256205184000597,0.21766506032572372,0.1233726100045856
0.20245541263297231,0.2168476932211085,0.12379129533265547
0.2022652153903473,0.21608005281261944,0.12399066929840301
0.20216798481001225,0.21479128543313883,0.12403054409155252
0.20201550917436442,0.21509433962264152,0.12500747652371552
0.20187436800284658,0.21442933578707016,0.12544609924836014
0.20179576054435924,0.2140366320208552,0.12604422114560282
0.2016501368031704,0.2132592966515228,0.12634328209422413
0.2014137962030256,0.21292890107685106,0.1269414039914668
0.20124908555390877,0.21267675927466312,0.12743983890583568
0.2011407810476638,0.21243506171205453,0.12799808600992882
0.2010413121295102,0.2124691561112025,0.12875570707976952
0.20094654912719612,0.21227972668126982,0.12945351595988597
0.20076930707540053,0.21262836344728975,0.13045038578862372
0.20061225518598835,0.212951593097654,0.13138744342763722
0.20042543338761157,0.2129525522824376,0.13216500189405267
0.2002501854618203,0.21247725168417356,0.13268337420499632
0.20016699991714926,0.212,0.13314193432621568
0.2000492876451958,0.21146139038783174,0.13360049444743505
0.19991235452389017,0.2109046393370582,0.13395936758578064
0.1997770340914887,0.21060686510291407,0.13443786510357478
0.19959152945781417,0.21059499766972192,0.1351356739836912
0.1994190263196664,0.21103384330088085,0.13613254381242898
0.1993289522231439,0.21064601389145,0.1366509161233726
0.19923624079356048,0.2103413501207102,0.1372291006240405
0.1991161973382028,0.21039987836399573,0.1379468469007317
0.1989953926864724,0.21026214737096727,0.13864465578084814
0.1988690999546374,0.21095066185318892,0.13980102478218395
0.1987507032981359,0.210748502994012,0.14033933448970234
0.19864649449537555,0.2111984282907662,0.14145582869788864
0.19854225657914235,0.21113215363674026,0.14225332456087883
0.19836410474131008,0.21136751633602166,0.1431704448033176
0.19826953627971625,0.21198804710845492,0.1442670016149291
0.19812061900814554,0.21182783156421323,0.14482524871902228
0.19803939237902274,0.211186253736975,0.14506449747791933
0.19789999203508538,0.21128631664067463,0.14586199334090955
0.19779960136983782,0.21067456097490875,0.1461411168929561
0.19761296332996245,0.20988395358143258,0.14640030304842794
0.19754665749885544,0.20967741935483872,0.14695855015252107
0.19747497318080576,0.2093925154277303,0.14747692246346472
0.197367518901207,0.20941892234459059,0.14823454353330542
0.19727591975771763,0.21003644519203812,0.14937097513806646
0.19715886967872234,0.21006833077673964,0.15016847100105668
0.19703334933890312,0.2094868238557559,0.1505672189325518
0.19694649176695198,0.20974061810154526,0.1515441513647148
0.19681918973577225,0.21019248194623685,0.15262077077975159
0.19673436180931866,0.21052487698195735,0.15353789102219031
0.19663202386916107,0.2100922674940802,0.1538967641605359
0.19653439680497994,0.21074301812173254,0.15511294535159598
0.19642556154525528,0.2105787885320112,0.15581075423171242
0.19629859369707395,0.2111361441905375,0.15694718583647346
0.19617843780337535,0.21101651944170158,0.1576449947165899
0.1960637310605563,0.2108029197080292,0.15834280359670636
0.1959840981790672,0.21023147658809851,0.15862192714875292
0.19588018667525403,0.2101788532351394,0.15931973602886934
0.1957619510984688,0.21035819019689989,0.1601770440815838
0.19566999065691978,0.21033152627189325,0.160894790358275
0.19557682275235636,0.20977570335796708,0.1612935382897701
0.19548677057830627,0.20936653335053543,0.16177203580756425
0.19534348882309172,0.20917803643464633,0.16231034551508264
0.19519500081473348,0.20901324875952734,0.16292840480890006
0.19509738136170476,0.20875232300603344,0.1634866519129932
0.1949974743172368,0.20863965928104244,0.16408477381023587
0.19489374579041877,0.20836908788047045,0.1646031461211795
0.19479078008983222,0.20895372233400403,0.16563989074306676
0.19468389494618318,0.20888833249874814,0.1663376996231832
0.19456592627915792,0.20891691172805663,0.16713519548617342
0.19448099292440837,0.20875412520781123,0.16773331738341607
0.19439492275768328,0.20831070070613797,0.1682118149012102
0.1943086982396506,0.20873285145301668,0.16926849691967222
0.19421335661054395,0.208180349537377,0.16956755786829356
0.19414159545955206,0.208768979552046,0.17078373905935362
0.1940065662072863,0.20930063314169275,0.17201985764698846
0.19390068972676414,0.2092090641155723,0.17265785433738062
0.19380312594252233,0.20940695296523518,0.17353509978666987
0.1936596169127622,0.20931291489922593,0.17413322168391251
0.19357546842236378,0.20855704297611377,0.17425284606336106
0.19345954155602116,0.20863924727350489,0.17507027932292601
0.19340461507207196,0.20906014058838843,0.17610702394481328
0.19329042540421795,0.20955163395612939,0.17732320513587335
0.19318111339171473,0.2103978978978979,0.17879857248240524
0.19310379399771138,0.21059519080223402,0.1796758179316945
0.19301712754766653,0.21046874272680724,0.1802938772255119
0.192943388595577,0.2111386654923865,0.1816296827960205
0.19285523093870918,0.21045341213408442,0.18174930717546903
0.1927903593316555,0.20993471864656124,0.18208824291723988
0.1926376920285005,0.20941041785918718,0.18234742907271168
0.1925388793986762,0.208876629889669,0.18268636481448253
0.19243827865366345,0.20886607771444143,0.1833642362980242
0.1923853009794177,0.20909193712540994,0.18432123133361245
0.19228609377921252,0.20882882882882883,0.18485954104113084
0.19217767892339638,0.20860258481421648,0.18535797595549974
0.19209340677167192,0.208674084997989,0.18619534661163945
0.1919873649137339,0.20867281064957036,0.1868931554917559
0.1918961544114084,0.2080812110734313,0.18717227904380246
0.19180520905455795,0.2084528801589053,0.1883087106485635
0.1917107651689771,0.20831135724331926,0.1889865821321052
0.19162339768908587,0.20787094797207084,0.1893454552704508
0.1915469860817223,0.20839874411302983,0.19056163646151086
0.19145075787380372,0.2084627582162174,0.1913391949279263
0.19137321883253802,0.2081647664582567,0.1918376298422952
0.19129019351319504,0.2078591136402828,0.19225631517036507
0.1911732893767553,0.20784128483703354,0.192993998843631
0.19107459216656117,0.20741643677423494,0.19337280937855134
0.1909505759281751,0.20673783801061177,0.19343262156827562
0.19086055802908125,0.20700339558573855,0.1944693661901629
0.19078170974890676,0.20685426753208314,0.19506748808740554
0.19068105149369532,0.20641071541393763,0.1954064238291764
0.19059918845657786,0.206281602081279,0.1960244831229938
0.190498459525723,0.20643313965639762,0.1969216659688578
0.1904183797191081,0.20646854239123644,0.19765934964212373
0.19035645228770826,0.2063748988358339,0.19827740893594115
0.19025973400214632,0.20628878775341333,0.19881571864345954
0.19016370446927147,0.20656048461871304,0.19987240066192158
0.19008067077626822,0.20609355765285187,0.20027114859341666
0.18999891158005996,0.2058048032703117,0.2007496461112108
0.18988383977642664,0.206033323827759,0.20166676635364955
0.18981168821755418,0.205749203191295,0.20206551428514466
0.18975499443888091,0.20596090809760836,0.20294275973443388
0.18967240328270954,0.20625831686761564,0.2039595669597464
0.18959613465391548,0.20606852205365217,0.20445800187411528
0.18954860342279958,0.20572687224669603,0.20483681240903562
0.18944253105054024,0.20485938091726297,0.20491656199533465
0.18938146562224323,0.20461043602573267,0.20545487170285304
0.18930512478400438,0.20413533834586467,0.20569412046175012
0.1892200320887682,0.20446125955702688,0.20687042685966067
0.18915845970657463,0.2046922548345931,0.20786729668839843
0.18909921731204885,0.2049706457925636,0.20882429172398667
0.18897644625338603,0.20482256774420102,0.20932272663835558
0.18890507419078967,0.20516259451474333,0.21043922084654185
0.18884829497766936,0.20508349800457204,0.21105728014035927
0.18877706246374776,0.20487230469277842,0.21159558984787766
0.18870706280079644,0.20532948532948533,0.2127718962457882
0.1886361860409704,0.20568164391964422,0.21392826524712402
0.1885679058365068,0.20597784568372804,0.21502482205873558
0.18850460324765758,0.20591706964170126,0.215642881352553
0.18846303947002122,0.20556261738981957,0.21602169188747333
0.18837830186285257,0.20520427831739674,0.21650018940526747
0.18829307703171155,0.20509633312616532,0.2171182486990849
0.18822174982302875,0.2048210866218601,0.21751699663057997
0.18813497803934257,0.20495592446332653,0.21833442989014495
0.18806927375217133,0.20467225197320546,0.21869330302849055
0.18799507690818282,0.2042668749883749,0.21895248918396235
0.1879173106010249,0.20393639497386856,0.21939111190860697
0.1878313543386006,0.20390519646056934,0.22006898339214864
0.18776817850540556,0.20408012962144645,0.2209861036345874
0.18770362455680237,0.2042254813781457,0.22182347429072713
0.1876038532776177,0.2038998335436902,0.22224215961879698
0.1875447389244702,0.20373780654571977,0.22278046932631537
0.18745068577264307,0.20370235802783127,0.22355802779273082
0.18736748476687454,0.20381738831241739,0.22439539844887055
0.18727845761121692,0.20340482380127095,0.2246346472077676
0.18721130283746662,0.20295800496599373,0.22489383336323943
0.18716752775265982,0.20243793134355115,0.22515301951871125
0.18709529728055638,0.2025802762539535,0.22603026496800047
0.18702562590387967,0.20274289785377148,0.22694738521043922
0.1869331413101572,0.20246510141015167,0.22728632095221005
0.18687136858736178,0.20268045252553865,0.22824331598779832
0.1868067060392001,0.20230550602856284,0.22848256474669537
0.18673078824636102,0.20203068909692404,0.22890125007476525
0.1866729384019784,0.20171560888327544,0.22926012321311084
0.18658771110250288,0.202360346184107,0.23075542795621748
0.18652247873727845,0.20239733783995678,0.23161273600893195
0.18646326450887366,0.2028479638794825,0.2328887293897163
0.18640021180365607,0.2025119368901806,0.23338716430408518
0.1863609767309029,0.20248404347076074,0.23402516099447734
0.18629507155648733,0.20251096396938686,0.23476284466774328
0.18621817411712885,0.20262603061416892,0.23567996491018203
0.1861475716430826,0.20307613432453217,0.23691608349781684
0.1860742002325993,0.20300495715721514,0.23759395498135855
0.18600381980837233,0.2031756814129235,0.23853101262037202
0.18595783241311994,0.20280974949221395,0.23888988575871764
0.18587859460120185,0.20305776337771478,0.23990669298403014
0.18580554429374418,0.20291074282829982,0.24044500269154853
0.18577122307608082,0.20343560752210163,0.24178080826205714
0.18569836632509976,0.2031817193328761,0.24215961879697748
0.18563157957547394,0.20287945013513062,0.24245867974559882
0.18557391911969098,0.2027287853577371,0.24291723986681818
0.18551069651294752,0.20264755648452273,0.24355523655721037
0.18545361990489423,0.2026302729528536,0.24421317064417727
0.185393021147433,0.20265210865728753,0.24497079171401798
0.18533156900636769,0.2023915260370407,0.24532966485236357
0.185271615906515,0.2020761926628073,0.24566860059413442
0.18521335938194539,0.2020509297875472,0.24630659728452658
0.1851455318206239,0.20182004990459415,0.24672528261259644
0.1850942439585888,0.20176936462246509,0.24736327930298863
0.1850201669203796,0.2016245399568735,0.24794146380365653
0.18497790767855413,0.20161342472840144,0.24863927268377295
0.18491217344624997,0.20108625580195977,0.2487588970632215
0.18485126403473934,0.20110618046176604,0.2493769563570389
0.18479694832695398,0.20059957036134535,0.24947664333991268
0.1847467515169341,0.20013747462314369,0.24961620511593596
0.18472302058120693,0.2007969397513548,0.25117132204876685
0.1846724661190041,0.2011094157289084,0.25226787886037844
0.1845839722648394,0.2012710185581388,0.2532049364993919
0.18453231939472142,0.20142872947386722,0.2541021193452559
0.18446795178085368,0.20127649515404616,0.2546404290527743
0.18439027335398675,0.20090233128448587,0.25479992822537234
0.18431545565968366,0.20053279009637232,0.2551388639671432
0.1842442741821953,0.20040327622858572,0.2556173614849373
0.1841799994167605,0.20015280029936386,0.2559363598301334
0.18412541294963836,0.20035758706467663,0.25693322965887117
0.18406175886759912,0.20052410413856198,0.25783041250473515
0.1839887206245507,0.2002195627299997,0.25816934824650595
0.18391086861182684,0.20016652275811028,0.2588272823334729
0.18384100958520314,0.19986770858971203,0.2590465936957952
0.18376641020922668,0.19984967941835138,0.2597643399724864
0.18371227235746956,0.19975835066682981,0.26040233666287854
0.1836538684310628,0.19963705127032055,0.2610004585601212
0.18359409446955846,0.19962573028237585,0.2615985804573639
0.18353823484851856,0.19935959694063374,0.26191757880255995
0.18345281241599265,0.19905263476497473,0.26223657714775606
0.18340448909861232,0.19918803483300382,0.26313375999362004
0.18335550752844443,0.1992088202999263,0.26405088023605877
0.18329147510355487,0.19948998724968126,0.2651474370476703
0.18324059941609463,0.19913225613405147,0.26536674840999264
0.18318305185015982,0.1987674952997702,0.2655860597723149
0.18313837080366174,0.19886921589049247,0.2664832426181789
0.18308452111553442,0.19857187393298792,0.26668261658392645
0.18303419929458914,0.19859941074574716,0.2674402376537672
0.18294258166293043,0.19846099311730128,0.26789879777498654
0.18287387551725875,0.1985889769346334,0.26881591801742527
0.1828052912688006,0.19818456883509833,0.2690152919831728
0.18273721674109744,0.19779125289275565,0.26923460334549515
0.18268332281745428,0.19752311129934427,0.26965328867356503
0.18261762699874345,0.1973458031057891,0.2700919113982096
0.182542980024387,0.19701856856420538,0.2703510975536814
0.18250193310153837,0.19686055107039846,0.27078972027832604
0.18245763759642947,0.19650756020700222,0.2710289690372231
0.1824063361949873,0.19644221482218283,0.27168690312419
0.18233358915057987,0.19640880403686078,0.2723847120043065
0.18224258319409087,0.19634382393003083,0.27302270869469863
0.1821916491630199,0.19626742938863068,0.2736208305919413
0.18214452660062364,0.19650598973188818,0.27471738740355284
0.18206706814323723,0.19667140825035562,0.27565444504256637
0.18201310869948462,0.19644023050501036,0.27593356859461293
0.18193790243326005,0.19662006147918348,0.27673106445760315
0.18188131288602533,0.19665135994348287,0.2774886855274438
0.18182866285568314,0.196721542538197,0.2782662439938593
0.18177353612931013,0.19694669365721998,0.27932292601232134
0.18172915319021005,0.19699370416590714,0.28010048447873676
0.18167293168131363,0.1969847418989413,0.28081823075542794
0.18161504018328256,0.19671559325817614,0.2810973543074745
0.18155373359107752,0.19702136543948778,0.28221384851566084
0.1815004242524903,0.1970868798511504,0.28299140698207625
0.18144765999182147,0.19712904075043994,0.2836493410690432
0.1813764955594239,0.19684299279859566,0.2839284646210898
0.1813216058522942,0.19698891523741247,0.28486552226010325
0.18127175194796982,0.19680609620225306,0.2852642701915984
0.18122712967899943,0.19689360884717763,0.2861016408477381
0.18114390028123023,0.19731960738682255,0.2873776342285224
0.1810725003278871,0.19716252014091815,0.2878760691428913
0.18101817205279508,0.19709232613908872,0.28839444145383497
0.1809719588209633,0.19687950202506183,0.2888131267819048
0.18089436433254238,0.19682178110424123,0.28941124867914747
0.18083603369437978,0.19645562770562772,0.289530873058596
0.1807790165358417,0.19656931548261714,0.2903881811113105
0.18070751641023342,0.19625350140056022,0.29054768028390854
0.18067573987037883,0.19590191467920726,0.2906872420599318
0.18062389928057856,0.19584533940896603,0.29134517614689875
0.18057373341750427,0.1956893785431597,0.2918037362681181
0.18052534067400247,0.19536167715779365,0.29206292242358994
0.18045698397596832,0.19509112677930024,0.292381920768786
0.18040815993940687,0.19527247630929312,0.29333891580437427
0.18036456803058268,0.19518751986439242,0.2938572881153179
0.18031909397738635,0.1950981039836163,0.2943955978228363
0.18027729884029553,0.1950628023143938,0.29507346930637796
0.18024874115750156,0.1950808891227147,0.2957114659967701
0.18021512884439916,0.19493793791166977,0.296209900911139
0.18016340159110203,0.19503476450485133,0.2969675219809797
0.18012729090151994,0.19481418587943308,0.2973463325159001
0.18007157183832484,0.19481196636902823,0.2979643918097175
0.1800266459788245,0.19508166874739907,0.2990808860179038
0.17996796879938015,0.19503555301811387,0.29967900791514646
0.1799204674165484,0.1950455175271616,0.3002970672089639
0.17988328764669773,0.1947957983953281,0.3005961281575852
0.17982033650887674,0.19462421039061492,0.30099487608908027
0.17977799473513686,0.1944587363655073,0.30141356141715014
0.17972841867063113,0.19466618753048076,0.3024104312458879
0.17968528264434905,0.19457639271218774,0.30298861574655583
0.1796446492705069,0.19469603096536836,0.303865861195845
0.17960935670821895,0.19482853101224687,0.30480291883485855
0.1795711163029283,0.194661681862689,0.30520166676635363
0.1795205910323587,0.1944941325721535,0.305660226887573
0.17947516602045396,0.19460971719371092,0.30649759754371275
0.1794267816053318,0.19483357544369356,0.30751440476902525
0.17938499380861103,0.19479586693548387,0.3082122136491417
0.17933177353556004,0.19485973669982018,0.3089698347189824
0.17926829845434827,0.19461866532865027,0.30932870785732797
0.17921879097346832,0.1943644693688506,0.30956795661622505
0.1791518625913545,0.19423076923076923,0.31010626632374344
0.17908988055704417,0.19388314438769155,0.31028570289291624
0.17901715686105815,0.19372124829043888,0.31064457603126183
0.17898113255633777,0.19354678641872697,0.3110632613593317
0.17892988860944797,0.19355437567296624,0.31180094503259764
0.17888627784376532,0.1936886308898907,0.31265825308531214
0.17883434650389302,0.193687920538289,0.31335606196542853
0.17876342902546352,0.193547990508858,0.3138744342763722
0.17871219275487468,0.19356975503244564,0.3146121179496381
0.17866922560845824,0.19369330770831547,0.3154694260023526
0.17861479521167267,0.19369457406004936,0.3161472974858943
0.1785675058841518,0.19387904346342297,0.3171441673146321
0.17853501028809135,0.19379788398394746,0.31772235181529995
0.17847297205842214,0.19366581725518747,0.31820084933309406
0.1784357989668559,0.19359955441468493,0.318779033833762
0.17838496007612367,0.19326116896610046,0.31893853300636005
0.17832916120645156,0.1930431637328189,0.3192176565584066
0.17827478797472476,0.1930326833551864,0.3199354028350978
0.1782189628471805,0.1929479255427673,0.3205335247323404
0.17815797784728085,0.19262319621579546,0.3206930239049385
0.17811464550590464,0.1926629622990978,0.3214506449747792
0.1780674670873829,0.19237968073818862,0.3217297685268258
0.17803180075479474,0.1924477121850239,0.32250732699324125
0.17799266440401268,0.19262460522878921,0.32346432202882947
0.17792001171988275,0.19258302320620097,0.32396275694319837
0.17788918149617006,0.19287893479649032,0.3251988755308332
0.1778470134749642,0.19260404252557553,0.32543812428973024
0.17779192431060603,0.19235208215564348,0.3256374982554778
0.17774786126199074,0.19213009199967102,0.32601630879039817
0.1777087891923462,0.19175303662711626,0.3260761209801224
0.17768609109825467,0.19157648435214975,0.32647486891161753
0.17763686863476086,0.1918735628158887,0.3277309248958271
0.17760920183324902,0.19199813639275523,0.32864804513826584
0.17755584874734112,0.19187702754555075,0.32900691827661144
0.17750068992343138,0.19171182880551463,0.32936579141495703
0.17746702960546784,0.19154528402380566,0.3298243515361764
0.17741730690109034,0.19156211732630946,0.33060191000259187
0.17737592284265047,0.19182756037116017,0.33179815379707717
0.17730462676817269,0.19180335411442637,0.3324560878840441
0.17726098493427675,0.19157312398136034,0.3327750862292402
0.17722602803566975,0.19139846523880427,0.3331738341607353
0.17717993433847526,0.19127581989231948,0.3336124568853799
0.1771309125201756,0.19142407373608322,0.33456945192096815
0.1770891024266064,0.19143995446784293,0.3353071355942341
0.1770356757559696,0.19137555081088448,0.33596506968120105
0.17698121385669247,0.1913417951042611,0.33662300376816795
0.1769232385542725,0.19105723235590136,0.33684231513049023
0.17689244401174395,0.19108035804991477,0.3375002492174572
0.17684131361417996,0.19091882147484648,0.33783918495922804
0.17678355757342207,0.1910699829090582,0.33879617999481626
0.17673928221271573,0.19097592457489196,0.3392348027194609
0.17666667893279187,0.19074451638921874,0.33947405147835796
0.17661662669271602,0.1906161963958324,0.33995254899615207
0.17657776317118193,0.19045600571122612,0.34041110911737144
0.17651689890661107,0.19018773801305036,0.34053073349682
0.17646616495907994,0.19011947763267575,0.3410491058077636
0.17641908786876395,0.18996861031312046,0.3414677911358335
0.1763616595707809,0.18983039589053227,0.3418665390673286
0.17631218984576005,0.1897795701894923,0.3424447235679965
0.17627041256782405,0.1895551683832124,0.34272384712004306
0.17620317733651675,0.1892867360637338,0.34296309587894014
0.17615879015835065,0.1891811774005841,0.343541280379608
0.17611407991642,0.189369535204786,0.3445780250014953
0.17606023756885741,0.18975547876295876,0.3459537053651534
0.17601444762820967,0.1897772782330667,0.3467312638315689
0.1759624534467407,0.18951586558355293,0.3469904499870407
0.175910231093642,0.18944004869141814,0.34750882229798435
0.17586735016499333,0.1892950533294272,0.3478278206431804
0.17582871509719253,0.18936276208629355,0.3486053791095959
0.17579489200021226,0.18924849742724953,0.3490440018342405
0.17574021408681487,0.1893708859393547,0.3498813724903802
0.17568746098251367,0.18949806118052565,0.35075861793966945
0.17562464714345108,0.1891740771406144,0.35075861793966945
0.17559739345811085,0.18902497933595971,0.3510776162848655
0.17554798743413758,0.1889569763455605,0.35165580078553343
0.17549288669420454,0.1889438855688949,0.3523735470622246
0.175445876926826,0.18872172428510456,0.35263273321769645
0.17542133722421718,0.188853862702081,0.3535498534601352
0.17539058249630934,0.1888826287087138,0.3542476623402516
0.17533030100971692,0.18877675548905373,0.35466634766832145
0.1752747130967565,0.18885888271114643,0.3555435931176107
0.17521835596174726,0.18883698317409317,0.3562214646011524
0.17516163857238104,0.18849034708302564,0.3562214646011524
0.17511646932062133,0.18841739496683163,0.3567597743086708
0.17506341802085668,0.18851864695312254,0.3576768945511095
0.17502900978928213,0.18849062739297814,0.3582550790517774
0.17497175404607698,0.18865949160350098,0.35927188627708995
0.17493521659919084,0.1887892657846887,0.3601890065195287
0.17490365753813653,0.18877705345501955,0.3608469406064956
0.1748513571202864,0.188885881446626,0.36174412345235957
0.17480445697285107,0.18862689266006422,0.3618836852283829
0.17478341915494938,0.18868570361688225,0.3626811810913731
0.17473862585303854,0.18862963499720503,0.3632992403851905
0.17470409727708647,0.1883620734189509,0.3634786769543633
0.1746538303470446,0.1883999669926146,0.36415654843790496
0.17460954352403665,0.18816468141620252,0.36439579719680204
0.17456624208085722,0.18833624499023738,0.3653926670255398
0.17451949839626704,0.18833933499533204,0.3660107263193572
0.17446635614971884,0.1880535277314194,0.36619016288853
0.17442141578369136,0.18783028221561232,0.3663695994577028
0.1743776098375858,0.1879719965710087,0.3672269075104173
0.1743410646371258,0.1878775530993735,0.3677054050282114
0.1742924545727525,0.1879639610323578,0.3685228382877764
0.17425386880943333,0.18809439228622177,0.36947983332336465
0.1742187998823438,0.18800976726749546,0.36995833084115876
0.17415547653197494,0.1878014987712503,0.3702374543932053
0.17411386616177613,0.1876829588355238,0.3706960145144247
0.17407613926142967,0.18748173748324887,0.37097513806647126
0.1740358860078753,0.18752200195125876,0.37171282173973724
0.1739869616998025,0.1873826473748155,0.37207169487808284
0.1739287118529514,0.18727770040777886,0.37266981677532546
0.17387794959421035,0.18709806470970647,0.3729688777239468
0.17382362931192402,0.1869340814024299,0.3733277508622924
0.17377812296071773,0.18678438680232384,0.37370656139721276
0.1737397540077575,0.18666149516165925,0.37420499631158166
0.17369986601425877,0.18663198753139487,0.374823055605399
0.17367047768959423,0.18651155416385906,0.37526167833004365
0.17363028770900243,0.18643698859195204,0.3756803636581135
0.17359369495202118,0.18619096053008383,0.3759196124170106
0.17354115575378934,0.1861028976936724,0.376457922124529
0.17350396645059077,0.18623804463336877,0.377355104970393
0.1734608257944073,0.1861358323019194,0.3777937276950376
0.17342863503505557,0.18602781101064977,0.37821241302310743
0.17339226159736362,0.18574099634861432,0.37829216260940646
0.1733475590942066,0.18547575547370376,0.378491536575154
0.1732987064762552,0.18526790068072324,0.3787507227306258
0.17326898717000958,0.1852252146988374,0.37926909504156947
0.17322184392948817,0.18512073725551192,0.37966784297306455
0.17315051237807563,0.18509713354163837,0.38030583966345677
0.17310309902699966,0.18509510566758075,0.38084414937097516
0.17305929716309904,0.1849695328368314,0.3812827720956197
0.17302754923785413,0.18471848053841622,0.3814023964750683
0.17297888995256944,0.18453798035681584,0.38172139482026435
0.17290819580505337,0.184352327617728,0.3819805809757362
0.1728799278866197,0.1842949641670029,0.3824790158901051
0.172839182352565,0.18423172064660875,0.3830970751839225
0.17279087996114564,0.1841709817283856,0.3836353848914409
0.1727420801815204,0.18406601277851528,0.3842534441852583
0.17269854644972224,0.18411018968639786,0.385090814841398
0.17266520284958797,0.18397936751144398,0.38542975058316886
0.17260362753739308,0.18401923241383897,0.3861076220667105
0.17256204937293512,0.18373928219136504,0.3862272464461591
0.17252979789529307,0.18361742424242425,0.3865861195845047
0.17249936444995614,0.18360612335593188,0.3871443666885978
0.17246538783897258,0.1835129981687402,0.38760292680981717
0.17243244437363653,0.18332500965860368,0.38788205036186374
0.17240537267754816,0.1833781775076674,0.38861973403512967
0.17236161663729102,0.183492874655945,0.3894371672946947
0.1723144220684293,0.1833389595288999,0.389815977829615
0.17227133057133207,0.1832344074746756,0.3902147257611101
0.17223693644009833,0.1833350470653119,0.39103215902067506
0.17221885111845225,0.1832120194102277,0.3914309069521702
0.17218079231422864,0.1833833311595148,0.3924477141774827
0.1721541050598341,0.18321952853182502,0.39266702553980504
0.17211076864717922,0.18312436147487693,0.3931056482644496
0.1720739846165578,0.18307690880931846,0.39358414578224377
0.17201739891519535,0.18302438843725116,0.3941025180931874
0.17196166362795606,0.18280961182994454,0.3943617042486592
0.1719189415386,0.18288677295541778,0.39519907490479894
0.17188428868546773,0.18294098143236073,0.3960165081643639
0.17184726718937762,0.18289397464071278,0.39657475526845704
0.17181268413697945,0.18279046709753233,0.39697350319995217
0.17178672711311152,0.18302695966130894,0.39820962178758695
0.17175284462515794,0.18297257241139553,0.39874793149510535
0.17171931277366487,0.18288339300065756,0.39924636640947425
0.17167667447888796,0.18293806019822925,0.4000039874793149
0.17164675139948143,0.18286676680777458,0.4004824849971091
0.1716109632216488,0.1827154659226204,0.40082142073887994
0.17157201215812692,0.18257871336539333,0.40118029387722554
0.171540112471033,0.18264902221859913,0.40203760192994
0.17149744968571987,0.1825135623869801,0.40245628725800986
0.17143517015806595,0.18244505618484588,0.403014534362103
0.17140502068382593,0.18249148541257457,0.4038120302250932
0.17136047547787442,0.18264413000260868,0.40480890005383097
0.17131870144359856,0.18253725983120847,0.40534720976134936
0.17126324834202142,0.18261430761094627,0.40618458041748906
0.1712291939394412,0.18250409472921086,0.40654345355583466
0.17118345754849662,0.1825054960767842,0.4071615128496521
0.17114165495374428,0.1823526787705759,0.4075004485914229
0.17110812801918468,0.182345343606645,0.4081384452818151
0.17107260663038965,0.1822596568623091,0.40855713060988497
0.17102680575980625,0.18205952338672443,0.4088163167653568
0.17098761070824367,0.18179239429128624,0.408876128955081
0.17094541730987065,0.18164923272978284,0.4092350020934266
0.17089512390299755,0.18144951096896178,0.40945431345574895
0.17084844163560084,0.1813385562790041,0.4097932491975198
0.17080975015072739,0.18108953186242127,0.4099128735769683
0.17077104690115982,0.1810394864128045,0.41043124588791197
0.1707306747134171,0.18106847702941253,0.4110493051817294
0.17068483667016324,0.18123388808024832,0.4120860498036166
0.17063393776864266,0.18115440848165432,0.412544609924836
0.17059024012009485,0.18106499567394668,0.41306298223577964
0.17056642901214733,0.18114392914794294,0.4139003528919194
0.17051183677612525,0.18109982401421826,0.4144386625994378
0.17047356265462277,0.18084801043705154,0.4145582869788863
0.17043550104540378,0.18072456592924582,0.41483741053093287
0.1704094813029058,0.18064409808054263,0.41523615846242795
0.17036957676003747,0.18057119104937738,0.41573459337679686
0.17033077501064672,0.18064069862954477,0.4165320892397871
0.17029894568398654,0.18062655429676705,0.4170504615507307
0.17024494379134542,0.18060751288637578,0.4177482704308471
0.1701996238564024,0.1806112439985545,0.41850589150068784
0.17016624400132127,0.18049744404828386,0.41886476463903344
0.17012214281849264,0.18039158487198848,0.41918376298422955
0.17009707360492698,0.18022857338679277,0.4194230117431266
0.17005947550728562,0.1803587160122138,0.42041988157186433
0.17002474861047392,0.1802528185855825,0.4207588173136352
0.16998532442617803,0.18005235468165112,0.42099806607253226
0.16995610137477832,0.1801866230758752,0.4219550611081205
0.16992294838194855,0.18006171212906846,0.42233387164304087
0.16989215437749397,0.1799981328874895,0.42285224395398446
0.16985382450981643,0.17991848079383777,0.4233108040752039
0.16981451907357856,0.17998273790383998,0.42406842514504456
0.1697711377731815,0.17976578738361187,0.42418804952449307
0.16972601304013477,0.1797671279109011,0.42478617142173575
0.16969047748946983,0.17954809685083153,0.42490579580118426
0.16966116068702092,0.17933232961283865,0.42508523237035706
0.16961450249054927,0.1792940109350198,0.42562354207787545
0.16957984051170436,0.17912337635111905,0.4258827282333473
0.1695423189520498,0.1790016491289753,0.4263213509579919
0.16950319170467576,0.17891552673580066,0.42687959806208503
0.16944179227284034,0.17912265772304817,0.42805590445999564
0.16937697445948172,0.17923601046195878,0.42901289949558385
0.1693466721837431,0.17932807080293792,0.4298303327551488
0.16930525396865845,0.17916770495888362,0.43004964411747115
0.1692596718589601,0.17907204352802614,0.43044839204896623
0.16921994294881929,0.1790975563302722,0.43120601311880696
0.169190896091758,0.179140515822811,0.43192375939549815
0.16915621519574997,0.17906320169066173,0.43246206910301654
0.16912844644937466,0.17892324559595743,0.4327411926550631
0.1690902680577916,0.17890327306245732,0.43339912674203
0.16905432250030478,0.17870791180072157,0.43353868851805333
0.1690064966811393,0.17881001231021748,0.4343959965707678
0.16897307295725283,0.17884273410418836,0.43511374284745896
0.168926892816586,0.1790565975973027,0.4362302370556453
0.1688858598106971,0.17900336678325107,0.43672867197001414
0.16884905220362179,0.17901058283084606,0.43740654345355584
0.16881719987785787,0.1790294457933417,0.4380844149370975
0.16878846225138627,0.17932925440166628,0.4394401579041809
0.1687516439286049,0.1791624355172834,0.43969934405965266
0.16871619601120022,0.17926502798734487,0.4405765895089419
0.1686748876283891,0.17923313107091066,0.44109496181988556
0.16863428375494294,0.17932830750315462,0.4420120820623243
0.16860737375930723,0.1794024763550896,0.44284945271846404
0.16855253777263804,0.1793374363772757,0.44326813804653387
0.16852117949638276,0.1792794026436402,0.44374663556432803
0.1684648258622276,0.1791986099156135,0.44412544609924837
0.1684324520506864,0.1790020806722419,0.4442450704786969
0.16837075195755566,0.17884933177172746,0.4445042566341687
0.16831778956930235,0.17867497477134026,0.44478338018621527
0.16828743009067126,0.1786913825091165,0.44550112646290646
0.16825640341820094,0.17865584871909537,0.44603943617042485
0.16821470273427633,0.1785292804286808,0.4463783719121957
0.16815403282252586,0.17864224566991838,0.44725561736148495
0.16811805823348863,0.17859443468026054,0.44773411487927905
0.16807498632553172,0.17845342483161775,0.4479534262416014
0.16802712651206142,0.1782527659911964,0.44809298801762465
0.16798189088163723,0.17819610203451308,0.4486113603285683
0.16796039653241665,0.1780703835508106,0.4489303586737644
0.16792940412893326,0.17795833925553925,0.4493291066052595
0.1678968325592634,0.17795400975932774,0.4500667902785254
0.16784861141701563,0.17810192546877213,0.451083597503838
0.16781148601733778,0.17827416274335658,0.452220029108599
0.16776704993144653,0.17819326378913825,0.4526187770400941
0.16772677042793455,0.17811128526645767,0.453117211954463
0.16769730679497521,0.1780725437257894,0.4536754590585561
0.16766674352470481,0.17791252842396443,0.45393464521402793
0.16761866981385187,0.17798587537555113,0.45473214107701815
0.16757970323701638,0.17774729770801997,0.45473214107701815
0.1675497678479809,0.17774525981506273,0.4552903881811113
0.16750955374129134,0.17783529192314868,0.4561875710269753
0.1674494410216397,0.17782210803300447,0.45674581813106846
0.16740153265583824,0.1777829457364341,0.4572442530454373
0.16738014170827262,0.17763672252970547,0.4575233765974839
0.1673304625130075,0.17743543761739494,0.4576629383735072
0.1672935147587775,0.1773559855811907,0.4581015610981518
0.16725397337813605,0.17731218105853877,0.45859999601252066
0.16720416448823266,0.1771279911947846,0.458819307374843
0.16716662131907123,0.17688246009115435,0.45883924477141774
0.16713284980651846,0.17695182692381486,0.45969655282413224
0.16708973571658972,0.17690474183189375,0.4601949877385011
0.16704764269927586,0.17686585440519195,0.46075323484259423
0.16699814028910942,0.17685629566227493,0.46139123153298645
0.16696842542249493,0.17697872470315315,0.4623881013617242
0.1669337417442549,0.17680227374901894,0.4626074127240465
0.16690175239667515,0.1767865838811785,0.4632254720178639
0.16685674172144493,0.17666724920028265,0.46356440775963476
0.16682404591414982,0.17643532500645004,0.46356440775963476
0.16677947431500117,0.17624413643631734,0.46368403213908327
0.16673351559009592,0.17625599806245554,0.4643020914329007
0.166695480980255,0.17638788098693758,0.4652192116753394
0.16667022800185466,0.17639642768169225,0.4658572083657316
0.16663216028985922,0.1764120427967156,0.466475267659549
0.16659207042594595,0.1765591705506321,0.4675120122814363
0.16654305159542684,0.17641486026210723,0.46779113583348286
0.16651582420894767,0.1764167092104868,0.4684889447135993
0.16646983064751178,0.1763175065059735,0.46872819347249634
0.16643960073369954,0.1763260597616426,0.46930637797316427
0.16641787945472902,0.1761902624412724,0.46954562673206135
0.16637581728351453,0.17599462064328142,0.4696453137149351
0.166347160295672,0.17598071771298943,0.4701836234224535
0.16631262119452098,0.17579158376368365,0.47032318519847677
0.1662735909891039,0.1756059805461081,0.47044280957792534
0.16624641202594953,0.17544876797859293,0.47060230875052333
0.16620556130485778,0.17534313689102016,0.4709412444922942
0.16617649944751947,0.1751886498747276,0.471200430647766
0.16612791878771893,0.17507976341172726,0.47153936638953686
0.16609333077077845,0.17500147867747087,0.4719181769244572
0.16606430725008126,0.17494554181281152,0.4723567996491018
0.1660155661998523,0.1747568520170775,0.4725162988216999
0.1659705540138498,0.17463917525773195,0.47283529716689593
0.16593833810480246,0.17453149363066695,0.4731144207189425
0.1659012003000218,0.17471542924285818,0.4743306019100026
0.16586625240538067,0.17483445651137722,0.4753474091353151
0.16581612601629436,0.1748081204593391,0.4758857188428335
0.1657708345041831,0.17462023974080493,0.4760252806188568
0.16573119301184147,0.17460781163273056,0.47666327730924896
0.16567850518706745,0.17448494222014707,0.47684271387842175
0.16563570841123537,0.17461022876293167,0.4778395837071595
0.16560068065003808,0.17455050824765522,0.47827820643180413
0.16557267012224938,0.17442113984214888,0.47849751779412647
0.1655350798843412,0.174241214637191,0.47865701696672447
0.1655009638900198,0.17421650769721392,0.4792352014673924
0.16546737967011937,0.17420223352899028,0.47987319815778456
0.1654411703026213,0.1741367969873727,0.48033175827900393
0.16541052025162256,0.17406779049200446,0.48071056881392427
0.16537643293777582,0.1739494101698826,0.4809697549693961
0.1653151977768432,0.17395624810979737,0.4816476264529378
0.16528543542153984,0.17372482183821256,0.4816476264529378
0.16524178158703953,0.1736960050565268,0.48214606136730664
0.16518456086169514,0.1736906666284083,0.4827441832645493
0.16514958094218926,0.1736174298057703,0.4831429311960444
0.16512823341300562,0.1733925786001517,0.4831429311960444
0.16508456019449702,0.1732130990575138,0.48330243036864245
0.1650507267578881,0.17312591429692797,0.4837011783001376
0.1649974289707224,0.17323289194235786,0.4846182985425763
0.16495683412624193,0.17325816463084764,0.4852762326295432
0.16493070894122824,0.17306065581927652,0.4853958570089918
0.16487709636843648,0.17309781258209028,0.4860936658891082
0.16484003741240477,0.17295775846177844,0.48637278944115475
0.1648122822085591,0.1731358926965377,0.4874294714596168
0.16478414565058525,0.1729730112028969,0.4876089080287896
0.16475686551980942,0.17290168543294293,0.4880076559602847
0.16473135622934162,0.17296458303936785,0.48878521442670014
0.1646816764036082,0.17301742788885052,0.4894830233068166
0.16464815024196613,0.17288417140604764,0.48970233466913893
0.16461032482986304,0.1728261404458442,0.4901409573937835
0.164574451828473,0.1727948662140435,0.4906792671013019
0.16453398085242532,0.17300086949204835,0.491895448292362
0.1644907499537744,0.1729359115325625,0.49231413362043186
0.16445330521758417,0.17299150082193698,0.4930518172936978
0.16441662175438373,0.172837608390338,0.4931714416731463
0.16437006419864067,0.1728075379514919,0.49363000179436567
0.1643359332669552,0.17272771631917577,0.4940287497258608
0.16428742024872203,0.17264213348187862,0.4943278106744821
0.16426327479952996,0.17265046417023053,0.4950056821580238
0.16421896673716094,0.17271104380986782,0.495723428434715
0.16418521610090284,0.1728118431367108,0.4966604860737285
0.1641586317538641,0.17265583857645722,0.49678011045317705
0.16413447428456313,0.17250830564784053,0.4969196722292003
0.1640971788692472,0.1725987997455682,0.4977171680921905
0.16406378507985228,0.17251094507437126,0.4980760412305361
0.16403287539318945,0.17247848157139703,0.49859441354147976
0.16399285763233112,0.17269577078611434,0.49979065733596506
0.16395872108306278,0.17266385039835977,0.5003489044400582
0.1639131478146391,0.1725583440996179,0.5006280279921048
0.16389579071298271,0.17263248930956612,0.5014454612516698
0.16385899598076667,0.17267548279620756,0.5021831449249357
0.16383969430675202,0.17276723358803714,0.5030803277707997
0.1638209804316258,0.1726998543280969,0.5034591383057201
0.16377631208692048,0.1727487601273346,0.5041768845824113
0.16373946661324557,0.17257047730808067,0.5042965089618597
0.16370225080050532,0.1724278937898697,0.5044161333413083
0.1636660444792404,0.17243374609420206,0.5050142552385509
0.16364106617625485,0.17235001733903596,0.5053531909803218
0.16360992973915692,0.17221426097350603,0.5055525649460694
0.163560655374904,0.17214082214082213,0.5059513128775645
0.16351492081850327,0.17195894448020055,0.5060509998604382
0.16347214120096687,0.17188758281394861,0.5064098729987838
0.16342346960475393,0.17194934039792387,0.5072671810514983
0.16335767036009954,0.1718246923746718,0.5075263672069701
0.16331222495099948,0.17176524517668632,0.5080048647247642
0.16327956058573045,0.17171594764905476,0.5085232370357079
0.1632388957309798,0.17169788487138457,0.5091612337261
0.1631967085666212,0.1717837140900117,0.5100185417788146
0.1631494275919004,0.17187300863289084,0.5108559124349542
0.163103540747162,0.1717386934673367,0.5110353490041271
0.16306461778912662,0.17179396235001237,0.5118129074705425
0.16302277144880703,0.17181014257354268,0.5124708415575094
0.16297188004068577,0.1718875180259574,0.5133082122136492
0.16294604761795448,0.17165945473820365,0.5133082122136492
0.16290578834168828,0.17156480797021822,0.5136272105588452
0.16285884415843294,0.1713536955249295,0.5136272105588452
0.16280315553349012,0.1713357559008563,0.5142053950595131
0.1627570343502669,0.17132618865921231,0.5147437047670316
0.16271454434741464,0.17131418647966115,0.5153019518711247
0.16267068863126868,0.1713678439473998,0.5159997607512411
0.1626387743222387,0.1712215088176366,0.5162589469067129
0.1626072508692825,0.17128648134572327,0.5170763801662779
0.16257146328563174,0.17130417573718584,0.5177343142532448
0.16254201936493728,0.17124709262102275,0.5181729369778895
0.162521454505364,0.17138964039574242,0.5191099946169029
0.1624733452937865,0.17139870071802424,0.5197081165141456
0.16243456783766508,0.17142594441233647,0.520405925394262
0.16241262548667193,0.1714236983488694,0.5210040472915046
0.16238738844245806,0.1713961853717985,0.5215423569990231
0.1623489482375048,0.1713924862413538,0.5221803536894153
0.16229503996986408,0.17126067887233723,0.5223797276551628
0.1622540288185073,0.17124334064556565,0.522937974759256
0.1622247448705813,0.17114914425427874,0.5233566600873258
0.16218068806298733,0.1709451803227445,0.5233566600873258
0.16213641547142338,0.1707981813096392,0.5235161592599238
0.16210050058217124,0.17063265146986198,0.5235360966564986
0.16205997630339666,0.17053981772388543,0.5237952828119704
0.16203561222905272,0.17038256821850667,0.5239747193811433
0.16198836724269644,0.17035617396258912,0.5245728412783859
0.16194900914386512,0.170258314038469,0.5248519648304324
0.16190021300627105,0.17015970642960512,0.5251111509859042
0.1618582705126294,0.17005375893024247,0.5253503997448014
0.16183115555530386,0.17002404419490624,0.525868772055745
0.16179896409528124,0.17003837436901206,0.5265267061427119
0.1617627289882844,0.1699617962207844,0.5268656418844827
0.16172650436326275,0.16994089682641655,0.5274039515920012
0.16168012273356835,0.1700069951162537,0.5281615726618418
0.16164458305522914,0.1698173682827234,0.5281615726618418
0.16162622308973745,0.16962490555406148,0.5281615726618418
0.1616003601818044,0.16950355970908254,0.5283210718344399
0.16157157117714213,0.1693863729298712,0.5285603205933369
0.16152778482625033,0.16933219309218084,0.5289989433179816
0.16149001115736328,0.16936974843489017,0.5296768148015232
0.16145556694785276,0.16934795623320215,0.5301353749227425
0.16141851673117277,0.16930769279702798,0.5306338098371115
0.1613857173401217,0.16924005591561825,0.5310325577686066
0.16135380122936752,0.16924258484661914,0.5316107422692745
0.1613209463243328,0.16918277674569007,0.5319895528041948
0.16126913944286803,0.169187408955602,0.5325876747014375
0.16124422765268187,0.16911183232426755,0.5329465478397831
0.1612157192144185,0.16899325720568997,0.5331658592021054
0.1611750613223731,0.16899470431923044,0.5338038558924976
0.16114065746042963,0.16891951530129748,0.534182666427418
0.1611088530354323,0.16882977852505368,0.5345216021691888
0.16107262015126636,0.1688305152979066,0.5351197240664314
0.16103154448829282,0.1687862869781587,0.5355583467910761
0.16097351251039216,0.16870260633756842,0.5358175329465479
0.16093412920616887,0.16870023198946643,0.5364355922403653
0.16089548557668934,0.1687979859971694,0.5373925872759535
0.16086124765074059,0.1686955760184166,0.5376517734314253
0.16081717573046345,0.16856951813176857,0.5378112726040234
0.16078137891433278,0.16856661256086902,0.538329644914967
0.16075203017013165,0.16846273776114748,0.5385688936738641
0.16072190741405243,0.1687048723811185,0.5399046992443727
0.16067134723273796,0.16881993453069963,0.5408417568833862
0.1606502728072724,0.16873446046742913,0.5412205674183065
0.16062200332183454,0.16864223134286654,0.5414996909703531
0.16058398568247426,0.16855214845688202,0.5418186893155492
0.16053747514076108,0.16844576887572718,0.542077875471021
0.16050214760050743,0.16834287482593224,0.5422971868333433
0.16048266143211132,0.16839170005440965,0.5429949957134598
0.16044914105169245,0.168381462908525,0.5435931176107024
0.16041723579811037,0.16828904187331903,0.5439121159558985
0.16038490163499586,0.16833659925315192,0.5446497996291644
0.16034126665971798,0.16837582636743034,0.5453675459058556
0.16030352064949024,0.16847231274363925,0.5462846661482944
0.16027103031813986,0.16832400759162464,0.5463843531311682
0.16023457896657445,0.1684611562034123,0.547460972546205
0.16020269941524987,0.16830469841425455,0.5476404091153777
0.16016488798646206,0.1682631395327486,0.5480989692365971
0.16014033592727242,0.16833372054633716,0.5489363398927368
0.160110068658546,0.16828423617940058,0.5493151504276571
0.1600787007437742,0.16827436409007987,0.5498733975317504
0.1600482218374834,0.16819924072076683,0.5503120202563949
0.16001595892545975,0.16805761001235717,0.5504316446358435
0.15998804164181848,0.16793846715106558,0.5506708933947405
0.1599580319488385,0.1679666144257754,0.5512889526885579
0.1599292920318076,0.16791572355286394,0.551687700620053
0.15989338024799432,0.16800834101159012,0.552584883465917
0.1598598609088659,0.16787485692483786,0.552664633052216
0.15982382296070147,0.16781706542451832,0.5530833183802859
0.15978881776664913,0.16769300498564738,0.553242817552884
0.15974085156266987,0.16762946463603823,0.5536615028809538
0.1596948976202347,0.16744954504615867,0.5536615028809538
0.15966011262298094,0.16746575755020418,0.5543194369679207
0.15961914232202634,0.16732046592221794,0.554458998743944
0.15959268064388804,0.16722663316884945,0.5547181848994158
0.15955930076301678,0.16718998589139375,0.5552166198137847
0.15950885882724267,0.16701841903300077,0.5553761189863827
0.15947299025509246,0.16709988860007427,0.556253364435672
0.15943773125559604,0.1669607978032891,0.5564328010048448
0.1593942984618,0.166985360023902,0.557150547281536
0.15936346621662192,0.16687358242807687,0.5574097334370078
0.15933116564908814,0.1667710066121714,0.5576689195924797
0.15930357004968046,0.16664284267829277,0.5578284187650776
0.15926602615814894,0.1665427155410913,0.5580876049205494
0.15922006035948,0.16659138992559488,0.5588851007835397
0.159178878089798,0.16668051960388516,0.5597424088362541
0.15914083269248694,0.16664887370556208,0.5602009689574735
0.15911404848719257,0.16650077023343998,0.5602807185437726
0.1590689308282604,0.1664525753118137,0.5606196542855434
0.15902259568171234,0.166481365394396,0.5612576509759356
0.15898934728596428,0.16648845987984334,0.5618956476663277
0.15894987599058896,0.16652307329163224,0.5626133939430189
0.15891119095170259,0.16655760126869587,0.5632713280299858
0.15888388066710404,0.16651255926264025,0.5636900133580557
0.15885101105550148,0.1665362599349339,0.5643878222381722
0.15882072542929787,0.16640417479607908,0.5645473214107701
0.15879565558070904,0.16633499462867407,0.5649261319456905
0.15876073267024676,0.1662942566755224,0.5653248798771856
0.15871235759894797,0.16632005670734207,0.5660426261538768
0.15867723357428323,0.1664276977638363,0.5669796837928903
0.1586352117159747,0.16638997357775856,0.567498056103834
0.15859863530273074,0.16640679292442637,0.5681161153976514
0.1585553428712573,0.16662583129156458,0.5694718583647347
0.15851411860368492,0.16646657730636982,0.5694917957613095
0.15846984583774887,0.16647744144207088,0.5700699802619774
0.15842548447400828,0.1665425779432294,0.5708475387283929
0.15838464232323834,0.16641878623798845,0.5711067248838647
0.15834515255732334,0.16636289760854422,0.5714257232290607
0.15830523333957822,0.16616902731315333,0.5714257232290607
0.15828464706434492,0.16608068580034174,0.5716649719879578
0.1582455502894139,0.16616913695951496,0.5726618418166955
0.1582169411060308,0.1661676819752858,0.573200151524214
0.15818229034461173,0.1661211271020592,0.5737185238351576
0.1581444083080172,0.16617547825986653,0.5744562075084235
0.1581123094387935,0.16606167461799073,0.5746157066810216
0.15807527193291307,0.1660546551247813,0.5752138285782642
0.1580328276870951,0.16596429700750281,0.5755328269234603
0.15800244423628543,0.1658635760600509,0.5757920130789321
0.157965555772229,0.16583955341621678,0.5763103853898758
0.15791670441424174,0.16578603520997617,0.5767689455110951
0.15788514537326848,0.16581571325541195,0.5775664413740854
0.1578501847203108,0.16568893158141504,0.5777458779432582
0.15781517715950127,0.16557853670796419,0.5779452519090057
0.1577801268604118,0.16554541771516282,0.5784237494267999
0.1577391663645678,0.16555494743563431,0.5789620591343182
0.1577034234295077,0.16553519153443974,0.5794804314452618
0.15766181602155466,0.16546148638269548,0.5798393045836074
0.15762384967849882,0.16535097440793847,0.5800586159459298
0.1575815757780584,0.1652622254525632,0.5802579899116773
0.1575308437547016,0.16522858909557117,0.580696612636322
0.1574895599244577,0.16512810050832186,0.5809557987917938
0.1574606158494173,0.16507223077619781,0.5813944215164384
0.1574319692370219,0.1649618609805884,0.5816536076719102
0.1573934534535272,0.164887427841981,0.5820124808102558
0.15735200469139526,0.16479020288382856,0.5821719799828539
0.15730210245361045,0.1647026984359671,0.5824112287417509
0.15725718430673205,0.16474219603690476,0.5831289750184421
0.15722807052184415,0.16485940498230253,0.5841059074506051
0.15718786623092731,0.16482466298640702,0.5845644675718245
0.1571500648832515,0.16472524263120059,0.5847439041409973
0.15710260468686627,0.16470476019480665,0.585262276451941
0.15706612989234284,0.16460421010155357,0.5855613374005623
0.15703056871142404,0.16461960476963555,0.5862790836772535
0.15699689265387068,0.16452935287768375,0.5865382698327253
0.15696341713410097,0.16445067652875386,0.5868971429710709
0.15693377091630734,0.16438692539079286,0.5872759535059912
0.15690283332135535,0.16424075860031329,0.5873955778854397
0.15686009377580287,0.1641439454691259,0.5876547640409115
0.1568198745718277,0.1640259032189868,0.5878142632135096
0.1567591917112286,0.1639961094900653,0.5882927607313037
0.156727580381881,0.1639992228051184,0.5889905696114202
0.15670090073863815,0.16396752151921198,0.5894291923360647
0.15665776735681913,0.1639293392734446,0.5898279402675599
0.15661580331186115,0.16381944598215276,0.5900073768367327
0.15657340323946542,0.16374828547409406,0.5902865003887793
0.15653918456158364,0.16366017116305795,0.5905855613374006
0.15650761231169713,0.16365161532433417,0.5912235580277927
0.15646097328409792,0.16358594684586844,0.5916223059592879
0.15641297885167954,0.16359010507302243,0.59226030264968
0.15638621378137527,0.16352512681697642,0.5925793009948761
0.15634380201917492,0.16353172683699047,0.593157485495544
0.1563067071713994,0.1635990247973819,0.5940147935482585
0.1562697213294379,0.16348685654101022,0.5941942301174312
0.1562276183001936,0.16339246083282644,0.5944733536694778
0.15618568706397404,0.16330977395036653,0.5947325398249497
0.15615312252696234,0.1632961178060161,0.5951711625495942
0.1561080842009711,0.1632789106725242,0.595769284446837
0.15607103330054914,0.16314511066837695,0.5959088462228602
0.15603394252311972,0.1629968918697857,0.5959686584125845
0.1559865720316111,0.16308575662159658,0.5968658412584484
0.1559461277978479,0.1630645977674611,0.5973443387762426
0.15590160910541095,0.162946853336958,0.5975237753454153
0.15586985691375912,0.16309660880710825,0.5987200191399007
0.15582038174485932,0.1631410760692061,0.599517515002891
0.15576529819719465,0.16313290624695131,0.6000956995035588
0.15572793544405347,0.16308408684823217,0.6005143848316287
0.15569174467992633,0.16309816183232534,0.6011125067288714
0.1556655840411403,0.1630982231637197,0.6017305660226887
0.1556288180532544,0.16298615421985913,0.6019897521781605
0.15560015840705826,0.16294031363920705,0.6024084375062304
0.15555728766968152,0.16282114132103628,0.6025878740754033
0.15551401060247405,0.16282824803414478,0.6031660585760711
0.15547183825604055,0.16291887125220458,0.6040831788185099
0.15544439129387286,0.1628490389677364,0.6044021771637059
0.15541124896737715,0.16291522913726775,0.6053591721992942
0.15537891813038482,0.16279755364139728,0.605538608768467
0.15534346293821844,0.16271859840006853,0.6058775445102379
0.15529929042744,0.1626529869907566,0.6062364176485835
0.1552690545863359,0.16257013091103392,0.6065952907869291
0.1552312919085002,0.1625381707916035,0.6070139761149989
0.15518167564485408,0.16244020287026223,0.6072731622704707
0.15514654191967903,0.1623791813638253,0.6075921606156668
0.15511164174542563,0.1623320629378074,0.6080307833403115
0.15505716615283316,0.16230658797256342,0.6085890304444046
0.1550168026204031,0.16222317838228342,0.6088681539964511
0.15498154933182953,0.16227532517154092,0.6096656498594414
0.1549428037044999,0.16226131026220086,0.6102438343601092
0.15489192150486203,0.16227582334932894,0.6108419562573519
0.1548543305638796,0.1622625535742632,0.6114002033614451
0.15481828609597867,0.162307179937198,0.6121378870347111
0.15478977384650702,0.16231132424239222,0.6127360089319537
0.15474868207825232,0.1622291871128418,0.6129951950874255
0.15471663251840764,0.16221374045801526,0.6134736926052196
0.1546934026418725,0.1621906321926863,0.6139521901230137
0.1546581017135513,0.16229969740823577,0.6148892477620272
0.15462377188369547,0.1623596450649733,0.6157864306078912
0.15457368783515463,0.16240689966699232,0.6164643020914329
0.1545312643240368,0.16247205633861944,0.6172817353509978
0.1544963207222696,0.16246369365307384,0.6178200450585163
0.15444420380301674,0.162385686301212,0.6181191060071376
0.1544000888518148,0.1623799680787043,0.6186574157146559
0.15436511102786699,0.1623031722465026,0.618976414059852
0.15432333771937623,0.16234580151874406,0.6197539725262675
0.15428810284851718,0.16231289748686564,0.6202723448372112
0.15424771910566054,0.16232767831548223,0.6209502163207529
0.15420623713977025,0.16224660358985843,0.6212094024762247
0.1541698995690814,0.162313306663476,0.6220667105289391
0.15411982764651744,0.16226273882039874,0.6224455210638595
0.15406942754326453,0.1622358377901241,0.6229439559782284
0.1540377900720439,0.16216833095577746,0.6232828917199992
0.15401350819184678,0.16217238752209134,0.6238610762206671
0.15397758100893208,0.16210646230323114,0.6241601371692884
0.15393435331400182,0.16216929164403754,0.625097194808302
0.15389241594538844,0.1622240367124194,0.6258548158781426
0.1538620829897475,0.1622401817759302,0.6263731881890863
0.15383555282765046,0.16213050724151631,0.6264928125685348
0.15380454145605968,0.16203049767504202,0.6266523117411329
0.15376847922833972,0.16211316712416246,0.6275893693801463
0.1537279119734062,0.16202140798682585,0.6277089937595949
0.15368753030329685,0.16210866200840132,0.6286061766054588
0.1536505134204003,0.16200721264987825,0.6287457383814822
0.15361535886536054,0.16195021811649987,0.6291444863129773
0.1535763660872506,0.16193738270794664,0.6296628586239209
0.15353726613805935,0.1619330116087255,0.6302011683314392
0.15349887859008712,0.16191607081620848,0.6307195406423829
0.15346986899111306,0.16181794011780104,0.6309986641944295
0.15342333716374362,0.16174795273539072,0.6312578503499013
0.153373760309709,0.1618038082892299,0.632095221006041
0.1533282491991038,0.16167750159337158,0.6321949079889148
0.15329709673700437,0.16166694683435975,0.632753155093008
0.15325416826718627,0.1616000732764762,0.6331519030245031
0.15320753546304058,0.161572407622069,0.6336104631457224
0.15316163298687557,0.16162411484420242,0.6343481468189883
0.15312558958037575,0.16172283769862011,0.6353450166477261
0.15308475150365528,0.16167485536676757,0.6357238271826465
0.1530422503041082,0.16163703591146228,0.6362421994935902
0.15300731347092428,0.1615671906154796,0.6365213230456367
0.1529669978425496,0.16162908281929417,0.6373387563052016
0.15293365365121367,0.16161621263935264,0.6378970034092948
0.15289044294472687,0.16159052026505308,0.638375500927089
0.15284469387998958,0.1616227826911247,0.6390733098072053
0.15280495887874482,0.16145426704880297,0.6390733098072053
0.15276664843636573,0.16156044929344981,0.6400701796359431
0.1527299859072548,0.16156654130045656,0.6406483641366111
0.15269658414677437,0.16144279356659935,0.6408078633092091
0.15266732732517602,0.16141951608774863,0.6412464860338537
0.15263574315886286,0.1614548335656761,0.6419243575173954
0.15258661518642536,0.16145436690849332,0.6424826046214885
0.15255685791708648,0.1615708064273915,0.6435193492433758
0.15251650536400466,0.1614548691507929,0.6436788484159739
0.1524822929508122,0.16148131123624138,0.6443766572960903
0.1524569570264607,0.16135376628562872,0.6444564068823893
0.15241656188405356,0.16137768002752967,0.645134278365931
0.15237959300581275,0.16138452032131395,0.6456925254700241
0.15232938713438995,0.161362912219213,0.6462108977809677
0.15229658450066222,0.16152813012983136,0.6474071415754531
0.15226458901472792,0.1614434239821883,0.6476663277309249
0.15222304068538745,0.1614136669033703,0.64806507566242
0.1521866352815026,0.16140427474250332,0.6486033853699384
0.15214838701493996,0.16132645979974225,0.648882508921985
0.152116955843252,0.1613328182727642,0.6494806308192276
0.15208405390590354,0.16124739013843398,0.649779691767849
0.15205197506735194,0.16121377510159285,0.6501585023027693
0.15200802147161083,0.1611217316992447,0.6502980640787925
0.1519767815969603,0.1610682275832116,0.6506569372171381
0.1519336136894401,0.1611018240454458,0.6513547460972546
0.15190429105408998,0.16110040940195783,0.6519528679944973
0.15186611847368445,0.16101611490111534,0.6522120541499691
0.15183428187986897,0.16098110386480557,0.6525709272883147
0.15179405144335537,0.16084187559582896,0.6525709272883147
0.15175713785475442,0.16085299865460723,0.6531291743924078
0.15173168378703755,0.16085768527012376,0.6537671710828
0.15168188414628062,0.16084601622429723,0.6542456686005942
0.15164046869202052,0.1608347086796186,0.6547640409115377
0.15161527916704245,0.16074242261129978,0.6549235400841358
0.15156030472754772,0.16067394854443934,0.6551827262396076
0.15150729240000926,0.1606640350191511,0.6556612237574018
0.15147680909586647,0.16061569104143172,0.6559602847060231
0.1514441926254017,0.16053573693092582,0.6562194708614949
0.15140764991038697,0.16068496021129677,0.6574157146559803
0.1513605422335475,0.16060629668221524,0.6576350260183025
0.15131184044782184,0.16051899276095585,0.6578343999840501
0.15127459671681212,0.1605682955992573,0.6586318958470403
0.15122933688225032,0.1606422192112126,0.6594892038997547
0.15120203921872055,0.16067988723537432,0.6602268875730207
0.1511547110776697,0.16067273009347244,0.6607452598839644
0.15112316550338944,0.16066610802458672,0.6613234443846323
0.15109461507087157,0.16055465479273043,0.6613832565743565
0.1510579601879349,0.16040947379619153,0.6613832565743565
0.15101223102462935,0.16047676795006208,0.6622206272304962
0.1509549475831495,0.16034893937492156,0.6622206272304962
0.1509057950777635,0.16028822363375922,0.6625994377654166
0.15086447108027584,0.1602000934926242,0.6627589369380147
0.15083115688419277,0.16014080641044778,0.6630181230934864
0.1507957716043654,0.16011854931054723,0.6635165580078554
0.1507648798075317,0.15999653874442954,0.6635564328010048
0.1507364942139503,0.15999327618087072,0.6641744920948223
0.15069401502208662,0.15992379782430313,0.6644536156468688
0.15065486618720572,0.15986056970795395,0.6647327391989154
0.1506179821764627,0.15980260636259103,0.6649919253543872
0.15058236817629994,0.15970167829891527,0.6651514245269853
0.15054546543384562,0.15960880897156932,0.6654106106824571
0.15052529579332866,0.15952963437243173,0.6656498594413541
0.15048872341849484,0.1594865037762692,0.6660486073728492
0.1504567460441836,0.15944095971761788,0.6664274179077696
0.15043095426319514,0.15935522001067642,0.6665869170803677
0.15039251665745956,0.1593162702532791,0.6669258528221385
0.15035252669727367,0.15930386945410763,0.6674043503399326
0.15031033920213877,0.15921119580775395,0.6675239747193812
0.15027471083987953,0.1591303232304995,0.6677432860817034
0.1502383806018634,0.159024876566654,0.6678429730645772
0.1502018139017566,0.15903636173906444,0.6684809697549694
0.15015982129275882,0.15901798620820398,0.6689395298761888
0.1501137681514195,0.15898263990832204,0.6693582152042586
0.15007663853605738,0.15890455033665016,0.669577526566581
0.15003836876659052,0.158830787559035,0.6698367127220528
0.14998253988711524,0.15886137538144682,0.6704946468090197
0.1499342163326418,0.15873562784375178,0.6705145842055944
0.14990425647873212,0.1587411630988931,0.6710728313096875
0.14986287946397953,0.15871272991173463,0.6714715792411827
0.14982886003327806,0.15867560021282306,0.6718902645692525
0.1497978488563092,0.1585848368657524,0.6720497637418505
0.14976381315301823,0.15846033790581135,0.6720497637418505
0.1497240794401331,0.15837384626224196,0.6722292003110234
0.1496451949983122,0.15847769053507985,0.6732260701397611
0.14960421042466704,0.15856609578120018,0.6741232529856251
0.14955336729636767,0.15846024085094418,0.6742229399684989
0.14951266412109276,0.15844078017172766,0.6747213748828678
0.14947309499723158,0.1583814758507777,0.6750403732280639
0.1494371229762809,0.158476968518657,0.6760571804533764
0.14938877822970978,0.15845167436408722,0.676495803178021
0.14935527924485617,0.15843205688716352,0.6769743006958151
0.14931228178307404,0.1583820094819428,0.6773730486273103
0.14927869180003364,0.15835915115656082,0.6776920469725063
0.14925190909237082,0.15834574567119716,0.6782502940765994
0.14921349661868794,0.15830376202811872,0.6786291046115198
0.1491671705358422,0.15828120497829665,0.6790278525430149
0.14912838190330116,0.15814791426767208,0.6790677273361645
0.14908733706294452,0.1580800653215742,0.679346850888211
0.14902596855690295,0.15799843308871592,0.6795063500608091
0.14897843818392117,0.157870846418216,0.6795462248539585
0.14893477500949392,0.1578560090335658,0.6800645971649022
0.14889785569040262,0.1579003348069773,0.6807624060450186
0.14885212711237616,0.15780841410790683,0.6810016548039157
0.14881331634524775,0.15789716649278468,0.6819387124429293
0.14876807475210696,0.15793066548587664,0.6826564587196204
0.1487348580785751,0.15790734971519163,0.6831349562374145
0.14870826409395735,0.1578731673174685,0.6835536415654844
0.14868389331998452,0.1578509050419163,0.683992264290129
0.14864337662260307,0.15782892710531277,0.6845106366010726
0.148615453249625,0.15792882042520356,0.6855673186195347
0.14857059857540597,0.15792057854501068,0.6861455031202026
0.148530572664481,0.1578409257629108,0.6863847518790996
0.14849517348141858,0.1578096298230425,0.686843312000319
0.14846059196589045,0.15772007159107035,0.6869629363797676
0.14843201044091836,0.15759000439045806,0.6870028111729171
0.1483765835760776,0.1576249114710653,0.6877803696393325
0.14834652653543393,0.15760661126837733,0.6882189923639771
0.14832270374682435,0.1576046789601905,0.6887573020714955
0.14828707388503443,0.15759172565948118,0.6892756743824392
0.14824556423494817,0.1577149416073023,0.690352293797476
0.14821563417059958,0.15760008738871592,0.690352293797476
0.14817033269318966,0.15746677944827964,0.690352293797476
0.1481183193220944,0.15734156105585068,0.690352293797476
0.14808201764862147,0.15723521720180153,0.6904719181769244
0.14804821802100807,0.1571696221596193,0.6907510417289711
0.14801268531926212,0.15708121045092743,0.6909105409015691
0.14797477558291852,0.15711755620076912,0.691568474988536
0.14793362473590432,0.15706100133064188,0.6918675359371573
0.147908314090677,0.1569374095513748,0.6918675359371573
0.14786949202793337,0.1568823258293946,0.6922064716789281
0.1478303377971501,0.1569693412200298,0.6931036545247922
0.14777636922132087,0.156912901857817,0.693442590266563
0.14773274513366588,0.1569254899132849,0.694180273939829
0.14770864704485653,0.15684314334733798,0.694419522698726
0.14768475551514101,0.15677037636948551,0.6946787088541978
0.14764112699743082,0.1569036434335034,0.6958948900452578
0.14759799301549836,0.15697609134069054,0.6967920728911219
0.147549490466865,0.15693491267678966,0.6970911338397432
0.14751038147267898,0.15694532276655768,0.6976693183404111
0.14747751604752515,0.15691994694199468,0.6981478158582053
0.1474406657169291,0.1569386859614403,0.6988256873417469
0.14741026387510534,0.15698038584058127,0.6995434336184381
0.1473568796971563,0.1569359381286602,0.6999023067567837
0.14731831281381608,0.1570398563349326,0.7008792391889467
0.1472804514881571,0.1570633422157947,0.7015571106724884
0.14724093184803047,0.1569963739189774,0.7017963594313854
0.1472123857687016,0.15696534265135847,0.702155232569731
0.1471708740851553,0.1569717212202182,0.7027533544669737
0.1471230646747472,0.15705722943838524,0.7036904121059872
0.14707461084817247,0.15697180687643666,0.7038897860717348
0.1470473838582316,0.15697529767193888,0.7044280957792531
0.14699517771715645,0.15692019479625857,0.7047470941244492
0.14695891665034885,0.15690753290991022,0.7053252786251172
0.14693126309257512,0.15699717693149737,0.7062822736607054
0.1468873119650514,0.15692483480663963,0.7064417728333034
0.14684846932161558,0.15693832842822686,0.7070000199373966
0.14681033744567043,0.15695951742864472,0.707618079231214
0.1467692934503033,0.15695241630102907,0.7081962637318819
0.146731300062577,0.15690464312361208,0.7085750742668022
0.1466879503524045,0.1568678482888828,0.7089937595948721
0.14662128944873082,0.15677745753897954,0.7092728831469187
0.14659066292096243,0.15666374599875835,0.7093925075263672
0.14654562356156875,0.1565520791626151,0.7093925075263672
0.14652096428012085,0.15656188173224886,0.7099706920270351
0.14647426094067376,0.15653789885730102,0.710389377355105
0.14643845618578616,0.15644630965289272,0.7105289391311282
0.1463994946314541,0.15635390621573014,0.7106485635105768
0.14634733091672683,0.15630095198022406,0.7109874992523476
0.1463101208591519,0.15626888548281148,0.711446059373567
0.1462668514237739,0.15629376137795828,0.7120641186673844
0.14623048874911204,0.15621310572205654,0.7122634926331319
0.1461772931801163,0.15612833878783378,0.7124030544091553
0.14612257361058037,0.1561340237693967,0.7129613015132484
0.14609530504977258,0.15612442132912138,0.713399924237893
0.14606270409163086,0.15615558006810226,0.7140777957214347
0.14603434542808225,0.15615047814058858,0.7145961680323784
0.14600363233739977,0.15610238191641743,0.7148553541878502
0.14596815734424137,0.1560478661626597,0.7152341647227705
0.1459398422343321,0.15601486601030187,0.715593037861116
0.14589562771058812,0.1559289936716283,0.7157525370337141
0.14586773148695548,0.15595446318905243,0.716410471120681
0.1458280168583126,0.15586009497582237,0.7165300955001296
0.14576613335229932,0.1558185489812014,0.7168889686384752
0.14571214041773958,0.1557587882252072,0.717148154793947
0.1456806312956509,0.155744408337408,0.7176067149151664
0.14564138582022207,0.15571764583801734,0.718045337639811
0.14560071394784724,0.1556649224613603,0.7182646490021333
0.14554435440598734,0.1556251214404456,0.7185836473473294
0.14548848149707572,0.15553340840354987,0.7187431465199274
0.1454345846256875,0.1554542163066154,0.7190621448651235
0.14538763269501337,0.15540319385346862,0.7194210180034691
0.14535245027083674,0.1553974668508644,0.7198995155212632
0.1453189245051118,0.15534168462064427,0.7201985764698846
0.14527551096009206,0.15528636254254186,0.7204777000219311
0.14524107310985504,0.15528643820321222,0.7209362601431505
0.14520947556492342,0.1552229455155575,0.7211954462986223
0.14516977601074604,0.1551080962875936,0.7212153836951971
0.14511941086312502,0.15518881262692477,0.7221723787307853
0.14508892369015575,0.15518939004760438,0.7227505632314533
0.1450370392817691,0.15506260078791015,0.7227505632314533
0.1449819720385724,0.1550500237190637,0.7233287477321212
0.14493688416660216,0.155148704282615,0.7243056801642841
0.14490835505213764,0.15520780434513573,0.7251231134238492
0.1448730245703912,0.15514638784891308,0.7254022369758957
0.14483124644410636,0.15505339321782557,0.72546204916562
0.14479118123691415,0.1549814555380023,0.7256414857347927
0.14475538821775402,0.15505650486758799,0.7265586059772315
0.14472774075576494,0.15502198260100516,0.7268975417190023
0.14467411698404317,0.15496129366677713,0.7271567278744742
0.14463641587050607,0.1548889162488378,0.7273760392367965
0.14459008639568466,0.1549531203597641,0.7281934724963615
0.14455166707864495,0.1549738841405508,0.7287915943936041
0.14452888143880097,0.1549153763053655,0.7290507805490759
0.14448780308804957,0.15484974325760173,0.7293099667045477
0.14444573602145747,0.1547852202787589,0.7295492154634448
0.14441131253148043,0.1546735528807141,0.7296489024463185
0.1443547259393315,0.15478206519673468,0.7307255218613553
0.14431870511978506,0.1547366333123726,0.7310046454134019
0.1442671529667254,0.15473519986507,0.731642642103794
0.14420172209477206,0.1548386009413014,0.7326594493291066
0.1441622548686455,0.154796037369642,0.7330382598640269
0.144126037716413,0.15475384181765406,0.733437007795522
0.144093306423816,0.15472997401898547,0.7337958809338676
0.14405597026843098,0.15461457676958623,0.7338158183304424
0.14400676593010062,0.1545207250623389,0.7338756305201667
0.1439450085434097,0.15443181341499224,0.7339952548996153
0.1438963481711193,0.15432823307482707,0.7339952548996153
0.1438604008810103,0.15442648771374234,0.734992124728353
0.143822207446859,0.15442284508740206,0.7355104970392966
0.1437706951038045,0.1543538268506901,0.7358095579879179
0.14372989094764546,0.15426667948391087,0.735889307574217
0.1436778075941924,0.1542548303831728,0.7363279302988616
0.14363315911528196,0.15419228537677765,0.7364874294714596
0.1435957066675055,0.15423912590183078,0.7373846123173236
0.14355878624696378,0.15417663285801197,0.7376637358693702
0.14351725385094952,0.15414660959075238,0.7380425464042906
0.14349029606142716,0.15418542528314763,0.7388001674741312
0.14344826879250966,0.15416919609816135,0.7392387901987758
0.14340099657402625,0.1541466009049849,0.739637538130271
0.1433574461246967,0.1541144233164494,0.7400761608549156
0.14331830609791854,0.15405422224066045,0.7403552844069622
0.14328390075131606,0.15399602863692705,0.7406344079590087
0.14324653146728175,0.15397647253748653,0.7411328428733776
0.14318802894777533,0.15394613209929178,0.7415116534082979
0.14315865131832087,0.15398230820447711,0.7423490240644377
0.14310978006166108,0.15392529968141416,0.7426879598062085
0.14306323104251514,0.15385695234084368,0.7429471459616803
0.14301528569396857,0.15387566677805417,0.7436449548417967
0.14295667940443998,0.15381697956087628,0.7439041409972685
0.14292057907598305,0.15384647073847954,0.7445620750842356
0.14288084616186994,0.1538008662286119,0.7448013238431326
0.14284645820335803,0.15381577485879308,0.7454592579300995
0.1428146615212137,0.1537898657370485,0.7458580058615946
0.14275686735803314,0.15370047817013655,0.7459576928444683
0.14271127462947636,0.15366679665852506,0.7463365033793887
0.1426629988022838,0.1536836751852809,0.7470741870526547
0.14256902606040567,0.15373170421802054,0.7477919333293459
0.14251616150397137,0.15377936147119659,0.7485694917957613
0.14247421075021607,0.15384426481121458,0.749406862451901
0.14242553123893745,0.15383262578423434,0.7499052973662699
0.14238696888916103,0.1538304358842328,0.7504834818669378
0.14235506731389203,0.1538866768759571,0.7513009151265028
0.1423021611497435,0.15390454115112143,0.7519189744203202
0.14226347913238235,0.1538298418964273,0.7520784735929182
0.142216435899513,0.15377468439025582,0.7523575971449649
0.1421522211000416,0.15374811159025478,0.7527762824730346
0.14210297666713081,0.1537675928826897,0.7534541539565763
0.14206270985346806,0.15370633181113952,0.7536136531291744
0.14200116966697415,0.15365800144646063,0.7539924636640948
0.14196420769858606,0.1535757059050403,0.7541918376298423
0.14192068705318744,0.15352003537683223,0.7544510237853141
0.14186875096937782,0.15344664012390227,0.7545706481647626
0.14181507112079197,0.1533699329457286,0.754710209940786
0.14178240635461062,0.15334291439791106,0.75518870745858
0.14174909067947702,0.1532971923294765,0.7554678310106266
0.14170367790107646,0.15327950707328808,0.7558665789421217
0.14165117233987334,0.15319322570740615,0.756006140718145
0.1416160212505558,0.1531809759110562,0.7565045756325139
0.14157469349426974,0.15307715582450832,0.7565045756325139
0.14151984980186944,0.15301976087009103,0.7568036365811353
0.14147995467807828,0.1529890877451632,0.7572223219092051
0.14144478508731842,0.15300478253168226,0.7577606316167235
0.14141365556074736,0.15301060863898042,0.7582989413242419
0.14137273599787423,0.15306225000502502,0.7591163745838069
0.14132530206336436,0.15306032266358144,0.7596347468947505
0.1412590950022362,0.1530998884152558,0.7604721175508902
0.14121614363460538,0.15305177122644348,0.7608708654823854
0.1411790337316729,0.15295178549957916,0.7608708654823854
0.1411311510857361,0.15297642172549553,0.7615088621727775
0.1410771974944964,0.15300511457774718,0.7622465458460435
0.1410439110070983,0.1529820155249571,0.7626652311741133
0.14100708956171693,0.15294301002649488,0.7630440417090336
0.14096581829838736,0.15292614260327855,0.763502601830253
0.14093249584090561,0.1529105680675488,0.7640010367446219
0.14087937708991044,0.15289956495559837,0.764479534262416
0.14083164636710946,0.15283854976129563,0.7646589708315888
0.14080143222843894,0.15283192430680276,0.7651773431425325
0.1407553600038533,0.15284520493434142,0.7657954024363499
0.14071517552174082,0.152802688353781,0.7660545885918216
0.14066069809845833,0.15274907807731433,0.7663735869370177
0.14061155106964252,0.15267496902500238,0.7665131487130411
0.14057681179890247,0.15267284616849724,0.7671112706102837
0.1405308418469866,0.15265804312826653,0.7675299559383536
0.14046401748236872,0.1525778343101009,0.7676894551109517
0.1404175103403406,0.15257264138242352,0.7682078274218952
0.14037648595594096,0.15257516588127767,0.7688258867157126
0.1403079197946487,0.15259343605071818,0.7694838208026796
0.14027703553566737,0.1524931552310628,0.7695436329924038
0.14022081165389147,0.15246521691066156,0.7699224435273242
0.14018962378849248,0.15242687416398024,0.770181629682796
0.14015294957941113,0.15236668309512075,0.7704607532348426
0.14009993621402667,0.15232954433521798,0.7708196263731882
0.14005668786686928,0.15228364438144737,0.7711186873218095
0.14000666233156786,0.1523171772889478,0.7718563709950754
0.13995688708756962,0.15230973079025073,0.7723348685128696
0.13991446634383262,0.1523050265413011,0.7728333034272384
0.13986695594688653,0.15226839945817547,0.7732121139621588
0.1398366518733593,0.1522292718718978,0.7735111749107801
0.13979569709678935,0.15216922503871866,0.773770361066252
0.13974310433045484,0.15219963639783093,0.7744681699463684
0.1396954907194474,0.15218319152018733,0.7748669178778635
0.13963940112589038,0.1521830140030596,0.775484977171681
0.1395991936959375,0.15221598795722469,0.7761628486552226
0.13955327443643722,0.15217136471268589,0.7764419722072692
0.13950555399567716,0.15215260558017846,0.7768407201387643
0.13944743378922217,0.1521213161838162,0.7771995932771099
0.13941814239287442,0.15217170889975587,0.7779970891401001
0.13933776086474955,0.15207454084197483,0.7780369639332496
0.13929853540580614,0.15204261632457564,0.7784556492613195
0.1392372113490581,0.15196311140511304,0.7786151484339175
0.1391862056580338,0.15194441096071515,0.7790737085551369
0.1391532146605724,0.1518851099048411,0.7793328947106087
0.13909849550369338,0.15191613278974955,0.7800705783838746
0.13906275627309958,0.15187447133777732,0.7803895767290707
0.13903180209750926,0.1518008096663616,0.7804892637119445
0.13896947395733691,0.15173212756641985,0.7807683872639911
0.13892725937617803,0.15169161433206593,0.7811073230057619
0.13888009417993302,0.151641786424597,0.7813465717646589
0.13883084712414745,0.1515893176818117,0.781665570109855
0.13877356484313147,0.15152358209877975,0.7818250692824531
0.138713303937367,0.15148472796076765,0.7821440676276492
0.13865652903923087,0.15141972878896634,0.7823035668002473
0.13859917961258236,0.1514169915585943,0.7828418765077656
0.13854920758061062,0.15147895247930698,0.7837390593536296
0.13850691845341492,0.1514465379742692,0.7841178698885499
0.13846927798640665,0.15138700231263252,0.7843770560440217
0.13842031127086638,0.15131320899826955,0.784516617820045
0.1383722622649008,0.15124545587297195,0.7846960543892179
0.13833323359960875,0.15122026152575893,0.7850748649241382
0.13828383891376478,0.15120558448685428,0.7855533624419323
0.13824151221537034,0.15114687079343286,0.7857726738042546
0.13819458856635006,0.15112575928871175,0.7862112965288992
0.13815992545001257,0.1510351641786472,0.7862910461151983
0.1381086002560165,0.15102015821924886,0.7867097314432682
0.13805658981014915,0.15104608911837827,0.7873477281336603
0.13800604893699828,0.15103037809199435,0.7877265386685807
0.13796306857580581,0.15095247735789236,0.7878860378411787
0.13791739762710756,0.15089564829057708,0.7881850987898
0.13785709972598395,0.15081363147414917,0.788264848376099
0.1378140355713533,0.15077970443274644,0.7886436589110194
0.1377739407194034,0.1507728522781811,0.7891819686185378
0.13773287737532897,0.15074489384216017,0.7896006539466076
0.13769629690520216,0.15067555230965857,0.7897601531192057
0.1376620384938302,0.15059984490702025,0.7898797774986542
0.13763306015457336,0.1505937141511369,0.7904180872061726
0.13760725296978243,0.15051412564479213,0.7905975237753454
0.13757106656731355,0.15042958748221907,0.7906573359650697
0.1375402559846283,0.15043556714709205,0.791195645672588
0.13749999219652198,0.15041575906809357,0.7916342683972327
0.13745520627735708,0.15033142415856876,0.7917538927766812
0.1373932935324094,0.15031586911291847,0.7922323902944753
0.13734757512644818,0.15032756332954042,0.792830512191718
0.13732018191534867,0.15034889739356458,0.7934286340889607
0.13727126986000265,0.15046172200031713,0.7945850030902964
0.13723401674712882,0.15047389788557025,0.7951233127978149
0.13719770058790326,0.15048265460030166,0.7956616225053332
0.13714145946547868,0.1504278721696567,0.7959208086608051
0.13709284346944692,0.1503850281475345,0.7962398070060012
0.13702911899417664,0.15032249324532818,0.7964391809717487
0.13699621188409142,0.15024480494573678,0.796578742747772
0.13693484905765235,0.1501572829326408,0.796578742747772
0.13688179275811585,0.15013745136625156,0.7970572402655661
0.13683923045612967,0.1500748741776038,0.7972366768347389
0.13679151546130627,0.1501282762966408,0.7980142353011543
0.13674702006266143,0.1501525590182246,0.7986522319915466
0.1366937748753572,0.15014796778422926,0.7991307295093407
0.13665387506728044,0.1500524109014675,0.7991307295093407
0.13658902329471403,0.15008754732793583,0.7998086009928823
0.1365351688021071,0.15006487169612379,0.8001874115278027
0.13648105780139472,0.150008967805578,0.800406722890125
0.13643789753848207,0.1498991860204615,0.800406722890125
0.1364045192594773,0.1498981350885441,0.8009450325976434
0.13636081570751118,0.14983127947948321,0.8011643439599657
0.13631106281205652,0.14984312936424543,0.8017624658572083
0.13625144907623576,0.14987525600446844,0.8024602747373248
0.13619642719967015,0.14986044434520487,0.8028590226688199
0.1361411632937311,0.14982185759020553,0.803178021014016
0.1360927915632233,0.14985339096115324,0.8039356420838567
0.13603187189884847,0.14979499977717367,0.8041748908427537
0.13597370681567936,0.14974597625648048,0.8044938891879498
0.13592119115143342,0.1497413073713491,0.8049524493091692
0.13586168760490877,0.14972683266740303,0.8053910720338138
0.13580726155168335,0.14965479947256916,0.8055705086029866
0.13572500654754918,0.14966739345300012,0.8060888809139303
0.13568803422510498,0.1497710002737638,0.8071455629323923
0.13564562377702574,0.14976783047188086,0.8076838726399107
0.13561024145023146,0.14972455912834326,0.8079430587953825
0.13556058214449454,0.1497118086453714,0.8083816815200271
0.13551194922938317,0.14973189012846394,0.8089199912275455
0.13546397548592046,0.14979273311991975,0.80977729928026
0.1354182346347241,0.14974791402541499,0.8100962976254561
0.13533567220000367,0.1496904543562887,0.8103554837809279
0.1352768724835402,0.1496842244729714,0.8108738560918716
0.1352197023057236,0.14960974569101865,0.8109536056781705
0.13516615561878456,0.14961952725802302,0.8114719779891142
0.13512516388015508,0.14960563390629994,0.8119305381103336
0.1350641972639946,0.14953669030941158,0.8120900372829316
0.13500780719141695,0.14951755512345452,0.8125286600075762
0.1349482485317032,0.14942149487484052,0.8126084095938753
0.13489636204718786,0.14945577508545302,0.8133460932671411
0.13484524633969025,0.14939831374085205,0.813605279422613
0.13479836502142442,0.1493699877070772,0.8139840899575334
0.13476164678178204,0.14933493232323972,0.8143230256993041
0.13469864429584547,0.14924151638266156,0.8144027752856032
0.13462968866794298,0.1491952562473528,0.814661961441075
0.1345669572786628,0.1491144210349634,0.8147616484239488
0.134515964295302,0.14906449530880225,0.8150208345794206
0.13447119428152315,0.14909045856047576,0.815718643459537
0.13443532330214883,0.14904642770002804,0.8159977670115837
0.13438201634387142,0.1490511453576172,0.8166357637019758
0.13431476316099056,0.14905610287405857,0.8171740734094942
0.13425921979402433,0.14909197954637138,0.8179117570827601
0.13421685257836874,0.1491421141329614,0.8186893155491756
0.13413980279373747,0.14907903094093095,0.8189285643080727
0.13408607828340144,0.1490842743295742,0.8194269992224416
0.1340191512172238,0.14915362388198228,0.8202244950854317
0.13393953823769736,0.14911540175579074,0.8205434934306278
0.13389583121750245,0.14911512114585296,0.8211216779312958
0.1338128110918964,0.14904695053116046,0.8212811771038938
0.1337623835058846,0.14899702071040147,0.8216001754490898
0.13371943963557487,0.1489260988335959,0.8217197998285384
0.1336390851653234,0.14897650419039296,0.8225771078812528
0.13358851430256552,0.14895229297547352,0.8229957932093227
0.1335462408882054,0.14902493905869116,0.823952788244911
0.13348299735086414,0.14895633622118754,0.8240724126243595
0.13342711320839815,0.149006133555193,0.824849971090775
0.13337751958582736,0.1489073004995609,0.8248699084873498
0.13332206624514176,0.14889545882877633,0.8253683434017186
0.13326094479637507,0.14880714883949978,0.8253683434017186
0.133212957885916,0.14880783448711915,0.8258468409195128
0.133150740455001,0.14873748343990437,0.8259664652989612
0.13310424477938723,0.14864835772054338,0.8259664652989612
0.13304002635941872,0.14859956181398967,0.826225651454433
0.1329410407318684,0.14865751009599706,0.8271228343002971
0.1328616500310649,0.14857944982775784,0.8272424586797456
0.13281651011129852,0.14857876975819584,0.827780768387264
0.1327814110807399,0.1485720417031778,0.8281994537153339
0.13271991771866198,0.14854489695254028,0.8285782642502542
0.13264865103612566,0.14850668162187844,0.8288773251988756
0.13260211815254247,0.1484526440170925,0.8290966365611978
0.1325400649355025,0.1484069820952707,0.8294156349063939
0.13247705158534592,0.14838688975802455,0.8297944454413143
0.1323915275070517,0.14840626803771084,0.8304324421317064
0.13234494491905066,0.14841574498087784,0.8309707518392249
0.13229090301440136,0.14834085441371161,0.8310305640289491
0.13222019063603752,0.1483052957285628,0.8313694997707199
0.13215894011499463,0.14823226668657077,0.8314891241501685
0.13210084594535565,0.1482412863490575,0.8321071834439859
0.13203830874113168,0.14830394161413074,0.8329644914967004
0.1319809104809135,0.14823078696724074,0.8331239906692984
0.13193229427566197,0.14821301322026328,0.8335028012042187
0.1318584921680451,0.14821953042794334,0.8341009231014614
0.1317936093255344,0.14821149093175268,0.8345196084295313
0.13170775469311152,0.14818209485522582,0.8348386067747273
0.13165402923868466,0.1481237842617153,0.8350180433439002
0.1316125850418677,0.14806960246853362,0.8352174173096477
0.13155401476024622,0.14808326062922317,0.8358554140000398
0.131510683931979,0.14798864775567258,0.8358554140000398
0.13146913929433293,0.14796364765318507,0.8361744123452359
0.1314002854525897,0.14796506605646267,0.8366927846561796
0.13135079292951884,0.1479355616160335,0.8370715951911
0.1312740779184821,0.1479171801824008,0.8375102179157445
0.1311967951410229,0.1478775593516192,0.8377694040712164
0.131140934372908,0.1477970942112834,0.8378292162609406
0.13108752986915692,0.14773274471278386,0.8379887154335387
0.1310409862965119,0.14778607183630454,0.8387862112965289
0.13098952246107357,0.1477506889228231,0.8391450844348745
0.13093046802817498,0.14767361086747546,0.8392048966245987
0.1308524424463527,0.14771197374694978,0.8399824550910142
0.13076967017780944,0.14766890211000624,0.8402615786430608
0.13068465173594374,0.14770005462720434,0.8409394501266024
0.13065233743192733,0.14772210284658402,0.8415774468169946
0.13057220834331526,0.14769150052465896,0.8418565703690412
0.1304925933849785,0.1477136885079729,0.8425543792491577
0.13044788150311648,0.14772560553874958,0.8431525011464003
0.1303987307227024,0.14770763586093258,0.8435711864744702
0.13034403427484131,0.14768683274021352,0.8439499970093906
0.13026927197199364,0.14768776956844643,0.8444883067169089
0.13021541471717218,0.1477250948675687,0.8452259903901749
0.1301576496710071,0.14771092980091863,0.8457044879079689
0.13009920397449595,0.14767048539094363,0.846023486253165
0.1300410668305425,0.14763431735344035,0.8463225472017863
0.12998550952192825,0.14763425798805052,0.8468608569093048
0.12992942844157188,0.1476733159892879,0.8476384153757203
0.12985811959240326,0.14770617044835282,0.8484159738421357
0.12982530547549548,0.1477131211516781,0.8489742209462289
0.12977673973082787,0.14768295261900719,0.8493131566879997
0.12970646405276667,0.14767230745776336,0.8497318420160695
0.1296342615608451,0.14762697838363764,0.8500508403612657
0.12955900770421375,0.14758120045535228,0.8503698387064617
0.12951550288300284,0.14764279144392423,0.8512869589489005
0.12943851217860297,0.14768702334919434,0.8521043922084655
0.12935912731139335,0.14768869472121013,0.8526028271228343
0.12929462564986177,0.14768820841329228,0.853121199433778
0.12921194289148086,0.14770395052274662,0.8537392587275954
0.1291627078819625,0.14769029233314948,0.8541579440556653
0.12910975597193042,0.14767445466228857,0.8545168171940108
0.12904171594003983,0.14768712683098156,0.8551348764878283
0.12899524919417402,0.14769645831325964,0.8557130609884961
0.12893210729781468,0.14760096841641906,0.8557130609884961
0.12887508672661474,0.14774043435075937,0.8570488665590047
0.12880715284757147,0.14776930923978937,0.8577466754391212
0.12875625330362228,0.1477671016089776,0.8582052355603406
0.12868470844747615,0.1476726953371573,0.8582251729569152
0.1286229273607883,0.1476225416243794,0.8584046095260881
0.12856731926667747,0.14755193717169848,0.8585441713021114
0.12847614640723984,0.14754210645278393,0.8589429192336064
0.12840674398045782,0.14757823837034198,0.8597005403034472
0.12835044497296988,0.1475424975202654,0.860039476045218
0.128297976530355,0.14747003767083483,0.8600992882349423
0.1282482560670741,0.14739985104914696,0.8602189126143908
0.12820599558717446,0.14735063161488562,0.8604780987698626
0.12812914298387484,0.1472994643283633,0.8607372849253344
0.12804172538437264,0.14731447160681588,0.8613154694260023
0.12797439747817005,0.14726000552122775,0.8614550312020256
0.12791357829272085,0.14727932285368803,0.862073090495843
0.12784898891562468,0.1472860036424912,0.8626114002033615
0.12780880229161765,0.14725224627548641,0.8629303985485576
0.12775397660980214,0.1472296465563558,0.8632294594971789
0.1276851736841358,0.14718726529391574,0.8634886456526507
0.12761012215231976,0.14723092963467357,0.8643260163087904
0.12755018451755784,0.14718041667515222,0.8645253902745379
0.12746826634469577,0.14709803482561748,0.8645253902745379
0.1274210755469098,0.14703878113526103,0.8647048268437107
0.12736434716678074,0.14700241920728607,0.8650038877923321
0.12730871762578397,0.1470178896146774,0.8656020096895747
0.12722498797520174,0.14694674572233052,0.8657016966724486
0.12715591015223268,0.14692791092531338,0.8661004446039436
0.12707983077728846,0.14690342666490888,0.8664393803457144
0.12701328445893798,0.14689635833521966,0.8668780030703591
0.1269711292814528,0.14686924959905462,0.8672568136052794
0.12689556522110512,0.14686331673212671,0.867775185916223
0.12682734232885964,0.14677367684499823,0.867775185916223
0.12675363333374323,0.14675361879244392,0.8681539964511434
0.12667326636190865,0.146696219246005,0.8682736208305919
0.12658139084907843,0.1466969206271188,0.8687720557449609
0.12650701750251608,0.1467004017253329,0.8693103654524792
0.1264439931924303,0.14668262699896437,0.8697489881771239
0.12636385275946144,0.14668167613159044,0.8702872978846422
0.1262921064888208,0.1466435604992007,0.870546484040114
0.1262250580676617,0.14669606629010984,0.8714636042825528
0.12616918279191547,0.14661582267655374,0.8715832286620013
0.12611588914422528,0.14655221534367238,0.8717427278345994
0.12603204423710723,0.14647708050712624,0.8718623522140478
0.1259684739592044,0.14641919760029995,0.8719819765934964
0.12587576770962006,0.14648362347886895,0.8728592220427857
0.12580285609941635,0.14642163304476344,0.8730386586119584
0.12571527639894411,0.14635352617227182,0.8731782203879818
0.12564165473522126,0.1463519714650226,0.8736766553023506
0.12558796391634033,0.14638208953231036,0.8743146519927428
0.12551961299096187,0.14634618271588465,0.8746137129413641
0.12546273422397697,0.1462986859259704,0.8747732121139622
0.12539217310750317,0.14628928638072136,0.8752915844249058
0.12533058096709482,0.14629841760349513,0.875929581115298
0.12526206189875363,0.14631386253952405,0.8764479534262416
0.1251703982171586,0.14628070035390223,0.876826763961162
0.12510276397557102,0.14628568389421479,0.8774049484618298
0.12505542843516484,0.14626472962602446,0.8777837589967502
0.12497014598317752,0.14634551219269268,0.8788404410152122
0.12490788938143484,0.1462926649612295,0.8790597523775345
0.12481914714288468,0.14629245226710524,0.879598062085053
0.1247597487757576,0.14624567496984078,0.8797774986542257
0.12468044247135275,0.1461747140600002,0.87983731084395
0.12460312829294293,0.14620322519772627,0.8804753075343421
0.12451057832631975,0.14620419021401063,0.8809737424487111
0.12441393597547429,0.14618612541293413,0.881392427776781
0.1243259607098094,0.1461085957896824,0.8814522399665051
0.12424399772453744,0.1460557258362839,0.8816516139322528
0.124166387640145,0.14607947024239842,0.8822696732260702
0.12408775361574209,0.1459997294773965,0.8823294854157944
0.12401582074512936,0.1459659789701368,0.882608608967841
0.12391974535374241,0.14591805126244817,0.8828279203301633
0.12383585938052427,0.14591751714962242,0.8833861674342565
0.12378197390068459,0.14592769117337265,0.8839045397452001
0.12371045822736224,0.14587417924391752,0.8841039137109477
0.12363040081502005,0.14588586475904308,0.8847419104013398
0.1235574045798264,0.1458103348578037,0.8848216599876388
0.1234946895415845,0.14584031157435684,0.8854397192814563
0.12343010214092506,0.14582170964968133,0.8858384672129513
0.12335377411527637,0.1457983468905799,0.8862372151444464
0.12327598794481802,0.14581578231381714,0.8868752118348386
0.12320918817716545,0.14582493799737248,0.887413521542357
0.12312021426933045,0.14576054746975328,0.8875331459218055
0.12301037182685952,0.1457524061353588,0.8879717686464501
0.12291109173401271,0.14567314139190785,0.8880116434395997
0.12282234825064803,0.14568692184486648,0.8886097653368423
0.12270168518661428,0.14569415269823952,0.8891680124409355
0.12260803996485317,0.1457353205243311,0.8899655083039256
0.12256597209443143,0.14569452148660553,0.8902246944593974
0.1225070282416785,0.1456665307786384,0.8905038180114441
0.12242335860660618,0.14560524626070293,0.8906633171840421
0.12233087046203779,0.1456303405229844,0.8912813764778595
0.12224988169525683,0.14559430632789405,0.8915804374264809
0.12218595782594233,0.14552843412224817,0.8917399365990789
0.1220947057497437,0.145481801361199,0.8919791853579759
0.12204863275812622,0.14547345499455613,0.8923978706860458
0.12198543421356858,0.14542401397951793,0.8926570568415176
0.12188909284483096,0.145377695681391,0.8928364934106904
0.12179975781076095,0.14532878707755995,0.893115616962737
0.12171046370897061,0.14529903445234837,0.8934744901010826
0.12162063002076391,0.14523937600860679,0.8935941144805312
0.12155114325177904,0.14523713904470728,0.8940726119983252
0.12147335686694494,0.1452159529736221,0.8944314851366708
0.12140464117900347,0.14530326508561428,0.8955081045517076
0.12131571677600639,0.14525338351212763,0.8957074785174551
0.12123191508927145,0.14520319528462852,0.8958669776900532
0.12114635959836105,0.1452036390529678,0.8964052873975716
0.12103239273359527,0.14524568045885744,0.8971629084674123
0.12097469961111014,0.14531020155358848,0.898080028709851
0.12088088192460177,0.1452999168240991,0.89857846362422
0.12077113017724446,0.14535202191074592,0.8993759594872102
0.1207158668435811,0.14538785552349548,0.9001136431604762
0.12066141282895915,0.14537086209948663,0.9004924536953964
0.1205705900573146,0.14532201928706068,0.9007317024542936
0.1205079168798238,0.14529175373734127,0.9010307634029149
0.12041957344048575,0.14524622715165614,0.9012899495583867
0.1203321186805096,0.14516507124025804,0.9012899495583867
0.12025975677302785,0.14517759654916762,0.9018481966624798
0.12016445871794884,0.14512134879036137,0.9019877584385031
0.12010842684274314,0.1450586511674131,0.9021273202145264
0.12003245221085038,0.1450965943677314,0.9029447534740913
0.11990242117261599,0.14509245177299288,0.9034830631816098
0.11984165595122458,0.14507236498961643,0.9039017485096796
0.119744053901806,0.14505508562656902,0.9043204338377495
0.11966876352144952,0.1449921057509764,0.9044799330103475
0.11957881191346584,0.1450360465970543,0.9052774288733377
0.11953010835543125,0.14502113368492295,0.9056961142014076
0.11946017049387318,0.1449573598522191,0.9058556133740057
0.11939539640142786,0.14489052142221712,0.9059752377534541
0.11932004184730619,0.1449489187862874,0.9068923579958929
0.1192472982801418,0.1449550926810625,0.9074107303068365
0.11914988403112371,0.14496767354578705,0.907949040014355
0.11908683078548662,0.1449664045201191,0.9084873497218733
0.11902512493342941,0.1450069312848949,0.9092848455848636
0.11889990751788113,0.14498339714971165,0.9096835935163586
0.11877271841693862,0.14495266586003322,0.9100225292581294
0.11871057283457445,0.14500044434852158,0.9108399625176944
0.1186241531923187,0.1449943375217696,0.9112785852423391
0.11857507893762231,0.14492579005608947,0.9112985226389139
0.11849898325284963,0.14489667214917493,0.9115776461909604
0.11842230840649126,0.14485569857598946,0.9118368323464322
0.11835870796377874,0.1447780327609401,0.9119165819327312
0.11828147999935854,0.14469734115749017,0.9119564567258808
0.11817369229051634,0.1446701952080132,0.9122555176745021
0.11809834479501291,0.14463755292928016,0.9125745160196982
0.11802634862890139,0.1446221481088456,0.9129732639511933
0.1179343619820265,0.1445624932926791,0.9131327631237913
0.11783740635718212,0.14456185729606966,0.9137109476244591
0.11774488270013247,0.14451218743301011,0.9139501963833563
0.11765263464980055,0.14453560693423068,0.9145881930737484
0.11759473853648698,0.14454325590769385,0.9151265027812668
0.11747754737555491,0.1445077426664988,0.9153856889367387
0.11737394792063321,0.1444546852931277,0.9155651255059114
0.11727891390805155,0.14443630510169114,0.9159439360408318
0.11721345960590972,0.14445600022622798,0.9166218075243735
0.11711720726686393,0.14438286046256024,0.9166816197140978
0.11703878323908234,0.14430446490782065,0.9166816197140978
0.11697964949771368,0.14432740686834214,0.9173395538010647
0.11687046475172841,0.14433325809444988,0.9179177383017325
0.11676147678213028,0.1443006009261406,0.9182566740435034
0.11666676036700072,0.1442491342547076,0.9185158601989752
0.1166036151516077,0.14429043978431697,0.9192535438722411
0.11652042285962687,0.14424625700979887,0.9195127300277129
0.11644798283825905,0.14421790399019643,0.9197719161831848
0.11637065565461076,0.14420421171030431,0.9201906015112546
0.11627693472572606,0.14423428234169922,0.9208684729947963
0.11619885395907119,0.1441773799380144,0.9209880973742449
0.116119192916748,0.14416367475911376,0.9214466574954643
0.11601400113479839,0.14417138706429197,0.9220248419961321
0.11591510377946772,0.14418178589121636,0.9226030264968
0.11584255320770163,0.14421310280827848,0.9233008353769164
0.11574448940667009,0.1441910263433096,0.923659708515262
0.11561130559955589,0.14415473724158095,0.9239388320673086
0.11550798741799476,0.14413759012096963,0.9243375799988037
0.11543057618512943,0.14409023117076808,0.9245768287577009
0.11532161952242316,0.14407884930690118,0.9250553262754949
0.11523792957833572,0.14402324036772418,0.9251749506549435
0.11514892808414398,0.14398850995452375,0.9254341368104153
0.11508691207300059,0.14397723150757555,0.9258926969316347
0.1150012785341033,0.14393138983302917,0.9261718204836813
0.11489183064357242,0.1439223858966776,0.9266303806049007
0.11479695619731535,0.14385285096610656,0.9266702553980501
0.11474566428904352,0.14390707889323662,0.9275475008473394
0.11463401202104176,0.1438623393165194,0.9277668122096616
0.11452155508161672,0.14389622909688662,0.9284845584863528
0.11439395108411375,0.14388991312994684,0.928963056004147
0.11430872490526564,0.14397708613686588,0.9300396754191838
0.11422192278124921,0.1439284568495348,0.9302191119883566
0.11413974828644112,0.14387723955491014,0.9303786111609545
0.11402795297091717,0.14392340192111533,0.9311362322307953
0.11393961474033303,0.14385070057259375,0.9311362322307953
0.11382905526394142,0.1438383154265308,0.9315349801622904
0.11374296594321344,0.14380261408949935,0.9318141037143369
0.11367367730722,0.14375424773889592,0.931973602886935
0.11359944612861243,0.14374982710554707,0.9324321630081543
0.11352256736345505,0.1437032122111329,0.9326913491636262
0.11338044265884144,0.14371722604968745,0.9332894710608689
0.1132622764645975,0.14366110744587815,0.9334090954403174
0.11317657707136956,0.1436217197678841,0.933608469406065
0.11309411770147708,0.1435459645035711,0.9336483441992145
0.11300421476843597,0.1435394532063772,0.9341268417170085
0.11290517468540967,0.14348703408280183,0.9342863408896066
0.1127962183138251,0.1434981146858626,0.9347847758039756
0.11265114219235305,0.14347199662289276,0.9351037741491716
0.11252927467901339,0.1434930690163323,0.9357417708395638
0.11241617766923617,0.1435420588163395,0.9365592040991287
0.11234723223532944,0.14346315005069693,0.9365592040991287
0.11226844618426463,0.14339392274468507,0.936619016288853
0.1121716057513456,0.1433579234472533,0.9368383276511754
0.1120743138453675,0.14333284543325528,0.9371373885997967
0.11191763552591343,0.14329993051237977,0.937436449548418
0.11184265262933488,0.14325528694004733,0.9376956357038898
0.11174359352061433,0.1432781385380229,0.9383136949977072
0.11162597675374711,0.14323140915826596,0.93849313156688
0.1115210312251882,0.14315429037133448,0.9385529437566043
0.11141102181438378,0.14310985747677044,0.9387124429292023
0.11129397912561341,0.14310841887495176,0.9392108778435712
0.1112290058219933,0.14308356561184893,0.9395298761887673
0.11113851004136806,0.14312633703023775,0.9404071216380565
0.11104227119029696,0.14305297764190655,0.9404071216380565
0.11089912960658896,0.1430078323916681,0.9406463703969535
0.11075856755146482,0.14294542832734522,0.9407659947764021
0.11067594334718454,0.1428865548635564,0.9409055565524254
0.11055302012769268,0.14286578870920888,0.9412843670873458
0.11044119302135,0.14281220985268456,0.9414638036565185
0.11031947370165679,0.1427556689376674,0.9416233028291165
0.11019199801809035,0.14271602103794018,0.9418824889845884
0.1100890577778742,0.14271393502764299,0.9423410491058077
0.11000036661720985,0.14267521305617922,0.9426002352612796
0.10989357935086123,0.14260852779813663,0.9426799848475786
0.10976060437586631,0.14262288163693473,0.9433179815379708
0.10963005398901726,0.14256835128417564,0.9434774807105688
0.10951702403893976,0.14252335041582107,0.9437167294694658
0.10943620198998125,0.14249129554229448,0.9440357278146619
0.10928494021147968,0.14243391272178227,0.9441553521941105
0.1091828873028185,0.14240020201595086,0.9444145383495823
0.10907913867316173,0.14243694323012904,0.9451920968159978
0.1089671057317133,0.14239640608155385,0.94541140817832
0.1088604000736455,0.14235246093538956,0.9455709073509181
0.10875481154181757,0.14234158019313672,0.945989592678988
0.10864535714964067,0.1422976931911206,0.9461291544550112
0.10851524743376943,0.14225136428612098,0.946388340610483
0.10840600747458358,0.14217552393303962,0.946388340610483
0.10825596365255472,0.1422122166473075,0.9471060868871742
0.10813531649910199,0.14213948255794817,0.9471459616803238
0.1080699111050966,0.1421505742898751,0.9477640209741411
0.10795462839644877,0.14211377351103036,0.9479833323364635
0.10783091155800012,0.14210559334641823,0.9483820802679586
0.10773087117737805,0.14206761057930598,0.9486412664234304
0.10757634033082653,0.14200704887358284,0.9487210160097295
0.10746595263994638,0.14207865419891727,0.9496979484418925
0.10729183641658264,0.14206584862686175,0.9500966963733876
0.10718536070487218,0.14204884036898435,0.9505153817014574
0.10698297463314956,0.14202082042974892,0.9508941922363777
0.10689421239198886,0.14197878070919454,0.9511533783918495
0.10677305211913726,0.1419355222495531,0.9514125645473214
0.10661981501746678,0.14197046443604194,0.9522100604103116
0.10650907111833792,0.14201466463849408,0.9530274936698766
0.10641661974260112,0.1420019064644587,0.9533863668082222
0.10631565996160579,0.14196248367565,0.9536056781705445
0.10617337531924108,0.1420120976234904,0.9544231114301095
0.10601885815663782,0.1419701287187136,0.9545826106027075
0.10592550954925455,0.14190619016852102,0.9546025479992822
0.10580839930225686,0.14195371486627784,0.9554797934485715
0.10568440541028375,0.1419559386859758,0.9560579779492394
0.10556613482200167,0.14198473282442747,0.9567557868293558
0.10544514524035889,0.14192518113263344,0.9568355364156549
0.1053147697648685,0.14192686394660375,0.9572741591402995
0.10516514779633984,0.14186186683054813,0.9572741591402995
0.10508610705687439,0.1417987355639615,0.957393783519748
0.10493435425872102,0.1417635149891101,0.9577127818649441
0.10485065508606971,0.1417696280412809,0.9583109037621867
0.104695808076458,0.1417129246125682,0.9584305281416353
0.10447226988378047,0.1416879283016422,0.9588292760731304
0.10427983089683554,0.14163555199585398,0.9589887752457285
0.10414520202704385,0.14162651825734812,0.959427397970373
0.1039808965866933,0.14156779798134317,0.9594473353669478
0.10388183993730185,0.14158563443313701,0.9600255198676156
0.10373976372801932,0.14151822320449783,0.9600255198676156
0.1036519616016371,0.1414929739637184,0.960404330402536
0.10352692555864557,0.14144714630874058,0.9606037043682836
0.10336246882227482,0.1414151195307388,0.9608429531271806
0.1032217499788998,0.14137722689223514,0.9610223896963535
0.10311736133077247,0.14129848506167628,0.9610223896963535
0.10299179595028117,0.14124068664648956,0.9611220766792272
0.10285700548151384,0.14122066992483184,0.9615208246107223
0.1027508939100468,0.14118104982206406,0.9617999481627689
0.10259298703337437,0.14109722461896643,0.9617999481627689
0.10241558804515702,0.14107154862716784,0.962198696094264
0.10225703317964698,0.1410645210298122,0.9626373188189086
0.10205053627775715,0.14104922589951585,0.9630560041469785
0.10190926160770707,0.14110989838383012,0.9640329365791415
0.10178172467182499,0.14105077092703758,0.9641126861654405
0.10157552425533649,0.14104709538608654,0.9645712462866599
0.10144982493653003,0.1409860045515075,0.9646509958729589
0.10128918422156757,0.14092822088569806,0.9647108080626832
0.10118170689956911,0.14088278784915062,0.964969994218155
0.1010577210139332,0.1408390473225948,0.9652291803736268
0.10096193343502355,0.14076206259903762,0.9652291803736268
0.10077933512861284,0.14070573738571437,0.9652889925633511
0.10058333788654504,0.1406317623992448,0.9652889925633511
0.10043202074926115,0.1405619458492768,0.9652889925633511
0.10021195170841625,0.14049709087215798,0.9652889925633511
0.10008091040815671,0.14048261260477393,0.965707677891421
0.0998765815825656,0.14042308963262276,0.9658472396674442
0.09968650594276263,0.14042178396247462,0.9663057997886636
0.09948770151143263,0.14046925407020858,0.9670833582550791
0.09932413397039454,0.1404709185371713,0.9676017305660227
0.09910546955694989,0.14046913694540236,0.9680403532906673
0.09895803143276531,0.14039115449561657,0.9680403532906673
0.09878488607369898,0.14035239820939863,0.9682796020495643
0.09867336761419579,0.14032731390015366,0.9686185377913352
0.09847777608397822,0.14029653408467618,0.9689375361365313
0.09835486813181017,0.1402588035026472,0.9692166596885778
0.09818620150536586,0.1402357785942105,0.969535658033774
0.09799229635645641,0.14023866486034647,0.9700141555515681
0.09782584651169497,0.14018933915678963,0.9701537173275914
0.09759084205149757,0.14013798981777972,0.9702733417070399
0.09743250500599068,0.14012859848375825,0.970672089638535
0.09726574258712355,0.1400677236621412,0.970672089638535
0.0971320564697665,0.14010161917824762,0.9714097733118009
0.09700750889639147,0.14007069778135417,0.971728771656997
0.09686576011010677,0.14003671116243396,0.9719480830193193
0.0966493406414394,0.14004151462342562,0.9725063301234125
0.09643809250206142,0.1399900138314174,0.972625954502861
0.09631837978011733,0.1399313392854582,0.9727455788823095
0.09609777122680381,0.13986515153252532,0.9727455788823095
0.0959134974339994,0.1398432687210785,0.9730645772275056
0.09571744033338653,0.13984187753956642,0.9736626991247483
0.0955039074673208,0.13981418406425133,0.9739019478836454
0.09530064900937735,0.13979595923762222,0.9742209462288415
0.095096333185826,0.13974288589989936,0.9743804454014395
0.09492453376302203,0.13967099923408438,0.9743804454014395
0.09473566082068062,0.1396616289000797,0.9748190681260841
0.09446452558380213,0.1396118356439714,0.9749586299021074
0.09433337279740794,0.13954742609291176,0.9749985046952568
0.09408774770810975,0.1394832159256196,0.9750782542815559
0.09378724677170189,0.13944797744705958,0.9753573778336024
0.09363702181226526,0.13941144796109367,0.9755966265924996
0.09343462447772448,0.13936788154897495,0.9758558127479714
0.09328683602529536,0.13937106703438384,0.9763143728691908
0.09303103945355964,0.13931159265676074,0.9763143728691908
0.09280971924265526,0.13924849656662733,0.9763941224554897
0.09263327586836137,0.13919748086635006,0.9765137468349383
0.09240463550636298,0.13916126026836945,0.9767729329904101
0.09217745087425412,0.13914339660141112,0.9770719939390314
0.0919759224727931,0.13912103317054067,0.977430867077377
0.09178901485977793,0.13908791277364602,0.9776501784396994
0.09160398727621129,0.13901141891662036,0.9776501784396994
0.09140566642083857,0.13901056866800782,0.9781486133540682
0.09124964771266866,0.138985258924652,0.9784277369061148
0.09100847448228366,0.13897726500758587,0.9789062344239089
0.09076413019715367,0.13892456812407697,0.9790059214067827
0.09050650093363939,0.13886838764043355,0.9791056083896564
0.09030857903460597,0.13881878124814526,0.9792651075622545
0.09002866935088741,0.13877040242710492,0.9794246067348525
0.0898206240316733,0.13872246472152736,0.9795841059074506
0.08958788785125646,0.13866571848641082,0.9796837928903244
0.08933316821063451,0.1387056471059393,0.9805411009430388
0.08912312142170824,0.13868160431214566,0.980780349701936
0.08895174408083174,0.1386785009861933,0.98125884721973
0.08872148541751029,0.1386223657864129,0.9813784715991786
0.08853810122879711,0.13860711752586605,0.9818370317203979
0.08815958606659789,0.13853225461624152,0.9818370317203979
0.08787364359305297,0.13850812744097377,0.9821161552724446
0.08766914309035095,0.1384450646273703,0.9821161552724446
0.08733529602826137,0.13844667121759918,0.9825747153936639
0.0870828100450961,0.13842918353708872,0.9829335885320095
0.08681607715027356,0.1383784238886394,0.983053212911458
0.08639393017973088,0.13835110769524214,0.9833722112566541
0.08609898289123538,0.13830509044826,0.9834918356361027
0.0858401836719978,0.13827184710876966,0.9837709591881492
0.08546729454644016,0.13822203922952606,0.9838905835675977
0.0852160695651372,0.13826082087462904,0.9845883924477141
0.08489469313407064,0.1382331787614285,0.9848077038100365
0.08448179654737634,0.13817476944765336,0.9848874533963355
0.08420732174278567,0.13815064778210812,0.9851865143449569
0.08390909219898192,0.1381341604839949,0.9855453874833024
0.08361410310473281,0.1380822438155142,0.985665011862751
0.08329551331486687,0.13801516999946958,0.985665011862751
0.0828220808434258,0.13796971396522714,0.985824511035349
0.08232874833617651,0.13794882521090426,0.9862033215702694
0.08208766043026547,0.1378776898204928,0.9862033215702694
0.08177466239452308,0.13784736248276247,0.9865223199154655
0.08136109084151825,0.13778402762307865,0.9865223199154655
0.08089136310965729,0.13774493431307058,0.9866818190880635
0.08065170009679382,0.13769160152446658,0.9868213808640868
0.08033961643105382,0.13763074921175117,0.9869011304503857
0.08002497035479755,0.13761564778042415,0.9872400661921567
0.0795894561104951,0.13756732807209068,0.9873596905716051
0.07923957098923805,0.13756312623025005,0.9878780628825488
0.07884023208735227,0.13749386076634285,0.9879179376756984
0.07850267635751058,0.1374608950322824,0.9881771238311702
0.07817158328738698,0.1374068232156767,0.9882568734174692
0.07779077019828663,0.13743668746605783,0.9889347449010109
0.07738194506695167,0.13742709493029362,0.9893534302290807
0.07705548368302124,0.13736014305407157,0.9893534302290807
0.0763484653404533,0.13734701104397673,0.9898119903503001
0.07596811657154308,0.13729458901211936,0.9899515521263234
0.0755522878673028,0.1372957615689049,0.9904499870406922
0.07493837525130534,0.13727927689009703,0.9907689853858883
0.07468059874788785,0.13724082516242866,0.990948421955061
0.07407672240732573,0.1372150724893674,0.9912275455071077
0.07367226424776997,0.13716678666898396,0.9913272324899814
0.07316294249095605,0.13712623554226003,0.9915864186454533
0.07263091203711429,0.13710473082837726,0.9918655421974999
0.0721640220289707,0.1370539219062048,0.9919652291803737
0.07181210146933416,0.13706060347414764,0.9924836014913173
0.07136877560276216,0.13706275231781517,0.9930019738022609
0.07105191145859634,0.13704282381937416,0.9932810973543075
0.07029825536994448,0.13700837193956808,0.9935203461132045
0.0698551811888,0.13694586966618208,0.9935203461132045
0.0691546427879037,0.1368992682444459,0.9936599078892279
0.06880110624299779,0.13684909918567043,0.9937595948721016
0.06843711589311262,0.13687656767125694,0.9944175289590685
0.06762491734277876,0.1368412679691593,0.9946767151145404
0.06666854378242354,0.1368333319625051,0.9950555256494606
0.06590778196249956,0.1368367112056209,0.9955738979604043
0.06495290189172834,0.13681359014812866,0.9958530215124509
0.06444058539079076,0.13679484195972677,0.996172019857647
0.06350751240954734,0.1367339176405881,0.996251769443946
0.06256154311796548,0.13669558652983524,0.996411268616544
0.06158608706650243,0.13663229376257546,0.9964511434096935
0.060730848059363796,0.13661850216412363,0.9968299539446139
0.06008863778288882,0.13654462730018627,0.9968299539446139
0.05913102061334463,0.1365323927974754,0.99714895228981
0.05814916248378401,0.13648889034398465,0.9974081384452819
0.05706921032121791,0.13645944965736523,0.9977071993939032
0.055966543214821744,0.13639659185687106,0.9977071993939032
0.0549640284761435,0.1363713144544766,0.9979464481528002
0.053703018820501595,0.13632947583390062,0.998205634308272
0.052262594712969304,0.13629052231636188,0.9983850708774448
0.05110804707622345,0.13623045679479193,0.9983850708774448
0.04857046887605629,0.1361682225201291,0.9983850708774448
0.04691476142290491,0.13611556546082135,0.9984847578603187
0.04538876408737795,0.1360419852823331,0.9984847578603187
0.04429053574320179,0.13596553147126536,0.9984847578603187
0.042717754150993124,0.13591466359852164,0.9986043822397671
0.04097877565342166,0.13585912834033134,0.9986243196363419
0.03812510887387603,0.1358007287238657,0.9987040692226409
0.03599252765376535,0.13575222198135703,0.9988236936020894
0.033602706051200235,0.1357511409650465,0.999262316326734
0.0293867481886423,0.1356938063303922,0.999262316326734
0.023837760109044034,0.13567164744529892,0.9996211894650796
0.013430113318807687,0.1356705626499539,1.0
