make,model,model_year,component_group,recall_report_week,campaign_numbers,flagged,first_crossing_week,lead_days,score_at_crossing,n_trailing_at_crossing,rate_ratio_at_crossing,accel_at_crossing,severity_frac_at_crossing,hazard_lang_at_crossing,matched_controls,matched_controls_not_flagged
BMW,X5,2010,ENGINE,2023-10-19,23V707000,1,2023-07-06,105,0.027603,1.0,0.866667,1.0,0.0,0.0,75,0
HONDA,CR-V,2008,STRUCTURE,2023-03-30,23V228000,1,2022-10-06,175,0.024426,1.0,1.444444,1.0,0.0,0.0,97,0
BMW,325I,2006,AIR BAGS,2024-06-27,24V513000,0,,,,,,,,,22,0
HONDA,ACCORD,2013,POWER TRAIN,2025-07-03,25V422000,1,2025-01-09,175,0.023344,2.0,0.962963,0.0,0.0,0.5,117,0
HONDA,ACCORD,2013,FUEL/PROPULSION SYSTEM,2023-12-14,23V858000,0,,,,,,,,,142,0
FORD,ESCAPE,2013,POWER TRAIN,2022-06-09,22V413000,1,2021-12-16,175,0.033621,7.0,0.978495,0.0,0.0,0.0,346,0
BMW,X5,2011,ENGINE,2023-10-19,23V707000,1,2023-09-21,28,0.013191,1.0,4.333333,1.0,0.0,0.0,88,0
TOYOTA,TUNDRA,2004,SUSPENSION,2022-01-13,22E002000,1,2021-07-22,175,0.027025,1.0,0.866667,0.0,0.0,0.0,132,0
BMW,528I,2012,ELECTRICAL SYSTEM,2024-08-08,24V608000,0,,,,,,,,,100,0
BUICK,ENCLAVE,2011,AIR BAGS,2021-10-07,21V782000,1,2021-04-15,175,0.026367,1.0,1.083333,1.0,0.0,0.0,61,0
BMW,3 SERIES,2007,ENGINE,2022-02-24,22V119000,0,,,,,,,,,75,0
NISSAN,ARMADA,2008,AIR BAGS,2023-02-09,23V067000,1,2022-09-29,133,0.013191,1.0,4.333333,1.0,0.0,0.0,82,0
TOYOTA,SEQUOIA,2006,SUSPENSION,2022-01-13,22E002000,1,2021-09-16,119,0.013191,1.0,4.333333,1.0,0.0,0.0,159,0
EVENFLO,SYMPHONY,9999,CHILD SEAT,2025-03-13,25C003000,0,,,,,,,,,21,0
KIA,SOUL,2012,SERVICE BRAKES,2023-09-21,23V652000,1,2023-06-22,91,0.023496,1.0,2.166667,1.0,1.0,1.0,137,0
VOLVO,S60,2002,AIR BAGS,2021-09-30,21V766000,1,2021-04-08,175,0.012911,1.0,4.333333,0.0,0.0,0.0,9,0
SUBARU,FORESTER,2011,SEAT BELTS,2022-11-10,22V838000,0,,,,,,,,,59,0
HONDA,CR-V,2007,STRUCTURE,2023-03-30,23V228000,1,2022-10-06,175,0.020954,1.0,2.166667,1.0,0.0,0.0,105,0
NISSAN,FRONTIER,2011,AIR BAGS,2023-02-09,23V067000,0,,,,,,,,,119,0
KIA,SORENTO,2011,SERVICE BRAKES,2023-09-21,23V652000,1,2023-04-20,154,0.009409,1.0,4.333333,1.0,0.0,1.0,99,0
HONDA,RIDGELINE,2006,STRUCTURE,2022-06-16,22V430000,0,,,,,,,,,87,0
NISSAN,VERSA,2012,AIR BAGS,2022-08-04,22E066000,1,2022-02-10,175,0.023913,1.0,1.444444,0.0,0.0,0.0,143,0
BMW,335I,2008,AIR BAGS,2024-06-27,24V513000,0,,,,,,,,,41,0
HYUNDAI,ELANTRA,2013,SERVICE BRAKES,2023-09-21,23V651000,1,2023-03-30,175,0.01711,1.0,1.444444,0.0,0.0,1.0,190,0
HYUNDAI,ELANTRA,2011,SERVICE BRAKES,2023-09-21,23V651000,0,,,,,,,,,122,0
HYUNDAI,VELOSTER,2012,SERVICE BRAKES,2023-09-21,23V651000,0,,,,,,,,,170,0
BMW,330I,2006,AIR BAGS,2024-06-27,24V513000,1,2024-06-20,7,0.013191,1.0,4.333333,1.0,0.0,0.0,21,0
KIA,SORENTO,2011,ENGINE,2023-12-21,23V877000,1,2023-06-29,175,0.030967,2.0,0.412698,0.0,0.0,0.0,111,0
NISSAN,FRONTIER,2008,AIR BAGS,2023-02-09,23V067000,0,,,,,,,,,83,0
KIA,SORENTO,2012,SERVICE BRAKES,2023-09-21,23V652000,1,2023-09-21,0,0.013191,1.0,4.333333,1.0,0.0,0.0,137,0
TOYOTA,SEQUOIA,2007,SUSPENSION,2022-01-13,22E002000,0,,,,,,,,,171,0
BMW,328I,2007,AIR BAGS,2024-06-27,24V513000,1,2024-05-09,49,0.013191,1.0,4.333333,1.0,0.0,0.0,35,0
BMW,325XI,2006,AIR BAGS,2024-06-27,24V513000,0,,,,,,,,,22,0
KIA,SOUL,2011,SERVICE BRAKES,2023-09-21,23V652000,1,2023-03-30,175,0.009208,1.0,4.333333,0.0,0.0,1.0,99,0
TOYOTA,SEQUOIA,2005,SUSPENSION,2022-01-13,22E002000,0,,,,,,,,,138,0
BMW,X5 SAV,2007,ENGINE,2022-02-24,22V119000,0,,,,,,,,,75,0
HYUNDAI,SONATA HYBRID,2012,SERVICE BRAKES,2023-09-21,23V651000,0,,,,,,,,,170,0
HONDA,RIDGELINE,2008,STRUCTURE,2022-06-16,22V430000,0,,,,,,,,,88,0
BMW,330XI,2006,AIR BAGS,2024-06-27,24V513000,0,,,,,,,,,22,0
HYUNDAI,ACCENT,2012,SERVICE BRAKES,2023-09-21,23V651000,0,,,,,,,,,170,0
VOLKSWAGEN,PASSAT,2013,AIR BAGS,2024-10-24,24V834000,1,2024-05-02,175,0.025815,1.0,1.083333,0.0,0.0,0.0,72,0
MERCEDES BENZ,C300,2009,EXTERIOR LIGHTING,2022-03-17,22V168000,0,,,,,,,,,32,0
KIA,SORENTO,2013,SERVICE BRAKES,2023-09-21,23V652000,0,,,,,,,,,168,0
BMW,3 SERIES,2008,ENGINE,2022-02-24,22V119000,0,,,,,,,,,71,0
MAZDA,MAZDA3,2004,AIR BAGS,2021-07-01,21V494000,0,,,,,,,,,22,0
MERCEDES-BENZ,ML350,2012,FUEL/PROPULSION SYSTEM,2022-12-22,22V955000,0,,,,,,,,,112,0
TOYOTA,TUNDRA,2006,SUSPENSION,2022-01-13,22E002000,1,2021-07-22,175,0.024337,2.0,0.866667,1.0,0.0,0.5,159,0
NISSAN,MAXIMA,2001,AIR BAGS,2022-08-04,22E066000,0,,,,,,,,,17,0
HYUNDAI,VELOSTER,2012,ELECTRICAL SYSTEM,2023-02-23,23V132000,0,,,,,,,,,186,0
KIA,SOUL,2013,SERVICE BRAKES,2023-09-21,23V652000,1,2023-03-30,175,0.012911,1.0,4.333333,0.0,0.0,0.0,167,0
CLEK,FOONF,9999,CHILD SEAT,2021-11-25,21C005000,0,,,,,,,,,0,0
KIA,OPTIMA,2012,SERVICE BRAKES,2023-09-21,23V652000,1,2023-03-30,175,0.012911,1.0,4.333333,0.0,0.0,0.0,137,0
BMW,X5 SAV,2009,ENGINE,2022-02-24,22V119000,0,,,,,,,,,63,0
BUICK,LACROSSE,2011,SUSPENSION,2021-12-16,21V00F000,1,2021-06-24,175,0.017665,7.0,3.791667,0.0,0.0,0.142857,59,0
BMW,X3,2013,ENGINE,2024-08-08,24V608000,1,2024-02-15,175,0.022756,2.0,1.083333,0.0,0.0,0.5,94,0
TOYOTA,TUNDRA,2011,STEERING,2021-11-18,21V920000,1,2021-10-07,42,0.020711,1.0,4.333333,1.0,1.0,0.0,169,0
TOYOTA,TUNDRA,2011,STEERING,2021-12-23,21E103000,1,2021-10-07,77,0.020711,1.0,4.333333,1.0,1.0,0.0,164,0
KIA,OPTIMA,2011,SERVICE BRAKES,2023-09-21,23V652000,1,2023-04-06,168,0.027378,1.0,1.444444,1.0,1.0,1.0,99,0
SUBARU,FORESTER,2009,SEAT BELTS,2022-11-10,22V838000,0,,,,,,,,,31,0
MERCEDES BENZ,ML350,2006,SERVICE BRAKES,2022-05-05,22V315000,0,,,,,,,,,39,0
MERCEDES BENZ,ML350,2006,SERVICE BRAKES,2024-04-25,24V298000,0,,,,,,,,,36,0
HYUNDAI,TUCSON,2011,SERVICE BRAKES,2023-09-21,23V651000,0,,,,,,,,,122,0
MINI,COOPER,2007,ELECTRICAL SYSTEM,2023-05-11,23V337000,0,,,,,,,,,8,0
TOYOTA,RAV4,2013,ELECTRICAL SYSTEM,2023-10-26,23V734000,1,2023-05-18,161,0.029546,1.0,1.083333,1.0,1.0,1.0,166,0
KIA,OPTIMA,2013,STRUCTURE,2022-07-28,22V560000,1,2022-02-03,175,0.030812,6.0,1.04,1.0,0.0,0.166667,152,0
BMW,X3 SAV,2007,ENGINE,2022-02-24,22V119000,0,,,,,,,,,75,0
BUICK,LACROSSE,2013,SUSPENSION,2021-08-12,21V633000,1,2021-02-18,175,0.020954,1.0,2.166667,1.0,0.0,0.0,62,0
BUICK,LACROSSE,2013,SUSPENSION,2021-12-16,21V00F000,1,2021-06-24,175,0.022596,8.0,3.151515,1.0,0.0,0.0,63,0
BUICK,ENCLAVE,2012,AIR BAGS,2021-10-07,21V782000,0,,,,,,,,,67,0
KIA,OPTIMA,2012,STRUCTURE,2022-07-28,22V560000,1,2022-02-03,175,0.020512,1.0,2.166667,0.0,0.0,0.0,118,0
NITTO,CROSSTEK 2,9999,TIRES,2025-10-09,25T018000,1,2025-04-17,175,0.012911,1.0,4.333333,0.0,0.0,0.0,0,0
BMW,X3 SAV,2008,ENGINE,2022-02-24,22V119000,0,,,,,,,,,71,0
BMW,328I,2012,AIR BAGS,2024-06-27,24V513000,0,,,,,,,,,102,0
TOYOTA,TUNDRA,2005,SUSPENSION,2022-01-13,22E002000,1,2021-07-22,175,0.02814,2.0,0.866667,0.0,0.0,0.0,137,0
BMW,3 SERIES,2006,ENGINE,2022-02-24,22V119000,0,,,,,,,,,52,0
KIA,SPORTAGE,2008,SERVICE BRAKES,2022-10-20,22V800000,1,2022-04-28,175,0.014492,1.0,4.333333,0.0,1.0,1.0,39,0
BMW,Z4,2011,ENGINE,2022-02-24,22V119000,1,2022-01-27,28,0.013191,1.0,4.333333,1.0,0.0,0.0,103,0
BMW,Z4,2011,ENGINE,2023-10-19,23V707000,1,2023-04-27,175,0.027025,1.0,0.866667,0.0,0.0,0.0,88,0
VOLVO,S60,2003,AIR BAGS,2021-09-30,21V766000,0,,,,,,,,,19,0
NISSAN,QUEST,2008,AIR BAGS,2023-02-09,23V067000,0,,,,,,,,,83,0
BMW,X3,2013,ELECTRICAL SYSTEM,2024-08-08,24V608000,0,,,,,,,,,95,0
BMW,328I,2009,AIR BAGS,2024-06-27,24V513000,0,,,,,,,,,44,0
EVENFLO,BIG KID,9999,CHILD SEAT,2025-03-13,25C003000,0,,,,,,,,,21,0
BMW,328I,2012,ENGINE,2024-08-08,24V608000,1,2024-02-15,175,0.018481,1.0,1.083333,0.0,0.0,1.0,99,0
BMW,328I,2012,ELECTRICAL SYSTEM,2024-08-08,24V608000,0,,,,,,,,,100,0
MERCEDES BENZ,C300,2008,EXTERIOR LIGHTING,2022-03-17,22V168000,1,2022-01-06,70,0.020954,1.0,2.166667,1.0,0.0,0.0,50,0
FORD,EXPLORER,2013,SUSPENSION,2021-07-15,21V537000,1,2021-01-21,175,0.022372,9.0,3.0,0.0,0.111111,0.333333,392,0
FORD,EXPLORER,2013,SUSPENSION,2021-09-16,21V746000,1,2021-03-25,175,0.02866,5.0,1.354167,0.0,0.0,0.0,389,0
CHEVROLET,SONIC,2013,AIR BAGS,2023-07-27,23V516000,0,,,,,,,,,273,0
KIA,SPORTAGE,2009,SERVICE BRAKES,2022-10-20,22V800000,1,2022-04-28,175,0.009208,1.0,4.333333,0.0,0.0,1.0,41,0
JEEP,GRAND CHEROKEE,2014,FUEL/PROPULSION SYSTEM,2022-06-09,22V406000,1,2022-02-24,105,0.019771,1.0,0.866667,1.0,0.0,1.0,138,0
JEEP,GRAND CHEROKEE,2014,ENGINE,2023-06-08,23V411000,1,2022-12-15,175,0.030596,3.0,0.361111,-3.0,0.0,0.0,118,0
BUICK,ENCLAVE,2008,AIR BAGS,2021-10-07,21V782000,1,2021-04-15,175,0.023913,1.0,1.444444,0.0,0.0,0.0,21,0
NISSAN,XTERRA,2009,AIR BAGS,2023-02-09,23V067000,0,,,,,,,,,94,0
KIA,FORTE,2012,SERVICE BRAKES,2023-09-21,23V652000,0,,,,,,,,,138,0
KIA,FORTE,2010,SERVICE BRAKES,2023-09-21,23V652000,1,2023-05-11,133,0.009409,1.0,4.333333,1.0,0.0,1.0,66,0
BMW,328XI,2011,AIR BAGS,2024-06-27,24V513000,0,,,,,,,,,87,0
VOLVO,S80,2006,AIR BAGS,2021-09-30,21V766000,0,,,,,,,,,6,0
KIA,FORTE,2011,SERVICE BRAKES,2023-09-21,23V652000,1,2023-07-27,56,0.013191,1.0,4.333333,1.0,0.0,0.0,99,0
KIA,SPORTAGE,2011,SERVICE BRAKES,2023-09-21,23V652000,0,,,,,,,,,100,0
MAZDA,MAZDA3,2006,AIR BAGS,2021-07-01,21V494000,1,2021-03-25,98,0.014805,1.0,4.333333,1.0,1.0,1.0,24,0
FORD,EXPLORER,2011,STRUCTURE,2024-01-18,24V031000,1,2023-07-27,175,0.02146,1.0,0.481481,1.0,0.0,1.0,224,0
BUICK,LACROSSE,2012,SUSPENSION,2021-12-16,21V00F000,1,2021-06-24,175,0.027349,6.0,1.857143,0.0,0.166667,0.166667,62,0
FORD,FUSION,2013,SERVICE BRAKES,2023-03-09,23V162000,1,2022-09-15,175,0.023002,1.0,2.166667,0.0,1.0,1.0,411,0
FORD,EXPLORER,2013,STRUCTURE,2024-01-18,24V031000,1,2023-07-27,175,0.026542,5.0,0.77381,0.0,0.0,0.6,369,0
BUICK,LACROSSE,2010,SUSPENSION,2021-12-16,21V00F000,1,2021-06-24,175,0.020915,2.0,2.166667,-1.0,0.0,0.0,40,0
MERCEDES-BENZ,E350,2011,AIR BAGS,2021-08-12,21V638000,1,2021-06-24,49,0.023496,1.0,2.166667,1.0,1.0,1.0,86,0
HYUNDAI,GENESIS COUPE,2010,ELECTRICAL SYSTEM,2024-07-25,24V562000,0,,,,,,,,,93,0
HYUNDAI,VELOSTER,2013,ELECTRICAL SYSTEM,2023-02-23,23V132000,1,2022-09-01,175,0.017649,4.0,2.166667,-1.0,0.0,0.75,202,0
TESLA,MODEL S,2013,ELECTRICAL SYSTEM,2023-12-07,23V838000,1,2023-06-15,175,0.029537,3.0,0.928571,1.0,0.0,0.0,16,0
TESLA,MODEL S,2013,ELECTRICAL SYSTEM,2024-01-25,24V051000,1,2023-08-03,175,0.027405,3.0,1.083333,-1.0,0.0,0.0,17,0
TESLA,MODEL S,2013,ELECTRICAL SYSTEM,2024-02-22,24V153000,1,2023-08-31,175,0.027892,3.0,1.0,-1.0,0.0,0.0,17,0
HYUNDAI,VELOSTER,2013,SERVICE BRAKES,2023-09-21,23V651000,0,,,,,,,,,191,0
HONDA,CR-V,2011,STRUCTURE,2023-03-30,23V228000,1,2022-10-06,175,0.009208,1.0,4.333333,0.0,0.0,1.0,110,0
BMW,328I,2013,ENGINE,2024-08-08,24V608000,1,2024-02-15,175,0.018967,3.0,1.444444,1.0,0.0,1.0,94,0
MERCEDES BENZ,C350,2008,EXTERIOR LIGHTING,2022-03-17,22V168000,0,,,,,,,,,51,0
MAZDA,MAZDA3,2005,AIR BAGS,2021-07-01,21V494000,0,,,,,,,,,21,0
MAZDA,B-SERIES TRUCK,2004,AIR BAGS,2023-12-07,23V837000,0,,,,,,,,,10,0
HYUNDAI,TUCSON,2010,SERVICE BRAKES,2023-09-21,23V651000,0,,,,,,,,,91,0
LINCOLN,MKZ,2013,SERVICE BRAKES,2023-03-09,23V162000,1,2023-01-26,42,0.009409,1.0,4.333333,1.0,0.0,1.0,48,0
AUDI,S6,2013,ENGINE,2022-03-17,22V178000,1,2021-09-23,175,0.021224,1.0,0.433333,0.0,0.0,1.0,56,0
HONDA,CR-V,2013,FUEL/PROPULSION SYSTEM,2023-12-14,23V858000,0,,,,,,,,,142,0
MINI,COOPER,2011,ELECTRICAL SYSTEM,2023-05-11,23V337000,1,2022-11-17,175,0.012911,1.0,4.333333,0.0,0.0,0.0,16,0
BMW,X3 SAV,2010,ENGINE,2022-02-24,22V119000,0,,,,,,,,,80,0
FORD,EXPLORER,2011,SUSPENSION,2021-09-16,21V746000,0,,,,,,,,,282,0
NISSAN,VERSA,2007,AIR BAGS,2022-08-04,22E066000,1,2022-04-21,105,0.020954,1.0,2.166667,1.0,0.0,0.0,106,0
MINI,COOPER,2013,ELECTRICAL SYSTEM,2023-05-11,23V337000,0,,,,,,,,,8,0
NISSAN,LEAF,2013,VISIBILITY,2023-04-20,23V296000,0,,,,,,,,,174,0
TOYOTA,TUNDRA,2013,STEERING,2021-11-18,21V920000,0,,,,,,,,,208,0
TOYOTA,TUNDRA,2013,STEERING,2021-12-23,21E103000,0,,,,,,,,,196,0
MINI,COOPER CLUBMAN,2008,ELECTRICAL SYSTEM,2023-05-11,23V337000,0,,,,,,,,,7,0
NISSAN,MAXIMA,2002,AIR BAGS,2022-08-04,22E066000,0,,,,,,,,,25,0
KIA,OPTIMA HYBRID,2012,SERVICE BRAKES,2023-09-21,23V652000,0,,,,,,,,,138,0
NISSAN,PATHFINDER,2008,AIR BAGS,2023-02-09,23V067000,1,2022-08-18,175,0.020512,1.0,2.166667,0.0,0.0,0.0,82,0
NISSAN,SENTRA,2002,AIR BAGS,2022-08-04,22E066000,0,,,,,,,,,25,0
BMW,X3,2011,ENGINE,2023-10-19,23V707000,1,2023-04-27,175,0.02008,1.0,2.166667,-1.0,0.0,0.0,88,0
NISSAN,SENTRA,2003,AIR BAGS,2022-08-04,22E066000,0,,,,,,,,,32,0
MINI,COOPER,2008,ELECTRICAL SYSTEM,2023-05-11,23V337000,0,,,,,,,,,7,0
BMW,3 SERIES,2009,ENGINE,2022-02-24,22V119000,0,,,,,,,,,63,0
VOLVO,S60,2004,AIR BAGS,2021-09-30,21V766000,0,,,,,,,,,15,0
MERCEDES BENZ,R500,2006,SERVICE BRAKES,2022-05-05,22V315000,0,,,,,,,,,39,0
MERCEDES BENZ,R500,2006,SERVICE BRAKES,2024-04-25,24V298000,0,,,,,,,,,36,0
BUICK,ENCLAVE,2009,AIR BAGS,2021-10-07,21V782000,0,,,,,,,,,31,0
MINI,COOPER CLUBMAN,2009,ELECTRICAL SYSTEM,2023-05-11,23V337000,0,,,,,,,,,12,0
HYUNDAI,SONATA HYBRID,2011,SERVICE BRAKES,2023-09-21,23V651000,1,2023-08-24,28,0.013191,1.0,4.333333,1.0,0.0,0.0,121,0
HYUNDAI,AZERA,2012,SERVICE BRAKES,2023-09-21,23V651000,0,,,,,,,,,170,0
MERCEDES BENZ,GL450,2008,SERVICE BRAKES,2022-05-05,22V315000,0,,,,,,,,,48,0
MERCEDES BENZ,GL450,2008,SERVICE BRAKES,2024-04-25,24V298000,1,2023-12-28,119,0.020954,1.0,2.166667,1.0,0.0,0.0,33,0
BMW,528I,2012,ENGINE,2024-08-08,24V608000,1,2024-05-09,91,0.013191,1.0,4.333333,1.0,0.0,0.0,99,0
FORD,ESCAPE,2014,POWER TRAIN,2022-06-09,22V413000,1,2021-12-16,175,0.034601,9.0,0.975,1.0,0.0,0.222222,400,0
FORD,FUSION,2013,POWER TRAIN,2022-06-09,22V413000,1,2021-12-16,175,0.031496,1.0,0.240741,1.0,0.0,0.0,346,0
HYUNDAI,SONATA HYBRID,2013,SERVICE BRAKES,2023-09-21,23V651000,1,2023-07-06,77,0.013191,1.0,4.333333,1.0,0.0,0.0,190,0
FORD,RANGER,2004,AIR BAGS,2023-02-23,23V125000,1,2022-09-29,147,0.014805,1.0,4.333333,1.0,1.0,1.0,73,0
FORD,RANGER,2004,AIR BAGS,2023-04-27,23V306000,1,2022-11-03,175,0.014492,1.0,4.333333,0.0,1.0,1.0,82,0
KIA,SORENTO,2014,SERVICE BRAKES,2023-09-21,23V652000,1,2023-08-17,35,0.024426,1.0,1.444444,1.0,0.0,0.0,188,0
FORD,FUSION,2014,POWER TRAIN,2022-06-09,22V413000,1,2021-12-16,175,0.023693,3.0,0.722222,-1.0,0.0,0.666667,400,0
MINI,COOPER,2012,ELECTRICAL SYSTEM,2023-05-11,23V337000,0,,,,,,,,,13,0
MINI,COOPER S,2008,ELECTRICAL SYSTEM,2023-05-11,23V337000,0,,,,,,,,,7,0
INFINITI,M35,2008,AIR BAGS,2022-08-04,22E066000,0,,,,,,,,,20,0
HYUNDAI,SONATA,2013,FUEL/PROPULSION SYSTEM,2022-05-05,22V312000,1,2021-11-11,175,0.021992,5.0,1.031746,0.0,0.0,1.0,173,0
VOLKSWAGEN,PASSAT,2012,AIR BAGS,2024-10-24,24V834000,1,2024-05-02,175,0.012911,1.0,4.333333,0.0,0.0,0.0,59,0
NISSAN,VERSA,2009,AIR BAGS,2022-08-04,22E066000,1,2022-02-10,175,0.026805,1.0,1.444444,0.0,1.0,1.0,100,0
HYUNDAI,VERACRUZ,2011,SERVICE BRAKES,2023-09-21,23V651000,0,,,,,,,,,122,0
VOLKSWAGEN,PASSAT,2007,AIR BAGS,2024-10-24,24V834000,0,,,,,,,,,17,0
GMC,TERRAIN,2013,EXTERIOR LIGHTING,2022-03-03,22V137000,0,,,,,,,,,95,0
MERCEDES BENZ,ML350,2008,SERVICE BRAKES,2022-05-05,22V315000,0,,,,,,,,,48,0
MERCEDES BENZ,ML350,2008,SERVICE BRAKES,2024-04-25,24V298000,0,,,,,,,,,34,0
RAM,1500,2014,ENGINE,2023-06-08,23V411000,1,2022-12-15,175,0.028993,5.0,0.984848,0.0,0.0,0.2,77,0
HYUNDAI,VERACRUZ,2010,SERVICE BRAKES,2023-09-21,23V651000,0,,,,,,,,,91,0
MERCEDES BENZ,E500,2005,VISIBILITY,2022-12-22,22V954000,0,,,,,,,,,46,0
MERCEDES BENZ,E500,2005,VISIBILITY,2024-11-14,24V874000,0,,,,,,,,,28,0
MINI,COOPER S,2011,ELECTRICAL SYSTEM,2023-05-11,23V337000,0,,,,,,,,,17,0
BMW,328XI,2007,AIR BAGS,2024-06-27,24V513000,0,,,,,,,,,36,0
MERCEDES-BENZ,CLA250,2014,STRUCTURE,2023-12-14,23V854000,1,2023-10-12,63,0.013191,1.0,4.333333,1.0,0.0,0.0,134,0
NISSAN,ROGUE,2014,ELECTRICAL SYSTEM,2022-01-20,22V024000,1,2022-01-13,7,0.020954,1.0,2.166667,1.0,0.0,0.0,187,0
NISSAN,ROGUE,2014,ELECTRICAL SYSTEM,2023-02-16,23V093000,1,2022-08-25,175,0.029584,4.0,0.912281,-1.0,0.0,0.0,205,0
MINI,COOPER S,2007,ELECTRICAL SYSTEM,2023-05-11,23V337000,0,,,,,,,,,8,0
VOLKSWAGEN,PASSAT,2006,AIR BAGS,2024-10-24,24V834000,1,2024-05-02,175,0.009208,1.0,4.333333,0.0,0.0,1.0,11,0
HYUNDAI,GENESIS COUPE,2011,SERVICE BRAKES,2023-09-21,23V651000,1,2023-03-30,175,0.02008,1.0,2.166667,-1.0,0.0,0.0,121,0
RAM,1500,2014,FUEL/PROPULSION SYSTEM,2022-06-09,22V406000,1,2021-12-16,175,0.029011,2.0,0.722222,0.0,0.0,0.0,75,0
BMW,328XI,2013,ENGINE,2024-08-08,24V608000,0,,,,,,,,,95,0
MINI,COOPER,2010,ELECTRICAL SYSTEM,2023-05-11,23V337000,0,,,,,,,,,18,0
FORD,EXPLORER,2014,STRUCTURE,2024-01-18,24V031000,1,2023-07-27,175,0.030242,5.0,0.984848,2.0,0.0,0.2,441,0
NISSAN,PATHFINDER HYBRID,2014,FUEL/PROPULSION SYSTEM,2021-09-30,21V774000,0,,,,,,,,,214,0
EVENFLO,MAESTRO,9999,CHILD SEAT,2025-03-13,25C003000,0,,,,,,,,,21,0
BMW,328I,2011,AIR BAGS,2024-06-27,24V513000,1,2024-01-04,175,0.011363,2.0,4.333333,0.0,0.0,0.5,86,0
NISSAN,VERSA,2011,AIR BAGS,2022-08-04,22E066000,1,2022-04-21,105,0.024426,1.0,1.444444,1.0,0.0,0.0,123,0
JEEP,CHEROKEE,2014,ELECTRICAL SYSTEM,2023-05-11,23V338000,1,2022-11-17,175,0.029236,8.0,1.444444,2.0,0.0,0.375,122,0
CHEVROLET,CRUZE,2014,AIR BAGS,2023-09-14,23V674000,1,2023-03-23,175,0.026258,2.0,1.733333,0.0,1.0,1.0,338,0
CHEVROLET,CRUZE,2014,AIR BAGS,2023-12-21,23V870000,1,2023-06-29,175,0.027863,1.0,0.722222,0.0,0.0,0.0,314,0
CHEVROLET,CRUZE,2014,AIR BAGS,2025-11-06,25V764000,0,,,,,,,,,239,0
NISSAN,VERSA,2010,AIR BAGS,2022-08-04,22E066000,1,2022-02-10,175,0.023913,1.0,1.444444,0.0,0.0,0.0,97,0
MAZDA,RX-8,2009,FUEL/PROPULSION SYSTEM,2021-09-23,21V744000,0,,,,,,,,,54,0
FORD,RANGER,2005,AIR BAGS,2023-02-23,23V125000,1,2023-02-09,14,0.013191,1.0,4.333333,1.0,0.0,0.0,86,0
FORD,RANGER,2005,AIR BAGS,2023-04-27,23V306000,1,2023-02-09,77,0.013191,1.0,4.333333,1.0,0.0,0.0,94,0
KIA,SOUL,2014,AIR BAGS,2022-02-17,22V096000,1,2021-08-26,175,0.02144,2.0,1.733333,1.0,0.5,1.0,162,0
BMW,X5 SAV,2008,ENGINE,2022-02-24,22V119000,0,,,,,,,,,71,0
HYUNDAI,ELANTRA,2012,SERVICE BRAKES,2023-09-21,23V651000,1,2023-05-25,119,0.020954,1.0,2.166667,1.0,0.0,0.0,169,0
TOYOTA,SEQUOIA,2004,SUSPENSION,2022-01-13,22E002000,0,,,,,,,,,133,0
BMW,335I,2007,AIR BAGS,2024-06-27,24V513000,0,,,,,,,,,36,0
FORD,EXPLORER,2014,SUSPENSION,2021-07-15,21V537000,1,2021-01-21,175,0.023826,2.0,0.866667,0.0,0.0,0.5,444,0
BMW,5 SERIES,2006,ENGINE,2022-02-24,22V119000,0,,,,,,,,,52,0
HONDA,ACCORD,2014,FUEL/PROPULSION SYSTEM,2023-12-14,23V858000,0,,,,,,,,,142,0
HONDA,RIDGELINE,2007,STRUCTURE,2022-06-16,22V430000,1,2021-12-23,175,0.012911,1.0,4.333333,0.0,0.0,0.0,97,0
GMC,TERRAIN,2014,VISIBILITY,2022-03-17,22V165000,1,2021-09-23,175,0.027001,9.0,2.052632,0.0,0.0,0.222222,114,0
GMC,TERRAIN,2014,EXTERIOR LIGHTING,2022-03-03,22V137000,0,,,,,,,,,113,0
BMW,428I,2014,ENGINE,2024-08-08,24V608000,0,,,,,,,,,110,0
HYUNDAI,ELANTRA,2014,SERVICE BRAKES,2023-09-21,23V651000,1,2023-03-30,175,0.019402,2.0,2.888889,0.0,0.5,0.5,204,0
EVENFLO,TITAN 65,9999,CHILD SEAT,2023-11-02,23C005000,0,,,,,,,,,8,0
EVENFLO,TITAN 65,9999,CHILD SEAT,2025-06-12,25C008000,0,,,,,,,,,26,0
NISSAN,XTERRA,2011,AIR BAGS,2023-02-09,23V067000,0,,,,,,,,,119,0
KIA,OPTIMA HYBRID,2013,SERVICE BRAKES,2023-09-21,23V652000,0,,,,,,,,,168,0
BMW,328I,2014,AIR BAGS,2024-04-18,24V288000,1,2023-10-26,175,0.014492,1.0,4.333333,0.0,1.0,1.0,122,0
BMW,328I,2014,AIR BAGS,2024-07-11,24V527000,1,2024-01-18,175,0.018358,3.0,3.25,0.0,0.333333,0.333333,110,0
BMW,328I,2014,AIR BAGS,2025-12-11,25V871000,0,,,,,,,,,137,0
BMW,328I,2008,AIR BAGS,2024-06-27,24V513000,0,,,,,,,,,41,0
CHEVROLET,VOLT,2013,AIR BAGS,2023-07-27,23V516000,1,2023-02-02,175,0.023762,3.0,1.857143,0.0,0.0,0.0,272,0
MINI,COOPER,2009,ELECTRICAL SYSTEM,2023-05-11,23V337000,0,,,,,,,,,12,0
BMW,5 SERIES,2008,ENGINE,2022-02-24,22V119000,0,,,,,,,,,71,0
KIA,OPTIMA,2013,FUEL/PROPULSION SYSTEM,2022-02-17,22V093000,1,2021-08-26,175,0.029908,2.0,0.577778,0.0,0.0,0.0,152,0
MITSUBISHI,OUTLANDER,2014,STRUCTURE,2025-08-07,25V507000,0,,,,,,,,,10,0
BMW,328I,2014,ENGINE,2024-08-08,24V608000,0,,,,,,,,,110,0
BMW,Z4,2006,ENGINE,2022-02-24,22V119000,0,,,,,,,,,52,0
FORD,EXPLORER,2012,STRUCTURE,2024-01-18,24V031000,1,2023-07-27,175,0.030244,1.0,0.333333,0.0,0.0,0.0,315,0
KIA,SPORTAGE,2013,SERVICE BRAKES,2023-09-21,23V652000,0,,,,,,,,,168,0
TOYOTA,RAV4,2014,ELECTRICAL SYSTEM,2023-10-26,23V734000,1,2023-05-18,161,0.026367,1.0,1.083333,1.0,0.0,0.0,159,0
MAZDA,MAZDA3,2007,AIR BAGS,2021-07-01,21V494000,0,,,,,,,,,38,0
HONDA,RIDGELINE,2010,STRUCTURE,2022-06-16,22V430000,1,2022-02-17,119,0.009409,1.0,4.333333,1.0,0.0,1.0,78,0
MERCEDES BENZ,C300,2009,ENGINE,2022-03-17,22V168000,0,,,,,,,,,32,0
NISSAN,VERSA,2008,AIR BAGS,2022-08-04,22E066000,0,,,,,,,,,97,0
FORD,C-MAX,2013,POWER TRAIN,2022-06-09,22V413000,0,,,,,,,,,347,0
BUICK,ENCLAVE,2013,AIR BAGS,2021-10-07,21V782000,0,,,,,,,,,65,0
NISSAN,ARMADA,2011,AIR BAGS,2023-02-09,23V067000,0,,,,,,,,,119,0
INFINITI,M56,2011,POWER TRAIN,2024-06-20,24V470000,0,,,,,,,,,18,0
GMC,ACADIA,2014,AIR BAGS,2023-05-04,23V334000,1,2023-01-19,105,0.020841,1.0,0.619048,1.0,0.0,1.0,129,0
BMW,X5,2001,AIR BAGS,2025-10-30,25V748000,0,,,,,,,,,8,0
NISSAN,TITAN,2008,AIR BAGS,2023-02-09,23V067000,0,,,,,,,,,83,0
MERCEDES BENZ,C300,2008,ENGINE,2022-03-17,22V168000,0,,,,,,,,,51,0
BMW,Z4,2009,ENGINE,2022-02-24,22V119000,0,,,,,,,,,63,0
ACURA,MDX,2014,FUEL/PROPULSION SYSTEM,2023-12-14,23V858000,0,,,,,,,,,42,0
JEEP,CHEROKEE,2014,STRUCTURE,2023-05-11,23V338000,1,2023-02-02,98,0.024426,1.0,1.444444,1.0,0.0,0.0,122,0
CHRYSLER,TOWN AND COUNTRY,2011,EQUIPMENT ADAPTIVE/MOBILITY,2025-12-11,25V876000,0,,,,,,,,,34,0
FOREST RIVER,BLUE RIDGE,2013,STRUCTURE,2021-07-08,21V523000,0,,,,,,,,,8,0
HONDA,CR-V,2014,FUEL/PROPULSION SYSTEM,2023-12-14,23V858000,1,2023-06-22,175,0.020954,1.0,2.166667,1.0,0.0,0.0,141,0
BUICK,ENCLAVE,2010,AIR BAGS,2021-10-07,21V782000,0,,,,,,,,,44,0
FORD,F-150,2014,POWER TRAIN,2024-06-13,24V444000,1,2023-12-21,175,0.025822,4.0,0.304094,-7.0,0.25,0.75,417,0
KIA,FORTE,2013,SERVICE BRAKES,2023-09-21,23V652000,1,2023-03-30,175,0.020512,1.0,2.166667,0.0,0.0,0.0,167,0
FIRESTONE,TRANSFORCE HT,9999,TIRES,2022-01-27,22T002000,0,,,,,,,,,7,0
HYUNDAI,ACCENT,2013,SERVICE BRAKES,2023-09-21,23V651000,1,2023-05-04,140,0.020954,1.0,2.166667,1.0,0.0,0.0,190,0
KIA,OPTIMA,2013,SERVICE BRAKES,2023-09-21,23V652000,1,2023-03-30,175,0.019538,1.0,0.722222,-1.0,0.0,1.0,167,0
NISSAN,PATHFINDER,2011,AIR BAGS,2023-02-09,23V067000,1,2023-02-09,0,0.013191,1.0,4.333333,1.0,0.0,0.0,118,0
TOYOTA,TUNDRA,2008,STEERING,2021-11-18,21V920000,0,,,,,,,,,165,0
TOYOTA,TUNDRA,2008,STEERING,2021-12-23,21E103000,0,,,,,,,,,156,0
NISSAN,SENTRA,2005,AIR BAGS,2022-08-04,22E066000,0,,,,,,,,,63,0
BMW,328I,2014,ELECTRICAL SYSTEM,2024-08-08,24V608000,1,2024-02-15,175,0.014492,1.0,4.333333,0.0,1.0,1.0,109,0
SUBARU,FORESTER,2010,SEAT BELTS,2022-11-10,22V838000,0,,,,,,,,,42,0
NISSAN,MAXIMA,2003,AIR BAGS,2022-08-04,22E066000,0,,,,,,,,,32,0
HYUNDAI,SANTA FE,2013,SERVICE BRAKES,2023-09-21,23V651000,1,2023-03-30,175,0.019484,3.0,2.166667,-1.0,0.0,0.333333,190,0
MERCEDES-BENZ,E350,2010,ELECTRONIC STABILITY CONTROL (ESC),2022-03-17,22V168000,0,,,,,,,,,47,0
MERCEDES BENZ,C350,2008,ENGINE,2022-03-17,22V168000,0,,,,,,,,,51,0
BMW,Z4,2010,ENGINE,2022-02-24,22V119000,0,,,,,,,,,80,0
BMW,Z4,2010,ENGINE,2023-10-19,23V707000,0,,,,,,,,,76,0
MERCEDES-BENZ,E350,2010,ENGINE,2022-03-17,22V168000,0,,,,,,,,,47,0
BMW,X5 SAV,2010,ENGINE,2022-02-24,22V119000,0,,,,,,,,,80,0
SUBARU,IMPREZA,2005,AIR BAGS,2023-02-09,23V076000,0,,,,,,,,,25,0
SUBARU,IMPREZA,2004,AIR BAGS,2023-02-09,23V076000,1,2022-08-18,175,0.020512,1.0,2.166667,0.0,0.0,0.0,15,0
HYUNDAI,SONATA,2014,FUEL/PROPULSION SYSTEM,2022-05-05,22V312000,1,2021-11-11,175,0.021556,2.0,1.238095,-1.0,0.0,0.5,183,0
MERCEDES BENZ,CLK350,2007,VISIBILITY,2022-12-22,22V954000,0,,,,,,,,,72,0
MERCEDES BENZ,CLK350,2007,VISIBILITY,2024-11-14,24V874000,0,,,,,,,,,41,0
HONDA,CR-V,2009,STRUCTURE,2023-03-30,23V228000,1,2022-10-06,175,0.012911,1.0,4.333333,0.0,0.0,0.0,95,0
DODGE,DART,2014,POWER TRAIN,2025-10-09,25V674000,1,2025-08-28,42,0.020954,1.0,2.166667,1.0,0.0,0.0,124,0
NISSAN,PATHFINDER,2014,LATCHES/LOCKS/LINKAGES,2022-06-09,22V420000,0,,,,,,,,,201,0
HONDA,ODYSSEY,2015,FUEL/PROPULSION SYSTEM,2023-12-14,23V858000,1,2023-10-05,70,0.013191,1.0,4.333333,1.0,0.0,0.0,161,0
INFINITI,QX4,2002,AIR BAGS,2022-08-04,22E066000,0,,,,,,,,,8,0
KIA,OPTIMA,2014,FUEL/PROPULSION SYSTEM,2022-02-17,22V093000,1,2021-08-26,175,0.026805,1.0,1.444444,0.0,1.0,1.0,162,0
BMW,3 SERIES,2010,ENGINE,2022-02-24,22V119000,0,,,,,,,,,80,0
BMW,3 SERIES,2010,ENGINE,2023-10-19,23V707000,0,,,,,,,,,76,0
VOLVO,S60,2007,AIR BAGS,2021-09-30,21V766000,0,,,,,,,,,13,0
BMW,128I,2010,ENGINE,2022-02-24,22V119000,1,2021-09-02,175,0.012911,1.0,4.333333,0.0,0.0,0.0,79,0
BMW,328XI,2010,AIR BAGS,2024-06-27,24V513000,0,,,,,,,,,73,0
JEEP,CHEROKEE,2015,ELECTRICAL SYSTEM,2023-05-11,23V338000,1,2022-11-17,175,0.025143,5.0,1.666667,-1.0,0.2,0.4,167,0
HYUNDAI,VELOSTER,2014,ELECTRICAL SYSTEM,2023-02-23,23V132000,1,2022-09-01,175,0.014492,1.0,4.333333,0.0,1.0,1.0,200,0
NISSAN,TITAN,2010,AIR BAGS,2023-02-09,23V067000,1,2022-09-29,133,0.013191,1.0,4.333333,1.0,0.0,0.0,99,0
BUICK,ENCLAVE,2014,AIR BAGS,2021-10-07,21V782000,1,2021-04-15,175,0.027025,1.0,0.866667,0.0,0.0,0.0,67,0
BUICK,ENCLAVE,2014,AIR BAGS,2023-05-04,23V334000,0,,,,,,,,,51,0
NISSAN,FRONTIER,2010,AIR BAGS,2023-02-09,23V067000,1,2022-08-18,175,0.012911,1.0,4.333333,0.0,0.0,0.0,99,0
CHEVROLET,CAMARO,2013,AIR BAGS,2023-07-27,23V516000,0,,,,,,,,,273,0
BMW,128I,2013,ENGINE,2022-02-24,22V119000,0,,,,,,,,,117,0
WESTERN STAR,4900,2015,TIRES,2021-11-11,21V896000,0,,,,,,,,,0,0
BMW,335I,2009,AIR BAGS,2024-06-27,24V513000,0,,,,,,,,,44,0
MERCEDES-BENZ,C250,2013,AIR BAGS,2021-08-12,21V638000,1,2021-02-18,175,0.030244,1.0,0.333333,0.0,0.0,0.0,129,0
BMW,328XI,2013,ELECTRICAL SYSTEM,2024-08-08,24V608000,0,,,,,,,,,95,0
SUBARU,WRX,2004,AIR BAGS,2023-02-09,23V076000,0,,,,,,,,,16,0
BLUE BIRD,ALL AMERICAN,2015,STRUCTURE,2023-11-16,23V778000,0,,,,,,,,,0,0
CHEVROLET,TRAVERSE,2014,AIR BAGS,2021-10-07,21V782000,1,2021-04-15,175,0.025924,4.0,1.444444,2.0,0.0,0.25,348,0
CHEVROLET,TRAVERSE,2014,AIR BAGS,2023-05-04,23V334000,1,2022-11-10,175,0.027025,1.0,0.866667,0.0,0.0,0.0,304,0
WESTERN STAR,4900,2014,TIRES,2021-11-11,21V896000,0,,,,,,,,,0,0
CHEVROLET,SPARK,2014,LATCHES/LOCKS/LINKAGES,2022-08-25,22V640000,0,,,,,,,,,339,0
CHEVROLET,SPARK,2013,LATCHES/LOCKS/LINKAGES,2022-08-25,22V640000,0,,,,,,,,,287,0
BMW,X3,2015,ELECTRICAL SYSTEM,2024-08-08,24V608000,0,,,,,,,,,114,0
DODGE,GRAND CARAVAN,2014,EQUIPMENT ADAPTIVE/MOBILITY,2025-12-11,25V876000,0,,,,,,,,,135,0
MERCEDES BENZ,C300,2008,ELECTRONIC STABILITY CONTROL (ESC),2022-03-17,22V168000,0,,,,,,,,,51,0
HONDA,ODYSSEY,2014,FUEL/PROPULSION SYSTEM,2023-12-14,23V858000,0,,,,,,,,,142,0
ACURA,MDX,2014,EXTERIOR LIGHTING,2025-04-17,25V259000,1,2024-10-24,175,0.012911,1.0,4.333333,0.0,0.0,0.0,52,0
BMW,128I,2011,ENGINE,2022-02-24,22V119000,1,2021-09-02,175,0.023913,1.0,1.444444,0.0,0.0,0.0,103,0
LINCOLN,MKC,2015,ENGINE,2023-05-25,23V378000,1,2023-04-06,49,0.011862,2.0,4.333333,2.0,0.0,0.5,65,0
CHEVROLET,TRAVERSE,2013,AIR BAGS,2021-10-07,21V782000,1,2021-04-15,175,0.027025,1.0,0.866667,0.0,0.0,0.0,319,0
MERCEDES-BENZ,C300,2015,STRUCTURE,2023-12-14,23V854000,1,2023-06-22,175,0.021075,2.0,1.444444,0.0,0.0,0.5,151,0
KIA,RONDO,2010,SERVICE BRAKES,2023-09-21,23V652000,0,,,,,,,,,67,0
ACURA,TLX,2015,ENGINE,2023-11-09,23V751000,1,2023-05-18,175,0.020245,2.0,1.733333,1.0,0.0,0.5,46,0
HONDA,ODYSSEY,2013,FUEL/PROPULSION SYSTEM,2023-12-14,23V858000,0,,,,,,,,,142,0
NISSAN,XTERRA,2010,AIR BAGS,2023-02-09,23V067000,1,2022-08-18,175,0.012911,1.0,4.333333,0.0,0.0,0.0,99,0
FORD,TRANSIT CONNECT,2014,VISIBILITY,2021-12-16,21V977000,0,,,,,,,,,413,0
HYUNDAI,ELANTRA,2015,SERVICE BRAKES,2023-09-21,23V651000,1,2023-04-13,161,0.023286,2.0,1.444444,2.0,0.5,1.0,210,0
HONDA,CR-V,2015,FUEL/PROPULSION SYSTEM,2023-12-14,23V858000,1,2023-06-22,175,0.020245,2.0,1.733333,1.0,0.0,0.5,161,0
LINCOLN,MKZ,2014,SERVICE BRAKES,2022-01-13,22V011000,1,2021-07-22,175,0.020512,1.0,2.166667,0.0,0.0,0.0,46,0
LINCOLN,MKZ,2014,SERVICE BRAKES,2023-03-09,23V162000,1,2022-09-15,175,0.018319,2.0,2.888889,0.0,0.0,0.0,55,0
KIA,SEDONA,2015,ELECTRICAL SYSTEM,2021-09-16,21V725000,1,2021-03-25,175,0.026016,2.0,1.238095,0.0,0.0,0.0,187,0
VOLVO,XC70,2003,AIR BAGS,2021-10-14,21V800000,0,,,,,,,,,18,0
JEEP,CHEROKEE,2015,STRUCTURE,2023-05-11,23V338000,1,2022-11-17,175,0.020512,1.0,2.166667,0.0,0.0,0.0,167,0
FORD,FUSION,2014,SERVICE BRAKES,2022-01-13,22V011000,1,2021-07-22,175,0.028476,1.0,0.619048,0.0,0.0,0.0,407,0
FORD,FUSION,2014,SERVICE BRAKES,2023-03-09,23V162000,1,2022-09-15,175,0.032483,15.0,2.6,1.0,0.066667,0.2,462,0
CHRYSLER,TOWN AND COUNTRY,2012,EQUIPMENT ADAPTIVE/MOBILITY,2025-12-11,25V876000,0,,,,,,,,,41,0
HYUNDAI,GENESIS,2015,ELECTRICAL SYSTEM,2024-02-08,24V107000,1,2023-08-17,175,0.024167,4.0,1.575758,0.0,0.0,0.25,216,0
BMW,328D,2014,FUEL/PROPULSION SYSTEM,2021-07-29,21V586000,1,2021-02-04,175,0.014662,1.0,2.166667,0.0,0.0,1.0,147,0
BMW,328D,2014,FUEL/PROPULSION SYSTEM,2021-11-18,21V907000,1,2021-05-27,175,0.023913,1.0,1.444444,0.0,0.0,0.0,122,0
VOLVO,S60,2006,AIR BAGS,2021-09-30,21V766000,0,,,,,,,,,6,0
VOLKSWAGEN,GOLF,2015,FUEL/PROPULSION SYSTEM,2024-02-08,24V110000,1,2023-08-17,175,0.01711,1.0,1.444444,0.0,0.0,1.0,143,0
MERCEDES-BENZ,ML350,2014,FUEL/PROPULSION SYSTEM,2022-12-22,22V955000,1,2022-06-30,175,0.012911,1.0,4.333333,0.0,0.0,0.0,134,0
FORD,FUSION,2015,SERVICE BRAKES,2022-01-13,22V011000,1,2021-07-22,175,0.023483,5.0,1.666667,0.0,0.0,0.4,428,0
FORD,FUSION,2015,SERVICE BRAKES,2023-03-09,23V162000,1,2022-09-15,175,0.024052,13.0,3.12963,1.0,0.076923,0.538462,495,0
TOYOTA,TUNDRA,2014,STEERING,2021-11-18,21V920000,1,2021-05-27,175,0.009208,1.0,4.333333,0.0,0.0,1.0,203,0
TOYOTA,TUNDRA,2014,STEERING,2021-12-23,21E103000,0,,,,,,,,,194,0
FORD,MUSTANG,2015,SERVICE BRAKES,2022-01-13,22V011000,1,2021-08-05,161,0.01498,1.0,2.166667,1.0,0.0,1.0,428,0
BMW,X3,2014,ELECTRICAL SYSTEM,2024-08-08,24V608000,1,2024-03-28,133,0.009409,1.0,4.333333,1.0,0.0,1.0,109,0
TOYOTA,RAV4,2015,ELECTRICAL SYSTEM,2023-10-26,23V734000,1,2023-05-04,175,0.026933,3.0,1.625,0.0,0.666667,0.666667,165,0
NISSAN,SENTRA,2004,AIR BAGS,2022-08-04,22E066000,1,2022-06-23,42,0.013191,1.0,4.333333,1.0,0.0,0.0,38,0
MERCEDES-BENZ,E350,2008,VISIBILITY,2022-12-22,22V954000,0,,,,,,,,,15,0
MERCEDES-BENZ,E350,2008,VISIBILITY,2024-11-14,24V874000,1,2024-07-11,126,0.020954,1.0,2.166667,1.0,0.0,0.0,4,0
BMW,X3,2014,AIR BAGS,2023-11-23,23V797000,1,2023-06-01,175,0.023002,1.0,2.166667,0.0,1.0,1.0,139,0
BMW,X3,2014,AIR BAGS,2024-07-11,24V527000,0,,,,,,,,,111,0
HYUNDAI,SONATA,2015,ELECTRICAL SYSTEM,2021-09-23,21V749000,1,2021-04-01,175,0.02892,3.0,0.928571,0.0,0.0,0.0,203,0
SUBARU,WRX,2015,EXTERIOR LIGHTING,2022-07-21,22V522000,0,,,,,,,,,113,0
RAM,1500,2015,ENGINE,2023-06-08,23V411000,1,2022-12-15,175,0.029937,3.0,0.764706,0.0,0.0,0.0,95,0
NISSAN,TITAN,2011,AIR BAGS,2023-02-09,23V067000,0,,,,,,,,,119,0
TESLA,MODEL S,2014,ELECTRICAL SYSTEM,2023-12-07,23V838000,1,2023-08-17,112,0.028457,1.0,0.722222,1.0,0.0,0.0,33,0
TESLA,MODEL S,2014,ELECTRICAL SYSTEM,2024-01-25,24V051000,1,2023-08-17,161,0.028457,1.0,0.722222,1.0,0.0,0.0,32,0
NISSAN,TITAN,2009,AIR BAGS,2023-02-09,23V067000,0,,,,,,,,,94,0
FIAT,500,2014,TIRES,2024-06-20,24V474000,0,,,,,,,,,14,0
BMW,X5,2014,AIR BAGS,2023-11-23,23V797000,1,2023-08-10,105,0.013191,1.0,4.333333,1.0,0.0,0.0,139,0
BMW,X5,2014,AIR BAGS,2024-07-11,24V527000,0,,,,,,,,,111,0
FORD,TRANSIT CONNECT,2014,POWER TRAIN,2022-06-09,22V413000,0,,,,,,,,,401,0
FORD,ESCAPE,2015,POWER TRAIN,2022-04-14,22V254000,1,2021-10-21,175,0.027147,7.0,1.444444,-1.0,0.0,0.285714,423,0
FORD,ESCAPE,2015,POWER TRAIN,2022-06-09,22V413000,1,2021-12-16,175,0.028549,4.0,0.787879,0.0,0.0,0.25,436,0
BMW,X3,2015,ENGINE,2024-08-08,24V608000,1,2024-04-04,126,0.009409,1.0,4.333333,1.0,0.0,1.0,113,0
GMC,SAVANA,2008,ELECTRICAL SYSTEM,2023-04-06,23V247000,0,,,,,,,,,33,0
JEEP,GRAND CHEROKEE,2015,ENGINE,2023-06-08,23V411000,1,2022-12-15,175,0.024157,5.0,1.547619,-3.0,0.0,0.2,162,0
FORD,FUSION,2015,POWER TRAIN,2022-06-09,22V413000,1,2021-12-16,175,0.020402,1.0,0.619048,0.0,0.0,1.0,436,0
HYUNDAI,SONATA HYBRID,2014,SERVICE BRAKES,2023-09-21,23V651000,0,,,,,,,,,205,0
INFINITI,M35,2006,AIR BAGS,2022-08-04,22E066000,1,2022-02-10,175,0.020512,1.0,2.166667,0.0,0.0,0.0,18,0
FORD,EXPLORER,2015,SUSPENSION,2021-07-15,21V537000,1,2021-01-21,175,0.022528,5.0,1.547619,0.0,0.0,0.6,462,0
KIA,CADENZA,2014,VISIBILITY,2022-03-10,22V158000,1,2021-12-02,98,0.013191,1.0,4.333333,1.0,0.0,0.0,160,0
MERCEDES BENZ,C300,2009,ELECTRONIC STABILITY CONTROL (ESC),2022-03-17,22V168000,0,,,,,,,,,32,0
NISSAN,SENTRA,2006,AIR BAGS,2022-08-04,22E066000,0,,,,,,,,,84,0
MERCEDES-BENZ,C250,2014,AIR BAGS,2021-08-12,21V638000,1,2021-07-08,35,0.029562,1.0,0.541667,1.0,0.0,0.0,126,0
FORD,EXPLORER,2015,STRUCTURE,2024-01-18,24V031000,1,2023-07-27,175,0.037672,12.0,1.130435,0.0,0.0,0.166667,479,0
JEEP,GRAND CHEROKEE,2015,FUEL/PROPULSION SYSTEM,2022-06-09,22V406000,1,2021-12-16,175,0.019972,1.0,0.619048,-1.0,0.0,1.0,173,0
MINI,COOPER CLUBMAN,2011,ELECTRICAL SYSTEM,2023-05-11,23V337000,1,2022-11-17,175,0.014492,1.0,4.333333,0.0,1.0,1.0,16,0
FOREST RIVER,CARDINAL,2015,STRUCTURE,2021-07-08,21V523000,0,,,,,,,,,11,0
BUICK,VERANO,2013,AIR BAGS,2023-07-27,23V516000,0,,,,,,,,,51,0
FREIGHTLINER,BUSINESS CLASS M2,2015,ENGINE,2024-12-05,24V924000,0,,,,,,,,,3,0
NISSAN,PATHFINDER,2010,AIR BAGS,2023-02-09,23V067000,0,,,,,,,,,100,0
HONDA,ACCORD,2015,FUEL/PROPULSION SYSTEM,2023-12-14,23V858000,1,2023-06-22,175,0.018714,2.0,2.888889,1.0,0.0,0.0,161,0
BRIDGESTONE,DUELER H/L ALENZA,9999,TIRES,2021-08-12,21T012000,1,2021-06-17,56,0.016842,3.0,3.25,3.0,0.0,0.333333,9,0
NISSAN,NV200,2014,FUEL/PROPULSION SYSTEM,2025-10-09,25V676000,0,,,,,,,,,139,0
HYUNDAI,SONATA HYBRID,2015,SERVICE BRAKES,2023-09-21,23V651000,0,,,,,,,,,211,0
BMW,328XI,2015,ELECTRICAL SYSTEM,2024-08-08,24V608000,0,,,,,,,,,114,0
HONDA,CR-V,2010,STRUCTURE,2023-03-30,23V228000,1,2022-10-13,168,0.018879,1.0,1.083333,1.0,0.0,1.0,92,0
FOREST RIVER,CEDAR CREEK,2014,STRUCTURE,2021-07-08,21V523000,0,,,,,,,,,7,0
TOYOTA,TUNDRA,2010,STEERING,2021-11-18,21V920000,0,,,,,,,,,146,0
TOYOTA,TUNDRA,2010,STEERING,2021-12-23,21E103000,0,,,,,,,,,141,0
BMW,X4,2015,ELECTRICAL SYSTEM,2024-08-08,24V608000,0,,,,,,,,,114,0
BMW,X4,2015,AIR BAGS,2023-11-23,23V797000,0,,,,,,,,,143,0
BMW,435I,2015,AIR BAGS,2024-04-18,24V288000,0,,,,,,,,,130,0
RAM,2500,2015,AIR BAGS,2021-08-12,21V632000,1,2021-02-18,175,0.023002,1.0,2.166667,0.0,1.0,1.0,107,0
BMW,1 SERIES,2011,ENGINE,2023-10-19,23V707000,0,,,,,,,,,89,0
NISSAN,XTERRA,2008,AIR BAGS,2023-02-09,23V067000,0,,,,,,,,,83,0
NISSAN,PATHFINDER,2009,AIR BAGS,2023-02-09,23V067000,0,,,,,,,,,94,0
KIA,OPTIMA,2015,SERVICE BRAKES,2023-09-21,23V652000,1,2023-03-30,175,0.022125,4.0,1.733333,0.0,0.25,0.75,210,0
FORD,EXPEDITION,2015,BACK OVER PREVENTION,2025-04-17,25V270000,0,,,,,,,,,437,0
FORD,EXPEDITION,2015,BACK OVER PREVENTION,2025-08-28,25V572000,1,2025-05-15,105,0.013191,1.0,4.333333,1.0,0.0,0.0,471,0
MERCEDES-BENZ,GL350,2010,SERVICE BRAKES,2022-05-05,22V315000,0,,,,,,,,,48,0
MERCEDES-BENZ,GL350,2010,SERVICE BRAKES,2024-04-25,24V298000,0,,,,,,,,,52,0
HYUNDAI,SANTA FE,2014,SERVICE BRAKES,2023-09-21,23V651000,1,2023-03-30,175,0.027025,1.0,0.866667,0.0,0.0,0.0,204,0
SUBARU,FORESTER,2013,SEAT BELTS,2022-11-10,22V838000,0,,,,,,,,,75,0
MERCEDES BENZ,ML320,2009,SERVICE BRAKES,2022-05-05,22V315000,0,,,,,,,,,33,0
MERCEDES BENZ,ML320,2009,SERVICE BRAKES,2024-04-25,24V298000,0,,,,,,,,,26,0
RAM,1500,2015,AIR BAGS,2021-08-12,21V632000,1,2021-02-18,175,0.027863,1.0,0.722222,0.0,0.0,0.0,107,0
BABY TREND,HYBRID 3-IN-1,9999,CHILD SEAT,2023-05-04,23C004000,1,2022-11-10,175,0.020512,1.0,2.166667,0.0,0.0,0.0,6,0
KIA,K900,2015,SERVICE BRAKES,2023-09-21,23V652000,0,,,,,,,,,211,0
HONDA,RIDGELINE,2012,STRUCTURE,2022-06-16,22V430000,0,,,,,,,,,89,0
HONDA,PILOT,2016,ENGINE,2023-11-09,23V751000,1,2023-05-18,175,0.034959,6.0,0.176871,1.0,0.0,0.333333,218,0
ACURA,MDX,2016,FUEL/PROPULSION SYSTEM,2023-12-14,23V858000,0,,,,,,,,,58,0
FORD,EXPEDITION,2015,ELECTRICAL SYSTEM,2022-08-25,22V648000,0,,,,,,,,,472,0
ACURA,ILX,2016,SERVICE BRAKES,2025-12-11,25V859000,0,,,,,,,,,74,0
FORD,RANGER,2006,AIR BAGS,2023-02-23,23V125000,1,2022-09-01,175,0.014492,1.0,4.333333,0.0,1.0,1.0,91,0
FORD,RANGER,2006,AIR BAGS,2023-04-27,23V306000,0,,,,,,,,,93,0
RAM,1500,2015,FUEL/PROPULSION SYSTEM,2022-06-09,22V406000,1,2021-12-16,175,0.024858,2.0,0.666667,0.0,0.0,0.5,93,0
DODGE,DART,2015,POWER TRAIN,2025-10-09,25V674000,1,2025-04-17,175,0.020293,3.0,2.6,0.0,0.0,0.0,118,0
FORD,FUSION,2016,POWER TRAIN,2022-06-09,22V413000,1,2021-12-16,175,0.031957,6.0,0.866667,1.0,0.0,0.166667,445,0
FORD,EDGE,2015,POWER TRAIN,2022-06-09,22V413000,1,2021-12-16,175,0.030707,2.0,0.722222,0.0,0.5,0.5,436,0
KIA,OPTIMA,2014,SERVICE BRAKES,2023-09-21,23V652000,1,2023-03-30,175,0.017225,3.0,2.6,1.0,0.333333,1.0,188,0
GMC,TERRAIN,2010,EXTERIOR LIGHTING,2022-03-03,22V137000,0,,,,,,,,,69,0
VOLVO,XC90,2016,SEAT BELTS,2023-12-07,23V827000,0,,,,,,,,,34,0
INFINITI,M45,2006,AIR BAGS,2022-08-04,22E066000,0,,,,,,,,,19,0
AUDI,Q7,2013,TIRES,2023-02-09,23V086000,0,,,,,,,,,57,0
TOYOTA,TUNDRA,2012,STEERING,2021-11-18,21V920000,0,,,,,,,,,189,0
TOYOTA,TUNDRA,2012,STEERING,2021-12-23,21E103000,0,,,,,,,,,182,0
BMW,335XI,2007,AIR BAGS,2024-06-27,24V513000,0,,,,,,,,,36,0
ACURA,MDX,2016,ENGINE,2023-11-09,23V751000,0,,,,,,,,,54,0
CHEVROLET,MALIBU,2013,SUSPENSION,2021-08-12,21V633000,1,2021-02-18,175,0.012911,1.0,4.333333,0.0,0.0,0.0,335,0
CHEVROLET,MALIBU,2013,SUSPENSION,2021-12-16,21V00F000,1,2021-06-24,175,0.03038,11.0,2.383333,3.0,0.0,0.090909,290,0
HONDA,PILOT,2016,STRUCTURE,2021-11-25,21V932000,0,,,,,,,,,193,0
HONDA,RIDGELINE,2013,STRUCTURE,2022-06-16,22V430000,0,,,,,,,,,107,0
BMW,428I,2015,ENGINE,2024-08-08,24V608000,0,,,,,,,,,114,0
BMW,428I,2015,ELECTRICAL SYSTEM,2024-08-08,24V608000,0,,,,,,,,,114,0
FORD,TRANSIT CONNECT,2013,POWER TRAIN,2022-06-09,22V413000,0,,,,,,,,,347,0
INFINITI,Q70,2015,POWER TRAIN,2024-06-20,24V470000,0,,,,,,,,,41,0
MERCEDES-BENZ,E400,2015,AIR BAGS,2021-08-12,21V638000,1,2021-02-25,168,0.013191,1.0,4.333333,1.0,0.0,0.0,168,0
KIA,SPORTAGE,2015,SERVICE BRAKES,2022-01-27,22V051000,0,,,,,,,,,179,0
TESLA,MODEL S,2015,ELECTRICAL SYSTEM,2023-12-07,23V838000,1,2023-06-15,175,0.027574,2.0,0.962963,0.0,0.0,0.0,48,0
TESLA,MODEL S,2015,ELECTRICAL SYSTEM,2024-01-25,24V051000,1,2023-08-03,175,0.024903,2.0,1.444444,0.0,0.0,0.0,48,0
FORD,ESCAPE,2016,POWER TRAIN,2022-06-09,22V413000,1,2021-12-16,175,0.029762,1.0,0.309524,-1.0,0.0,0.0,445,0
GMC,TERRAIN,2015,EXTERIOR LIGHTING,2022-03-03,22V137000,0,,,,,,,,,137,0
MERCEDES-BENZ,GLA 250,2015,STRUCTURE,2023-12-14,23V854000,0,,,,,,,,,152,0
BMW,3 SERIES,2012,ENGINE,2022-02-24,22V119000,0,,,,,,,,,129,0
BMW,3 SERIES,2012,ENGINE,2023-10-19,23V707000,0,,,,,,,,,105,0
BMW,528I,2014,ENGINE,2024-08-08,24V608000,0,,,,,,,,,110,0
KIA,RIO,2013,SERVICE BRAKES,2023-09-21,23V652000,1,2023-03-30,175,0.025815,1.0,1.083333,0.0,0.0,0.0,167,0
LINCOLN,MKX,2016,SERVICE BRAKES,2025-08-21,25V544000,1,2025-04-03,140,0.020954,1.0,2.166667,1.0,0.0,0.0,71,0
FOREST RIVER,BLUE RIDGE,2015,STRUCTURE,2021-07-08,21V523000,0,,,,,,,,,11,0
HYUNDAI,SONATA,2015,EXTERIOR LIGHTING,2021-09-23,21V749000,0,,,,,,,,,204,0
GMC,TERRAIN,2015,VISIBILITY,2022-03-17,22V165000,1,2021-09-23,175,0.026261,4.0,1.083333,-1.0,0.0,0.25,137,0
BMW,535D,2014,FUEL/PROPULSION SYSTEM,2021-07-29,21V586000,0,,,,,,,,,148,0
BMW,535D,2014,FUEL/PROPULSION SYSTEM,2021-11-18,21V907000,1,2021-08-12,98,0.009409,1.0,4.333333,1.0,0.0,1.0,122,0
MERCEDES-BENZ,ML350,2010,SERVICE BRAKES,2022-05-05,22V315000,0,,,,,,,,,48,0
MERCEDES-BENZ,ML350,2010,SERVICE BRAKES,2024-04-25,24V298000,1,2024-04-25,0,0.020711,1.0,4.333333,1.0,1.0,0.0,51,0
FORD,C-MAX,2014,POWER TRAIN,2022-06-09,22V413000,0,,,,,,,,,401,0
ACURA,MDX,2016,EXTERIOR LIGHTING,2025-04-17,25V259000,1,2024-10-24,175,0.012911,1.0,4.333333,0.0,0.0,0.0,71,0
CHEVROLET,EQUINOX,2015,VISIBILITY,2022-03-17,22V165000,1,2021-09-23,175,0.025858,3.0,0.309524,-1.0,0.0,0.666667,340,0
HYUNDAI,TUCSON,2014,SERVICE BRAKES,2022-02-03,22V056000,0,,,,,,,,,192,0
KENWORTH,T800,2011,SERVICE BRAKES,2024-02-22,24V145000,0,,,,,,,,,0,0
JEEP,CHEROKEE,2016,POWER TRAIN,2023-04-27,23V302000,1,2022-11-03,175,0.044071,20.0,1.520468,-1.0,0.0,0.35,191,0
MINI,COOPER S,2009,ELECTRICAL SYSTEM,2023-05-11,23V337000,0,,,,,,,,,12,0
FORD,EXPEDITION,2016,SERVICE BRAKES,2022-03-10,22V150000,1,2021-09-16,175,0.029353,2.0,0.666667,0.0,0.0,0.0,445,0
VOLKSWAGEN,GOLF,2016,FUEL/PROPULSION SYSTEM,2024-02-08,24V110000,1,2023-08-17,175,0.027863,1.0,0.722222,0.0,0.0,0.0,140,0
BMW,328I,2010,AIR BAGS,2024-06-27,24V513000,0,,,,,,,,,73,0
KIA,SORENTO,2016,POWER TRAIN,2022-08-04,22V612000,1,2022-02-10,175,0.02204,7.0,2.527778,0.0,0.0,0.285714,195,0
VOLKSWAGEN,PASSAT,2014,AIR BAGS,2024-10-24,24V834000,1,2024-06-06,140,0.027603,1.0,0.866667,1.0,0.0,0.0,85,0
HONDA,PILOT,2016,FUEL/PROPULSION SYSTEM,2023-12-14,23V858000,1,2023-07-27,140,0.030245,1.0,0.433333,1.0,0.0,0.0,208,0
TOYOTA,TUNDRA,2016,STEERING,2021-11-18,21V920000,0,,,,,,,,,208,0
TOYOTA,TUNDRA,2016,STEERING,2021-12-23,21E103000,0,,,,,,,,,211,0
VOLKSWAGEN,GOLF R,2016,ELECTRICAL SYSTEM,2022-11-03,22V831000,0,,,,,,,,,124,0
NISSAN,LEAF,2015,VISIBILITY,2023-04-20,23V296000,0,,,,,,,,,197,0
NISSAN,ROGUE,2015,ELECTRICAL SYSTEM,2022-01-20,22V024000,1,2021-07-29,175,0.02834,1.0,0.541667,-1.0,0.0,0.0,210,0
NISSAN,ROGUE,2015,ELECTRICAL SYSTEM,2023-02-16,23V093000,1,2022-08-25,175,0.02795,6.0,1.04,-1.0,0.0,0.333333,205,0
HYUNDAI,GENESIS COUPE,2013,SERVICE BRAKES,2023-09-21,23V651000,0,,,,,,,,,191,0
RAM,3500,2015,AIR BAGS,2021-08-12,21V632000,0,,,,,,,,,108,0
FORD,MUSTANG,2016,SEAT BELTS,2025-09-11,25V614000,0,,,,,,,,,476,0
MITSUBISHI,OUTLANDER,2016,STRUCTURE,2025-08-07,25V507000,0,,,,,,,,,17,0
HONDA,ODYSSEY,2016,FUEL/PROPULSION SYSTEM,2023-12-14,23V858000,1,2023-07-20,147,0.020954,1.0,2.166667,1.0,0.0,0.0,208,0
MERCEDES BENZ,SL550,2007,ENGINE,2022-03-17,22V168000,0,,,,,,,,,60,0
BMW,X3,2014,ENGINE,2024-08-08,24V608000,0,,,,,,,,,110,0
MERCEDES-BENZ,E350,2014,AIR BAGS,2021-08-12,21V638000,1,2021-02-18,175,0.028079,4.0,0.866667,0.0,0.0,0.25,126,0
BMW,435I,2014,AIR BAGS,2024-04-18,24V288000,0,,,,,,,,,123,0
BMW,435I,2014,AIR BAGS,2024-07-11,24V527000,0,,,,,,,,,111,0
BMW,435I,2014,AIR BAGS,2025-12-11,25V871000,0,,,,,,,,,137,0
FORD,FUSION,2016,SERVICE BRAKES,2023-03-09,23V162000,1,2022-09-15,175,0.019166,5.0,2.407407,1.0,0.0,0.6,516,0
HONDA,CIVIC,2016,FUEL/PROPULSION SYSTEM,2023-12-14,23V858000,1,2023-06-22,175,0.020512,1.0,2.166667,0.0,0.0,0.0,208,0
CHEVROLET,SILVERADO 2500,2015,AIR BAGS,2021-07-01,21V504000,0,,,,,,,,,419,0
VOLKSWAGEN,BEETLE,2015,AIR BAGS,2022-12-15,22V945000,0,,,,,,,,,128,0
TESLA,MODEL X,2016,STRUCTURE,2024-08-15,24V615000,1,2024-02-22,175,0.021075,2.0,1.444444,0.0,0.0,0.5,74,0
MERCEDES-BENZ,GL450,2011,SERVICE BRAKES,2022-05-05,22V315000,0,,,,,,,,,76,0
MERCEDES-BENZ,GL450,2011,SERVICE BRAKES,2024-04-25,24V298000,1,2024-01-25,91,0.014805,1.0,4.333333,1.0,1.0,1.0,82,0
HYUNDAI,SONATA,2016,ELECTRICAL SYSTEM,2021-09-23,21V749000,1,2021-04-01,175,0.027192,3.0,1.3,-1.0,0.333333,0.333333,210,0
PORSCHE,CAYENNE,2016,EXTERIOR LIGHTING,2022-08-25,22V656000,1,2022-03-03,175,0.013191,1.0,4.333333,1.0,0.0,0.0,20,0
FORD,EXPLORER,2016,STRUCTURE,2024-01-18,24V031000,1,2023-07-27,175,0.043843,18.0,1.21875,-1.0,0.055556,0.388889,525,0
FORD,EXPLORER,2016,STRUCTURE,2025-05-22,25V347000,1,2024-11-28,175,0.052325,18.0,0.787879,-2.0,0.055556,0.055556,453,0
INFINITI,Q50,2014,POWER TRAIN,2024-06-20,24V470000,1,2023-12-28,175,0.018481,1.0,1.083333,0.0,0.0,1.0,36,0
FORD,F-150,2016,SERVICE BRAKES,2022-03-10,22V150000,1,2021-09-16,175,0.029718,9.0,1.083333,-4.0,0.111111,0.444444,445,0
CHEVROLET,TRAVERSE,2015,AIR BAGS,2021-10-07,21V782000,1,2021-04-15,175,0.023762,3.0,1.857143,0.0,0.0,0.0,391,0
CHEVROLET,TRAVERSE,2015,AIR BAGS,2022-04-14,22V246000,1,2021-11-04,161,0.027603,1.0,0.866667,1.0,0.0,0.0,332,0
CHEVROLET,TRAVERSE,2015,AIR BAGS,2023-05-04,23V334000,1,2023-03-30,35,0.024426,1.0,1.444444,1.0,0.0,0.0,325,0
RAM,2500,2016,AIR BAGS,2021-08-12,21V632000,1,2021-04-15,119,0.013191,1.0,4.333333,1.0,0.0,0.0,116,0
RAM,2500,2016,AIR BAGS,2025-01-16,25V010000,1,2025-01-09,7,0.013191,1.0,4.333333,1.0,0.0,0.0,109,0
PORSCHE,CAYENNE,2014,EXTERIOR LIGHTING,2022-08-25,22V656000,1,2022-03-03,175,0.012911,1.0,4.333333,0.0,0.0,0.0,7,0
BMW,335XI,2008,AIR BAGS,2024-06-27,24V513000,0,,,,,,,,,41,0
NISSAN,ARMADA,2010,AIR BAGS,2023-02-09,23V067000,0,,,,,,,,,100,0
MINI,COOPER S,2010,ELECTRICAL SYSTEM,2023-05-11,23V337000,0,,,,,,,,,18,0
BMW,328XI,2008,AIR BAGS,2024-06-27,24V513000,0,,,,,,,,,41,0
RAM,1500,2016,ENGINE,2023-06-08,23V411000,1,2022-12-15,175,0.031151,6.0,0.787879,-1.0,0.0,0.166667,109,0
BMW,335I,2011,AIR BAGS,2024-06-27,24V513000,1,2024-06-20,7,0.013191,1.0,4.333333,1.0,0.0,0.0,86,0
HONDA,CR-V,2016,FUEL/PROPULSION SYSTEM,2023-12-14,23V858000,1,2023-08-17,119,0.01748,1.0,1.444444,1.0,0.0,1.0,208,0
FORD,EDGE,2015,SERVICE BRAKES,2025-08-21,25V544000,1,2025-03-27,147,0.026367,1.0,1.083333,1.0,0.0,0.0,470,0
BMW,X3 SAV,2009,ENGINE,2022-02-24,22V119000,0,,,,,,,,,63,0
GMC,SIERRA 2500,2015,AIR BAGS,2021-07-01,21V504000,0,,,,,,,,,157,0
CHEVROLET,SILVERADO 1500,2015,AIR BAGS,2021-07-01,21V504000,1,2021-01-21,161,0.027378,1.0,1.444444,1.0,1.0,1.0,418,0
RAM,1500,2016,AIR BAGS,2021-08-12,21V632000,1,2021-02-18,175,0.01711,1.0,1.444444,0.0,0.0,1.0,116,0
RAM,1500,2016,AIR BAGS,2025-01-16,25V010000,1,2024-08-15,154,0.023496,1.0,2.166667,1.0,1.0,1.0,109,0
HYUNDAI,SANTA FE,2017,SERVICE BRAKES,2022-02-03,22V056000,0,,,,,,,,,180,0
VOLVO,S60,2005,AIR BAGS,2021-09-30,21V766000,0,,,,,,,,,15,0
RAM,3500,2016,AIR BAGS,2021-08-12,21V632000,0,,,,,,,,,117,0
RAM,3500,2016,AIR BAGS,2025-01-16,25V010000,0,,,,,,,,,110,0
TESLA,MODEL S,2016,ELECTRICAL SYSTEM,2023-12-07,23V838000,1,2023-07-27,133,0.019437,2.0,1.238095,2.0,0.0,1.0,70,0
TESLA,MODEL S,2016,ELECTRICAL SYSTEM,2024-01-25,24V051000,1,2023-08-03,175,0.017824,2.0,1.444444,0.0,0.0,1.0,67,0
MERCEDES BENZ,C230,2005,VISIBILITY,2022-12-22,22V954000,1,2022-06-30,175,0.012911,1.0,4.333333,0.0,0.0,0.0,45,0
MERCEDES BENZ,C230,2005,VISIBILITY,2024-11-14,24V874000,0,,,,,,,,,28,0
TOYOTA,SEQUOIA,2014,STEERING,2021-11-18,21V920000,0,,,,,,,,,204,0
TOYOTA,SEQUOIA,2014,STEERING,2021-12-23,21E103000,0,,,,,,,,,194,0
JEEP,CHEROKEE,2016,ELECTRICAL SYSTEM,2023-05-11,23V338000,1,2022-11-17,175,0.026391,4.0,0.666667,-1.0,0.0,0.5,186,0
HYUNDAI,SONATA,2016,EXTERIOR LIGHTING,2021-09-23,21V749000,0,,,,,,,,,211,0
KIA,CADENZA,2014,SERVICE BRAKES,2023-09-21,23V652000,0,,,,,,,,,189,0
FORD,EDGE,2016,POWER TRAIN,2022-06-09,22V413000,1,2021-12-16,175,0.024961,3.0,1.625,0.0,0.0,0.0,445,0
TOYOTA,RAV4,2016,ELECTRICAL SYSTEM,2023-10-26,23V734000,1,2023-10-26,0,0.01748,1.0,1.444444,1.0,0.0,1.0,167,0
LINCOLN,MKZ,2016,SERVICE BRAKES,2023-03-09,23V162000,1,2022-09-15,175,0.020512,1.0,2.166667,0.0,0.0,0.0,54,0
BMW,335I,2010,AIR BAGS,2024-06-27,24V513000,0,,,,,,,,,73,0
PORSCHE,CAYENNE S,2004,EXTERIOR LIGHTING,2022-08-25,22V656000,0,,,,,,,,,1,0
BMW,335XI,2011,AIR BAGS,2024-06-27,24V513000,0,,,,,,,,,87,0
VOLKSWAGEN,GTI,2015,FUEL/PROPULSION SYSTEM,2024-02-08,24V110000,1,2023-10-12,119,0.016164,2.0,2.888889,2.0,0.0,0.5,143,0
TESLA,MODEL S,2016,STEERING,2022-01-27,22V037000,1,2021-08-05,175,0.020449,4.0,1.575758,0.0,0.0,0.75,81,0
TESLA,MODEL S,2016,STEERING,2023-02-09,23V085000,1,2022-08-18,175,0.015275,2.0,2.166667,0.0,0.0,1.0,83,0
FOREST RIVER,SALEM,2016,ELECTRICAL SYSTEM,2025-10-09,25V682000,0,,,,,,,,,7,0
TESLA,MODEL X,2016,STEERING,2022-01-27,22V037000,1,2021-08-05,175,0.030397,1.0,0.309524,0.0,0.0,0.0,81,0
TESLA,MODEL X,2016,STEERING,2023-02-09,23V085000,1,2023-01-19,21,0.027378,1.0,1.444444,1.0,1.0,1.0,83,0
KENWORTH,T680,2016,SERVICE BRAKES,2024-02-22,24V145000,0,,,,,,,,,0,0
MERCEDES-BENZ,C300,2016,FUEL/PROPULSION SYSTEM,2021-12-09,21V961000,1,2021-06-17,175,0.017865,3.0,1.625,0.0,0.0,1.0,171,0
MAZDA,B-SERIES TRUCK,2005,AIR BAGS,2023-12-07,23V837000,0,,,,,,,,,12,0
KIA,OPTIMA HYBRID,2011,SERVICE BRAKES,2023-09-21,23V652000,0,,,,,,,,,100,0
FORD,FOCUS,2016,ENGINE,2023-12-21,23V905000,1,2023-06-29,175,0.029788,8.0,1.155556,0.0,0.0,0.375,523,0
VOLVO,V70,2002,AIR BAGS,2021-10-14,21V800000,0,,,,,,,,,10,0
HYUNDAI,SONATA HYBRID,2016,EXTERIOR LIGHTING,2021-09-23,21V749000,0,,,,,,,,,211,0
JEEP,GRAND CHEROKEE,2016,ENGINE,2023-06-08,23V411000,1,2022-12-15,175,0.026016,2.0,1.238095,0.0,0.0,0.0,184,0
INFINITI,M35,2007,AIR BAGS,2022-08-04,22E066000,1,2022-04-28,98,0.020954,1.0,2.166667,1.0,0.0,0.0,20,0
CHEVROLET,SILVERADO 1500,2016,AIR BAGS,2021-07-01,21V504000,0,,,,,,,,,425,0
INFINITI,M35,2010,AIR BAGS,2022-08-04,22E066000,0,,,,,,,,,22,0
INFINITI,M45,2007,AIR BAGS,2022-08-04,22E066000,0,,,,,,,,,21,0
INFINITI,M35,2009,AIR BAGS,2022-08-04,22E066000,0,,,,,,,,,15,0
CHEVROLET,EQUINOX,2014,VISIBILITY,2022-03-17,22V165000,1,2021-09-23,175,0.030449,3.0,0.684211,0.0,0.0,0.0,321,0
INFINITI,M45,2008,AIR BAGS,2022-08-04,22E066000,0,,,,,,,,,20,0
KIA,RIO,2012,SERVICE BRAKES,2023-09-21,23V652000,0,,,,,,,,,138,0
KIA,SEDONA,2016,EXTERIOR LIGHTING,2021-09-16,21V725000,1,2021-03-25,175,0.022756,2.0,1.083333,0.0,0.0,0.5,188,0
FORD,C-MAX,2015,POWER TRAIN,2022-06-09,22V413000,0,,,,,,,,,437,0
JEEP,WRANGLER,2016,AIR BAGS,2024-03-14,24V196000,1,2023-09-21,175,0.04338,1.0,0.722222,0.0,1.0,0.0,180,0
CHRYSLER,PACIFICA,2017,ELECTRICAL SYSTEM,2023-01-12,23V010000,1,2022-07-21,175,0.018567,3.0,1.444444,0.0,0.0,1.0,84,0
HONDA,RIDGELINE,2017,STRUCTURE,2021-11-25,21V932000,0,,,,,,,,,251,0
BMW,335D,2010,AIR BAGS,2024-06-27,24V513000,0,,,,,,,,,73,0
PORSCHE,BOXSTER,2013,POWER TRAIN,2021-08-26,21V679000,0,,,,,,,,,8,0
KIA,SEDONA,2016,ELECTRICAL SYSTEM,2021-09-16,21V725000,1,2021-03-25,175,0.045603,1.0,0.481481,0.0,1.0,0.0,188,0
BUICK,VERANO,2014,AIR BAGS,2023-09-14,23V674000,0,,,,,,,,,63,0
BUICK,VERANO,2014,AIR BAGS,2023-12-21,23V870000,1,2023-11-16,35,0.013191,1.0,4.333333,1.0,0.0,0.0,55,0
BUICK,VERANO,2014,AIR BAGS,2025-11-06,25V764000,1,2025-05-15,175,0.009596,2.0,4.333333,0.0,0.0,1.0,44,0
VOLVO,V70,2004,AIR BAGS,2021-10-14,21V800000,0,,,,,,,,,15,0
BMW,335XI,2010,AIR BAGS,2024-06-27,24V513000,0,,,,,,,,,73,0
NISSAN,NV200,2013,FUEL/PROPULSION SYSTEM,2025-10-09,25V676000,0,,,,,,,,,115,0
VOLKSWAGEN,GTI,2016,FUEL/PROPULSION SYSTEM,2024-02-08,24V110000,0,,,,,,,,,141,0
MERCEDES-BENZ,C300,2016,STRUCTURE,2023-12-14,23V854000,1,2023-07-06,161,0.020954,1.0,2.166667,1.0,0.0,0.0,158,0
TESLA,MODEL S,2015,SEAT BELTS,2024-05-23,24V376000,0,,,,,,,,,57,0
MERCEDES BENZ,ML500,2007,SERVICE BRAKES,2022-05-05,22V315000,0,,,,,,,,,55,0
MERCEDES BENZ,ML500,2007,SERVICE BRAKES,2024-04-25,24V298000,0,,,,,,,,,40,0
BMW,328I,2016,ELECTRICAL SYSTEM,2024-08-08,24V608000,0,,,,,,,,,118,0
BMW,328I,2016,ENGINE,2024-08-08,24V608000,0,,,,,,,,,118,0
FORD,EXPEDITION,2016,VISIBILITY,2022-08-25,22V648000,0,,,,,,,,,495,0
GMC,ACADIA,2015,AIR BAGS,2022-04-14,22V246000,0,,,,,,,,,142,0
GMC,ACADIA,2015,AIR BAGS,2023-05-04,23V334000,1,2022-11-10,175,0.020512,1.0,2.166667,0.0,0.0,0.0,147,0
NISSAN,ROGUE,2016,ELECTRICAL SYSTEM,2022-01-20,22V024000,1,2021-07-29,175,0.026416,4.0,1.155556,0.0,0.0,0.25,218,0
NISSAN,ROGUE,2016,ELECTRICAL SYSTEM,2023-02-16,23V093000,1,2022-08-25,175,0.036327,15.0,1.857143,1.0,0.066667,0.333333,219,0
FORD,FUSION,2017,SERVICE BRAKES,2023-03-09,23V162000,1,2022-09-15,175,0.016836,5.0,2.708333,0.0,0.2,1.0,493,0
FORD,TRANSIT CONNECT,2015,LATCHES/LOCKS/LINKAGES,2023-07-20,23V502000,0,,,,,,,,,493,0
GMC,SIERRA 3500,2016,AIR BAGS,2021-07-01,21V504000,0,,,,,,,,,181,0
VOLKSWAGEN,GTI,2016,AIR BAGS,2022-07-21,22V543000,0,,,,,,,,,131,0
BMW,228I,2015,AIR BAGS,2024-04-18,24V288000,0,,,,,,,,,130,0
BMW,228I,2015,AIR BAGS,2025-12-11,25V871000,0,,,,,,,,,149,0
BMW,328I,2015,ENGINE,2024-08-08,24V608000,1,2024-02-15,175,0.025815,1.0,1.083333,0.0,0.0,0.0,113,0
FORD,EXPLORER,2017,STRUCTURE,2024-01-18,24V031000,1,2023-07-27,175,0.055187,23.0,1.145594,-1.0,0.0,0.26087,526,0
FORD,EXPLORER,2017,STRUCTURE,2025-05-22,25V347000,1,2024-11-28,175,0.06144,22.0,0.925566,2.0,0.0,0.136364,446,0
CHEVROLET,TRAVERSE,2016,AIR BAGS,2021-10-07,21V782000,0,,,,,,,,,409,0
CHEVROLET,TRAVERSE,2016,AIR BAGS,2023-05-04,23V334000,1,2022-11-24,161,0.023496,1.0,2.166667,1.0,1.0,1.0,360,0
KIA,SEDONA,2017,AIR BAGS,2022-01-20,22V031000,0,,,,,,,,,161,0
MERCEDES BENZ,ML350,2007,SERVICE BRAKES,2022-05-05,22V315000,0,,,,,,,,,55,0
MERCEDES BENZ,ML350,2007,SERVICE BRAKES,2024-04-25,24V298000,1,2023-11-02,175,0.023002,1.0,2.166667,0.0,1.0,1.0,39,0
HYUNDAI,TUCSON,2017,ENGINE,2021-09-16,21V727000,1,2021-03-25,175,0.02919,16.0,2.390805,-1.0,0.1875,0.8125,180,0
KIA,SEDONA,2016,POWER TRAIN,2022-08-04,22V612000,0,,,,,,,,,196,0
MERCEDES-BENZ,GLE350,2016,FUEL/PROPULSION SYSTEM,2022-12-22,22V955000,0,,,,,,,,,158,0
MAZDA,MX-5,2016,AIR BAGS,2024-09-12,24V695000,0,,,,,,,,,74,0
KIA,RIO,2014,SERVICE BRAKES,2023-09-21,23V652000,0,,,,,,,,,189,0
FORD,FUSION,2016,LATCHES/LOCKS/LINKAGES,2023-11-16,23V775000,1,2023-05-25,175,0.024135,5.0,2.166667,0.0,0.0,0.0,527,0
NISSAN,LEAF,2014,VISIBILITY,2023-04-20,23V296000,0,,,,,,,,,187,0
BMW,528I,2013,ELECTRICAL SYSTEM,2024-08-08,24V608000,1,2024-02-15,175,0.009409,1.0,4.333333,1.0,0.0,1.0,94,0
JEEP,CHEROKEE,2017,POWER TRAIN,2023-04-27,23V302000,1,2022-11-03,175,0.030525,7.0,1.213333,0.0,0.0,0.142857,201,0
JEEP,CHEROKEE,2017,POWER TRAIN,2025-04-24,25V011000,1,2024-10-31,175,0.039328,12.0,1.155556,1.0,0.0,0.083333,173,0
COACHMEN,MIRADA,2016,STRUCTURE,2021-07-08,21V523000,0,,,,,,,,,4,0
FOREST RIVER,GEORGETOWN,2015,STRUCTURE,2021-07-08,21V523000,0,,,,,,,,,11,0
MERCEDES-BENZ,ML350,2015,FUEL/PROPULSION SYSTEM,2022-12-22,22V955000,0,,,,,,,,,158,0
MERCEDES-BENZ,GLS450,2017,ELECTRICAL SYSTEM,2022-05-19,22V365000,1,2022-02-10,98,0.014805,1.0,4.333333,1.0,1.0,1.0,133,0
KIA,CADENZA,2016,VISIBILITY,2022-03-10,22V158000,1,2021-09-16,175,0.009208,1.0,4.333333,0.0,0.0,1.0,178,0
LINCOLN,NAVIGATOR,2016,VISIBILITY,2022-08-25,22V648000,0,,,,,,,,,65,0
LINCOLN,NAVIGATOR,2016,VISIBILITY,2025-02-13,25V091000,0,,,,,,,,,49,0
BMW,X3,2013,AIR BAGS,2024-07-11,24V527000,0,,,,,,,,,95,0
FIRESTONE,DESTINATION LE2,9999,TIRES,2022-11-03,22T021000,0,,,,,,,,,7,0
BMW,328XI,2014,ENGINE,2024-08-08,24V608000,0,,,,,,,,,110,0
TOYOTA,SEQUOIA,2016,STEERING,2021-11-18,21V920000,0,,,,,,,,,208,0
TOYOTA,SEQUOIA,2016,STEERING,2021-12-23,21E103000,0,,,,,,,,,211,0
BMW,5 SERIES,2011,ENGINE,2023-10-19,23V707000,1,2023-04-27,175,0.009208,1.0,4.333333,0.0,0.0,1.0,88,0
JEEP,GRAND CHEROKEE,2016,FUEL/PROPULSION SYSTEM,2022-06-09,22V406000,1,2022-01-06,154,0.009409,1.0,4.333333,1.0,0.0,1.0,179,0
TESLA,MODEL X,2016,ELECTRICAL SYSTEM,2023-12-07,23V838000,1,2023-06-15,175,0.020402,1.0,0.619048,0.0,0.0,1.0,70,0
TESLA,MODEL X,2016,ELECTRICAL SYSTEM,2024-01-25,24V051000,1,2023-08-03,175,0.020402,1.0,0.619048,0.0,0.0,1.0,67,0
GMC,SIERRA 2500,2016,AIR BAGS,2021-07-01,21V504000,0,,,,,,,,,181,0
VOLKSWAGEN,GOLF,2017,FUEL/PROPULSION SYSTEM,2024-02-08,24V110000,1,2023-08-17,175,0.026144,8.0,2.166667,0.0,0.0,0.125,132,0
MERCEDES BENZ,CLK320,2004,VISIBILITY,2022-12-22,22V954000,0,,,,,,,,,31,0
MERCEDES BENZ,CLK320,2004,VISIBILITY,2024-11-14,24V874000,0,,,,,,,,,22,0
HYUNDAI,SONATA,2017,EXTERIOR LIGHTING,2021-09-23,21V749000,1,2021-04-01,175,0.009208,1.0,4.333333,0.0,0.0,1.0,181,0
HYUNDAI,GENESIS COUPE,2013,ELECTRICAL SYSTEM,2024-07-25,24V562000,1,2024-02-01,175,0.014425,3.0,3.25,1.0,0.0,0.666667,247,0
FORD,ESCAPE,2017,POWER TRAIN,2022-06-09,22V413000,1,2021-12-16,175,0.02233,5.0,1.27451,0.0,0.0,0.8,427,0
MAZDA,B-SERIES TRUCK,2006,AIR BAGS,2023-12-07,23V837000,0,,,,,,,,,12,0
BMW,X3,2017,ENGINE,2024-08-08,24V608000,1,2024-06-13,56,0.009409,1.0,4.333333,1.0,0.0,1.0,145,0
FORD,MUSTANG,2015,SEAT BELTS,2025-09-11,25V614000,0,,,,,,,,,471,0
BMW,328I,2015,ELECTRICAL SYSTEM,2024-08-08,24V608000,0,,,,,,,,,114,0
HONDA,ACCORD,2016,FUEL/PROPULSION SYSTEM,2023-12-14,23V858000,1,2023-06-22,175,0.014662,1.0,2.166667,0.0,0.0,1.0,208,0
MERCEDES-BENZ,C300,2017,ELECTRICAL SYSTEM,2022-05-19,22V365000,0,,,,,,,,,134,0
FOREST RIVER,WILDWOOD,2016,ELECTRICAL SYSTEM,2025-10-09,25V682000,0,,,,,,,,,7,0
BMW,228I,2016,ELECTRICAL SYSTEM,2024-08-08,24V608000,0,,,,,,,,,118,0
GMC,SIERRA 1500,2015,AIR BAGS,2021-07-01,21V504000,0,,,,,,,,,157,0
BMW,328I,2013,ELECTRICAL SYSTEM,2024-08-08,24V608000,1,2024-06-06,63,0.013191,1.0,4.333333,1.0,0.0,0.0,94,0
MERCEDES-BENZ,METRIS,2016,SERVICE BRAKES,2022-02-03,22V066000,1,2021-08-12,175,0.009208,1.0,4.333333,0.0,0.0,1.0,148,0
GRAND DESIGN,REFLECTION,2017,EQUIPMENT,2022-01-27,22V038000,0,,,,,,,,,8,0
MERCEDES-BENZ,E350,2012,AIR BAGS,2021-08-12,21V638000,1,2021-02-18,175,0.023424,2.0,1.733333,0.0,0.0,0.0,98,0
BMW,328XI,2009,AIR BAGS,2024-06-27,24V513000,0,,,,,,,,,44,0
NISSAN,ROGUE,2017,ELECTRICAL SYSTEM,2022-11-17,22V875000,1,2022-05-26,175,0.023913,1.0,1.444444,0.0,0.0,0.0,219,0
NISSAN,ROGUE,2017,ELECTRICAL SYSTEM,2023-02-16,23V093000,1,2022-08-25,175,0.017242,4.0,2.47619,1.0,0.0,0.75,235,0
RAM,1500,2016,FUEL/PROPULSION SYSTEM,2022-06-09,22V406000,1,2021-12-16,175,0.030986,2.0,0.509804,1.0,0.0,0.0,97,0
BUICK,ENCLAVE,2017,AIR BAGS,2021-10-07,21V782000,0,,,,,,,,,64,0
BUICK,ENCLAVE,2017,AIR BAGS,2023-05-04,23V334000,1,2022-11-10,175,0.014492,1.0,4.333333,0.0,1.0,1.0,68,0
MERCEDES-BENZ,E350,2006,VISIBILITY,2022-12-22,22V954000,0,,,,,,,,,14,0
MERCEDES-BENZ,E350,2006,VISIBILITY,2024-11-14,24V874000,0,,,,,,,,,7,0
MINI,COOPER S,2012,ELECTRICAL SYSTEM,2023-05-11,23V337000,0,,,,,,,,,13,0
PORSCHE,CAYENNE,2004,EXTERIOR LIGHTING,2022-08-25,22V656000,0,,,,,,,,,1,0
HONDA,CR-V,2017,FUEL/PROPULSION SYSTEM,2023-12-14,23V858000,1,2023-06-22,175,0.027962,6.0,1.238095,1.0,0.0,0.333333,278,0
TESLA,MODEL S,2012,ELECTRICAL SYSTEM,2023-12-07,23V838000,0,,,,,,,,,8,0
TESLA,MODEL S,2012,ELECTRICAL SYSTEM,2024-01-25,24V051000,0,,,,,,,,,8,0
FORD,EXPLORER,2016,SUSPENSION,2021-07-15,21V537000,1,2021-01-21,175,0.029816,5.0,1.27451,0.0,0.2,0.2,488,0
MERCEDES-BENZ,C250,2012,AIR BAGS,2021-08-12,21V638000,0,,,,,,,,,99,0
DODGE,DART,2016,POWER TRAIN,2025-10-09,25V674000,1,2025-04-17,175,0.020512,1.0,2.166667,0.0,0.0,0.0,120,0
HYUNDAI,SONATA PLUG-IN HYBRID,2017,ELECTRICAL SYSTEM,2021-09-23,21V749000,0,,,,,,,,,182,0
FORD,FUSION,2018,SERVICE BRAKES,2023-03-09,23V162000,0,,,,,,,,,477,0
GMC,SIERRA 1500,2016,AIR BAGS,2021-07-01,21V504000,1,2021-01-07,175,0.012911,1.0,4.333333,0.0,0.0,0.0,180,0
HONDA,CR-V,2017,SEAT BELTS,2023-03-09,23V158000,0,,,,,,,,,264,0
JEEP,CHEROKEE,2016,STRUCTURE,2023-05-11,23V338000,1,2022-11-17,175,0.020512,1.0,2.166667,0.0,0.0,0.0,186,0
FOREST RIVER,GEORGETOWN,2014,STRUCTURE,2021-07-08,21V523000,0,,,,,,,,,7,0
FOREST RIVER,GEORGETOWN,2014,EQUIPMENT,2021-07-08,21V523000,0,,,,,,,,,7,0
MERCEDES-BENZ,ML250,2015,FUEL/PROPULSION SYSTEM,2022-12-22,22V955000,0,,,,,,,,,158,0
BUICK,ENCLAVE,2015,AIR BAGS,2021-10-07,21V782000,0,,,,,,,,,80,0
BUICK,ENCLAVE,2015,AIR BAGS,2022-04-14,22V246000,1,2022-01-27,77,0.009409,1.0,4.333333,1.0,0.0,1.0,56,0
BUICK,ENCLAVE,2015,AIR BAGS,2023-05-04,23V334000,1,2023-01-05,119,0.026367,1.0,1.083333,1.0,0.0,0.0,62,0
RAM,1500,2017,FUEL/PROPULSION SYSTEM,2022-06-09,22V406000,1,2021-12-16,175,0.024536,3.0,1.181818,0.0,0.0,0.333333,115,0
HONDA,ACCORD,2017,FUEL/PROPULSION SYSTEM,2023-12-14,23V858000,1,2023-06-22,175,0.017824,2.0,1.444444,0.0,0.0,1.0,278,0
HYUNDAI,SONATA,2017,ELECTRICAL SYSTEM,2021-09-23,21V749000,1,2021-04-08,168,0.026367,1.0,1.083333,1.0,0.0,0.0,181,0
RAM,1500,2017,ENGINE,2023-06-08,23V411000,1,2022-12-15,175,0.02713,5.0,0.984848,0.0,0.0,0.4,133,0
INTERNATIONAL,LONESTAR,2017,SERVICE BRAKES,2025-11-20,25V817000,0,,,,,,,,,1,0
MCI,J4500,2003,STRUCTURE,2025-12-04,25V853000,0,,,,,,,,,0,0
MERCEDES-BENZ,GLA 250,2017,ELECTRICAL SYSTEM,2022-05-19,22V365000,0,,,,,,,,,134,0
TOYOTA,RAV4,2017,ELECTRICAL SYSTEM,2023-10-26,23V734000,1,2023-05-04,175,0.028456,2.0,1.083333,0.0,0.5,0.5,194,0
CHEVROLET,MALIBU,2017,SEAT BELTS,2021-08-19,21V649000,0,,,,,,,,,404,0
HYUNDAI,SANTA FE,2015,SERVICE BRAKES,2023-09-21,23V651000,1,2023-08-03,49,0.014041,2.0,4.333333,2.0,0.0,0.0,210,0
FORD,EXPLORER,2012,SUSPENSION,2021-09-16,21V746000,1,2021-04-22,147,0.020954,1.0,2.166667,1.0,0.0,0.0,344,0
CHEVROLET,MALIBU,2016,SEAT BELTS,2021-08-19,21V649000,1,2021-03-11,161,0.013191,1.0,4.333333,1.0,0.0,0.0,409,0
BMW,328XI,2015,ENGINE,2024-08-08,24V608000,0,,,,,,,,,114,0
BMW,528I,2013,ENGINE,2024-08-08,24V608000,1,2024-04-04,126,0.020954,1.0,2.166667,1.0,0.0,0.0,94,0
GRAND DESIGN,REFLECTION,2016,EQUIPMENT,2022-01-27,22V038000,0,,,,,,,,,4,0
CAN-AM,SPYDER RT,2016,POWER TRAIN,2022-05-12,22V352000,0,,,,,,,,,0,0
TOYOTA,TUNDRA,2007,STEERING,2021-11-18,21V920000,1,2021-05-27,175,0.012911,1.0,4.333333,0.0,0.0,0.0,182,0
TOYOTA,TUNDRA,2007,STEERING,2021-12-23,21E103000,0,,,,,,,,,175,0
HONDA,CIVIC,2017,FUEL/PROPULSION SYSTEM,2023-12-14,23V858000,1,2023-06-22,175,0.022293,2.0,2.166667,2.0,0.0,0.0,278,0
FORD,EDGE,2016,SERVICE BRAKES,2025-08-21,25V544000,1,2025-02-27,175,0.022493,2.0,1.238095,1.0,0.0,0.5,480,0
JEEP,GRAND CHEROKEE,2017,FUEL/PROPULSION SYSTEM,2022-06-09,22V406000,0,,,,,,,,,185,0
HYUNDAI,ACCENT,2015,SERVICE BRAKES,2023-09-21,23V651000,0,,,,,,,,,211,0
CHRYSLER,PACIFICA,2017,FUEL/PROPULSION SYSTEM,2023-01-12,23V010000,1,2022-07-21,175,0.015275,2.0,2.166667,0.0,0.0,1.0,84,0
TESLA,MODEL X,2017,STEERING,2022-01-27,22V037000,1,2021-08-05,175,0.019354,1.0,0.866667,0.0,0.0,1.0,97,0
TESLA,MODEL X,2017,STEERING,2022-10-27,22V818000,1,2022-05-05,175,0.024388,4.0,1.925926,0.0,0.0,0.0,108,0
TESLA,MODEL X,2017,STEERING,2023-02-09,23V085000,1,2022-08-18,175,0.02814,2.0,0.866667,0.0,0.0,0.0,106,0
CHRYSLER,PACIFICA PLUG-IN HYBRID,2017,FUEL/PROPULSION SYSTEM,2022-02-10,22V077000,0,,,,,,,,,88,0
CHRYSLER,PACIFICA PLUG-IN HYBRID,2017,FUEL/PROPULSION SYSTEM,2024-07-18,24V536000,1,2024-01-25,175,0.022519,1.0,2.166667,-1.0,1.0,1.0,70,0
HYUNDAI,GENESIS,2016,ELECTRICAL SYSTEM,2024-02-08,24V107000,1,2023-09-28,133,0.010018,2.0,4.333333,2.0,0.0,1.0,236,0
AUDI,A4,1998,AIR BAGS,2022-06-30,22V471000,1,2022-01-27,154,0.026367,1.0,1.083333,1.0,0.0,0.0,1,0
RAM,3500,2017,SERVICE BRAKES,2024-11-21,24V896000,1,2024-05-30,175,0.039717,9.0,0.565217,0.0,0.0,0.0,127,0
NISSAN,FRONTIER,2009,AIR BAGS,2023-02-09,23V067000,1,2022-09-08,154,0.013191,1.0,4.333333,1.0,0.0,0.0,93,0
FOREST RIVER,WILDWOOD,2018,ELECTRICAL SYSTEM,2025-10-09,25V682000,0,,,,,,,,,11,0
FORD,EXPEDITION,2015,VISIBILITY,2022-08-25,22V648000,0,,,,,,,,,472,0
KIA,RONDO,2011,SERVICE BRAKES,2023-09-21,23V652000,0,,,,,,,,,100,0
MERCEDES-BENZ,CLA250,2017,ELECTRICAL SYSTEM,2022-05-19,22V365000,0,,,,,,,,,134,0
RAM,1500,2017,AIR BAGS,2021-08-12,21V632000,1,2021-02-18,175,0.028929,1.0,1.083333,0.0,1.0,1.0,120,0
RAM,1500,2017,AIR BAGS,2025-01-16,25V010000,1,2024-07-25,175,0.030281,1.0,0.866667,0.0,1.0,1.0,130,0
ACURA,MDX,2017,ENGINE,2023-11-09,23V751000,1,2023-05-18,175,0.019354,1.0,0.866667,0.0,0.0,1.0,55,0
FORD,F-150,2017,SERVICE BRAKES,2022-03-10,22V150000,1,2022-01-13,56,0.020954,1.0,2.166667,1.0,0.0,0.0,430,0
FORD,F-150,2017,SERVICE BRAKES,2025-04-10,25V236000,1,2024-10-17,175,0.027991,3.0,1.083333,0.0,0.0,0.0,446,0
FOREST RIVER,GEORGETOWN,2017,STRUCTURE,2021-07-08,21V523000,0,,,,,,,,,28,0
GMC,TERRAIN,2012,EXTERIOR LIGHTING,2022-03-03,22V137000,1,2021-10-14,140,0.013191,1.0,4.333333,1.0,0.0,0.0,95,0
LAND ROVER,DISCOVERY,2017,ELECTRICAL SYSTEM,2023-06-01,23V393000,1,2022-12-08,175,0.023913,1.0,1.444444,0.0,0.0,0.0,43,0
FOREST RIVER,CARDINAL,2016,STRUCTURE,2021-07-08,21V523000,0,,,,,,,,,19,0
MERCEDES-BENZ,C350,2012,AIR BAGS,2021-08-12,21V638000,0,,,,,,,,,99,0
BMW,X5,2017,ENGINE,2024-08-08,24V608000,0,,,,,,,,,146,0
FORD,F-350 SD,2017,STRUCTURE,2022-02-10,22V087000,0,,,,,,,,,426,0
BMW,428XI,2015,ELECTRICAL SYSTEM,2024-08-08,24V608000,0,,,,,,,,,114,0
MERCEDES-BENZ,C250,2015,AIR BAGS,2021-08-12,21V638000,0,,,,,,,,,169,0
KIA,SOUL EV,2016,POWER TRAIN,2023-10-26,23V724000,0,,,,,,,,,218,0
TESLA,MODEL S,2017,STEERING,2022-01-27,22V037000,1,2021-08-12,168,0.020389,1.0,0.722222,1.0,0.0,1.0,97,0
TESLA,MODEL S,2017,STEERING,2022-10-27,22V818000,1,2022-06-02,147,0.030926,1.0,0.866667,1.0,1.0,1.0,108,0
TESLA,MODEL S,2017,STEERING,2023-02-09,23V085000,1,2022-08-18,175,0.028929,1.0,1.083333,0.0,1.0,1.0,106,0
MERCEDES-BENZ,S550,2015,STRUCTURE,2023-12-14,23V854000,0,,,,,,,,,152,0
GMC,ACADIA,2017,AIR BAGS,2023-05-04,23V334000,1,2023-05-04,0,0.014805,1.0,4.333333,1.0,1.0,1.0,151,0
MITSUBISHI,OUTLANDER,2015,STRUCTURE,2025-08-07,25V507000,0,,,,,,,,,16,0
HONDA,ODYSSEY,2018,SEAT BELTS,2023-03-09,23V158000,0,,,,,,,,,304,0
HYUNDAI,SONATA HYBRID,2016,ELECTRICAL SYSTEM,2021-09-23,21V749000,1,2021-04-01,175,0.019818,2.0,1.733333,0.0,0.0,0.5,210,0
BMW,320I,2014,AIR BAGS,2024-04-18,24V288000,0,,,,,,,,,123,0
BMW,320I,2014,AIR BAGS,2024-07-11,24V527000,0,,,,,,,,,111,0
BMW,320I,2014,AIR BAGS,2025-12-11,25V871000,0,,,,,,,,,137,0
HONDA,CR-V,2017,EQUIPMENT,2023-07-27,23V524000,0,,,,,,,,,273,0
HYUNDAI,TUCSON,2013,SERVICE BRAKES,2023-09-21,23V651000,0,,,,,,,,,191,0
MERCEDES-BENZ,GLE350,2017,FUEL/PROPULSION SYSTEM,2022-12-22,22V955000,0,,,,,,,,,152,0
BMW,M235I,2015,AIR BAGS,2024-04-18,24V288000,0,,,,,,,,,130,0
BMW,M235I,2015,AIR BAGS,2025-12-11,25V871000,0,,,,,,,,,149,0
FORD,EDGE,2017,POWER TRAIN,2022-06-09,22V413000,1,2021-12-16,175,0.026531,3.0,0.8125,0.0,0.0,0.333333,427,0
INDIAN,CHIEFTAIN,2014,EXTERIOR LIGHTING,2022-08-18,22V635000,0,,,,,,,,,0,0
JEEP,GRAND CHEROKEE,2017,ENGINE,2023-06-08,23V411000,1,2022-12-15,175,0.025499,3.0,1.0,0.0,0.0,0.333333,197,0
FORD,EDGE,2017,SERVICE BRAKES,2025-08-21,25V544000,1,2025-02-27,175,0.023468,5.0,1.969697,3.0,0.0,0.4,480,0
CADILLAC,CTS,2016,STEERING,2025-03-20,25V175000,0,,,,,,,,,75,0
CHEVROLET,CAMARO,2017,STEERING,2025-03-20,25V175000,1,2024-10-10,161,0.026367,1.0,1.083333,1.0,0.0,0.0,361,0
ALFA ROMEO,GIULIA,2017,FUEL/PROPULSION SYSTEM,2025-09-04,25V586000,1,2025-05-15,112,0.020841,1.0,0.619048,1.0,0.0,1.0,14,0
HYUNDAI,SONATA PLUG-IN HYBRID,2016,ELECTRICAL SYSTEM,2021-09-23,21V749000,0,,,,,,,,,211,0
VOLKSWAGEN,GOLF SPORTWAGEN,2017,FUEL/PROPULSION SYSTEM,2024-02-08,24V110000,0,,,,,,,,,133,0
KIA,RIO,2015,SERVICE BRAKES,2023-09-21,23V652000,0,,,,,,,,,211,0
MERCEDES-BENZ,AMG GLC43,2017,STRUCTURE,2023-12-14,23V854000,0,,,,,,,,,167,0
HYUNDAI,SANTA FE SPORT,2017,SERVICE BRAKES,2022-02-03,22V056000,1,2022-02-03,0,0.013191,1.0,4.333333,1.0,0.0,0.0,179,0
HYUNDAI,GENESIS COUPE,2011,ELECTRICAL SYSTEM,2024-07-25,24V562000,0,,,,,,,,,136,0
VOLKSWAGEN,TIGUAN,2018,STRUCTURE,2021-09-23,21V732000,1,2021-07-29,56,0.013191,1.0,4.333333,1.0,0.0,0.0,131,0
VOLKSWAGEN,TIGUAN,2018,STRUCTURE,2022-03-31,22V226000,1,2021-10-07,175,0.012911,1.0,4.333333,0.0,0.0,0.0,134,0
BMW,228I,2015,ELECTRICAL SYSTEM,2024-08-08,24V608000,0,,,,,,,,,114,0
NISSAN,ROGUE,2017,FUEL/PROPULSION SYSTEM,2021-10-21,21V839000,0,,,,,,,,,234,0
HYUNDAI,GENESIS COUPE,2012,SERVICE BRAKES,2023-09-21,23V651000,0,,,,,,,,,170,0
MERCEDES BENZ,ML350,2009,SERVICE BRAKES,2022-05-05,22V315000,0,,,,,,,,,33,0
MERCEDES BENZ,ML350,2009,SERVICE BRAKES,2024-04-25,24V298000,0,,,,,,,,,26,0
BMW,335D,2011,AIR BAGS,2024-06-27,24V513000,0,,,,,,,,,87,0
CHEVROLET,CORVETTE,2017,STEERING,2025-03-20,25V175000,1,2024-09-26,175,0.009208,1.0,4.333333,0.0,0.0,1.0,361,0
ACURA,MDX,2015,FUEL/PROPULSION SYSTEM,2023-12-14,23V858000,0,,,,,,,,,50,0
TESLA,MODEL X,2017,ELECTRICAL SYSTEM,2023-12-07,23V838000,1,2023-09-14,84,0.033113,1.0,0.541667,1.0,1.0,1.0,96,0
TESLA,MODEL X,2017,ELECTRICAL SYSTEM,2024-01-25,24V051000,1,2023-09-14,133,0.033113,1.0,0.541667,1.0,1.0,1.0,96,0
BMW,X5,2015,FUEL/PROPULSION SYSTEM,2021-07-29,21V586000,1,2021-03-18,133,0.013191,1.0,4.333333,1.0,0.0,0.0,139,0
BMW,X5,2015,FUEL/PROPULSION SYSTEM,2021-11-18,21V907000,1,2021-05-27,175,0.012911,1.0,4.333333,0.0,0.0,0.0,117,0
TESLA,MODEL X,2017,SEAT BELTS,2024-05-23,24V376000,1,2023-11-30,175,0.013191,1.0,4.333333,1.0,0.0,0.0,97,0
HYUNDAI,SONATA HYBRID,2017,ENGINE,2021-09-16,21V727000,1,2021-03-25,175,0.026244,1.0,1.444444,-1.0,1.0,1.0,180,0
FORD,FOCUS,2017,ENGINE,2023-12-21,23V905000,1,2023-06-29,175,0.028817,8.0,1.083333,-1.0,0.125,0.625,520,0
FOREST RIVER,SALEM,2018,ELECTRICAL SYSTEM,2025-10-09,25V682000,0,,,,,,,,,11,0
MERCEDES-BENZ,C350,2013,AIR BAGS,2021-08-12,21V638000,0,,,,,,,,,130,0
BMW,428I,2016,ENGINE,2024-08-08,24V608000,0,,,,,,,,,118,0
THOR MOTOR COACH,CHALLENGER,2017,STRUCTURE,2021-10-28,21V845000,0,,,,,,,,,18,0
TOYOTA,CAMRY,2018,SERVICE BRAKES,2021-11-11,21V890000,1,2021-05-20,175,0.02837,8.0,1.650794,0.0,0.125,0.375,262,0
MERCEDES-BENZ,AMG C63,2012,AIR BAGS,2021-08-12,21V638000,0,,,,,,,,,99,0
MERCEDES-BENZ,CLA250,2017,STRUCTURE,2023-12-14,23V854000,0,,,,,,,,,167,0
BMW,228I,2015,ENGINE,2024-08-08,24V608000,0,,,,,,,,,114,0
BMW,X5,2017,ELECTRICAL SYSTEM,2024-08-08,24V608000,0,,,,,,,,,146,0
BMW,X5,2016,FUEL/PROPULSION SYSTEM,2021-07-29,21V586000,0,,,,,,,,,108,0
BMW,X5,2016,FUEL/PROPULSION SYSTEM,2021-11-18,21V907000,0,,,,,,,,,108,0
BMW,128I,2009,ENGINE,2022-02-24,22V119000,0,,,,,,,,,63,0
ACURA,TLX,2018,ENGINE,2023-11-09,23V751000,1,2023-06-22,140,0.01748,1.0,1.444444,1.0,0.0,1.0,62,0
MERCEDES-BENZ,C350,2014,AIR BAGS,2021-08-12,21V638000,0,,,,,,,,,127,0
HONDA,PILOT,2017,STRUCTURE,2021-11-25,21V932000,1,2021-06-24,154,0.024426,1.0,1.444444,1.0,0.0,0.0,250,0
JEEP,CHEROKEE,2018,POWER TRAIN,2025-04-24,25V011000,1,2024-10-31,175,0.030532,6.0,1.083333,1.0,0.0,0.166667,187,0
CHRYSLER,PACIFICA,2018,ELECTRICAL SYSTEM,2023-01-12,23V010000,1,2022-07-21,175,0.025077,5.0,0.942029,-1.0,0.0,0.6,83,0
SUBARU,FORESTER,2012,SEAT BELTS,2022-11-10,22V838000,0,,,,,,,,,70,0
NISSAN,ROGUE,2017,ENGINE,2021-10-21,21V839000,1,2021-04-29,175,0.027863,1.0,0.722222,0.0,0.0,0.0,233,0
BMW,328D,2016,FUEL/PROPULSION SYSTEM,2021-07-29,21V586000,0,,,,,,,,,108,0
BMW,328D,2016,FUEL/PROPULSION SYSTEM,2021-11-18,21V907000,0,,,,,,,,,108,0
VOLVO,S80,2001,AIR BAGS,2021-09-30,21V766000,0,,,,,,,,,8,0
LAND ROVER,RANGE ROVER SPORT,2013,FUEL/PROPULSION SYSTEM,2021-08-12,21V635000,0,,,,,,,,,15,0
CHEVROLET,BOLT EV,2017,ELECTRICAL SYSTEM,2021-07-22,21V560000,1,2021-01-28,175,0.017212,6.0,3.25,0.0,0.166667,0.666667,414,0
LINCOLN,NAVIGATOR,2017,ELECTRICAL SYSTEM,2022-08-25,22V648000,0,,,,,,,,,53,0
TOYOTA,TUNDRA,2018,ELECTRICAL SYSTEM,2021-09-02,21V688000,0,,,,,,,,,274,0
FORD,EXPEDITION,2017,ELECTRICAL SYSTEM,2022-08-25,22V648000,1,2022-03-03,175,0.023913,1.0,1.444444,0.0,0.0,0.0,473,0
HONDA,ACCORD,2018,FUEL/PROPULSION SYSTEM,2023-12-14,23V858000,1,2023-06-22,175,0.028313,11.0,1.702381,0.0,0.0,0.545455,340,0
ACURA,TLX,2016,ENGINE,2023-11-09,23V751000,0,,,,,,,,,54,0
BMW,5 SERIES,2010,ENGINE,2022-02-24,22V119000,0,,,,,,,,,80,0
BMW,5 SERIES,2010,ENGINE,2023-10-19,23V707000,0,,,,,,,,,76,0
HYUNDAI,IONIQ HYBRID,2017,FUEL/PROPULSION SYSTEM,2022-06-23,22V459000,0,,,,,,,,,206,0
MERCEDES-BENZ,E400,2016,AIR BAGS,2021-08-12,21V638000,1,2021-02-18,175,0.026572,2.0,1.238095,1.0,0.0,0.0,181,0
KIA,FORTE,2017,AIR BAGS,2022-01-20,22V031000,0,,,,,,,,,161,0
MERCEDES-BENZ,GLE450,2016,STRUCTURE,2023-12-14,23V854000,0,,,,,,,,,159,0
HONDA,RIDGELINE,2018,FUEL/PROPULSION SYSTEM,2023-12-14,23V858000,0,,,,,,,,,341,0
HONDA,RIDGELINE,2017,FUEL/PROPULSION SYSTEM,2023-12-14,23V858000,1,2023-10-26,49,0.020954,1.0,2.166667,1.0,0.0,0.0,278,0
FORD,C-MAX,2016,POWER TRAIN,2022-06-09,22V413000,0,,,,,,,,,446,0
LAND ROVER,RANGE ROVER SPORT,2010,FUEL/PROPULSION SYSTEM,2021-08-12,21V635000,1,2021-02-18,175,0.020512,1.0,2.166667,0.0,0.0,0.0,14,0
VOLKSWAGEN,ATLAS,2018,AIR BAGS,2023-03-23,23V215000,1,2022-09-29,175,0.020512,1.0,2.166667,0.0,0.0,0.0,143,0
KIA,SPORTAGE,2010,SERVICE BRAKES,2023-09-21,23V652000,0,,,,,,,,,67,0
LINCOLN,MKZ,2017,SERVICE BRAKES,2023-03-09,23V162000,1,2022-09-15,175,0.018319,2.0,2.888889,0.0,0.0,0.0,50,0
CHEVROLET,TRAVERSE,2017,AIR BAGS,2021-10-07,21V782000,0,,,,,,,,,406,0
CHEVROLET,TRAVERSE,2017,AIR BAGS,2023-05-04,23V334000,0,,,,,,,,,353,0
HONDA,ODYSSEY,2018,ENGINE,2023-11-09,23V751000,1,2023-05-18,175,0.026617,4.0,1.019608,-1.0,0.0,0.25,354,0
KENWORTH,T680,2016,ELECTRICAL SYSTEM,2021-12-23,21V00N000,0,,,,,,,,,4,0
VOLKSWAGEN,PASSAT,2017,AIR BAGS,2024-10-24,24V834000,1,2024-05-02,175,0.013086,2.0,2.888889,0.0,0.0,1.0,104,0
SUBARU,FORESTER,2018,FUEL/PROPULSION SYSTEM,2021-07-29,21V587000,1,2021-02-04,175,0.01711,1.0,1.444444,0.0,0.0,1.0,198,0
FORD,TRANSIT,2016,BACK OVER PREVENTION,2025-08-28,25V572000,0,,,,,,,,,482,0
MERCEDES-BENZ,CLA250,2015,STRUCTURE,2023-12-14,23V854000,1,2023-08-17,119,0.024426,1.0,1.444444,1.0,0.0,0.0,151,0
HONDA,PILOT,2017,FUEL/PROPULSION SYSTEM,2023-12-14,23V858000,1,2023-07-20,147,0.021863,1.0,0.393939,1.0,0.0,1.0,278,0
HONDA,RIDGELINE,2018,STRUCTURE,2021-11-25,21V932000,0,,,,,,,,,297,0
TESLA,MODEL S,2017,ELECTRICAL SYSTEM,2023-12-07,23V838000,1,2023-06-15,175,0.025495,3.0,1.625,1.0,0.0,0.0,96,0
TESLA,MODEL S,2017,ELECTRICAL SYSTEM,2024-01-25,24V051000,1,2023-08-03,175,0.024961,3.0,1.625,0.0,0.0,0.0,96,0
BMW,Z4,2008,ENGINE,2022-02-24,22V119000,0,,,,,,,,,71,0
FORD,TRANSIT CONNECT,2016,VISIBILITY,2022-03-24,22V192000,1,2021-09-30,175,0.018481,1.0,1.083333,0.0,0.0,1.0,444,0
HONDA,ODYSSEY,2018,FUEL/PROPULSION SYSTEM,2023-12-14,23V858000,1,2023-06-22,175,0.020512,1.0,2.166667,0.0,0.0,0.0,340,0
INFINITI,QX60 HYBRID,2014,ENGINE,2021-09-30,21V774000,0,,,,,,,,,62,0
INFINITI,QX60 HYBRID,2014,FUEL/PROPULSION SYSTEM,2021-09-30,21V774000,0,,,,,,,,,62,0
TOYOTA,TUNDRA,2017,STEERING,2021-11-18,21V920000,0,,,,,,,,,232,0
TOYOTA,TUNDRA,2017,STEERING,2021-12-23,21E103000,0,,,,,,,,,237,0
HYUNDAI,AZERA,2013,SERVICE BRAKES,2023-09-21,23V651000,0,,,,,,,,,191,0
GMC,SIERRA 1500,2018,AIR BAGS,2024-10-10,24V756000,1,2024-06-27,105,0.01498,1.0,2.166667,1.0,0.0,1.0,157,0
GMC,SIERRA 1500,2018,AIR BAGS,2025-06-26,25V432000,1,2025-05-01,56,0.023496,1.0,2.166667,1.0,1.0,1.0,163,0
LAND ROVER,RANGE ROVER SPORT,2017,STEERING,2025-08-07,25V514000,1,2025-06-26,42,0.009409,1.0,4.333333,1.0,0.0,1.0,69,0
LINCOLN,MKZ,2015,SERVICE BRAKES,2022-01-13,22V011000,0,,,,,,,,,44,0
LINCOLN,MKZ,2015,SERVICE BRAKES,2023-03-09,23V162000,1,2022-10-27,133,0.026367,1.0,1.083333,1.0,0.0,0.0,56,0
MERCEDES-BENZ,GLC300,2017,STRUCTURE,2023-12-14,23V854000,0,,,,,,,,,167,0
FORD,EXPLORER,2017,SUSPENSION,2021-07-15,21V537000,1,2021-01-21,175,0.020512,1.0,2.166667,0.0,0.0,0.0,469,0
KIA,OPTIMA HYBRID,2017,ENGINE,2021-10-28,21V844000,0,,,,,,,,,174,0
BMW,528I,2014,ELECTRICAL SYSTEM,2024-08-08,24V608000,0,,,,,,,,,110,0
LINCOLN,MKT,2016,STRUCTURE,2025-11-27,25V827000,0,,,,,,,,,81,0
AUDI,S8,2013,ENGINE,2022-03-17,22V178000,1,2021-09-23,175,0.0194,2.0,1.733333,-1.0,0.0,0.5,56,0
CHRYSLER,PACIFICA,2018,FUEL/PROPULSION SYSTEM,2023-01-12,23V010000,1,2022-08-25,140,0.024426,1.0,1.444444,1.0,0.0,0.0,83,0
BMW,Z4,2007,ENGINE,2022-02-24,22V119000,0,,,,,,,,,75,0
THOR MOTOR COACH,MIRAMAR,2017,STRUCTURE,2021-10-28,21V845000,1,2021-10-07,21,0.013191,1.0,4.333333,1.0,0.0,0.0,17,0
BMW,325I,2011,AIR BAGS,2024-06-27,24V513000,0,,,,,,,,,87,0
KIA,SEDONA,2017,ELECTRICAL SYSTEM,2021-09-16,21V725000,1,2021-03-25,175,0.021365,2.0,2.166667,0.0,0.0,0.0,181,0
MERCEDES-BENZ,E350,2013,AIR BAGS,2021-08-12,21V638000,1,2021-02-18,175,0.025404,4.0,1.733333,0.0,0.0,0.0,129,0
JEEP,GRAND CHEROKEE,2018,FUEL/PROPULSION SYSTEM,2022-06-09,22V406000,1,2021-12-16,175,0.019354,1.0,0.866667,0.0,0.0,1.0,178,0
HONDA,RIDGELINE,2018,LATCHES/LOCKS/LINKAGES,2021-11-25,21V932000,0,,,,,,,,,297,0
FORD,FOCUS,2018,ENGINE,2023-12-21,23V905000,1,2023-06-29,175,0.023,2.0,0.346667,1.0,0.0,1.0,495,0
RAM,1500,2018,ENGINE,2023-06-08,23V411000,1,2022-12-15,175,0.020402,1.0,0.619048,0.0,0.0,1.0,147,0
BMW,X3,2015,FUEL/PROPULSION SYSTEM,2021-07-29,21V586000,0,,,,,,,,,140,0
BMW,X3,2015,FUEL/PROPULSION SYSTEM,2021-11-18,21V907000,1,2021-10-21,28,0.013191,1.0,4.333333,1.0,0.0,0.0,117,0
AUDI,Q5,2018,STRUCTURE,2021-12-02,21V947000,1,2021-06-10,175,0.012911,1.0,4.333333,0.0,0.0,0.0,99,0
TOYOTA,RAV4,2018,ELECTRICAL SYSTEM,2023-10-26,23V734000,1,2023-05-04,175,0.029195,5.0,1.805556,0.0,1.0,1.0,242,0
KIA,SOUL EV,2015,POWER TRAIN,2023-10-26,23V724000,0,,,,,,,,,204,0
FERRARI,CALIFORNIA,2013,SERVICE BRAKES,2022-07-21,22V536000,0,,,,,,,,,0,0
FORD,EXPLORER,2018,STRUCTURE,2024-01-18,24V031000,1,2023-07-27,175,0.036793,12.0,1.405405,-1.0,0.0,0.0,504,0
THOR MOTOR COACH,HURRICANE,2018,EQUIPMENT,2023-02-23,23V121000,0,,,,,,,,,8,0
HONDA,CR-V,2018,FUEL/PROPULSION SYSTEM,2023-12-14,23V858000,1,2023-06-22,175,0.025905,7.0,1.516667,2.0,0.0,0.571429,340,0
JEEP,GRAND CHEROKEE,2018,SERVICE BRAKES,2022-06-09,22V426000,1,2022-01-13,147,0.032753,1.0,2.166667,1.0,1.0,0.0,178,0
JEEP,GRAND CHEROKEE,2018,SERVICE BRAKES,2024-11-07,24V838000,1,2024-07-25,105,0.026367,1.0,1.083333,1.0,0.0,0.0,186,0
BMW,M235I,2014,AIR BAGS,2024-04-18,24V288000,0,,,,,,,,,123,0
BMW,M235I,2014,AIR BAGS,2025-12-11,25V871000,0,,,,,,,,,137,0
HONDA,CR-V,2018,SEAT BELTS,2023-03-09,23V158000,1,2022-12-22,77,0.013191,1.0,4.333333,1.0,0.0,0.0,303,0
FORD,EXPEDITION,2017,SERVICE BRAKES,2022-03-10,22V150000,1,2021-09-16,175,0.021948,5.0,2.407407,0.0,0.2,0.4,430,0
FORD,EXPEDITION,2017,SERVICE BRAKES,2025-04-10,25V236000,1,2024-10-17,175,0.020631,2.0,1.444444,-1.0,0.0,0.5,446,0
MERCEDES-BENZ,C300,2017,STRUCTURE,2023-12-14,23V854000,1,2023-07-20,147,0.022293,2.0,2.166667,2.0,0.0,0.0,166,0
JEEP,GRAND CHEROKEE,2018,ENGINE,2023-06-08,23V411000,1,2022-12-15,175,0.019959,1.0,0.722222,0.0,0.0,1.0,196,0
BMW,X5,2016,ELECTRICAL SYSTEM,2024-08-08,24V608000,1,2024-04-25,105,0.022293,2.0,2.166667,2.0,0.0,0.0,117,0
HONDA,HR-V,2018,FUEL/PROPULSION SYSTEM,2023-12-14,23V858000,1,2023-10-19,56,0.020954,1.0,2.166667,1.0,0.0,0.0,340,0
SUBARU,OUTBACK,2018,FUEL/PROPULSION SYSTEM,2021-07-29,21V587000,1,2021-07-08,21,0.013191,1.0,4.333333,1.0,0.0,0.0,198,0
AMERICAN COACH,AMERICAN EAGLE,2016,STRUCTURE,2023-12-07,23V833000,0,,,,,,,,,1,0
ENTEGRA,ASPIRE,2016,SERVICE BRAKES,2022-12-01,22V891000,0,,,,,,,,,0,0
HONDA,CLARITY PLUG-IN HYBRID,2018,FUEL/PROPULSION SYSTEM,2023-12-14,23V858000,1,2023-06-29,168,0.013191,1.0,4.333333,1.0,0.0,0.0,340,0
KIA,SOUL,2017,AIR BAGS,2022-01-20,22V031000,0,,,,,,,,,161,0
PETERBILT,567,2018,STEERING,2022-04-21,22V277000,0,,,,,,,,,1,0
VOLKSWAGEN,GOLF SPORTWAGEN,2016,AIR BAGS,2022-07-21,22V543000,0,,,,,,,,,131,0
NISSAN,ROGUE,2018,FUEL/PROPULSION SYSTEM,2021-10-21,21V839000,0,,,,,,,,,247,0
NISSAN,ROGUE,2018,ENGINE,2021-10-21,21V839000,1,2021-04-29,175,0.019959,1.0,0.722222,0.0,0.0,1.0,246,0
BMW,128I,2008,ENGINE,2022-02-24,22V119000,0,,,,,,,,,71,0
FORD,TAURUS,2016,STRUCTURE,2025-09-11,25V611000,0,,,,,,,,,476,0
JEEP,WRANGLER,2018,ELECTRICAL SYSTEM,2024-09-05,24V652000,1,2024-03-14,175,0.029184,4.0,0.525253,1.0,0.25,0.75,193,0
MERCEDES-BENZ,AMG C63,2013,AIR BAGS,2021-08-12,21V638000,0,,,,,,,,,130,0
GMC,TERRAIN,2017,EXTERIOR LIGHTING,2022-03-03,22V137000,0,,,,,,,,,157,0
JEEP,WRANGLER,2018,EXTERIOR LIGHTING,2024-09-12,24V676000,0,,,,,,,,,199,0
COACHMEN,CATALINA,2018,EQUIPMENT,2025-02-20,25V111000,0,,,,,,,,,1,0
FREIGHTLINER,CASCADIA,2019,SERVICE BRAKES,2022-10-27,22V817000,1,2022-06-23,126,0.014805,1.0,4.333333,1.0,1.0,1.0,9,0
FREIGHTLINER,CASCADIA,2019,SERVICE BRAKES,2023-02-09,23V073000,1,2022-08-18,175,0.014492,1.0,4.333333,0.0,1.0,1.0,18,0
MERCEDES-BENZ,GL450,2012,SERVICE BRAKES,2022-05-05,22V315000,0,,,,,,,,,91,0
MERCEDES-BENZ,GL450,2012,SERVICE BRAKES,2024-04-25,24V298000,1,2023-11-02,175,0.020512,1.0,2.166667,0.0,0.0,0.0,105,0
ACURA,TLX,2015,FUEL/PROPULSION SYSTEM,2023-12-14,23V858000,1,2023-06-22,175,0.020512,1.0,2.166667,0.0,0.0,0.0,49,0
AUDI,S8,2015,ENGINE,2022-03-17,22V178000,1,2022-02-17,28,0.01498,1.0,2.166667,1.0,0.0,1.0,91,0
TESLA,MODEL 3,2018,STEERING,2022-01-27,22V037000,1,2022-01-13,14,0.018879,1.0,1.083333,1.0,0.0,1.0,91,0
TESLA,MODEL 3,2018,STEERING,2023-02-09,23V085000,1,2022-08-18,175,0.026367,1.0,1.083333,1.0,0.0,0.0,107,0
TESLA,MODEL X,2018,ELECTRICAL SYSTEM,2023-12-07,23V838000,1,2023-06-15,175,0.023002,1.0,2.166667,0.0,1.0,1.0,109,0
TESLA,MODEL X,2018,ELECTRICAL SYSTEM,2024-01-25,24V051000,0,,,,,,,,,107,0
NISSAN,LEAF,2018,VEHICLE SPEED CONTROL,2023-07-13,23V494000,0,,,,,,,,,284,0
AUDI,Q5,2018,ELECTRICAL SYSTEM,2021-12-02,21V947000,1,2021-06-10,175,0.01846,2.0,2.166667,1.0,0.0,0.5,99,0
HONDA,RIDGELINE,2017,ENGINE,2023-11-09,23V751000,1,2023-08-31,70,0.024426,1.0,1.444444,1.0,0.0,0.0,288,0
JEEP,WRANGLER,2018,POWER TRAIN,2023-02-23,23V116000,1,2022-09-01,175,0.025628,4.0,1.333333,-1.0,0.25,0.5,202,0
HONDA,CBR1000RR,2017,FUEL/PROPULSION SYSTEM,2024-11-14,24V864000,0,,,,,,,,,277,0
MERCEDES-BENZ,GLC 300,2018,STRUCTURE,2023-12-14,23V854000,1,2023-10-19,56,0.020954,1.0,2.166667,1.0,0.0,0.0,162,0
ACURA,MDX,2015,EXTERIOR LIGHTING,2025-04-17,25V259000,1,2024-10-24,175,0.020512,1.0,2.166667,0.0,0.0,0.0,62,0
MERCEDES-BENZ,GLC300,2016,STRUCTURE,2023-12-14,23V854000,0,,,,,,,,,159,0
NISSAN,ROGUE,2018,ELECTRICAL SYSTEM,2023-02-16,23V093000,1,2022-08-25,175,0.021408,3.0,1.3,0.0,0.0,0.666667,248,0
GENESIS,G90,2018,ENGINE,2024-03-07,24V191000,0,,,,,,,,,12,0
BMW,328D,2014,AIR BAGS,2024-04-18,24V288000,0,,,,,,,,,123,0
BMW,328D,2014,AIR BAGS,2024-07-11,24V527000,0,,,,,,,,,111,0
ACURA,MDX,2017,FUEL/PROPULSION SYSTEM,2023-12-14,23V858000,1,2023-06-22,175,0.025815,1.0,1.083333,0.0,0.0,0.0,59,0
MERCEDES-BENZ,CLA 250,2018,ELECTRICAL SYSTEM,2022-05-19,22V365000,0,,,,,,,,,142,0
LAND ROVER,LR4,2013,FUEL/PROPULSION SYSTEM,2021-08-12,21V635000,0,,,,,,,,,15,0
RAM,1500,2019,SERVICE BRAKES,2024-09-05,24V653000,1,2024-03-14,175,0.021075,2.0,1.444444,0.0,0.0,0.5,122,0
ACURA,MDX,2018,ENGINE,2023-11-09,23V751000,0,,,,,,,,,63,0
VOLKSWAGEN,GOLF,2016,AIR BAGS,2022-07-21,22V543000,0,,,,,,,,,131,0
MERCEDES-BENZ,C350,2015,AIR BAGS,2021-08-12,21V638000,0,,,,,,,,,169,0
HYUNDAI,SANTA FE SPORT,2013,SERVICE BRAKES,2023-09-21,23V651000,0,,,,,,,,,191,0
TOYOTA,CAMRY,2018,FUEL/PROPULSION SYSTEM,2025-01-16,25V028000,1,2024-07-25,175,0.020741,1.0,0.541667,0.0,0.0,1.0,219,0
BMW,528I,2014,AIR BAGS,2024-07-11,24V527000,0,,,,,,,,,111,0
TESLA,MODEL S,2018,ELECTRICAL SYSTEM,2023-12-07,23V838000,1,2023-06-15,175,0.028476,1.0,0.619048,0.0,0.0,0.0,109,0
TESLA,MODEL S,2018,ELECTRICAL SYSTEM,2024-01-25,24V051000,1,2023-08-03,175,0.028476,1.0,0.619048,0.0,0.0,0.0,106,0
TESLA,MODEL S,2018,ELECTRICAL SYSTEM,2024-02-22,24V153000,0,,,,,,,,,109,0
JAYCO FIFTH WHEEL,SEISMIC,2017,EQUIPMENT,2021-09-02,21V685000,0,,,,,,,,,4,0
ALFA ROMEO,STELVIO,2018,SERVICE BRAKES,2023-05-25,23V382000,0,,,,,,,,,17,0
MINI,COOPER S,2013,ELECTRICAL SYSTEM,2023-05-11,23V337000,0,,,,,,,,,8,0
BUICK,REGAL,2018,SERVICE BRAKES,2022-06-30,22V465000,0,,,,,,,,,50,0
BMW,X3,2010,ENGINE,2023-10-19,23V707000,0,,,,,,,,,76,0
RAM,1500,2018,FUEL/PROPULSION SYSTEM,2022-06-09,22V406000,1,2021-12-16,175,0.021207,3.0,1.444444,1.0,0.0,0.666667,126,0
KIA,FORTE,2018,AIR BAGS,2022-01-20,22V031000,0,,,,,,,,,140,0
SUBARU,WRX,2018,FUEL/PROPULSION SYSTEM,2021-07-29,21V587000,0,,,,,,,,,199,0
KENWORTH,T680,2017,SERVICE BRAKES,2024-02-22,24V145000,0,,,,,,,,,0,0
KENWORTH,T680,2015,SERVICE BRAKES,2024-02-22,24V145000,0,,,,,,,,,0,0
COACHMEN,FREELANDER,2017,EQUIPMENT,2022-07-07,22V487000,0,,,,,,,,,1,0
NEWMAR,DUTCH STAR,2017,FUEL/PROPULSION SYSTEM,2021-07-01,21V506000,0,,,,,,,,,12,0
MAZDA,CX-9,2018,FUEL/PROPULSION SYSTEM,2021-11-11,21V875000,0,,,,,,,,,62,0
MAZDA,MAZDA3,2018,FUEL/PROPULSION SYSTEM,2021-11-11,21V875000,0,,,,,,,,,62,0
NISSAN,PATHFINDER HYBRID,2014,ENGINE,2021-09-30,21V774000,0,,,,,,,,,214,0
GMC,SIERRA 2500,2018,FUEL/PROPULSION SYSTEM,2023-02-02,23V047000,0,,,,,,,,,157,0
TESLA,MODEL 3,2018,SUSPENSION,2023-03-30,23V235000,1,2022-10-06,175,0.024957,7.0,2.166667,0.0,0.0,0.142857,110,0
KENWORTH,T680,2018,SERVICE BRAKES,2024-02-22,24V145000,0,,,,,,,,,3,0
RAM,2500,2018,SERVICE BRAKES,2024-11-21,24V896000,1,2024-05-30,175,0.847958,130.0,0.6505,-4.0,0.015385,0.084615,141,0
BMW,X5,2014,FUEL/PROPULSION SYSTEM,2021-07-29,21V586000,1,2021-02-04,175,0.020954,1.0,2.166667,1.0,0.0,0.0,147,0
BMW,X5,2014,FUEL/PROPULSION SYSTEM,2021-11-18,21V907000,1,2021-08-05,105,0.01498,1.0,2.166667,1.0,0.0,1.0,122,0
FERRARI,488 GTB,2017,SERVICE BRAKES,2021-10-21,21V833000,0,,,,,,,,,2,0
FORD,ECOSPORT,2018,ENGINE,2023-12-21,23V905000,1,2023-06-29,175,0.036573,16.0,1.414966,0.0,0.0,0.5625,495,0
KIA,SOUL,2018,AIR BAGS,2022-01-20,22V031000,0,,,,,,,,,140,0
MERCEDES-BENZ,GLC 300,2018,ELECTRICAL SYSTEM,2022-05-19,22V365000,0,,,,,,,,,142,0
MERCEDES-BENZ,CLA250,2016,STRUCTURE,2023-12-14,23V854000,0,,,,,,,,,159,0
BUICK,ENCLAVE,2016,AIR BAGS,2021-10-07,21V782000,0,,,,,,,,,76,0
BUICK,ENCLAVE,2016,AIR BAGS,2023-05-04,23V334000,0,,,,,,,,,70,0
MAZDA,CX-5,2018,FUEL/PROPULSION SYSTEM,2021-11-11,21V875000,0,,,,,,,,,62,0
CHRYSLER,PACIFICA PLUG-IN HYBRID,2018,FUEL/PROPULSION SYSTEM,2022-02-10,22V077000,1,2021-08-19,175,0.011192,3.0,4.333333,0.0,0.0,0.666667,76,0
CHRYSLER,PACIFICA PLUG-IN HYBRID,2018,FUEL/PROPULSION SYSTEM,2024-07-18,24V536000,1,2024-01-25,175,0.030244,1.0,0.333333,0.0,0.0,0.0,76,0
MERCEDES-BENZ,C 300,2018,STRUCTURE,2023-12-14,23V854000,1,2023-10-19,56,0.020954,1.0,2.166667,1.0,0.0,0.0,162,0
HONDA,PILOT,2018,STRUCTURE,2021-11-25,21V932000,1,2021-06-03,175,0.025274,1.0,1.083333,-1.0,0.0,0.0,296,0
MERCEDES-BENZ,GLS 450,2018,ELECTRICAL SYSTEM,2022-05-19,22V365000,0,,,,,,,,,142,0
FORD,EXPEDITION,2018,SERVICE BRAKES,2025-04-10,25V236000,0,,,,,,,,,474,0
KENWORTH,T880,2014,SERVICE BRAKES,2024-02-22,24V145000,0,,,,,,,,,0,0
AUDI,SQ5,2018,ELECTRICAL SYSTEM,2021-12-02,21V947000,0,,,,,,,,,100,0
ALFA ROMEO,GIULIA,2017,SERVICE BRAKES,2023-05-25,23V382000,0,,,,,,,,,15,0
GENESIS,G90,2017,ELECTRICAL SYSTEM,2024-02-08,24V107000,0,,,,,,,,,6,0
FORD,EXPEDITION,2018,SEAT BELTS,2024-02-08,24V099000,0,,,,,,,,,511,0
FORD,EXPEDITION,2018,SEAT BELTS,2025-05-22,25V197000,1,2025-04-03,49,0.013191,1.0,4.333333,1.0,0.0,0.0,467,0
HONDA,CIVIC,2018,FUEL/PROPULSION SYSTEM,2023-12-14,23V858000,1,2023-06-22,175,0.025815,1.0,1.083333,0.0,0.0,0.0,340,0
RAM,3500,2018,SERVICE BRAKES,2024-11-21,24V896000,1,2024-05-30,175,0.149095,44.0,0.768817,4.0,0.0,0.159091,141,0
ANTARES,COMFORT A5,9999,TIRES,2022-08-11,22T013000,0,,,,,,,,,0,0
JEEP,CHEROKEE,2019,POWER TRAIN,2025-04-24,25V011000,1,2024-10-31,175,0.03604,8.0,0.641975,0.0,0.0,0.125,211,0
LAND ROVER,LR4,2011,FUEL/PROPULSION SYSTEM,2021-08-12,21V635000,1,2021-06-10,63,0.013191,1.0,4.333333,1.0,0.0,0.0,17,0
BMW,428I,2014,ELECTRICAL SYSTEM,2024-08-08,24V608000,0,,,,,,,,,110,0
PORSCHE,CAYENNE,2009,EXTERIOR LIGHTING,2022-08-25,22V656000,0,,,,,,,,,4,0
CHEVROLET,BOLT EV,2018,ELECTRICAL SYSTEM,2021-07-22,21V560000,1,2021-02-11,161,0.01498,1.0,2.166667,1.0,0.0,1.0,378,0
HYUNDAI,SONATA HYBRID,2017,ELECTRICAL SYSTEM,2021-09-23,21V749000,0,,,,,,,,,182,0
FORD,EDGE,2018,POWER TRAIN,2022-06-09,22V413000,0,,,,,,,,,389,0
ACURA,RDX,2019,SEAT BELTS,2023-03-09,23V158000,0,,,,,,,,,60,0
BMW,X5,2018,FUEL/PROPULSION SYSTEM,2021-07-29,21V586000,0,,,,,,,,,96,0
RAM,1500,2019,ENGINE,2023-06-08,23V411000,1,2022-12-15,175,0.02713,5.0,0.984848,0.0,0.0,0.4,145,0
FORD,FLEX,2018,STRUCTURE,2025-10-23,25V732000,1,2025-06-05,140,0.013191,1.0,4.333333,1.0,0.0,0.0,498,0
HONDA,ODYSSEY,2019,ENGINE,2023-11-09,23V751000,1,2023-05-18,175,0.023344,2.0,0.962963,0.0,0.0,0.5,366,0
BMW,X5,2018,ELECTRICAL SYSTEM,2024-08-08,24V608000,1,2024-02-15,175,0.011363,2.0,4.333333,0.0,0.0,0.5,159,0
FORD,TRANSIT CONNECT,2018,VISIBILITY,2024-04-25,24V294000,0,,,,,,,,,509,0
FOREST RIVER,GEORGETOWN,2016,STRUCTURE,2021-07-08,21V523000,0,,,,,,,,,19,0
FORD,TRANSIT CONNECT,2015,POWER TRAIN,2022-06-09,22V413000,1,2021-12-16,175,0.037316,1.0,1.444444,0.0,1.0,0.0,436,0
RAM,2500,2017,AIR BAGS,2025-01-16,25V010000,0,,,,,,,,,131,0
ACURA,ILX,2017,SERVICE BRAKES,2025-12-11,25V859000,0,,,,,,,,,79,0
HYUNDAI,SANTA FE,2018,SERVICE BRAKES,2022-02-03,22V056000,1,2022-02-03,0,0.014805,1.0,4.333333,1.0,1.0,1.0,163,0
WINNEBAGO,FORZA,2019,LATCHES/LOCKS/LINKAGES,2024-10-31,24V826000,0,,,,,,,,,12,0
BMW,X3,2016,ENGINE,2024-08-08,24V608000,1,2024-05-16,84,0.024426,1.0,1.444444,1.0,0.0,0.0,117,0
TESLA,MODEL 3,2018,VISIBILITY,2021-12-16,21V00D000,1,2021-06-24,175,0.027025,1.0,0.866667,0.0,0.0,0.0,90,0
TESLA,MODEL 3,2018,VISIBILITY,2022-09-15,22V702000,1,2022-03-24,175,0.02392,10.0,2.708333,-3.0,0.0,0.1,100,0
FREIGHTLINER,CASCADIA,2019,STEERING,2021-09-02,21V689000,0,,,,,,,,,8,0
VOLKSWAGEN,GOLF SPORTWAGEN,2018,FUEL/PROPULSION SYSTEM,2024-02-08,24V110000,0,,,,,,,,,148,0
FOREST RIVER,GEORGETOWN,2018,STRUCTURE,2021-07-08,21V523000,0,,,,,,,,,40,0
FORD,TRANSIT,2017,BACK OVER PREVENTION,2025-08-28,25V572000,1,2025-06-26,63,0.020954,1.0,2.166667,1.0,0.0,0.0,481,0
RAM,1500,2019,STRUCTURE,2022-12-08,22V904000,1,2022-06-16,175,0.027574,2.0,0.962963,0.0,0.0,0.0,144,0
HONDA,FIT,2018,FUEL/PROPULSION SYSTEM,2023-12-14,23V858000,1,2023-06-22,175,0.025815,1.0,1.083333,0.0,0.0,0.0,340,0
LAND ROVER,LR4,2012,FUEL/PROPULSION SYSTEM,2021-08-12,21V635000,0,,,,,,,,,18,0
WINNEBAGO,FORZA,2018,STRUCTURE,2024-10-31,24V826000,0,,,,,,,,,6,0
FREIGHTLINER,CASCADIA,2018,SERVICE BRAKES,2022-10-27,22V817000,0,,,,,,,,,5,0
FREIGHTLINER,CASCADIA,2018,SERVICE BRAKES,2023-02-09,23V073000,0,,,,,,,,,12,0
MERCEDES BENZ,C280,2006,VISIBILITY,2022-12-22,22V954000,0,,,,,,,,,58,0
MERCEDES BENZ,C280,2006,VISIBILITY,2024-11-14,24V874000,0,,,,,,,,,39,0
GOODYEAR,G159,9999,TIRES,2022-06-02,22T009000,0,,,,,,,,,15,0
MERCEDES-BENZ,ML350,2011,SERVICE BRAKES,2022-05-05,22V315000,0,,,,,,,,,76,0
MERCEDES-BENZ,ML350,2011,SERVICE BRAKES,2024-04-25,24V298000,1,2023-11-02,175,0.01918,3.0,2.6,-1.0,0.666667,1.0,82,0
MOOG,TIE ROD END,9999,STEERING,2021-11-25,21E097000,0,,,,,,,,,0,0
RAM,1500,2019,ELECTRICAL SYSTEM,2025-05-08,25V298000,1,2024-11-14,175,0.03718,8.0,0.693333,2.0,0.0,0.125,134,0
MERCEDES-BENZ,GLE450,2016,FUEL/PROPULSION SYSTEM,2022-12-22,22V955000,1,2022-08-11,133,0.014805,1.0,4.333333,1.0,1.0,1.0,157,0
FORD,ESCAPE,2018,POWER TRAIN,2022-06-09,22V413000,1,2021-12-16,175,0.020402,1.0,0.619048,0.0,0.0,1.0,388,0
NISSAN,PATHFINDER,2013,LATCHES/LOCKS/LINKAGES,2022-06-09,22V420000,0,,,,,,,,,172,0
INFINITI,QX50,2019,ENGINE,2025-06-26,25V437000,1,2025-01-02,175,0.018183,3.0,2.166667,1.0,0.0,0.666667,44,0
TESLA,MODEL 3,2018,ELECTRICAL SYSTEM,2021-12-16,21V00D000,1,2021-06-24,175,0.020286,3.0,0.928571,-1.0,0.0,1.0,90,0
TESLA,MODEL 3,2018,ELECTRICAL SYSTEM,2022-01-27,22V045000,1,2021-08-05,175,0.025545,4.0,1.155556,1.0,0.25,0.75,91,0
TESLA,MODEL 3,2018,ELECTRICAL SYSTEM,2022-02-03,22V063000,1,2021-08-12,175,0.025009,4.0,1.155556,0.0,0.25,0.75,96,0
TESLA,MODEL 3,2018,ELECTRICAL SYSTEM,2022-04-07,22V235000,1,2021-10-14,175,0.031381,2.0,0.619048,0.0,0.5,0.5,103,0
TESLA,MODEL 3,2018,ELECTRICAL SYSTEM,2022-04-14,22V263000,1,2021-10-21,175,0.031275,4.0,1.083333,2.0,0.25,0.25,102,0
TESLA,MODEL 3,2018,ELECTRICAL SYSTEM,2023-12-07,23V838000,1,2023-06-15,175,0.034078,10.0,0.984848,-4.0,0.1,0.2,109,0
TESLA,MODEL 3,2018,ELECTRICAL SYSTEM,2024-01-25,24V051000,1,2023-08-03,175,0.033043,3.0,0.295455,0.0,0.0,0.0,106,0
TESLA,MODEL 3,2018,ELECTRICAL SYSTEM,2024-02-22,24V153000,1,2023-08-31,175,0.041152,9.0,0.829787,2.0,0.111111,0.0,108,0
FIRESTONE,TRANSFORCE AT,9999,TIRES,2022-01-27,22T002000,0,,,,,,,,,7,0
MERCEDES-BENZ,METRIS,2018,BACK OVER PREVENTION,2022-02-17,22V099000,0,,,,,,,,,157,0
ENTEGRA,CORNERSTONE,2019,STRUCTURE,2021-07-08,21V529000,0,,,,,,,,,10,0
WINNEBAGO,TRAVATO,2019,STRUCTURE,2022-09-15,22V696000,0,,,,,,,,,1,0
WINNEBAGO,TRAVATO,2019,STRUCTURE,2023-09-07,23V627000,0,,,,,,,,,7,0
WINNEBAGO,TRAVATO,2019,ELECTRICAL SYSTEM,2021-10-07,21V793000,0,,,,,,,,,8,0
RAM,2500,2017,SERVICE BRAKES,2024-11-21,24V896000,1,2024-05-30,175,0.074532,28.0,0.609715,-3.0,0.0,0.142857,127,0
ACURA,RDX,2018,FUEL/PROPULSION SYSTEM,2023-12-14,23V858000,0,,,,,,,,,69,0
ALFA ROMEO,GIULIA,2018,SERVICE BRAKES,2023-05-25,23V382000,1,2023-03-16,70,0.014805,1.0,4.333333,1.0,1.0,1.0,16,0
BMW,X3,2017,FUEL/PROPULSION SYSTEM,2021-07-29,21V586000,0,,,,,,,,,99,0
BMW,X3,2017,FUEL/PROPULSION SYSTEM,2021-11-18,21V907000,0,,,,,,,,,106,0
VOLKSWAGEN,BEETLE,2017,AIR BAGS,2024-10-24,24V834000,0,,,,,,,,,105,0
NISSAN,NV200,2017,FUEL/PROPULSION SYSTEM,2025-10-09,25V676000,0,,,,,,,,,249,0
KIA,NIRO PHEV,2018,POWER TRAIN,2023-07-27,23V534000,0,,,,,,,,,202,0
RAM,PROMASTER,2018,ENGINE,2025-10-23,25V720000,1,2025-07-17,98,0.020954,1.0,2.166667,1.0,0.0,0.0,138,0
MERCEDES-BENZ,C350E,2016,STRUCTURE,2023-12-14,23V854000,0,,,,,,,,,159,0
ALFA ROMEO,GIULIA,2018,SEAT BELTS,2024-06-27,24V510000,0,,,,,,,,,23,0
RAM,1500,2019,FUEL/PROPULSION SYSTEM,2022-06-09,22V406000,1,2021-12-16,175,0.02731,3.0,1.3,1.0,0.0,0.0,134,0
BMW,X3,2017,ELECTRICAL SYSTEM,2024-08-08,24V608000,0,,,,,,,,,146,0
BMW,X3,2018,AIR BAGS,2021-07-08,21V521000,0,,,,,,,,,100,0
FORD,F-150,2018,SERVICE BRAKES,2022-03-10,22V150000,1,2021-10-28,133,0.024426,1.0,1.444444,1.0,0.0,0.0,386,0
FORD,F-150,2018,SERVICE BRAKES,2025-04-10,25V236000,1,2024-10-17,175,0.026311,5.0,1.444444,0.0,0.0,0.2,473,0
CHEVROLET,SILVERADO 3500,2019,FUEL/PROPULSION SYSTEM,2023-02-02,23V047000,0,,,,,,,,,315,0
FORD,TRANSIT CONNECT,2017,POWER TRAIN,2022-06-09,22V413000,0,,,,,,,,,428,0
TESLA,MODEL 3,2018,BACK OVER PREVENTION,2021-12-16,21V00D000,1,2021-06-24,175,0.020512,1.0,2.166667,0.0,0.0,0.0,90,0
TESLA,MODEL 3,2018,BACK OVER PREVENTION,2022-03-17,22V169000,1,2022-02-24,21,0.020954,1.0,2.166667,1.0,0.0,0.0,101,0
ACURA,ILX,2018,FUEL/PROPULSION SYSTEM,2023-12-14,23V858000,0,,,,,,,,,69,0
MERCEDES-BENZ,GLA 250,2018,ELECTRICAL SYSTEM,2022-05-19,22V365000,0,,,,,,,,,142,0
AUDI,A8,2013,ENGINE,2022-03-17,22V178000,1,2021-09-23,175,0.019959,1.0,0.722222,0.0,0.0,1.0,56,0
CHRYSLER,300,2018,AIR BAGS,2024-03-14,24V198000,1,2023-09-21,175,0.014662,1.0,2.166667,0.0,0.0,1.0,78,0
FORD,F-250 SD,2018,STRUCTURE,2022-02-10,22V087000,0,,,,,,,,,376,0
BMW,X5,2017,FUEL/PROPULSION SYSTEM,2021-07-29,21V586000,0,,,,,,,,,99,0
BMW,X5,2017,FUEL/PROPULSION SYSTEM,2021-11-18,21V907000,1,2021-08-12,98,0.020954,1.0,2.166667,1.0,0.0,0.0,105,0
HONDA,PILOT,2018,ENGINE,2023-11-09,23V751000,1,2023-05-18,175,0.034066,5.0,0.318627,1.0,0.0,0.2,354,0
MERCEDES-BENZ,GLA 250,2018,STRUCTURE,2023-12-14,23V854000,0,,,,,,,,,163,0
BMW,428I,2015,AIR BAGS,2024-04-18,24V288000,0,,,,,,,,,130,0
BMW,428I,2015,AIR BAGS,2024-07-11,24V527000,0,,,,,,,,,118,0
HYUNDAI,IONIQ ELECTRIC,2017,ELECTRICAL SYSTEM,2021-12-02,21V944000,0,,,,,,,,,180,0
LINCOLN,MKC,2017,ENGINE,2023-05-25,23V378000,1,2022-12-08,168,0.01748,1.0,1.444444,1.0,0.0,1.0,58,0
LAND ROVER,RANGE ROVER SPORT,2011,FUEL/PROPULSION SYSTEM,2021-08-12,21V635000,1,2021-02-18,175,0.023913,1.0,1.444444,0.0,0.0,0.0,17,0
MERCEDES-BENZ,METRIS,2017,FUEL/PROPULSION SYSTEM,2022-03-03,22V134000,0,,,,,,,,,146,0
KIA,SEDONA,2015,EXTERIOR LIGHTING,2021-09-16,21V725000,1,2021-03-25,175,0.020512,1.0,2.166667,0.0,0.0,0.0,187,0
MITSUBISHI,OUTLANDER,2018,STRUCTURE,2025-08-07,25V507000,0,,,,,,,,,29,0
ACURA,MDX,2018,FUEL/PROPULSION SYSTEM,2023-12-14,23V858000,1,2023-06-22,175,0.015275,2.0,2.166667,0.0,0.0,1.0,68,0
VOLKSWAGEN,JETTA,2019,ELECTRICAL SYSTEM,2023-08-24,23V604000,1,2023-03-02,175,0.029315,1.0,0.481481,0.0,0.0,0.0,129,0
VOLKSWAGEN,JETTA,2019,ELECTRICAL SYSTEM,2023-08-31,23V619000,1,2023-03-09,175,0.029315,1.0,0.481481,0.0,0.0,0.0,129,0
BMW,335D,2009,AIR BAGS,2024-06-27,24V513000,0,,,,,,,,,44,0
FORD,F-250 SD,2018,POWER TRAIN,2022-02-10,22V087000,0,,,,,,,,,376,0
FORD,F-250 SD,2018,POWER TRAIN,2022-11-24,22V880000,0,,,,,,,,,447,0
HONDA,CR-V,2019,FUEL/PROPULSION SYSTEM,2023-12-14,23V858000,1,2023-06-22,175,0.020549,6.0,2.166667,1.0,0.0,0.666667,353,0
CHEVROLET,SILVERADO 2500,2016,AIR BAGS,2021-07-01,21V504000,0,,,,,,,,,425,0
KIA,STINGER,2018,ENGINE,2024-02-29,24V169000,1,2023-09-07,175,0.020512,1.0,2.166667,0.0,0.0,0.0,238,0
AUDI,S7,2016,ENGINE,2022-03-17,22V178000,1,2021-09-23,175,0.027863,1.0,0.722222,0.0,0.0,0.0,113,0
RAM,1500,2019,ELECTRONIC STABILITY CONTROL (ESC),2024-09-05,24V653000,0,,,,,,,,,123,0
LINCOLN,MKC,2016,ENGINE,2023-05-25,23V378000,1,2022-12-01,175,0.020512,1.0,2.166667,0.0,0.0,0.0,63,0
NISSAN,LEAF,2018,VISIBILITY,2023-02-02,23V048000,0,,,,,,,,,250,0
HONDA,HR-V,2019,FUEL/PROPULSION SYSTEM,2023-12-14,23V858000,1,2023-09-21,84,0.01748,1.0,1.444444,1.0,0.0,1.0,353,0
HONDA,PILOT,2019,ENGINE,2023-11-09,23V751000,1,2023-05-18,175,0.034989,7.0,0.315972,-1.0,0.142857,0.428571,366,0
BMW,323I,2010,AIR BAGS,2024-06-27,24V513000,0,,,,,,,,,73,0
TESLA,MODEL 3,2018,SEAT BELTS,2022-01-27,22V045000,1,2021-08-05,175,0.01498,1.0,2.166667,1.0,0.0,1.0,91,0
TESLA,MODEL 3,2018,SEAT BELTS,2022-10-20,22V798000,1,2022-04-28,175,0.020512,1.0,2.166667,0.0,0.0,0.0,105,0
TESLA,MODEL 3,2018,SEAT BELTS,2024-05-23,24V376000,1,2023-11-30,175,0.03128,6.0,1.130435,0.0,0.0,0.0,99,0
MERCEDES-BENZ,AMG GLC43,2019,ELECTRICAL SYSTEM,2022-05-19,22V365000,0,,,,,,,,,152,0
FORD,F-150,2018,LATCHES/LOCKS/LINKAGES,2021-12-16,21V983000,1,2021-06-24,175,0.020512,1.0,2.166667,0.0,0.0,0.0,358,0
HONDA,ODYSSEY,2019,FUEL/PROPULSION SYSTEM,2023-12-14,23V858000,1,2023-06-22,175,0.022813,3.0,1.625,1.0,0.0,0.333333,353,0
FREIGHTLINER,CASCADIA,2019,FORWARD COLLISION AVOIDANCE,2022-10-27,22V817000,1,2022-05-05,175,0.009596,2.0,4.333333,0.0,0.0,1.0,9,0
SUBARU,ASCENT,2019,POWER TRAIN,2021-12-09,21V955000,1,2021-06-17,175,0.02146,1.0,0.481481,1.0,0.0,1.0,193,0
NISSAN,ROGUE,2019,ELECTRICAL SYSTEM,2023-02-16,23V093000,1,2022-08-25,175,0.023913,1.0,1.444444,0.0,0.0,0.0,238,0
NISSAN,ROGUE,2019,ENGINE,2021-10-21,21V839000,0,,,,,,,,,237,0
SUBARU,LEGACY,2018,FUEL/PROPULSION SYSTEM,2021-07-29,21V587000,0,,,,,,,,,199,0
FORD,F-250 SD,2019,STRUCTURE,2022-02-10,22V087000,0,,,,,,,,,353,0
MERCEDES BENZ,C320,2005,VISIBILITY,2022-12-22,22V954000,0,,,,,,,,,46,0
MERCEDES BENZ,C320,2005,VISIBILITY,2024-11-14,24V874000,0,,,,,,,,,28,0
AUDI,A8,2014,ENGINE,2022-03-17,22V178000,1,2021-11-04,133,0.01748,1.0,1.444444,1.0,0.0,1.0,76,0
KIA,SPORTAGE,2016,SERVICE BRAKES,2022-01-27,22V051000,0,,,,,,,,,175,0
HONDA,PILOT,2019,STRUCTURE,2021-11-25,21V932000,0,,,,,,,,,305,0
FORD,EXPEDITION,2016,ELECTRICAL SYSTEM,2022-08-25,22V648000,1,2022-03-03,175,0.012911,1.0,4.333333,0.0,0.0,0.0,494,0
SUBARU,ASCENT,2019,ELECTRICAL SYSTEM,2022-12-08,22V907000,1,2022-06-16,175,0.032264,6.0,1.083333,1.0,0.0,0.0,170,0
AUDI,A7,2019,ELECTRICAL SYSTEM,2022-03-10,22V155000,0,,,,,,,,,80,0
AUDI,A7,2019,ELECTRICAL SYSTEM,2022-11-17,22V861000,1,2022-09-08,70,0.013191,1.0,4.333333,1.0,0.0,0.0,101,0
MERCEDES-BENZ,GL450,2010,SERVICE BRAKES,2022-05-05,22V315000,0,,,,,,,,,48,0
MERCEDES-BENZ,GL450,2010,SERVICE BRAKES,2024-04-25,24V298000,0,,,,,,,,,52,0
BMW,528I,2015,ENGINE,2024-08-08,24V608000,1,2024-05-09,91,0.013191,1.0,4.333333,1.0,0.0,0.0,113,0
HONDA,ACCORD HYBRID,2018,FUEL/PROPULSION SYSTEM,2023-12-14,23V858000,1,2023-06-22,175,0.012911,1.0,4.333333,0.0,0.0,0.0,340,0
HYUNDAI,TUCSON,2012,SERVICE BRAKES,2023-09-21,23V651000,0,,,,,,,,,170,0
TESLA,MODEL 3,2018,TIRES,2024-12-12,24V935000,0,,,,,,,,,89,0
TOYOTA,TUNDRA,2019,ELECTRICAL SYSTEM,2021-09-02,21V688000,0,,,,,,,,,289,0
MERCEDES-BENZ,C 300,2019,EXTERIOR LIGHTING,2021-07-01,21V509000,0,,,,,,,,,171,0
KIA,SEDONA,2017,EXTERIOR LIGHTING,2021-09-16,21V725000,1,2021-03-25,175,0.021365,2.0,2.166667,0.0,0.0,0.0,181,0
CHEVROLET,SILVERADO 2500,2018,FUEL/PROPULSION SYSTEM,2023-02-02,23V047000,0,,,,,,,,,343,0
FORD,F-350 SD,2017,POWER TRAIN,2022-02-10,22V087000,0,,,,,,,,,426,0
FORD,F-350 SD,2017,POWER TRAIN,2022-11-24,22V880000,0,,,,,,,,,478,0
MERCEDES-BENZ,R350,2006,SERVICE BRAKES,2022-05-05,22V315000,0,,,,,,,,,5,0
MERCEDES-BENZ,R350,2006,SERVICE BRAKES,2024-04-25,24V298000,0,,,,,,,,,9,0
MERCEDES BENZ,GL450,2009,SERVICE BRAKES,2022-05-05,22V315000,0,,,,,,,,,33,0
MERCEDES BENZ,GL450,2009,SERVICE BRAKES,2024-04-25,24V298000,0,,,,,,,,,26,0
CHEVROLET,SILVERADO 2500,2019,FUEL/PROPULSION SYSTEM,2023-02-02,23V047000,0,,,,,,,,,315,0
CHRYSLER,PACIFICA PLUG-IN HYBRID,2019,FUEL/PROPULSION SYSTEM,2024-07-18,24V538000,1,2024-04-25,84,0.009409,1.0,4.333333,1.0,0.0,1.0,65,0
DODGE,JOURNEY,2018,EXTERIOR LIGHTING,2022-09-29,22V723000,1,2022-07-21,70,0.009409,1.0,4.333333,1.0,0.0,1.0,114,0
BMW,X3,2019,STRUCTURE,2024-07-11,24V534000,0,,,,,,,,,151,0
BMW,X3,2019,STRUCTURE,2024-10-10,24V764000,1,2024-08-08,63,0.013191,1.0,4.333333,1.0,0.0,0.0,163,0
ACURA,MDX,2019,ENGINE,2023-11-09,23V751000,1,2023-05-18,175,0.027881,1.0,0.619048,-1.0,0.0,0.0,72,0
MERCEDES-BENZ,AMG CLS53,2019,ELECTRICAL SYSTEM,2022-05-19,22V365000,0,,,,,,,,,152,0
MERCEDES-BENZ,AMG CLS53,2019,ELECTRICAL SYSTEM,2022-07-21,22V533000,0,,,,,,,,,167,0
MERCEDES-BENZ,AMG CLS53,2019,ELECTRICAL SYSTEM,2022-09-29,22V733000,0,,,,,,,,,177,0
MERCEDES-BENZ,AMG CLS53,2019,ELECTRICAL SYSTEM,2024-06-13,24V445000,0,,,,,,,,,179,0
HONDA,INSIGHT,2019,SEAT BELTS,2023-03-09,23V158000,0,,,,,,,,,315,0
PORSCHE,CAYENNE S,2006,EXTERIOR LIGHTING,2022-08-25,22V656000,0,,,,,,,,,0,0
KIA,SEDONA,2018,AIR BAGS,2022-01-20,22V031000,0,,,,,,,,,140,0
VOLKSWAGEN,TIGUAN,2019,STRUCTURE,2022-03-31,22V226000,0,,,,,,,,,117,0
KIA,TELLURIDE,2020,SEATS,2024-05-30,24V407000,1,2024-05-30,0,0.014805,1.0,4.333333,1.0,1.0,1.0,226,0
FORD,EXPEDITION,2017,VISIBILITY,2022-08-25,22V648000,0,,,,,,,,,474,0
NISSAN,LEAF,2019,VISIBILITY,2023-02-02,23V048000,1,2022-08-11,175,0.012911,1.0,4.333333,0.0,0.0,0.0,236,0
CADILLAC,ATS,2017,STEERING,2025-03-20,25V175000,1,2025-03-06,14,0.009409,1.0,4.333333,1.0,0.0,1.0,61,0
PETERBILT,579,2018,ELECTRICAL SYSTEM,2021-12-23,21V00N000,0,,,,,,,,,3,0
BMW,X5,2019,ELECTRICAL SYSTEM,2021-07-08,21V520000,1,2021-03-11,119,0.01498,1.0,2.166667,1.0,0.0,1.0,99,0
BMW,X5,2019,ELECTRICAL SYSTEM,2024-08-01,24V576000,1,2024-02-08,175,0.02814,2.0,0.866667,0.0,0.0,0.0,159,0
BMW,X5,2019,ELECTRICAL SYSTEM,2025-09-25,25V644000,1,2025-04-03,175,0.026571,5.0,1.083333,0.0,0.0,0.4,179,0
VOLKSWAGEN,GOLF,2018,FUEL/PROPULSION SYSTEM,2024-02-08,24V110000,1,2023-08-17,175,0.011363,2.0,4.333333,0.0,0.0,0.5,147,0
AUDI,A8,2015,ENGINE,2022-03-17,22V178000,1,2021-09-23,175,0.020741,1.0,0.541667,0.0,0.0,1.0,91,0
AUDI,A6,2019,ELECTRICAL SYSTEM,2022-03-10,22V155000,1,2021-09-16,175,0.014492,1.0,4.333333,0.0,1.0,1.0,79,0
AUDI,A6,2019,ELECTRICAL SYSTEM,2022-11-17,22V861000,1,2022-06-30,140,0.027603,1.0,0.866667,1.0,0.0,0.0,101,0
JEEP,WRANGLER,2019,POWER TRAIN,2023-02-23,23V116000,1,2022-09-01,175,0.027025,1.0,0.866667,0.0,0.0,0.0,200,0
HONDA,RIDGELINE,2019,STRUCTURE,2021-11-25,21V932000,1,2021-10-14,42,0.013191,1.0,4.333333,1.0,0.0,0.0,304,0
AUDI,A6,2019,SERVICE BRAKES,2023-08-24,23V601000,1,2023-04-20,126,0.009409,1.0,4.333333,1.0,0.0,1.0,138,0
LAND ROVER,DISCOVERY,2018,ELECTRICAL SYSTEM,2023-06-01,23V393000,0,,,,,,,,,36,0
LAND ROVER,RANGE ROVER SPORT,2012,FUEL/PROPULSION SYSTEM,2021-08-12,21V635000,0,,,,,,,,,18,0
MERCEDES-BENZ,SPRINTER 2500,2019,POWER TRAIN,2022-10-20,22V796000,1,2022-04-28,175,0.040239,1.0,1.083333,0.0,1.0,0.0,184,0
TESLA,MODEL S,2019,STEERING,2022-01-27,22V037000,0,,,,,,,,,103,0
TESLA,MODEL S,2019,STEERING,2022-10-27,22V818000,1,2022-10-06,21,0.009409,1.0,4.333333,1.0,0.0,1.0,119,0
TESLA,MODEL S,2019,STEERING,2023-02-09,23V085000,1,2022-10-06,126,0.009409,1.0,4.333333,1.0,0.0,1.0,117,0
HONDA,RIDGELINE,2019,FUEL/PROPULSION SYSTEM,2023-12-14,23V858000,1,2023-08-03,133,0.026367,1.0,1.083333,1.0,0.0,0.0,353,0
VOLKSWAGEN,ATLAS,2019,AIR BAGS,2022-03-24,22V152000,1,2022-01-27,56,0.009409,1.0,4.333333,1.0,0.0,1.0,117,0
VOLKSWAGEN,ATLAS,2019,AIR BAGS,2023-03-23,23V215000,1,2022-09-29,175,0.02468,4.0,1.083333,0.0,0.0,0.5,117,0
VOLKSWAGEN,ATLAS,2019,AIR BAGS,2023-09-28,23V671000,1,2023-04-06,175,0.030215,5.0,1.203704,1.0,0.0,0.0,134,0
BMW,328D,2017,FUEL/PROPULSION SYSTEM,2021-07-29,21V586000,0,,,,,,,,,99,0
BMW,328D,2017,FUEL/PROPULSION SYSTEM,2021-11-18,21V907000,1,2021-09-30,49,0.013191,1.0,4.333333,1.0,0.0,0.0,105,0
CADILLAC,CTS,2017,STEERING,2025-03-20,25V175000,1,2025-02-27,21,0.014041,2.0,4.333333,2.0,0.0,0.0,61,0
ACURA,TLX,2017,FUEL/PROPULSION SYSTEM,2023-12-14,23V858000,1,2023-06-22,175,0.012911,1.0,4.333333,0.0,0.0,0.0,59,0
ACURA,TLX,2017,ENGINE,2023-11-09,23V751000,0,,,,,,,,,56,0
KIA,OPTIMA PHEV,2017,ENGINE,2021-10-28,21V844000,0,,,,,,,,,174,0
VOLKSWAGEN,GOLF,2019,FUEL/PROPULSION SYSTEM,2024-02-08,24V110000,0,,,,,,,,,141,0
FORD,ESCAPE,2019,POWER TRAIN,2022-06-09,22V413000,0,,,,,,,,,385,0
VOLKSWAGEN,GTI,2019,FUEL/PROPULSION SYSTEM,2024-02-08,24V110000,0,,,,,,,,,141,0
JEEP,WRANGLER,2019,ELECTRICAL SYSTEM,2024-09-05,24V652000,1,2024-03-14,175,0.030645,1.0,0.270833,0.0,0.0,0.0,202,0
CHEVROLET,SILVERADO 1500,2018,AIR BAGS,2024-10-10,24V756000,0,,,,,,,,,362,0
CHEVROLET,SILVERADO 1500,2018,AIR BAGS,2025-06-26,25V432000,1,2025-01-23,154,0.013191,1.0,4.333333,1.0,0.0,0.0,360,0
FERRARI,458 ITALIA,2010,SERVICE BRAKES,2021-10-21,21V833000,0,,,,,,,,,0,0
HONDA,PASSPORT,2019,FUEL/PROPULSION SYSTEM,2023-12-14,23V858000,1,2023-06-22,175,0.027025,1.0,0.866667,0.0,0.0,0.0,353,0
VOLKSWAGEN,GTI,2019,ELECTRICAL SYSTEM,2023-08-24,23V604000,0,,,,,,,,,130,0
PIRELLI,CINTURATO P7,9999,TIRES,2025-01-16,25T001000,0,,,,,,,,,9,0
WINNEBAGO,VISTA,2019,STRUCTURE,2024-10-31,24V826000,0,,,,,,,,,12,0
AUDI,S7,2014,ENGINE,2022-03-17,22V178000,1,2021-09-23,175,0.018481,1.0,1.083333,0.0,0.0,1.0,76,0
VOLKSWAGEN,JETTA,2019,FUEL/PROPULSION SYSTEM,2024-02-08,24V110000,1,2023-10-26,105,0.020954,1.0,2.166667,1.0,0.0,0.0,140,0
BMW,X7,2019,ELECTRICAL SYSTEM,2024-08-01,24V576000,1,2024-02-15,168,0.01498,1.0,2.166667,1.0,0.0,1.0,159,0
BMW,X7,2019,ELECTRICAL SYSTEM,2025-09-25,25V644000,1,2025-04-03,175,0.022019,5.0,1.969697,0.0,0.0,0.4,179,0
BMW,X7,2019,SEATS,2022-09-01,22V670000,1,2022-07-21,42,0.013191,1.0,4.333333,1.0,0.0,0.0,76,0
FORD,FUSION,2016,BACK OVER PREVENTION,2025-10-09,25V695000,1,2025-05-29,133,0.013191,1.0,4.333333,1.0,0.0,0.0,469,0
PETERBILT,579,2018,STEERING,2022-04-21,22V277000,0,,,,,,,,,1,0
ACURA,TLX,2019,ENGINE,2023-11-09,23V751000,1,2023-05-18,175,0.01711,1.0,1.444444,0.0,0.0,1.0,72,0
WINNEBAGO,FORZA,2019,STRUCTURE,2024-10-31,24V826000,0,,,,,,,,,12,0
URAL,GEAR-UP,2015,WHEELS,2022-06-16,22V431000,0,,,,,,,,,2,0
ACURA,RDX,2019,FUEL/PROPULSION SYSTEM,2023-12-14,23V858000,1,2023-07-06,161,0.019771,1.0,0.866667,1.0,0.0,1.0,76,0
JEEP,GRAND CHEROKEE,2019,SERVICE BRAKES,2022-06-09,22V426000,0,,,,,,,,,166,0
JEEP,GRAND CHEROKEE,2019,SERVICE BRAKES,2024-11-07,24V838000,1,2024-05-16,175,0.029154,2.0,1.238095,0.0,1.0,1.0,202,0
SUBARU,ASCENT,2019,FUEL/PROPULSION SYSTEM,2021-07-29,21V587000,1,2021-02-25,154,0.026367,1.0,1.083333,1.0,0.0,0.0,200,0
HONDA,CR-V,2019,SEAT BELTS,2023-03-09,23V158000,1,2022-09-15,175,0.009208,1.0,4.333333,0.0,0.0,1.0,314,0
WABASH NATIONAL,VAN,2013,STRUCTURE,2023-09-14,23V646000,0,,,,,,,,,0,0
HONDA,GL1800,2018,ENGINE,2024-10-31,24V820000,1,2024-06-27,126,0.013191,1.0,4.333333,1.0,0.0,0.0,358,0
HONDA,ODYSSEY,2019,SEAT BELTS,2023-03-09,23V158000,1,2023-01-05,63,0.013191,1.0,4.333333,1.0,0.0,0.0,314,0
CHRYSLER,PACIFICA,2019,ELECTRICAL SYSTEM,2023-01-12,23V010000,1,2022-07-21,175,0.027863,1.0,0.722222,0.0,0.0,0.0,75,0
CHEVROLET,SILVERADO 3500,2017,FUEL/PROPULSION SYSTEM,2023-02-02,23V047000,0,,,,,,,,,344,0
HONDA,CIVIC,2019,FUEL/PROPULSION SYSTEM,2023-12-14,23V858000,1,2023-06-22,175,0.027603,1.0,0.866667,1.0,0.0,0.0,353,0
RAM,3500,2017,AIR BAGS,2025-01-16,25V010000,0,,,,,,,,,131,0
CHEVROLET,BOLT EV,2017,SEAT BELTS,2022-12-15,22V930000,0,,,,,,,,,340,0
CHEVROLET,BOLT EV,2017,SEAT BELTS,2023-12-14,23V845000,1,2023-06-22,175,0.020512,1.0,2.166667,0.0,0.0,0.0,401,0
GMC,ACADIA,2016,AIR BAGS,2023-05-04,23V334000,0,,,,,,,,,166,0
JEEP,GRAND CHEROKEE,2019,ENGINE,2023-06-08,23V411000,1,2022-12-15,175,0.019354,1.0,0.866667,0.0,0.0,1.0,198,0
AUDI,S6,2016,ENGINE,2022-03-17,22V178000,1,2021-12-09,98,0.020841,1.0,0.619048,1.0,0.0,1.0,113,0
RAM,1500,2018,AIR BAGS,2021-08-12,21V632000,1,2021-02-18,175,0.026805,1.0,1.444444,0.0,1.0,1.0,127,0
RAM,1500,2018,AIR BAGS,2025-01-16,25V010000,1,2024-09-05,133,0.020954,1.0,2.166667,1.0,0.0,0.0,142,0
RAM,1500,2018,AIR BAGS,2025-09-11,25V592000,1,2025-06-26,77,0.01498,1.0,2.166667,1.0,0.0,1.0,142,0
CHICCO,MYFIT,9999,CHILD SEAT,2025-04-03,25C005000,0,,,,,,,,,9,0
ALFA ROMEO,STELVIO,2019,SERVICE BRAKES,2023-05-25,23V382000,0,,,,,,,,,16,0
ALFA ROMEO,STELVIO,2019,SERVICE BRAKES,2024-12-19,24V943000,0,,,,,,,,,30,0
HONDA,CLARITY PLUG-IN HYBRID,2019,FUEL/PROPULSION SYSTEM,2023-12-14,23V858000,0,,,,,,,,,354,0
AUDI,S7,2013,ENGINE,2022-03-17,22V178000,1,2021-09-23,175,0.018481,1.0,1.083333,0.0,0.0,1.0,56,0
FORD,ECOSPORT,2019,ENGINE,2023-12-21,23V905000,1,2023-06-29,175,0.02762,3.0,0.722222,1.0,0.0,0.333333,485,0
FOREST RIVER,WILDWOOD,2019,ELECTRICAL SYSTEM,2025-10-09,25V682000,0,,,,,,,,,9,0
FREIGHTLINER,CASCADIA,2017,FORWARD COLLISION AVOIDANCE,2022-10-27,22V817000,0,,,,,,,,,3,0
HYUNDAI,VELOSTER,2015,SERVICE BRAKES,2023-09-21,23V651000,0,,,,,,,,,211,0
COOPER,EVOLUTION H/T,9999,TIRES,2021-08-26,21T014000,1,2021-04-22,126,0.020711,1.0,4.333333,1.0,1.0,0.0,12,0
FORD,MUSTANG,2015,BACK OVER PREVENTION,2022-02-10,22V082000,1,2021-08-19,175,0.012911,1.0,4.333333,0.0,0.0,0.0,428,0
FORD,MUSTANG,2015,BACK OVER PREVENTION,2025-08-28,25V572000,1,2025-07-03,56,0.022293,2.0,2.166667,2.0,0.0,0.0,471,0
ACURA,TLX,2018,FUEL/PROPULSION SYSTEM,2023-12-14,23V858000,0,,,,,,,,,69,0
MERCEDES-BENZ,ML350,2013,FUEL/PROPULSION SYSTEM,2022-12-22,22V955000,1,2022-06-30,175,0.009208,1.0,4.333333,0.0,0.0,1.0,121,0
DODGE,DURANGO,2018,SERVICE BRAKES,2022-06-09,22V426000,0,,,,,,,,,106,0
DODGE,DURANGO,2018,SERVICE BRAKES,2024-11-07,24V838000,1,2024-05-16,175,0.016758,2.0,1.733333,0.0,0.0,1.0,128,0
TOYOTA,CAMRY,2019,SERVICE BRAKES,2021-11-11,21V890000,1,2021-05-20,175,0.026016,2.0,1.238095,0.0,0.0,0.0,263,0
AUDI,RS 7,2016,ENGINE,2022-03-17,22V178000,1,2021-09-23,175,0.012911,1.0,4.333333,0.0,0.0,0.0,113,0
AUDI,S8,2014,ENGINE,2022-03-17,22V178000,0,,,,,,,,,77,0
AUDI,RS 7,2014,ENGINE,2022-03-17,22V178000,0,,,,,,,,,77,0
AUDI,S6,2017,ENGINE,2022-03-17,22V178000,0,,,,,,,,,119,0
CHEVROLET,SILVERADO 2500,2018,AIR BAGS,2024-10-10,24V756000,1,2024-08-15,56,0.013191,1.0,4.333333,1.0,0.0,0.0,361,0
RAM,1500,2019,AIR BAGS,2021-08-12,21V632000,1,2021-02-18,175,0.028274,4.0,1.238095,0.0,0.75,1.0,121,0
RAM,1500,2019,AIR BAGS,2025-01-16,25V010000,1,2024-07-25,175,0.02808,5.0,1.666667,0.0,0.4,0.4,125,0
RAM,1500,2019,AIR BAGS,2025-05-08,25V298000,1,2024-11-14,175,0.026584,2.0,0.619048,0.0,0.5,1.0,134,0
RAM,1500,2019,AIR BAGS,2025-11-27,25V824000,1,2025-06-05,175,0.029011,2.0,0.722222,0.0,0.0,0.0,132,0
VOLKSWAGEN,GOLF,2019,ELECTRICAL SYSTEM,2023-08-24,23V604000,1,2023-03-02,175,0.012911,1.0,4.333333,0.0,0.0,0.0,129,0
HYUNDAI,SANTA FE SPORT,2018,SERVICE BRAKES,2022-02-03,22V056000,0,,,,,,,,,164,0
HYUNDAI,SANTA FE SPORT,2018,SERVICE BRAKES,2022-10-27,22V810000,1,2022-05-05,175,0.020635,11.0,3.666667,-1.0,0.0,0.181818,199,0
HONDA,PILOT,2015,FUEL/PROPULSION SYSTEM,2023-12-14,23V858000,0,,,,,,,,,162,0
KIA,OPTIMA PHEV,2018,ENGINE,2021-10-28,21V844000,1,2021-05-06,175,0.014352,1.0,2.166667,-1.0,0.0,1.0,164,0
HYUNDAI,VELOSTER,2014,SERVICE BRAKES,2023-09-21,23V651000,0,,,,,,,,,205,0
LAND ROVER,LR4,2010,FUEL/PROPULSION SYSTEM,2021-08-12,21V635000,0,,,,,,,,,15,0
HONDA,PASSPORT,2019,STRUCTURE,2021-11-25,21V932000,1,2021-06-24,154,0.013191,1.0,4.333333,1.0,0.0,0.0,304,0
MERCEDES-BENZ,S550,2016,STRUCTURE,2023-12-14,23V854000,0,,,,,,,,,159,0
KIA,NIRO,2018,POWER TRAIN,2023-07-27,23V534000,0,,,,,,,,,202,0
AUDI,S6,2014,ENGINE,2022-03-17,22V178000,1,2021-09-23,175,0.027025,1.0,0.866667,0.0,0.0,0.0,76,0
TOYOTA,86,2019,FUEL/PROPULSION SYSTEM,2021-07-29,21V587000,0,,,,,,,,,299,0
VOLKSWAGEN,GOLF R,2016,VISIBILITY,2022-11-03,22V831000,0,,,,,,,,,124,0
KIA,SOUL,2019,AIR BAGS,2022-01-20,22V031000,1,2022-01-06,14,0.014805,1.0,4.333333,1.0,1.0,1.0,128,0
BMW,X5,2016,ENGINE,2024-08-08,24V608000,1,2024-04-25,105,0.014041,2.0,4.333333,2.0,0.0,0.0,117,0
TOYOTA,COROLLA,2020,AIR BAGS,2023-12-14,23V865000,1,2023-11-02,42,0.020711,1.0,4.333333,1.0,1.0,0.0,276,0
FORD,TRANSIT CONNECT,2014,LATCHES/LOCKS/LINKAGES,2023-07-20,23V502000,1,2023-01-26,175,0.012911,1.0,4.333333,0.0,0.0,0.0,464,0
KENWORTH,T680,2019,SERVICE BRAKES,2024-02-22,24V145000,0,,,,,,,,,3,0
TESLA,MODEL 3,2019,VISIBILITY,2021-12-16,21V00D000,1,2021-11-25,21,0.013191,1.0,4.333333,1.0,0.0,0.0,104,0
TESLA,MODEL 3,2019,VISIBILITY,2022-09-15,22V702000,1,2022-03-24,175,0.022619,6.0,2.363636,-3.0,0.0,0.0,118,0
CHEVROLET,CORVETTE,2018,STEERING,2025-03-20,25V175000,0,,,,,,,,,361,0
DODGE,CHARGER,2019,AIR BAGS,2024-03-14,24V198000,0,,,,,,,,,94,0
GMC,SAVANA,2016,ELECTRICAL SYSTEM,2023-04-06,23V247000,0,,,,,,,,,173,0
TOYOTA,TUNDRA,2009,STEERING,2021-11-18,21V920000,0,,,,,,,,,149,0
TOYOTA,TUNDRA,2009,STEERING,2021-12-23,21E103000,0,,,,,,,,,147,0
LAND ROVER,RANGE ROVER,2017,SEAT BELTS,2022-03-31,22V219000,0,,,,,,,,,53,0
BMW,X3,2018,STRUCTURE,2024-07-11,24V534000,0,,,,,,,,,147,0
BMW,X3,2018,STRUCTURE,2024-10-10,24V764000,1,2024-09-19,21,0.013191,1.0,4.333333,1.0,0.0,0.0,156,0
MERCEDES-BENZ,GLE 450,2020,ELECTRICAL SYSTEM,2022-04-07,22V231000,1,2021-10-21,168,0.009409,1.0,4.333333,1.0,0.0,1.0,183,0
MERCEDES-BENZ,GLE 450,2020,ELECTRICAL SYSTEM,2022-05-19,22V365000,1,2021-11-25,175,0.009208,1.0,4.333333,0.0,0.0,1.0,179,0
MERCEDES-BENZ,GLE 450,2020,ELECTRICAL SYSTEM,2024-03-14,24V207000,1,2024-02-29,14,0.009409,1.0,4.333333,1.0,0.0,1.0,178,0
ACURA,TLX,2019,FUEL/PROPULSION SYSTEM,2023-12-14,23V858000,1,2023-11-23,21,0.013191,1.0,4.333333,1.0,0.0,0.0,76,0
FOREST RIVER,CARDINAL,2017,STRUCTURE,2021-07-08,21V523000,0,,,,,,,,,28,0
CHEVROLET,SILVERADO 3500,2018,FUEL/PROPULSION SYSTEM,2023-02-02,23V047000,0,,,,,,,,,343,0
MERCEDES-BENZ,E 300,2019,FUEL/PROPULSION SYSTEM,2021-12-09,21V961000,0,,,,,,,,,171,0
MERCEDES-BENZ,A 220,2019,ELECTRICAL SYSTEM,2022-05-19,22V365000,0,,,,,,,,,152,0
CHEVROLET,BOLT EV,2019,ELECTRICAL SYSTEM,2021-07-22,21V560000,1,2021-01-28,175,0.021008,1.0,0.481481,0.0,0.0,1.0,336,0
HONDA,ACCORD,2019,FUEL/PROPULSION SYSTEM,2023-12-14,23V858000,1,2023-07-13,154,0.028457,1.0,0.722222,1.0,0.0,0.0,353,0
INFINITI,QX4,2003,AIR BAGS,2022-08-04,22E066000,0,,,,,,,,,9,0
TESLA,MODEL X,2019,ELECTRICAL SYSTEM,2023-12-07,23V838000,1,2023-08-31,98,0.019771,1.0,0.866667,1.0,0.0,1.0,131,0
TESLA,MODEL X,2019,ELECTRICAL SYSTEM,2024-01-25,24V051000,1,2023-08-31,147,0.019771,1.0,0.866667,1.0,0.0,1.0,129,0
TESLA,MODEL 3,2019,STEERING,2022-01-27,22V037000,1,2021-08-05,175,0.027863,1.0,0.722222,0.0,0.0,0.0,102,0
TESLA,MODEL 3,2019,STEERING,2023-02-09,23V085000,1,2022-08-18,175,0.026366,2.0,1.444444,0.0,0.5,0.5,117,0
LINCOLN,NAVIGATOR,2015,ELECTRICAL SYSTEM,2022-08-25,22V648000,1,2022-03-31,147,0.013191,1.0,4.333333,1.0,0.0,0.0,54,0
LINCOLN,NAVIGATOR,2019,SEAT BELTS,2024-02-08,24V099000,1,2023-08-24,168,0.020711,1.0,4.333333,1.0,1.0,0.0,59,0
LINCOLN,NAVIGATOR,2019,SEAT BELTS,2025-05-22,25V197000,1,2025-04-17,35,0.024426,1.0,1.444444,1.0,0.0,0.0,74,0
LAND ROVER,RANGE ROVER SPORT,2016,SEAT BELTS,2022-03-31,22V219000,0,,,,,,,,,53,0
ACURA,TLX,2016,FUEL/PROPULSION SYSTEM,2023-12-14,23V858000,1,2023-11-30,14,0.023496,1.0,2.166667,1.0,1.0,1.0,57,0
TESLA,MODEL S,2019,ELECTRICAL SYSTEM,2023-12-07,23V838000,0,,,,,,,,,132,0
TESLA,MODEL S,2019,ELECTRICAL SYSTEM,2024-01-25,24V051000,0,,,,,,,,,130,0
TESLA,MODEL S,2019,ELECTRICAL SYSTEM,2024-02-22,24V153000,0,,,,,,,,,128,0
TOYOTA,TUNDRA,2019,EXTERIOR LIGHTING,2021-09-02,21V688000,0,,,,,,,,,289,0
GENESIS,G80,2018,ENGINE,2024-03-07,24V191000,1,2023-09-21,168,0.01748,1.0,1.444444,1.0,0.0,1.0,11,0
RAM,2500,2019,STRUCTURE,2022-12-08,22V904000,1,2022-10-06,63,0.013191,1.0,4.333333,1.0,0.0,0.0,144,0
KIA,STINGER,2019,ENGINE,2024-02-29,24V169000,1,2023-09-07,175,0.009208,1.0,4.333333,0.0,0.0,1.0,225,0
FORD,EXPLORER,2015,BACK OVER PREVENTION,2025-10-09,25V695000,1,2025-05-22,140,0.028457,1.0,0.722222,1.0,0.0,0.0,457,0
JAGUAR,I-PACE,2019,ELECTRICAL SYSTEM,2023-05-25,23V369000,1,2022-12-01,175,0.020293,3.0,2.6,0.0,0.0,0.0,10,0
JAGUAR,I-PACE,2019,ELECTRICAL SYSTEM,2023-10-19,23V709000,0,,,,,,,,,11,0
JAGUAR,I-PACE,2019,ELECTRICAL SYSTEM,2024-02-08,24V085000;24V086000,1,2023-11-30,70,0.013191,1.0,4.333333,1.0,0.0,0.0,15,0
JAGUAR,I-PACE,2019,ELECTRICAL SYSTEM,2024-03-07,24V183000,1,2023-11-30,98,0.013191,1.0,4.333333,1.0,0.0,0.0,16,0
JAGUAR,I-PACE,2019,ELECTRICAL SYSTEM,2024-08-22,24V633000,1,2024-02-29,175,0.020915,2.0,2.166667,-1.0,0.0,0.0,22,0
JAGUAR,I-PACE,2019,ELECTRICAL SYSTEM,2024-12-12,24V927000,1,2024-06-20,175,0.020672,5.0,2.166667,-1.0,0.0,0.4,29,0
FLEETWOOD,FLAIR,2019,STRUCTURE,2024-08-08,24V607000,0,,,,,,,,,1,0
RAM,2500,2019,SERVICE BRAKES,2022-03-10,22V140000,0,,,,,,,,,124,0
SUBARU,OUTBACK,2019,FUEL/PROPULSION SYSTEM,2021-07-29,21V587000,1,2021-02-04,175,0.028995,1.0,0.433333,-1.0,0.0,0.0,200,0
FORD,EDGE,2018,SERVICE BRAKES,2025-08-21,25V544000,1,2025-07-10,42,0.023496,1.0,2.166667,1.0,1.0,1.0,492,0
KIA,TELLURIDE,2020,POWER TRAIN,2024-03-14,24V214000,1,2023-11-16,119,0.01748,1.0,1.444444,1.0,0.0,1.0,227,0
TESLA,MODEL 3,2019,ELECTRICAL SYSTEM,2021-12-16,21V00D000,1,2021-07-22,147,0.028457,1.0,0.722222,1.0,0.0,0.0,104,0
TESLA,MODEL 3,2019,ELECTRICAL SYSTEM,2022-01-27,22V045000,1,2021-08-05,175,0.027863,1.0,0.722222,0.0,0.0,0.0,102,0
TESLA,MODEL 3,2019,ELECTRICAL SYSTEM,2022-02-03,22V063000,1,2021-08-12,175,0.027863,1.0,0.722222,0.0,0.0,0.0,108,0
TESLA,MODEL 3,2019,ELECTRICAL SYSTEM,2022-04-07,22V235000,1,2022-01-06,91,0.024426,1.0,1.444444,1.0,0.0,0.0,119,0
TESLA,MODEL 3,2019,ELECTRICAL SYSTEM,2022-04-14,22V263000,1,2022-01-06,98,0.024426,1.0,1.444444,1.0,0.0,0.0,119,0
TESLA,MODEL 3,2019,ELECTRICAL SYSTEM,2023-12-07,23V838000,1,2023-06-15,175,0.029908,2.0,0.577778,0.0,0.0,0.0,131,0
TESLA,MODEL 3,2019,ELECTRICAL SYSTEM,2024-01-25,24V051000,1,2023-08-03,175,0.030244,1.0,0.333333,0.0,0.0,0.0,129,0
TESLA,MODEL 3,2019,ELECTRICAL SYSTEM,2024-02-22,24V153000,1,2023-08-31,175,0.029284,2.0,0.577778,-1.0,0.0,0.0,127,0
GENESIS,G80,2017,ELECTRICAL SYSTEM,2024-02-08,24V107000,0,,,,,,,,,6,0
DRV,MOBILE SUITE,2019,SERVICE BRAKES,2021-09-23,21V733000,0,,,,,,,,,0,0
FIAT,500,2015,TIRES,2024-06-20,24V474000,0,,,,,,,,,16,0
LAND ROVER,LR4,2016,FUEL/PROPULSION SYSTEM,2021-08-12,21V635000,0,,,,,,,,,44,0
SUBARU,IMPREZA,2019,FUEL/PROPULSION SYSTEM,2021-07-29,21V587000,1,2021-03-18,133,0.013191,1.0,4.333333,1.0,0.0,0.0,200,0
LINCOLN,NAVIGATOR,2016,SERVICE BRAKES,2022-03-10,22V150000,0,,,,,,,,,46,0
KIA,TELLURIDE,2020,EXTERIOR LIGHTING,2024-02-22,24V148000,1,2023-08-31,175,0.040081,10.0,0.555556,0.0,0.0,0.1,218,0
BMW,328D,2018,FUEL/PROPULSION SYSTEM,2021-07-29,21V586000,0,,,,,,,,,96,0
BMW,328D,2018,FUEL/PROPULSION SYSTEM,2021-11-18,21V907000,1,2021-09-30,49,0.009409,1.0,4.333333,1.0,0.0,1.0,106,0
BMW,328D,2018,FUEL/PROPULSION SYSTEM,2025-10-09,25V700000,1,2025-06-26,105,0.01498,1.0,2.166667,1.0,0.0,1.0,163,0
CHRYSLER,PACIFICA,2019,FUEL/PROPULSION SYSTEM,2023-01-12,23V010000,0,,,,,,,,,76,0
INFINITI,Q70,2019,POWER TRAIN,2024-06-20,24V470000,1,2024-01-11,161,0.013191,1.0,4.333333,1.0,0.0,0.0,47,0
HYUNDAI,PALISADE,2020,VISIBILITY,2022-08-11,22V627000,1,2022-02-17,175,0.028453,3.0,0.481481,0.0,0.0,0.333333,210,0
MERCEDES-BENZ,C 300,2018,ELECTRICAL SYSTEM,2022-05-19,22V365000,1,2022-01-06,133,0.024426,1.0,1.444444,1.0,0.0,0.0,141,0
FORD,EXPLORER,2019,STRUCTURE,2024-01-18,24V031000,1,2023-07-27,175,0.021952,3.0,1.181818,0.0,0.0,0.666667,498,0
SUBARU,ASCENT,2020,FUEL/PROPULSION SYSTEM,2021-07-29,21V587000,1,2021-05-20,70,0.009409,1.0,4.333333,1.0,0.0,1.0,177,0
FORD,FUSION,2019,ELECTRICAL SYSTEM,2023-06-22,23V440000,1,2023-04-13,70,0.01498,1.0,2.166667,1.0,0.0,1.0,464,0
AUDI,A7,2019,SERVICE BRAKES,2023-08-24,23V601000,1,2023-03-02,175,0.009208,1.0,4.333333,0.0,0.0,1.0,138,0
NISSAN,ROGUE,2019,FUEL/PROPULSION SYSTEM,2021-10-21,21V839000,1,2021-06-03,140,0.013191,1.0,4.333333,1.0,0.0,0.0,236,0
JEEP,GLADIATOR,2020,POWER TRAIN,2023-02-23,23V116000,1,2022-09-01,175,0.030281,1.0,0.866667,0.0,1.0,1.0,194,0
FORD,F-450 SD,2019,EQUIPMENT,2023-06-08,23V420000,0,,,,,,,,,460,0
MERCEDES-BENZ,A 220,2019,STEERING,2021-12-16,21V990000,0,,,,,,,,,168,0
BMW,X5,2019,ENGINE,2024-08-01,24V576000,0,,,,,,,,,160,0
VOLKSWAGEN,GTI,2017,FUEL/PROPULSION SYSTEM,2024-02-08,24V110000,0,,,,,,,,,133,0
VOLKSWAGEN,BEETLE,2016,AIR BAGS,2022-12-15,22V945000,1,2022-10-06,70,0.014805,1.0,4.333333,1.0,1.0,1.0,128,0
JEEP,WRANGLER,2020,STRUCTURE,2023-03-23,23V191000,1,2022-09-29,175,0.012911,1.0,4.333333,0.0,0.0,0.0,202,0
TESLA,MODEL 3,2019,SEAT BELTS,2022-01-27,22V045000,0,,,,,,,,,103,0
TESLA,MODEL 3,2019,SEAT BELTS,2022-10-20,22V798000,1,2022-04-28,175,0.009208,1.0,4.333333,0.0,0.0,1.0,119,0
TESLA,MODEL 3,2019,SEAT BELTS,2024-05-23,24V376000,1,2023-11-30,175,0.022729,3.0,2.166667,1.0,0.0,0.0,122,0
PETERBILT,579,2019,STEERING,2022-04-21,22V277000,0,,,,,,,,,1,0
FORD,MUSTANG,2017,SEAT BELTS,2025-09-11,25V614000,1,2025-08-07,35,0.013191,1.0,4.333333,1.0,0.0,0.0,480,0
HONDA,FIT,2019,FUEL/PROPULSION SYSTEM,2023-12-14,23V858000,1,2023-06-22,175,0.028405,2.0,0.722222,-1.0,0.0,0.0,353,0
MERCEDES-BENZ,C 300,2019,ELECTRICAL SYSTEM,2022-05-19,22V365000,0,,,,,,,,,152,0
JEEP,WRANGLER,2020,ELECTRICAL SYSTEM,2024-09-05,24V652000,1,2024-03-14,175,0.026531,3.0,0.8125,0.0,0.0,0.333333,198,0
JEEP,WRANGLER,2020,ELECTRICAL SYSTEM,2025-10-30,25V741000,1,2025-05-08,175,0.03099,6.0,0.8125,-1.0,0.0,0.166667,233,0
KIA,NIRO,2019,POWER TRAIN,2023-07-27,23V534000,1,2023-02-02,175,0.027603,1.0,0.866667,1.0,0.0,0.0,196,0
SUBARU,ASCENT,2020,ELECTRICAL SYSTEM,2022-12-08,22V907000,1,2022-06-16,175,0.03098,4.0,0.693333,-1.0,0.0,0.0,178,0
VOLVO,XC90,2017,SEAT BELTS,2023-12-07,23V827000,0,,,,,,,,,33,0
FORD,TAURUS,2018,STRUCTURE,2025-09-11,25V611000,1,2025-09-11,0,0.013191,1.0,4.333333,1.0,0.0,0.0,495,0
FOREST RIVER,CHEROKEE,2020,STRUCTURE,2024-01-04,24V003000,1,2023-12-14,21,0.009409,1.0,4.333333,1.0,0.0,1.0,39,0
LINCOLN,MKC,2019,ENGINE,2023-05-25,23V378000,1,2022-12-01,175,0.02008,1.0,2.166667,-1.0,0.0,0.0,52,0
SUBARU,OUTBACK,2020,AIR BAGS,2024-03-21,24V227000,1,2023-11-23,119,0.013191,1.0,4.333333,1.0,0.0,0.0,174,0
DODGE,DART,2013,POWER TRAIN,2025-10-09,25V674000,1,2025-04-17,175,0.028995,1.0,0.433333,-1.0,0.0,0.0,117,0
TESLA,MODEL 3,2019,SUSPENSION,2021-10-21,21V835000,1,2021-04-29,175,0.021427,4.0,0.962963,0.0,0.0,1.0,109,0
TESLA,MODEL 3,2019,SUSPENSION,2023-03-30,23V235000,1,2022-10-06,175,0.022252,3.0,2.166667,0.0,0.0,0.0,122,0
KIA,SOUL EV,2017,POWER TRAIN,2023-10-26,23V724000,0,,,,,,,,,221,0
MITSUBISHI,OUTLANDER,2017,STRUCTURE,2025-08-07,25V507000,0,,,,,,,,,22,0
CHEVROLET,CITY EXPRESS,2015,FUEL/PROPULSION SYSTEM,2025-10-09,25V676000,0,,,,,,,,,302,0
TOYOTA,TUNDRA,2020,EXTERIOR LIGHTING,2021-09-02,21V688000,0,,,,,,,,,304,0
FORD,EXPLORER,2020,ELECTRICAL SYSTEM,2023-09-07,23V626000,1,2023-03-16,175,0.027068,4.0,1.333333,-1.0,0.0,0.0,535,0
FORD,TRANSIT CONNECT,2016,POWER TRAIN,2022-06-09,22V413000,1,2021-12-16,175,0.027025,1.0,0.866667,0.0,0.0,0.0,445,0
AUDI,Q5,2019,STRUCTURE,2021-12-02,21V947000,0,,,,,,,,,87,0
LAND ROVER,RANGE ROVER SPORT,2019,ENGINE,2023-02-02,23V044000,0,,,,,,,,,35,0
DODGE,DURANGO,2019,SERVICE BRAKES,2022-06-09,22V426000,0,,,,,,,,,89,0
DODGE,DURANGO,2019,SERVICE BRAKES,2024-11-07,24V838000,1,2024-08-22,77,0.026367,1.0,1.083333,1.0,0.0,0.0,111,0
LINCOLN,AVIATOR,2020,ELECTRICAL SYSTEM,2021-07-15,21V534000,1,2021-01-21,175,0.025815,1.0,1.083333,0.0,0.0,0.0,30,0
LINCOLN,AVIATOR,2020,ELECTRICAL SYSTEM,2023-09-07,23V626000,1,2023-03-16,175,0.020954,1.0,2.166667,1.0,0.0,0.0,68,0
LINCOLN,AVIATOR,2020,ELECTRICAL SYSTEM,2025-05-22,25V349000,1,2024-11-28,175,0.027025,1.0,0.866667,0.0,0.0,0.0,71,0
LINCOLN,AVIATOR,2020,SEATS,2025-06-12,25V393000,0,,,,,,,,,73,0
RAM,3500,2019,STRUCTURE,2022-12-08,22V904000,0,,,,,,,,,145,0
NISSAN,ROGUE SPORT,2019,ELECTRICAL SYSTEM,2023-02-16,23V093000,1,2022-11-03,105,0.013191,1.0,4.333333,1.0,0.0,0.0,238,0
NISSAN,ALTIMA,2019,ENGINE,2025-06-26,25V437000,1,2025-01-23,154,0.029562,1.0,0.541667,1.0,0.0,0.0,271,0
AUTOCAR,XPEDITOR,2019,FUEL/PROPULSION SYSTEM,2021-12-09,21V956000,0,,,,,,,,,0,0
MACK,ANTHEM (AN),2020,SERVICE BRAKES,2024-10-17,24V792000,0,,,,,,,,,0,0
TESLA,MODEL S,2018,STEERING,2022-01-27,22V037000,0,,,,,,,,,92,0
TESLA,MODEL S,2018,STEERING,2022-10-27,22V818000,0,,,,,,,,,105,0
TESLA,MODEL S,2018,STEERING,2023-02-09,23V085000,0,,,,,,,,,108,0
RAM,1500,2020,ELECTRICAL SYSTEM,2025-05-08,25V298000,1,2024-11-14,175,0.03152,3.0,0.52,0.0,0.0,0.0,114,0
MITSUBISHI,OUTLANDER,2019,STRUCTURE,2025-08-07,25V507000,0,,,,,,,,,35,0
TESLA,MODEL X,2018,SEAT BELTS,2024-05-23,24V376000,1,2023-11-30,175,0.020512,1.0,2.166667,0.0,0.0,0.0,99,0
LINCOLN,AVIATOR,2020,VISIBILITY,2021-07-15,21V534000,1,2021-02-04,161,0.020954,1.0,2.166667,1.0,0.0,0.0,30,0
HONDA,PILOT,2019,FUEL/PROPULSION SYSTEM,2023-12-14,23V858000,1,2023-06-22,175,0.028936,6.0,1.238095,0.0,0.0,0.166667,353,0
AUDI,S3,2016,AIR BAGS,2022-07-21,22V543000,0,,,,,,,,,107,0
SUBARU,IMPREZA,2019,EXTERIOR LIGHTING,2022-08-11,22V624000,1,2022-05-05,98,0.013191,1.0,4.333333,1.0,0.0,0.0,168,0
TOYOTA,TUNDRA,2015,STEERING,2021-11-18,21V920000,0,,,,,,,,,197,0
TOYOTA,TUNDRA,2015,STEERING,2021-12-23,21E103000,0,,,,,,,,,191,0
MITSUBISHI,OUTLANDER PHEV,2018,STRUCTURE,2025-08-07,25V507000,0,,,,,,,,,29,0
DODGE,JOURNEY,2019,BACK OVER PREVENTION,2025-08-21,25V552000,0,,,,,,,,,108,0
LAND ROVER,RANGE ROVER,2015,STEERING,2024-11-07,24V840000,1,2024-06-13,147,0.009409,1.0,4.333333,1.0,0.0,1.0,44,0
LAND ROVER,RANGE ROVER,2015,STEERING,2025-08-07,25V514000,1,2025-02-13,175,0.022652,12.0,3.25,1.0,0.0,0.416667,55,0
MERCEDES-BENZ,GLS450,2019,ELECTRICAL SYSTEM,2022-05-19,22V365000,0,,,,,,,,,152,0
DODGE,CHARGER,2018,AIR BAGS,2024-03-14,24V198000,1,2023-12-28,77,0.01498,1.0,2.166667,1.0,0.0,1.0,116,0
DODGE,JOURNEY,2017,EXTERIOR LIGHTING,2022-09-29,22V723000,1,2022-09-15,14,0.013191,1.0,4.333333,1.0,0.0,0.0,126,0
FORD,EXPLORER,2020,POWER TRAIN,2023-02-09,23V069000,1,2022-08-18,175,0.026209,6.0,1.444444,0.0,0.0,0.333333,510,0
FORD,EXPLORER,2020,POWER TRAIN,2023-03-23,23V199000,1,2022-09-29,175,0.027042,3.0,0.722222,0.0,0.0,0.333333,505,0
FORD,EXPLORER,2020,POWER TRAIN,2023-10-05,23V675000,1,2023-04-13,175,0.028323,11.0,1.643678,-2.0,0.0,0.454545,533,0
FORD,EXPLORER,2020,POWER TRAIN,2025-03-13,25V166000,1,2024-09-19,175,0.053823,20.0,0.9319,2.0,0.0,0.3,546,0
RAM,1500,2020,VISIBILITY,2024-10-10,24V754000,1,2024-04-18,175,0.029584,5.0,1.203704,0.0,0.0,0.0,115,0
TESLA,MODEL 3,2020,SUSPENSION,2021-10-21,21V835000,1,2021-04-29,175,0.022678,3.0,0.928571,-1.0,0.0,0.666667,120,0
FORD,MUSTANG,2019,POWER TRAIN,2022-05-26,22V382000,1,2021-12-23,154,0.01498,1.0,2.166667,1.0,0.0,1.0,376,0
AUDI,A3,2017,FUEL/PROPULSION SYSTEM,2024-02-08,24V110000,1,2023-12-14,56,0.011862,2.0,4.333333,2.0,0.0,0.5,109,0
BMW,X4,2017,ELECTRICAL SYSTEM,2024-08-08,24V608000,0,,,,,,,,,146,0
THOR MOTOR COACH,PALAZZO,2018,EQUIPMENT,2023-02-23,23V113000,0,,,,,,,,,8,0
FREIGHTLINER,CASCADIA,2018,EXTERIOR LIGHTING,2022-02-10,20V567000,1,2021-09-23,140,0.020954,1.0,2.166667,1.0,0.0,0.0,8,0
RAM,1500,2020,FUEL/PROPULSION SYSTEM,2022-10-13,22V767000,1,2022-04-21,175,0.012911,1.0,4.333333,0.0,0.0,0.0,130,0
HYUNDAI,AZERA,2015,SERVICE BRAKES,2023-09-21,23V651000,0,,,,,,,,,211,0
INTERNATIONAL,LT,2019,SERVICE BRAKES,2025-11-20,25V817000,0,,,,,,,,,3,0
TESLA,MODEL 3,2020,STEERING,2022-01-27,22V037000,1,2021-08-12,168,0.031588,2.0,0.787879,2.0,0.5,0.5,123,0
TESLA,MODEL 3,2020,STEERING,2023-02-09,23V085000,1,2022-10-27,105,0.024426,1.0,1.444444,1.0,0.0,0.0,131,0
NISSAN,ROGUE SPORT,2018,ELECTRICAL SYSTEM,2023-02-16,23V093000,1,2022-09-29,140,0.013191,1.0,4.333333,1.0,0.0,0.0,248,0
AUDI,A3,2016,FUEL/PROPULSION SYSTEM,2024-02-08,24V110000,1,2023-10-05,126,0.020954,1.0,2.166667,1.0,0.0,0.0,70,0
MERCEDES BENZ,C280,2007,VISIBILITY,2022-12-22,22V954000,1,2022-06-30,175,0.012911,1.0,4.333333,0.0,0.0,0.0,71,0
MERCEDES BENZ,C280,2007,VISIBILITY,2024-11-14,24V874000,0,,,,,,,,,41,0
JEEP,GRAND CHEROKEE,2020,ENGINE,2023-06-08,23V411000,1,2022-12-15,175,0.016758,2.0,1.733333,0.0,0.0,1.0,192,0
ACURA,RDX,2020,AIR BAGS,2024-02-01,24V064000,0,,,,,,,,,68,0
TESLA,MODEL 3,2020,ELECTRICAL SYSTEM,2021-12-16,21V00D000,1,2021-10-28,49,0.027378,1.0,1.444444,1.0,1.0,1.0,123,0
TESLA,MODEL 3,2020,ELECTRICAL SYSTEM,2022-01-27,22V045000,1,2021-10-28,91,0.027378,1.0,1.444444,1.0,1.0,1.0,123,0
TESLA,MODEL 3,2020,ELECTRICAL SYSTEM,2022-02-03,22V063000,1,2021-10-28,98,0.027378,1.0,1.444444,1.0,1.0,1.0,128,0
TESLA,MODEL 3,2020,ELECTRICAL SYSTEM,2022-04-07,22V235000,1,2021-10-28,161,0.027378,1.0,1.444444,1.0,1.0,1.0,134,0
TESLA,MODEL 3,2020,ELECTRICAL SYSTEM,2022-04-14,22V263000,1,2021-10-28,168,0.027378,1.0,1.444444,1.0,1.0,1.0,133,0
TESLA,MODEL 3,2020,ELECTRICAL SYSTEM,2023-12-07,23V838000,1,2023-06-15,175,0.027414,3.0,1.181818,0.0,0.0,0.0,144,0
TESLA,MODEL 3,2020,ELECTRICAL SYSTEM,2024-01-25,24V051000,1,2023-08-03,175,0.031361,2.0,0.722222,1.0,0.5,0.5,142,0
TESLA,MODEL 3,2020,ELECTRICAL SYSTEM,2024-02-22,24V153000,1,2023-08-31,175,0.030707,2.0,0.722222,0.0,0.5,0.5,140,0
HONDA,CIVIC,2020,SERVICE BRAKES,2023-06-29,23V458000,0,,,,,,,,,312,0
MERCEDES-BENZ,SPRINTER 1500,2019,POWER TRAIN,2022-10-20,22V796000,0,,,,,,,,,185,0
FORD,EXPLORER,2020,ENGINE,2024-08-08,24V598000,1,2024-02-15,175,0.029569,5.0,0.677083,1.0,0.0,0.4,555,0
MERCEDES-BENZ,GLE300D,2016,FUEL/PROPULSION SYSTEM,2022-12-22,22V955000,0,,,,,,,,,158,0
MERCEDES BENZ,E500,2006,VISIBILITY,2022-12-22,22V954000,0,,,,,,,,,58,0
MERCEDES BENZ,E500,2006,VISIBILITY,2024-11-14,24V874000,1,2024-10-17,28,0.013191,1.0,4.333333,1.0,0.0,0.0,38,0
KIA,NIRO PHEV,2019,POWER TRAIN,2023-07-27,23V534000,1,2023-02-02,175,0.023913,1.0,1.444444,0.0,0.0,0.0,196,0
WINNEBAGO,VISTA,2018,STRUCTURE,2024-10-31,24V826000,0,,,,,,,,,6,0
AUDI,SQ5,2019,STRUCTURE,2021-12-02,21V947000,0,,,,,,,,,87,0
AUDI,SQ5,2019,ELECTRICAL SYSTEM,2021-12-02,21V947000,0,,,,,,,,,87,0
FORD,ESCAPE,2020,ENGINE,2022-03-24,22V191000,0,,,,,,,,,367,0
FORD,ESCAPE,2020,ENGINE,2022-07-07,22V484000,1,2022-04-14,84,0.009409,1.0,4.333333,1.0,0.0,1.0,445,0
FORD,ESCAPE,2020,ENGINE,2023-05-25,23V380000,1,2022-12-15,161,0.016164,2.0,2.888889,2.0,0.0,0.5,494,0
FORD,ESCAPE,2020,ENGINE,2025-05-22,25V345000,1,2024-11-28,175,0.025028,6.0,1.3,-1.0,0.0,0.5,537,0
FORD,ESCAPE,2020,POWER TRAIN,2024-05-09,24V330000,1,2023-11-16,175,0.027837,8.0,1.083333,0.0,0.0,0.625,550,0
BMW,Z4,2019,ENGINE,2021-07-29,21V598000,0,,,,,,,,,101,0
FORD,ESCAPE,2020,SERVICE BRAKES,2025-10-09,25V693000,1,2025-04-17,175,0.030244,1.0,0.333333,0.0,0.0,0.0,563,0
FORD,ESCAPE,2020,ELECTRICAL SYSTEM,2022-05-12,22V331000,1,2021-11-18,175,0.021187,1.0,0.541667,1.0,0.0,1.0,388,0
FORD,ESCAPE,2020,ELECTRICAL SYSTEM,2024-12-19,24V954000,1,2024-06-27,175,0.030448,6.0,0.634146,-1.0,0.0,0.333333,547,0
MERCEDES-BENZ,GLA 250,2020,ELECTRICAL SYSTEM,2022-05-19,22V365000,0,,,,,,,,,180,0
NISSAN,ROGUE,2020,ELECTRICAL SYSTEM,2023-02-16,23V093000,1,2022-08-25,175,0.01711,1.0,1.444444,0.0,0.0,1.0,207,0
CHEVROLET,BOLT EV,2020,ELECTRICAL SYSTEM,2021-08-19,21V650000,1,2021-08-19,0,0.014805,1.0,4.333333,1.0,1.0,1.0,289,0
CHEVROLET,BOLT EV,2020,ELECTRICAL SYSTEM,2024-06-27,24V481000,1,2024-01-04,175,0.032782,3.0,0.433333,1.0,0.0,0.0,319,0
CHEVROLET,BOLT EV,2020,ELECTRICAL SYSTEM,2024-10-31,24V812000,1,2024-05-09,175,0.021458,3.0,0.764706,0.0,0.0,1.0,332,0
NISSAN,LEAF,2017,VISIBILITY,2023-04-20,23V296000,0,,,,,,,,,253,0
JEEP,WRANGLER,2020,POWER TRAIN,2023-02-23,23V116000,1,2022-09-01,175,0.023427,2.0,2.888889,1.0,0.5,0.0,194,0
HONDA,RIDGELINE,2019,ENGINE,2023-11-09,23V751000,1,2023-05-18,175,0.009208,1.0,4.333333,0.0,0.0,1.0,366,0
AUDI,TT,2016,AIR BAGS,2022-07-21,22V543000,0,,,,,,,,,107,0
GMC,SIERRA 1500,2020,POWER TRAIN,2024-10-24,24V797000,1,2024-05-02,175,0.018879,1.0,1.083333,1.0,0.0,1.0,159,0
RAM,3500,2019,SERVICE BRAKES,2022-03-10,22V140000,0,,,,,,,,,124,0
MERCEDES-BENZ,GLE 350,2018,ELECTRICAL SYSTEM,2022-05-19,22V365000,0,,,,,,,,,142,0
RAM,PROMASTER,2019,ENGINE,2025-10-23,25V720000,1,2025-05-01,175,0.020512,1.0,2.166667,0.0,0.0,0.0,125,0
FREIGHTLINER,CASCADIA,2020,STEERING,2021-09-02,21V689000,0,,,,,,,,,7,0
FREIGHTLINER,CASCADIA,2020,STEERING,2023-02-16,23V105000,1,2023-02-02,14,0.009409,1.0,4.333333,1.0,0.0,1.0,24,0
HONDA,ACCORD,2020,AIR BAGS,2024-02-01,24V064000,0,,,,,,,,,338,0
CHEVROLET,5500HD,2019,SERVICE BRAKES,2023-04-13,23V266000,0,,,,,,,,,331,0
FORD,EXPEDITION,2020,VISIBILITY,2022-04-14,22V250000,1,2022-01-20,84,0.013191,1.0,4.333333,1.0,0.0,0.0,363,0
TESLA,MODEL X,2019,STEERING,2022-01-27,22V037000,0,,,,,,,,,103,0
TESLA,MODEL X,2019,STEERING,2022-10-27,22V818000,0,,,,,,,,,120,0
TESLA,MODEL X,2019,STEERING,2023-02-09,23V085000,1,2023-01-05,35,0.013191,1.0,4.333333,1.0,0.0,0.0,117,0
FORD,ESCAPE,2020,STRUCTURE,2022-07-07,22V484000,1,2022-01-27,161,0.020841,1.0,0.619048,1.0,0.0,1.0,445,0
FORD,ESCAPE,2020,STRUCTURE,2025-11-27,25V829000,1,2025-06-05,175,0.034893,11.0,1.324074,-1.0,0.0,0.090909,536,0
VOLVO,S60,2001,AIR BAGS,2021-09-30,21V766000,0,,,,,,,,,8,0
BUICK,REGAL,2019,SERVICE BRAKES,2022-06-30,22V465000,0,,,,,,,,,41,0
MERCEDES-BENZ,E350,2007,VISIBILITY,2022-12-22,22V954000,0,,,,,,,,,20,0
MERCEDES-BENZ,E350,2007,VISIBILITY,2024-11-14,24V874000,0,,,,,,,,,10,0
MERCEDES BENZ,C240,2004,VISIBILITY,2022-12-22,22V954000,0,,,,,,,,,31,0
MERCEDES BENZ,C240,2004,VISIBILITY,2024-11-14,24V874000,0,,,,,,,,,22,0
MERCEDES-BENZ,E350,2009,VISIBILITY,2022-12-22,22V954000,0,,,,,,,,,45,0
MERCEDES-BENZ,E350,2009,VISIBILITY,2024-11-14,24V874000,0,,,,,,,,,23,0
CHEVROLET,SILVERADO 1500,2020,POWER TRAIN,2024-10-24,24V797000,1,2024-05-02,175,0.021224,1.0,0.433333,0.0,0.0,1.0,331,0
AUDI,A3,2016,AIR BAGS,2022-07-21,22V543000,1,2022-02-10,161,0.02994,1.0,0.481481,1.0,0.0,0.0,106,0
HUSQVARNA,701 SUPERMOTO,2018,POWER TRAIN,2021-10-07,21V792000,0,,,,,,,,,3,0
JEEP,WRANGLER,2020,ENGINE,2022-10-13,22V767000,1,2022-04-21,175,0.015463,3.0,4.333333,1.0,0.666667,0.666667,186,0
MERCEDES BENZ,C230,2007,VISIBILITY,2022-12-22,22V954000,0,,,,,,,,,72,0
MERCEDES BENZ,C230,2007,VISIBILITY,2024-11-14,24V874000,0,,,,,,,,,41,0
MERCEDES-BENZ,CLA 250,2020,ELECTRICAL SYSTEM,2022-05-19,22V365000,0,,,,,,,,,180,0
RAM,1500,2020,STRUCTURE,2022-12-08,22V904000,1,2022-06-16,175,0.014352,1.0,2.166667,-1.0,0.0,1.0,130,0
HONDA,PILOT,2019,BACK OVER PREVENTION,2023-06-15,23V431000,1,2023-04-20,56,0.013191,1.0,4.333333,1.0,0.0,0.0,323,0
RAM,1500,2020,ENGINE,2022-10-13,22V767000,1,2022-04-21,175,0.017865,3.0,1.625,0.0,0.0,1.0,130,0
FOREST RIVER,GEORGETOWN,2019,STRUCTURE,2021-07-08,21V523000,0,,,,,,,,,49,0
MERCEDES-BENZ,C450,2016,STRUCTURE,2023-12-14,23V854000,0,,,,,,,,,159,0
MERCEDES-BENZ,GLB 250,2020,AIR BAGS,2021-08-12,21V639000,1,2021-02-18,175,0.023913,1.0,1.444444,0.0,0.0,0.0,158,0
RAM,PROMASTER,2019,POWER TRAIN,2023-04-27,23V301000,1,2022-11-03,175,0.013452,2.0,4.333333,0.0,0.0,0.0,139,0
BMW,X1,2013,ENGINE,2024-08-08,24V608000,1,2024-02-15,175,0.020512,1.0,2.166667,0.0,0.0,0.0,94,0
SUBARU,ASCENT,2020,POWER TRAIN,2021-12-09,21V955000,1,2021-08-12,119,0.027603,1.0,0.866667,1.0,0.0,0.0,189,0
FORD,ESCAPE HYBRID,2020,POWER TRAIN,2025-12-18,25V881000,0,,,,,,,,,537,0
VOLKSWAGEN,ATLAS,2018,EQUIPMENT,2022-02-10,22V086000,0,,,,,,,,,124,0
FORD,C-MAX,2017,POWER TRAIN,2022-06-09,22V413000,0,,,,,,,,,428,0
HYUNDAI,SONATA,2020,LATCHES/LOCKS/LINKAGES,2022-03-24,22V196000,0,,,,,,,,,203,0
FORD,F-450 SD,2017,POWER TRAIN,2022-11-24,22V880000,0,,,,,,,,,478,0
FOREST RIVER,CEDAR CREEK,2020,STRUCTURE,2021-07-08,21V523000,0,,,,,,,,,70,0
SUBARU,OUTBACK,2020,POWER TRAIN,2021-12-09,21V955000,1,2021-06-17,175,0.009208,1.0,4.333333,0.0,0.0,1.0,189,0
SUBARU,OUTBACK,2020,POWER TRAIN,2022-07-07,22V485000,1,2022-01-13,175,0.042096,1.0,0.866667,0.0,1.0,0.0,176,0
MERCEDES BENZ,C230,2004,VISIBILITY,2022-12-22,22V954000,0,,,,,,,,,31,0
MERCEDES BENZ,C230,2004,VISIBILITY,2024-11-14,24V874000,0,,,,,,,,,22,0
TESLA,MODEL 3,2020,AIR BAGS,2021-10-21,21V834000,1,2021-04-29,175,0.012911,1.0,4.333333,0.0,0.0,0.0,120,0
KENWORTH,T680,2020,SERVICE BRAKES,2024-02-22,24V145000,0,,,,,,,,,3,0
HONDA,ACCORD,2019,SEAT BELTS,2023-03-09,23V158000,0,,,,,,,,,315,0
TESLA,MODEL X,2020,ELECTRICAL SYSTEM,2022-02-03,22V063000,1,2021-08-12,175,0.027025,1.0,0.866667,0.0,0.0,0.0,128,0
TESLA,MODEL X,2020,ELECTRICAL SYSTEM,2022-04-07,22V235000,1,2021-10-21,168,0.022976,2.0,1.238095,2.0,0.0,0.5,134,0
TESLA,MODEL X,2020,ELECTRICAL SYSTEM,2023-12-07,23V838000,1,2023-08-03,126,0.026367,1.0,1.083333,1.0,0.0,0.0,144,0
TESLA,MODEL X,2020,ELECTRICAL SYSTEM,2024-01-25,24V051000,1,2023-08-03,175,0.026367,1.0,1.083333,1.0,0.0,0.0,142,0
TESLA,MODEL X,2020,ELECTRICAL SYSTEM,2024-02-22,24V153000,1,2023-08-31,175,0.023424,2.0,1.733333,0.0,0.0,0.0,140,0
JEEP,GLADIATOR,2020,ELECTRICAL SYSTEM,2024-09-05,24V652000,1,2024-03-14,175,0.027025,1.0,0.866667,0.0,0.0,0.0,198,0
RAM,2500,2018,AIR BAGS,2025-01-16,25V010000,1,2024-08-29,140,0.013191,1.0,4.333333,1.0,0.0,0.0,142,0
RAM,2500,2018,AIR BAGS,2025-09-11,25V592000,1,2025-05-15,119,0.024426,1.0,1.444444,1.0,0.0,0.0,142,0
NEWMAR,DUTCH STAR,2019,ELECTRICAL SYSTEM,2021-09-09,21V700000,0,,,,,,,,,18,0
SUBARU,OUTBACK,2020,FUEL/PROPULSION SYSTEM,2021-07-29,21V587000,1,2021-07-15,14,0.024426,1.0,1.444444,1.0,0.0,0.0,177,0
BMW,X1,2013,ELECTRICAL SYSTEM,2024-08-08,24V608000,0,,,,,,,,,95,0
AUDI,Q5,2020,ELECTRICAL SYSTEM,2021-12-02,21V947000,1,2021-11-25,7,0.013191,1.0,4.333333,1.0,0.0,0.0,96,0
AUDI,Q5,2020,ELECTRICAL SYSTEM,2023-12-07,23V842000,1,2023-11-23,14,0.013191,1.0,4.333333,1.0,0.0,0.0,117,0
VOLVO,XC90,2020,SERVICE BRAKES,2021-09-09,21V716000,0,,,,,,,,,48,0
MERCEDES-BENZ,SPRINTER 2500,2019,STRUCTURE,2023-12-21,23V875000;23V876000,0,,,,,,,,,169,0
MERCEDES BENZ,CLK320,2003,VISIBILITY,2022-12-22,22V954000,0,,,,,,,,,29,0
MERCEDES BENZ,CLK320,2003,VISIBILITY,2024-11-14,24V874000,0,,,,,,,,,17,0
RAM,2500,2020,STRUCTURE,2022-12-08,22V904000,1,2022-07-21,140,0.020954,1.0,2.166667,1.0,0.0,0.0,130,0
MERCEDES BENZ,C230,2006,VISIBILITY,2022-12-22,22V954000,0,,,,,,,,,58,0
MERCEDES BENZ,C230,2006,VISIBILITY,2024-11-14,24V874000,0,,,,,,,,,39,0
MERCEDES-BENZ,G 550,2019,ELECTRICAL SYSTEM,2022-05-19,22V365000,1,2022-01-13,126,0.013191,1.0,4.333333,1.0,0.0,0.0,151,0
MERCEDES-BENZ,G 550,2019,ELECTRICAL SYSTEM,2023-02-16,23V097000,0,,,,,,,,,197,0
BMW,X1,2014,ENGINE,2024-08-08,24V608000,1,2024-02-15,175,0.01711,1.0,1.444444,0.0,0.0,1.0,109,0
TESLA,MODEL S,2018,LATCHES/LOCKS/LINKAGES,2021-12-16,21V00B000,1,2021-12-16,0,0.013191,1.0,4.333333,1.0,0.0,0.0,90,0
CHRYSLER,PACIFICA,2020,AIR BAGS,2024-10-24,24V793000,0,,,,,,,,,69,0
BMW,X5,2020,ELECTRICAL SYSTEM,2024-08-01,24V576000,1,2024-05-09,84,0.013191,1.0,4.333333,1.0,0.0,0.0,123,0
BMW,X5,2020,ELECTRICAL SYSTEM,2025-09-25,25V644000,1,2025-04-03,175,0.022613,9.0,2.6,0.0,0.111111,0.555556,166,0
BMW,X5,2019,VISIBILITY,2022-04-14,22V267000,0,,,,,,,,,80,0
LEXUS,NX,2019,FUEL/PROPULSION SYSTEM,2025-01-16,25V028000,0,,,,,,,,,33,0
HONDA,ODYSSEY,2020,VISIBILITY,2023-03-16,23V174000,0,,,,,,,,,284,0
MERCEDES-BENZ,GLE 350,2020,ELECTRICAL SYSTEM,2022-02-17,22V098000,1,2021-09-30,140,0.027378,1.0,1.444444,1.0,1.0,1.0,184,0
MERCEDES-BENZ,GLE 350,2020,ELECTRICAL SYSTEM,2022-05-19,22V365000,1,2021-11-25,175,0.026805,1.0,1.444444,0.0,1.0,1.0,179,0
NISSAN,LEAF,2019,BACK OVER PREVENTION,2024-02-01,24V071000,0,,,,,,,,,278,0
NISSAN,LEAF,2019,ELECTRICAL SYSTEM,2024-09-19,24V700000,1,2024-03-28,175,0.019959,1.0,0.722222,0.0,0.0,1.0,252,0
MERCEDES BENZ,E320,2005,VISIBILITY,2022-12-22,22V954000,0,,,,,,,,,46,0
MERCEDES BENZ,E320,2005,VISIBILITY,2024-11-14,24V874000,0,,,,,,,,,28,0
MERCEDES BENZ,CLK350,2008,VISIBILITY,2022-12-22,22V954000,0,,,,,,,,,75,0
MERCEDES BENZ,CLK350,2008,VISIBILITY,2024-11-14,24V874000,0,,,,,,,,,43,0
FORD,EXPLORER,2020,SEATS,2025-06-12,25V393000,1,2024-12-19,175,0.022436,4.0,1.925926,0.0,0.0,0.25,531,0
AUDI,E-TRON,2019,ELECTRICAL SYSTEM,2023-12-07,23V842000,1,2023-10-19,49,0.013191,1.0,4.333333,1.0,0.0,0.0,126,0
AUDI,E-TRON,2019,ELECTRICAL SYSTEM,2023-12-14,23V867000,1,2023-10-19,56,0.013191,1.0,4.333333,1.0,0.0,0.0,134,0
FREIGHTLINER,CASCADIA,2020,FORWARD COLLISION AVOIDANCE,2022-10-27,22V817000,1,2022-07-14,105,0.01366,2.0,2.888889,2.0,0.0,1.0,15,0
MERCEDES BENZ,C320,2001,VISIBILITY,2022-12-22,22V954000,1,2022-06-30,175,0.012911,1.0,4.333333,0.0,0.0,0.0,16,0
MERCEDES BENZ,C320,2001,VISIBILITY,2024-11-14,24V874000,0,,,,,,,,,8,0
MERCEDES BENZ,C240,2003,VISIBILITY,2022-12-22,22V954000,0,,,,,,,,,29,0
MERCEDES BENZ,C240,2003,VISIBILITY,2024-11-14,24V874000,0,,,,,,,,,17,0
TOYOTA,RAV4,2020,AIR BAGS,2023-12-14,23V865000,1,2023-06-22,175,0.023913,1.0,1.444444,0.0,0.0,0.0,276,0
MERCEDES BENZ,C240,2002,VISIBILITY,2022-12-22,22V954000,0,,,,,,,,,22,0
MERCEDES BENZ,C240,2002,VISIBILITY,2024-11-14,24V874000,0,,,,,,,,,12,0
LAND ROVER,DISCOVERY,2017,LATCHES/LOCKS/LINKAGES,2023-06-01,23V393000,0,,,,,,,,,44,0
CHEVROLET,CAMARO,2018,STEERING,2025-03-20,25V175000,0,,,,,,,,,361,0
FORD,F-150,2020,VISIBILITY,2022-04-14,22V250000,1,2021-10-21,175,0.029315,1.0,0.481481,0.0,0.0,0.0,363,0
KENWORTH,T880,2018,SERVICE BRAKES,2024-02-22,24V145000,0,,,,,,,,,3,0
AUDI,A3,2019,FUEL/PROPULSION SYSTEM,2024-02-08,24V110000,0,,,,,,,,,140,0
FORD,MUSTANG,2018,BACK OVER PREVENTION,2025-08-28,25V572000,0,,,,,,,,,489,0
HARLEY-DAVIDSON,FXLRS,2020,SUSPENSION,2023-08-17,23V591000,0,,,,,,,,,12,0
HARLEY-DAVIDSON,FXLRS,2020,SUSPENSION,2025-06-05,25V375000,0,,,,,,,,,13,0
RAM,2500,2020,SERVICE BRAKES,2022-03-10,22V140000,1,2021-10-28,133,0.013191,1.0,4.333333,1.0,0.0,0.0,121,0
RAM,2500,2020,ELECTRONIC STABILITY CONTROL (ESC),2022-03-10,22V140000,0,,,,,,,,,122,0
FORD,FUSION,2020,ELECTRICAL SYSTEM,2023-06-22,23V440000,1,2022-12-29,175,0.024961,3.0,1.625,0.0,0.0,0.0,497,0
HONDA,PASSPORT,2020,FUEL/PROPULSION SYSTEM,2023-12-14,23V858000,0,,,,,,,,,339,0
VOLKSWAGEN,JETTA,2020,FUEL/PROPULSION SYSTEM,2024-02-08,24V110000,0,,,,,,,,,150,0
NEWMAR,DUTCH STAR,2019,STRUCTURE,2021-07-22,21V571000,0,,,,,,,,,20,0
JEEP,GRAND CHEROKEE,2020,FUEL/PROPULSION SYSTEM,2022-06-09,22V406000,0,,,,,,,,,175,0
MERCEDES BENZ,C240,2001,VISIBILITY,2022-12-22,22V954000,0,,,,,,,,,17,0
MERCEDES BENZ,C240,2001,VISIBILITY,2024-11-14,24V874000,0,,,,,,,,,8,0
RAM,2500,2019,FUEL/PROPULSION SYSTEM,2021-11-11,21V880000,1,2021-05-20,175,0.02601,2.0,0.722222,0.0,0.5,1.0,131,0
HYUNDAI,SANTA FE,2020,VISIBILITY,2021-12-23,21V00M000,1,2021-09-02,112,0.020954,1.0,2.166667,1.0,0.0,0.0,196,0
HONDA,RIDGELINE,2017,BACK OVER PREVENTION,2022-11-17,22V867000,1,2022-05-26,175,0.026738,3.0,1.3,0.0,0.0,0.0,243,0
MERCEDES BENZ,E320,2003,VISIBILITY,2024-11-14,24V874000,0,,,,,,,,,17,0
MERCEDES BENZ,CLS500,2006,VISIBILITY,2024-11-14,24V874000,0,,,,,,,,,39,0
KIA,STINGER,2018,FUEL/PROPULSION SYSTEM,2023-09-07,23V634000,1,2023-03-16,175,0.009208,1.0,4.333333,0.0,0.0,1.0,217,0
TESLA,MODEL 3,2019,TIRES,2024-12-12,24V935000,1,2024-06-20,175,0.012911,1.0,4.333333,0.0,0.0,0.0,106,0
ALFA ROMEO,GIULIA,2018,FUEL/PROPULSION SYSTEM,2025-09-04,25V586000,1,2025-03-13,175,0.02197,1.0,0.270833,0.0,0.0,1.0,21,0
TOYOTA,HIGHLANDER,2020,STRUCTURE,2023-10-26,23V720000,1,2023-08-10,77,0.01748,1.0,1.444444,1.0,0.0,1.0,271,0
TESLA,MODEL S,2020,STEERING,2022-01-27,22V037000,1,2022-01-27,0,0.020954,1.0,2.166667,1.0,0.0,0.0,123,0
TESLA,MODEL S,2020,STEERING,2022-10-27,22V818000,0,,,,,,,,,132,0
TESLA,MODEL S,2020,STEERING,2023-02-09,23V085000,1,2022-11-03,98,0.020954,1.0,2.166667,1.0,0.0,0.0,131,0
MERCEDES BENZ,E320,2006,VISIBILITY,2022-12-22,22V954000,0,,,,,,,,,58,0
MERCEDES BENZ,E320,2006,VISIBILITY,2024-11-14,24V874000,0,,,,,,,,,39,0
MERCEDES BENZ,CLK350,2009,VISIBILITY,2022-12-22,22V954000,1,2022-08-18,126,0.013191,1.0,4.333333,1.0,0.0,0.0,53,0
MERCEDES BENZ,CLK350,2009,VISIBILITY,2024-11-14,24V874000,0,,,,,,,,,27,0
MERCEDES BENZ,CLK500,2003,VISIBILITY,2022-12-22,22V954000,0,,,,,,,,,29,0
MERCEDES BENZ,CLK500,2003,VISIBILITY,2024-11-14,24V874000,0,,,,,,,,,17,0
RAM,1500,2020,AIR BAGS,2021-08-12,21V632000,0,,,,,,,,,107,0
RAM,1500,2020,AIR BAGS,2025-05-08,25V298000,1,2024-11-14,175,0.021905,3.0,2.6,0.0,0.666667,0.666667,114,0
FREIGHTLINER,CASCADIA,2019,EXTERIOR LIGHTING,2022-02-10,20V567000,1,2021-10-21,112,0.013191,1.0,4.333333,1.0,0.0,0.0,11,0
HONDA,HR-V,2020,AIR BAGS,2024-02-01,24V064000,0,,,,,,,,,338,0
FORD,EXPLORER,2017,EQUIPMENT,2025-10-09,25V685000,0,,,,,,,,,482,0
HONDA,PILOT,2020,BACK OVER PREVENTION,2023-06-15,23V431000,1,2022-12-22,175,0.009409,1.0,4.333333,1.0,0.0,1.0,309,0
VOLKSWAGEN,TIGUAN,2020,STRUCTURE,2022-03-31,22V226000,0,,,,,,,,,153,0
ACURA,RDX,2020,FUEL/PROPULSION SYSTEM,2023-12-14,23V858000,1,2023-06-22,175,0.018481,1.0,1.083333,0.0,0.0,1.0,71,0
VOLKSWAGEN,JETTA,2020,ELECTRICAL SYSTEM,2023-08-24,23V604000,1,2023-03-02,175,0.014662,1.0,2.166667,0.0,0.0,1.0,154,0
MERCEDES-BENZ,GLB 250,2020,ELECTRICAL SYSTEM,2021-07-08,21V526000,1,2021-01-14,175,0.023913,1.0,1.444444,0.0,0.0,0.0,144,0
MERCEDES-BENZ,GLB 250,2020,ELECTRICAL SYSTEM,2022-05-19,22V365000,0,,,,,,,,,180,0
RAM,3500,2019,FUEL/PROPULSION SYSTEM,2021-11-11,21V880000,1,2021-10-14,28,0.023803,3.0,1.625,3.0,0.0,0.333333,131,0
MERCEDES-BENZ,GLE 350,2020,STEERING,2022-02-17,22V098000,0,,,,,,,,,185,0
HONDA,PILOT,2020,VISIBILITY,2023-03-16,23V174000,0,,,,,,,,,284,0
FORD,ESCAPE,2016,BACK OVER PREVENTION,2025-10-09,25V695000,1,2025-05-01,161,0.020954,1.0,2.166667,1.0,0.0,0.0,469,0
KIA,RIO,2017,LATCHES/LOCKS/LINKAGES,2023-08-24,23V594000,0,,,,,,,,,218,0
KIA,STINGER,2020,ELECTRICAL SYSTEM,2021-11-04,21V862000,0,,,,,,,,,170,0
KIA,STINGER,2020,FUEL/PROPULSION SYSTEM,2023-09-07,23V634000,1,2023-03-16,175,0.014662,1.0,2.166667,0.0,0.0,1.0,215,0
MERCEDES-BENZ,SPRINTER 2500,2020,POWER TRAIN,2022-10-20,22V796000,1,2022-06-09,133,0.023496,1.0,2.166667,1.0,1.0,1.0,208,0
CHEVROLET,SILVERADO 2500,2019,AIR BAGS,2024-10-10,24V756000,0,,,,,,,,,341,0
CHEVROLET,SILVERADO 2500,2019,AIR BAGS,2025-06-26,25V432000,1,2025-05-01,56,0.014805,1.0,4.333333,1.0,1.0,1.0,380,0
WINNEBAGO,VIEW,2020,STRUCTURE,2022-09-15,22V695000,0,,,,,,,,,3,0
WINNEBAGO,VIEW,2020,STRUCTURE,2023-10-12,23V694000,1,2023-06-08,126,0.013191,1.0,4.333333,1.0,0.0,0.0,21,0
WINNEBAGO,VIEW,2020,STRUCTURE,2024-12-26,24V824000,0,,,,,,,,,17,0
CADILLAC,ATS,2018,STEERING,2025-03-20,25V175000,1,2025-01-16,63,0.013191,1.0,4.333333,1.0,0.0,0.0,69,0
RAM,2500,2019,VISIBILITY,2022-01-27,22V035000,1,2021-08-19,161,0.013191,1.0,4.333333,1.0,0.0,0.0,121,0
KIA,NIRO,2017,POWER TRAIN,2023-07-27,23V534000,1,2023-02-02,175,0.009208,1.0,4.333333,0.0,0.0,1.0,215,0
HYUNDAI,PALISADE,2021,VISIBILITY,2022-08-11,22V627000,1,2022-02-17,175,0.025553,6.0,1.04,0.0,0.0,0.666667,268,0
HYUNDAI,PALISADE,2021,VISIBILITY,2023-03-16,23V180000,1,2022-09-22,175,0.02511,2.0,0.619048,0.0,0.0,0.5,339,0
MERCEDES-BENZ,GLS 450,2020,ELECTRICAL SYSTEM,2022-04-07,22V231000,1,2021-10-14,175,0.01711,1.0,1.444444,0.0,0.0,1.0,183,0
MERCEDES-BENZ,GLS 450,2020,ELECTRICAL SYSTEM,2022-05-19,22V365000,1,2021-11-25,175,0.015275,2.0,2.166667,0.0,0.0,1.0,179,0
MERCEDES-BENZ,GLS 450,2020,ELECTRICAL SYSTEM,2024-03-14,24V207000,1,2023-09-21,175,0.012911,1.0,4.333333,0.0,0.0,0.0,178,0
LINCOLN,CORSAIR,2020,BACK OVER PREVENTION,2021-09-16,21V735000,1,2021-04-22,147,0.020954,1.0,2.166667,1.0,0.0,0.0,30,0
LINCOLN,CORSAIR,2020,BACK OVER PREVENTION,2023-01-19,23V022000,1,2022-07-28,175,0.018319,2.0,2.888889,0.0,0.0,0.0,38,0
LINCOLN,CORSAIR,2020,BACK OVER PREVENTION,2023-05-11,23V342000,1,2023-01-26,105,0.026367,1.0,1.083333,1.0,0.0,0.0,63,0
LINCOLN,CORSAIR,2020,BACK OVER PREVENTION,2025-01-30,25V048000,1,2024-08-08,175,0.020512,1.0,2.166667,0.0,0.0,0.0,70,0
LINCOLN,CORSAIR,2020,BACK OVER PREVENTION,2025-03-13,25V159000,0,,,,,,,,,67,0
LINCOLN,CORSAIR,2020,BACK OVER PREVENTION,2025-06-26,25V442000,0,,,,,,,,,76,0
LINCOLN,CORSAIR,2020,BACK OVER PREVENTION,2025-08-07,25V510000,0,,,,,,,,,77,0
GENESIS,G90,2018,ELECTRICAL SYSTEM,2024-02-08,24V107000,0,,,,,,,,,7,0
RAM,3500,2019,AIR BAGS,2025-01-16,25V010000,0,,,,,,,,,126,0
RAM,3500,2019,AIR BAGS,2025-11-27,25V824000,1,2025-10-16,42,0.013191,1.0,4.333333,1.0,0.0,0.0,132,0
LAND ROVER,DEFENDER,2020,STRUCTURE,2024-12-05,24E102000,0,,,,,,,,,41,0
FORD,EXPEDITION,2019,ELECTRICAL SYSTEM,2025-12-18,25V886000,0,,,,,,,,,506,0
MERCEDES BENZ,CLK350,2006,VISIBILITY,2022-12-22,22V954000,0,,,,,,,,,58,0
MERCEDES BENZ,CLK350,2006,VISIBILITY,2024-11-14,24V874000,0,,,,,,,,,39,0
HONDA,CR-V,2020,SEAT BELTS,2023-03-09,23V158000,1,2023-02-16,21,0.009409,1.0,4.333333,1.0,0.0,1.0,285,0
HONDA,CIVIC,2020,FUEL/PROPULSION SYSTEM,2023-12-14,23V858000,1,2023-09-14,91,0.009409,1.0,4.333333,1.0,0.0,1.0,338,0
BMW,Z4,2012,ENGINE,2024-08-08,24V608000,0,,,,,,,,,100,0
SUBARU,LEGACY,2019,FUEL/PROPULSION SYSTEM,2021-07-29,21V587000,0,,,,,,,,,201,0
VOLKSWAGEN,GOLF SPORTWAGEN,2016,FUEL/PROPULSION SYSTEM,2024-02-08,24V110000,1,2023-08-17,175,0.013452,2.0,4.333333,0.0,0.0,0.0,140,0
RAM,3500,2020,FUEL/PROPULSION SYSTEM,2021-11-11,21V880000,1,2021-05-27,168,0.031213,3.0,0.866667,3.0,0.0,0.0,121,0
HONDA,ACCORD,2018,SEAT BELTS,2023-03-09,23V158000,0,,,,,,,,,304,0
TOYO,OPEN COUNTRY M/T,9999,TIRES,2025-10-09,25T018000,0,,,,,,,,,4,0
CAN-AM,RYKER,2019,FUEL/PROPULSION SYSTEM,2023-12-14,23V855000,0,,,,,,,,,11,0
TESLA,MODEL Y,2020,STEERING,2022-01-27,22V037000,1,2022-01-13,14,0.027378,1.0,1.444444,1.0,1.0,1.0,123,0
TESLA,MODEL Y,2020,STEERING,2023-02-09,23V085000,1,2022-08-18,175,0.020512,1.0,2.166667,0.0,0.0,0.0,131,0
TESLA,MODEL Y,2020,SUSPENSION,2021-10-21,21V835000,1,2021-04-29,175,0.032751,1.0,0.393939,-1.0,1.0,1.0,120,0
TESLA,MODEL Y,2020,SUSPENSION,2021-11-18,21V912000,1,2021-05-27,175,0.021553,1.0,0.361111,0.0,0.0,1.0,118,0
BMW,X1,2014,ELECTRICAL SYSTEM,2024-08-08,24V608000,1,2024-06-20,49,0.01498,1.0,2.166667,1.0,0.0,1.0,109,0
FOREST RIVER,GEORGETOWN,2010,EXTERIOR LIGHTING,2024-12-05,24V913000,0,,,,,,,,,0,0
HONDA,RIDGELINE,2014,STRUCTURE,2022-06-16,22V430000,0,,,,,,,,,124,0
ALFA ROMEO,GIULIA,2019,FUEL/PROPULSION SYSTEM,2025-09-04,25V586000,1,2025-03-13,175,0.017824,2.0,1.444444,0.0,0.0,1.0,24,0
MERCEDES-BENZ,SPRINTER 2500,2020,ELECTRICAL SYSTEM,2021-12-09,21V972000,1,2021-06-17,175,0.016749,1.0,1.444444,-1.0,0.0,1.0,174,0
MERCEDES-BENZ,SPRINTER 2500,2020,ELECTRICAL SYSTEM,2022-05-19,22V360000,1,2021-11-25,175,0.017799,3.0,2.166667,0.0,0.0,0.666667,179,0
MERCEDES-BENZ,SPRINTER 2500,2020,ELECTRICAL SYSTEM,2023-03-23,23V204000,1,2022-09-29,175,0.019354,1.0,0.866667,0.0,0.0,1.0,195,0
MERCEDES-BENZ,SPRINTER 2500,2020,ELECTRICAL SYSTEM,2024-12-12,24V930000,0,,,,,,,,,170,0
GENERAL TIRE,ALTIMAX RT43,9999,TIRES,2023-03-02,23T001000,0,,,,,,,,,1,0
TESLA,MODEL Y,2020,ELECTRICAL SYSTEM,2022-01-27,22V045000;22V050000,1,2021-08-05,175,0.030281,1.0,0.866667,0.0,1.0,1.0,123,0
TESLA,MODEL Y,2020,ELECTRICAL SYSTEM,2022-02-03,22V063000,1,2021-08-12,175,0.030281,1.0,0.866667,0.0,1.0,1.0,128,0
TESLA,MODEL Y,2020,ELECTRICAL SYSTEM,2022-04-07,22V235000,1,2021-12-23,105,0.018879,1.0,1.083333,1.0,0.0,1.0,134,0
TESLA,MODEL Y,2020,ELECTRICAL SYSTEM,2023-12-07,23V838000,1,2023-06-15,175,0.023496,1.0,2.166667,1.0,1.0,1.0,144,0
TESLA,MODEL Y,2020,ELECTRICAL SYSTEM,2024-01-25,24V051000,1,2023-08-03,175,0.023002,1.0,2.166667,0.0,1.0,1.0,142,0
TESLA,MODEL Y,2020,ELECTRICAL SYSTEM,2024-02-22,24V153000,1,2023-08-31,175,0.01676,2.0,2.888889,1.0,0.5,1.0,140,0
TESLA,MODEL Y,2020,ELECTRICAL SYSTEM,2024-07-18,24V554000,1,2024-01-25,175,0.030281,1.0,0.866667,0.0,1.0,1.0,132,0
BMW,X3,2016,ELECTRICAL SYSTEM,2024-08-08,24V608000,0,,,,,,,,,118,0
BMW,X3,2016,FUEL/PROPULSION SYSTEM,2021-07-29,21V586000,0,,,,,,,,,108,0
BMW,X3,2016,FUEL/PROPULSION SYSTEM,2021-11-18,21V907000,0,,,,,,,,,108,0
KIA,SELTOS,2021,ENGINE,2025-02-13,25V099000,1,2024-08-22,175,0.025328,6.0,1.181818,1.0,0.0,0.666667,215,0
AUDI,Q5,2019,ELECTRICAL SYSTEM,2021-12-02,21V947000,0,,,,,,,,,87,0
NISSAN,LEAF,2020,ELECTRICAL SYSTEM,2024-09-19,24V700000,1,2024-07-25,56,0.024426,1.0,1.444444,1.0,0.0,0.0,238,0
FORD,MUSTANG,2020,POWER TRAIN,2022-05-26,22V382000,1,2022-01-06,140,0.014805,1.0,4.333333,1.0,1.0,1.0,404,0
HUSQVARNA,VITPILEN 701,2019,POWER TRAIN,2021-10-07,21V792000,0,,,,,,,,,6,0
WINNEBAGO,FORZA,2019,EXTERIOR LIGHTING,2024-09-26,24V733000,0,,,,,,,,,11,0
TOYOTA,YARIS,2019,FUEL/PROPULSION SYSTEM,2021-09-23,21V617000,1,2021-04-01,175,0.014662,1.0,2.166667,0.0,0.0,1.0,287,0
HONDA,GL1800,2020,ENGINE,2022-06-23,22V449000,0,,,,,,,,,289,0
HONDA,GL1800,2020,ENGINE,2024-10-31,24V820000,0,,,,,,,,,398,0
INFINITI,Q50,2015,POWER TRAIN,2024-06-20,24V470000,1,2024-04-11,70,0.020389,1.0,0.722222,1.0,0.0,1.0,40,0
HYUNDAI,IONIQ ELECTRIC,2019,ELECTRICAL SYSTEM,2021-12-02,21V944000,0,,,,,,,,,170,0
WINNEBAGO,VISTA,2020,STRUCTURE,2024-10-31,24V826000,0,,,,,,,,,17,0
MERCEDES-BENZ,SPRINTER 3500,2019,POWER TRAIN,2022-10-20,22V796000,1,2022-08-18,63,0.01498,1.0,2.166667,1.0,0.0,1.0,184,0
FREIGHTLINER,SPRINTER 2500,2019,POWER TRAIN,2022-10-20,22V796000,0,,,,,,,,,10,0
BMW,328D,2015,FUEL/PROPULSION SYSTEM,2021-07-29,21V586000,1,2021-03-25,126,0.01498,1.0,2.166667,1.0,0.0,1.0,139,0
BMW,328D,2015,FUEL/PROPULSION SYSTEM,2021-11-18,21V907000,1,2021-05-27,175,0.014662,1.0,2.166667,0.0,0.0,1.0,117,0
FORD,MUSTANG,2020,ELECTRICAL SYSTEM,2023-10-26,23V727000,1,2023-07-06,112,0.024426,1.0,1.444444,1.0,0.0,0.0,522,0
BMW,X3,2020,STRUCTURE,2024-07-11,24V534000,0,,,,,,,,,122,0
BMW,X3,2020,STRUCTURE,2024-10-10,24V764000,1,2024-09-19,21,0.013191,1.0,4.333333,1.0,0.0,0.0,134,0
BMW,X3,2020,ELECTRICAL SYSTEM,2025-09-18,25V636000,1,2025-06-12,98,0.01748,1.0,1.444444,1.0,0.0,1.0,167,0
FORD,EXPEDITION,2020,ELECTRICAL SYSTEM,2025-05-22,25V346000,1,2024-11-28,175,0.028415,4.0,1.238095,-1.0,0.25,0.25,537,0
KIA,RIO,2020,SERVICE BRAKES,2021-11-25,21V936000,0,,,,,,,,,165,0
FORD,FIESTA,2015,LATCHES/LOCKS/LINKAGES,2023-11-16,23V775000,0,,,,,,,,,484,0
RAM,2500,2020,FUEL/PROPULSION SYSTEM,2021-11-11,21V880000,1,2021-05-20,175,0.024536,3.0,1.181818,0.0,0.0,0.333333,121,0
NISSAN,ALTIMA,2020,ENGINE,2025-06-26,25V437000,1,2025-01-30,147,0.029562,1.0,0.541667,1.0,0.0,0.0,253,0
CHEVROLET,TAHOE,2021,SEAT BELTS,2022-08-11,22V617000,0,,,,,,,,,204,0
MERCEDES-BENZ,METRIS,2017,TIRES,2022-07-07,22V482000,0,,,,,,,,,135,0
ACURA,ILX,2019,SERVICE BRAKES,2025-12-11,25V859000,1,2025-06-19,175,0.009208,1.0,4.333333,0.0,0.0,1.0,94,0
MAZDA,CX-5,2019,FUEL/PROPULSION SYSTEM,2021-11-11,21V875000,0,,,,,,,,,63,0
HONDA,CIVIC,2020,AIR BAGS,2024-02-01,24V064000,1,2024-01-18,14,0.014805,1.0,4.333333,1.0,1.0,1.0,337,0
GRAND DESIGN,REFLECTION,2021,EQUIPMENT,2022-01-27,22V038000,0,,,,,,,,,10,0
TESLA,MODEL X,2020,STEERING,2022-01-27,22V037000,1,2021-12-02,56,0.020954,1.0,2.166667,1.0,0.0,0.0,123,0
TESLA,MODEL X,2020,STEERING,2022-10-27,22V818000,1,2022-05-05,175,0.023913,1.0,1.444444,0.0,0.0,0.0,131,0
TESLA,MODEL X,2020,STEERING,2023-02-09,23V085000,1,2022-08-25,168,0.026367,1.0,1.083333,1.0,0.0,0.0,131,0
BMW,Z4,2020,ENGINE,2021-07-29,21V598000,0,,,,,,,,,93,0
CHEVROLET,SILVERADO 3500,2021,SERVICE BRAKES,2021-09-23,21V758000,0,,,,,,,,,194,0
HONDA,CR-V,2020,FUEL/PROPULSION SYSTEM,2022-05-26,22V380000,0,,,,,,,,,287,0
HONDA,CR-V,2020,FUEL/PROPULSION SYSTEM,2023-12-14,23V858000,1,2023-06-22,175,0.024426,1.0,1.444444,1.0,0.0,0.0,338,0
VOLVO,XC60,2020,SERVICE BRAKES,2021-09-09,21V716000,0,,,,,,,,,48,0
VOLVO,XC60,2020,ELECTRICAL SYSTEM,2025-03-20,25V179000,0,,,,,,,,,61,0
FLEETWOOD,PACE ARROW,2018,STRUCTURE,2024-08-08,24V607000,0,,,,,,,,,1,0
TOYOTA,TUNDRA,2020,STEERING,2021-11-18,21V920000,0,,,,,,,,,297,0
TOYOTA,TUNDRA,2020,STEERING,2021-12-23,21E103000,1,2021-12-02,21,0.020954,1.0,2.166667,1.0,0.0,0.0,289,0
ACURA,ILX,2017,FUEL/PROPULSION SYSTEM,2023-12-14,23V858000,0,,,,,,,,,60,0
KIA,NIRO PHEV,2020,POWER TRAIN,2023-07-27,23V534000,0,,,,,,,,,196,0
HONDA,INSIGHT,2019,FUEL/PROPULSION SYSTEM,2023-12-14,23V858000,0,,,,,,,,,354,0
JEEP,RENEGADE,2019,SEAT BELTS,2024-06-27,24V510000,1,2024-06-13,14,0.013191,1.0,4.333333,1.0,0.0,0.0,187,0
TOYOTA,CAMRY,2020,AIR BAGS,2023-12-14,23V865000,1,2023-06-22,175,0.023913,1.0,1.444444,0.0,0.0,0.0,276,0
INDIAN,SPRINGFIELD,2016,EXTERIOR LIGHTING,2022-08-18,22V635000,0,,,,,,,,,3,0
AUDI,Q8,2020,FUEL/PROPULSION SYSTEM,2022-07-14,22V516000,0,,,,,,,,,96,0
TESLA,MODEL 3,2019,FORWARD COLLISION AVOIDANCE,2021-10-28,21V846000,1,2021-05-06,175,0.026367,1.0,1.083333,1.0,0.0,0.0,110,0
TESLA,MODEL 3,2019,FORWARD COLLISION AVOIDANCE,2022-02-03,22V063000,1,2021-08-12,175,0.031095,4.0,2.166667,2.0,0.75,0.25,108,0
TESLA,MODEL 3,2019,FORWARD COLLISION AVOIDANCE,2022-04-07,22V235000,1,2021-10-14,175,0.029166,6.0,2.166667,0.0,0.333333,0.0,119,0
TESLA,MODEL 3,2019,FORWARD COLLISION AVOIDANCE,2024-02-22,24V153000,1,2023-08-31,175,0.037928,10.0,0.562771,-1.0,0.0,0.2,127,0
VOLVO,V60,2020,ELECTRICAL SYSTEM,2025-03-20,25V179000,0,,,,,,,,,61,0
WINNEBAGO,FORZA,2020,STRUCTURE,2024-10-31,24V826000,0,,,,,,,,,17,0
JEEP,WRANGLER,2021,ENGINE,2022-10-13,22V767000,1,2022-04-21,175,0.030152,7.0,0.722222,-1.0,0.0,0.428571,186,0
JEEP,WRANGLER,2021,ENGINE,2022-11-17,22V865000,1,2022-05-26,175,0.02877,5.0,0.492424,1.0,0.0,0.6,190,0
TESLA,MODEL S,2020,ELECTRICAL SYSTEM,2022-02-03,22V063000,1,2021-08-12,175,0.020512,1.0,2.166667,0.0,0.0,0.0,128,0
TESLA,MODEL S,2020,ELECTRICAL SYSTEM,2022-04-07,22V235000,1,2022-03-24,14,0.01498,1.0,2.166667,1.0,0.0,1.0,134,0
TESLA,MODEL S,2020,ELECTRICAL SYSTEM,2023-12-07,23V838000,0,,,,,,,,,145,0
TESLA,MODEL S,2020,ELECTRICAL SYSTEM,2024-01-25,24V051000,0,,,,,,,,,143,0
TESLA,MODEL S,2020,ELECTRICAL SYSTEM,2024-02-22,24V153000,0,,,,,,,,,141,0
TESLA,MODEL S,2020,SEAT BELTS,2024-05-23,24V376000,0,,,,,,,,,131,0
FREIGHTLINER,CASCADIA,2018,ELECTRONIC STABILITY CONTROL (ESC),2023-02-09,23V073000,0,,,,,,,,,12,0
TESLA,MODEL S,2013,SEAT BELTS,2024-05-23,24V376000,0,,,,,,,,,18,0
BMW,X4,2015,ENGINE,2024-08-08,24V608000,0,,,,,,,,,114,0
RAM,5500,2019,SERVICE BRAKES,2022-10-06,22V759000,0,,,,,,,,,143,0
VOLKSWAGEN,ATLAS,2021,AIR BAGS,2021-11-11,21V892000,0,,,,,,,,,79,0
VOLKSWAGEN,ATLAS,2021,AIR BAGS,2022-03-24,22V152000,1,2021-11-25,119,0.009409,1.0,4.333333,1.0,0.0,1.0,145,0
VOLKSWAGEN,ATLAS,2021,AIR BAGS,2023-03-23,23V215000,1,2022-09-29,175,0.032679,3.0,0.448276,1.0,0.0,0.0,156,0
VOLKSWAGEN,ATLAS,2021,AIR BAGS,2024-06-20,24V464000,1,2023-12-28,175,0.028945,1.0,0.541667,0.0,0.0,0.0,164,0
GMC,YUKON XL,2021,ENGINE,2025-04-24,25V274000,1,2024-11-21,154,0.01748,1.0,1.444444,1.0,0.0,1.0,186,0
BUICK,REGAL,2012,SUSPENSION,2021-12-16,21V00F000,1,2021-06-24,175,0.017573,4.0,3.466667,0.0,0.0,0.0,62,0
CHEVROLET,TAHOE,2021,SERVICE BRAKES,2021-07-29,21V579000,0,,,,,,,,,180,0
FORD,F53,2020,SUSPENSION,2022-09-29,22V731000,1,2022-04-28,154,0.026367,1.0,1.083333,1.0,0.0,0.0,481,0
MERCEDES-BENZ,AMG GLC63,2020,ELECTRICAL SYSTEM,2022-05-19,22V365000,0,,,,,,,,,180,0
MERCEDES-BENZ,METRIS,2020,ELECTRICAL SYSTEM,2022-05-19,22V360000,0,,,,,,,,,180,0
MERCEDES-BENZ,CLS 450,2020,ELECTRICAL SYSTEM,2022-05-19,22V365000,0,,,,,,,,,180,0
MERCEDES-BENZ,CLS 450,2020,ELECTRICAL SYSTEM,2022-09-29,22V733000,1,2022-08-18,42,0.013191,1.0,4.333333,1.0,0.0,0.0,209,0
HONDA,ACCORD,2020,FUEL/PROPULSION SYSTEM,2023-12-14,23V858000,1,2023-06-22,175,0.018481,1.0,1.083333,0.0,0.0,1.0,338,0
VOLKSWAGEN,ATLAS,2021,ELECTRICAL SYSTEM,2021-08-05,21V616000,0,,,,,,,,,55,0
NISSAN,ALTIMA,2020,BACK OVER PREVENTION,2023-09-07,23V628000,0,,,,,,,,,253,0
TESLA,MODEL S,2021,FORWARD COLLISION AVOIDANCE,2021-10-28,21V846000,0,,,,,,,,,92,0
TESLA,MODEL S,2021,FORWARD COLLISION AVOIDANCE,2022-02-03,22V063000,1,2021-12-09,56,0.015758,2.0,4.333333,2.0,1.0,1.0,123,0
TESLA,MODEL S,2021,FORWARD COLLISION AVOIDANCE,2022-04-07,22V235000,1,2021-12-09,119,0.015758,2.0,4.333333,2.0,1.0,1.0,148,0
TESLA,MODEL S,2021,FORWARD COLLISION AVOIDANCE,2024-02-22,24V153000,1,2023-08-31,175,0.029747,7.0,1.011111,-1.0,0.0,0.285714,177,0
AUDI,Q8,2019,FUEL/PROPULSION SYSTEM,2022-07-14,22V516000,0,,,,,,,,,98,0
TESLA,MODEL 3,2020,FORWARD COLLISION AVOIDANCE,2021-10-28,21V846000,0,,,,,,,,,122,0
TESLA,MODEL 3,2020,FORWARD COLLISION AVOIDANCE,2022-02-03,22V063000,1,2021-11-11,84,0.025981,2.0,1.444444,2.0,0.0,0.0,128,0
TESLA,MODEL 3,2020,FORWARD COLLISION AVOIDANCE,2022-04-07,22V235000,1,2021-11-11,147,0.025981,2.0,1.444444,2.0,0.0,0.0,134,0
TESLA,MODEL 3,2020,FORWARD COLLISION AVOIDANCE,2024-02-22,24V153000,1,2023-08-31,175,0.044692,17.0,0.866667,-2.0,0.0,0.294118,140,0
TESLA,MODEL 3,2020,BACK OVER PREVENTION,2021-12-16,21V00D000,1,2021-06-24,175,0.032071,1.0,2.166667,0.0,1.0,0.0,123,0
TESLA,MODEL 3,2020,BACK OVER PREVENTION,2022-03-17,22V169000,1,2022-01-06,70,0.020954,1.0,2.166667,1.0,0.0,0.0,133,0
HONDA,PILOT,2020,AIR BAGS,2024-02-01,24V064000,0,,,,,,,,,338,0
FORD,F-150,2020,BACK OVER PREVENTION,2025-06-26,25V442000,1,2025-01-02,175,0.027025,1.0,0.866667,0.0,0.0,0.0,533,0
FORD,ESCAPE,2020,FUEL/PROPULSION SYSTEM,2022-11-17,22V859000,1,2022-07-14,126,0.013191,1.0,4.333333,1.0,0.0,0.0,478,0
FORD,ESCAPE,2020,FUEL/PROPULSION SYSTEM,2025-03-13,25V165000,1,2024-09-19,175,0.030137,2.0,0.541667,0.0,0.0,0.0,546,0
FORD,ESCAPE,2020,FUEL/PROPULSION SYSTEM,2025-07-10,25V467000,1,2025-01-16,175,0.021971,4.0,1.238095,0.0,0.0,0.75,556,0
FCCC,XCR,2016,EXTERIOR LIGHTING,2021-12-23,21V00H000,0,,,,,,,,,3,0
KIA,K5,2021,AIR BAGS,2023-03-02,23V149000,1,2022-09-08,175,0.014492,1.0,4.333333,0.0,1.0,1.0,229,0
MERCEDES-BENZ,E 350,2020,ELECTRICAL SYSTEM,2022-05-19,22V365000,0,,,,,,,,,180,0
JEEP,GLADIATOR,2021,POWER TRAIN,2023-02-23,23V116000,1,2022-09-01,175,0.030397,1.0,0.309524,0.0,0.0,0.0,204,0
JEEP,GLADIATOR,2021,POWER TRAIN,2024-08-01,24V572000,1,2024-02-08,175,0.030529,1.0,0.288889,0.0,0.0,0.0,239,0
MERCEDES-BENZ,GLB 250,2020,FUEL/PROPULSION SYSTEM,2021-12-09,21V961000,0,,,,,,,,,175,0
COACHMEN,MIRADA,2020,STRUCTURE,2021-07-08,21V523000,1,2021-01-14,175,0.012911,1.0,4.333333,0.0,0.0,0.0,6,0
TESLA,MODEL 3,2018,FORWARD COLLISION AVOIDANCE,2021-10-28,21V846000,1,2021-05-06,175,0.018811,4.0,2.888889,0.0,0.25,0.5,98,0
TESLA,MODEL 3,2018,FORWARD COLLISION AVOIDANCE,2022-02-03,22V063000,1,2021-08-12,175,0.028578,3.0,1.444444,1.0,0.666667,0.666667,96,0
TESLA,MODEL 3,2018,FORWARD COLLISION AVOIDANCE,2022-04-07,22V235000,1,2021-10-14,175,0.024536,3.0,1.181818,0.0,0.0,0.333333,103,0
TESLA,MODEL 3,2018,FORWARD COLLISION AVOIDANCE,2024-02-22,24V153000,1,2023-08-31,175,0.040918,13.0,0.828431,0.0,0.230769,0.538462,108,0
ISUZU,FTR,2020,STEERING,2021-11-04,21V861000,0,,,,,,,,,0,0
RAM,2500,2020,POWER TRAIN,2022-11-10,22V835000,1,2022-05-19,175,0.014662,1.0,2.166667,0.0,0.0,1.0,132,0
RAM,1500,2021,BACK OVER PREVENTION,2021-11-18,21V918000,1,2021-06-24,147,0.01498,1.0,2.166667,1.0,0.0,1.0,75,0
RAM,1500,2021,BACK OVER PREVENTION,2022-08-25,22V638000,1,2022-03-03,175,0.027574,2.0,0.962963,0.0,0.0,0.0,110,0
RAM,1500,2021,BACK OVER PREVENTION,2023-02-09,23V059000,0,,,,,,,,,127,0
VOLVO,S80,2004,AIR BAGS,2021-09-30,21V766000,0,,,,,,,,,15,0
KIA,SOUL,2021,ENGINE,2025-02-13,25V099000,1,2024-08-22,175,0.021008,1.0,0.481481,0.0,0.0,1.0,215,0
TESLA,MODEL S,2021,ELECTRICAL SYSTEM,2022-01-27,22V045000;22V050000,1,2021-08-05,175,0.015487,2.0,2.888889,0.0,0.0,0.5,120,0
TESLA,MODEL S,2021,ELECTRICAL SYSTEM,2022-02-03,22V063000,1,2021-08-12,175,0.015487,2.0,2.888889,0.0,0.0,0.5,123,0
TESLA,MODEL S,2021,ELECTRICAL SYSTEM,2022-04-07,22V235000,1,2021-10-14,175,0.01711,1.0,1.444444,0.0,0.0,1.0,148,0
TESLA,MODEL S,2021,ELECTRICAL SYSTEM,2023-12-07,23V838000,1,2023-07-27,133,0.028457,1.0,0.722222,1.0,0.0,0.0,174,0
TESLA,MODEL S,2021,ELECTRICAL SYSTEM,2024-01-25,24V051000,1,2023-08-03,175,0.027863,1.0,0.722222,0.0,0.0,0.0,175,0
TESLA,MODEL S,2021,ELECTRICAL SYSTEM,2024-02-22,24V153000,1,2023-08-31,175,0.027025,1.0,0.866667,0.0,0.0,0.0,177,0
TESLA,MODEL S,2021,ELECTRICAL SYSTEM,2024-07-18,24V554000,1,2024-01-25,175,0.020512,1.0,2.166667,0.0,0.0,0.0,162,0
TESLA,MODEL S,2021,ELECTRICAL SYSTEM,2025-03-13,25V172000,1,2024-10-17,147,0.026367,1.0,1.083333,1.0,0.0,0.0,146,0
TESLA,MODEL S,2021,BACK OVER PREVENTION,2022-04-28,22V296000,0,,,,,,,,,154,0
FORD,EXPLORER,2020,BACK OVER PREVENTION,2021-09-16,21V735000,1,2021-03-25,175,0.018951,9.0,3.545455,0.0,0.0,0.333333,331,0
FORD,EXPLORER,2020,BACK OVER PREVENTION,2023-01-19,23V022000,1,2022-07-28,175,0.033555,6.0,0.896552,1.0,0.0,0.0,503,0
FORD,EXPLORER,2020,BACK OVER PREVENTION,2023-04-27,23V305000,1,2022-11-03,175,0.031489,2.0,0.433333,1.0,0.0,0.0,499,0
FORD,EXPLORER,2020,BACK OVER PREVENTION,2023-05-11,23V342000,1,2022-11-17,175,0.030832,2.0,0.433333,0.0,0.0,0.0,500,0
FORD,EXPLORER,2020,BACK OVER PREVENTION,2024-03-07,24V188000,1,2023-09-14,175,0.032993,6.0,0.866667,-1.0,0.166667,0.166667,554,0
FORD,EXPLORER,2020,BACK OVER PREVENTION,2025-03-13,25V159000,1,2024-09-19,175,0.030477,1.0,0.19697,-1.0,0.0,0.0,546,0
FORD,EXPLORER,2020,BACK OVER PREVENTION,2025-06-26,25V442000,1,2025-01-02,175,0.029861,1.0,0.393939,0.0,0.0,0.0,533,0
KIA,TELLURIDE,2021,POWER TRAIN,2024-03-14,24V214000,1,2023-09-21,175,0.020512,1.0,2.166667,0.0,0.0,0.0,246,0
LAND ROVER,DEFENDER,2020,ENGINE,2023-02-02,23V044000,0,,,,,,,,,32,0
NISSAN,PATHFINDER,2015,LATCHES/LOCKS/LINKAGES,2022-06-09,22V420000,0,,,,,,,,,234,0
MERCEDES-BENZ,GLS 450,2020,SEATS,2021-10-14,21V818000,0,,,,,,,,,171,0
MERCEDES-BENZ,GLS 450,2020,SEATS,2022-09-29,22V732000,0,,,,,,,,,210,0
TESLA,MODEL S,2016,SEAT BELTS,2024-05-23,24V376000,0,,,,,,,,,71,0
TESLA,MODEL 3,2020,VISIBILITY,2021-12-16,21V00D000,1,2021-06-24,175,0.020512,1.0,2.166667,0.0,0.0,0.0,123,0
TESLA,MODEL 3,2020,VISIBILITY,2022-09-15,22V702000,1,2022-03-24,175,0.023762,3.0,1.857143,0.0,0.0,0.0,130,0
TESLA,MODEL Y,2021,SUSPENSION,2021-10-21,21V835000,1,2021-04-29,175,0.017297,7.0,3.37037,0.0,0.285714,0.857143,91,0
TESLA,MODEL Y,2021,SUSPENSION,2021-11-18,21V912000,1,2021-05-27,175,0.023633,5.0,2.166667,0.0,0.4,0.6,93,0
TESLA,MODEL Y,2021,FORWARD COLLISION AVOIDANCE,2021-10-28,21V846000,1,2021-05-06,175,0.018514,6.0,3.25,-1.0,0.5,0.833333,91,0
TESLA,MODEL Y,2021,FORWARD COLLISION AVOIDANCE,2022-02-03,22V063000,1,2021-08-12,175,0.032705,4.0,1.333333,0.0,0.75,0.5,123,0
TESLA,MODEL Y,2021,FORWARD COLLISION AVOIDANCE,2022-04-07,22V235000,1,2021-10-14,175,0.029928,11.0,2.072464,2.0,0.272727,0.636364,148,0
TESLA,MODEL Y,2021,FORWARD COLLISION AVOIDANCE,2022-05-05,22V317000,1,2021-11-11,175,0.059227,29.0,2.992063,10.0,0.137931,0.482759,155,0
TESLA,MODEL Y,2021,FORWARD COLLISION AVOIDANCE,2024-02-22,24V153000,1,2023-08-31,175,0.059168,22.0,0.648526,0.0,0.045455,0.363636,177,0
LAND ROVER,RANGE ROVER VELAR,2020,SEAT BELTS,2021-08-26,21V668000,0,,,,,,,,,40,0
HYUNDAI,SONATA,2020,FUEL/PROPULSION SYSTEM,2025-11-13,25V796000,1,2025-05-22,175,0.028183,6.0,0.83871,0.0,0.0,0.5,241,0
TESLA,MODEL Y,2020,FORWARD COLLISION AVOIDANCE,2021-10-28,21V846000,1,2021-05-13,168,0.020841,1.0,0.619048,1.0,0.0,1.0,121,0
TESLA,MODEL Y,2020,FORWARD COLLISION AVOIDANCE,2022-02-03,22V063000,1,2021-08-12,175,0.019751,2.0,0.962963,0.0,0.0,1.0,128,0
TESLA,MODEL Y,2020,FORWARD COLLISION AVOIDANCE,2022-04-07,22V235000,1,2021-10-14,175,0.04606,1.0,0.433333,0.0,1.0,0.0,134,0
TESLA,MODEL Y,2020,FORWARD COLLISION AVOIDANCE,2024-02-22,24V153000,1,2023-08-31,175,0.036951,10.0,0.884354,2.0,0.1,0.4,140,0
JEEP,GRAND CHEROKEE,2021,ENGINE,2022-04-28,22V284000,1,2021-11-04,175,0.021728,6.0,2.166667,1.0,0.0,0.5,148,0
TESLA,MODEL S,2017,FORWARD COLLISION AVOIDANCE,2021-10-28,21V846000,1,2021-05-06,175,0.025639,5.0,1.666667,1.0,0.0,0.2,102,0
KEYSTONE,COUGAR,2019,STRUCTURE,2022-03-31,22V209000,1,2021-10-07,175,0.014662,1.0,2.166667,0.0,0.0,1.0,20,0
TESLA,MODEL S,2018,FORWARD COLLISION AVOIDANCE,2021-10-28,21V846000,1,2021-05-06,175,0.013086,2.0,2.888889,0.0,0.0,1.0,98,0
TESLA,MODEL S,2018,FORWARD COLLISION AVOIDANCE,2024-02-22,24V153000,1,2023-08-31,175,0.030995,2.0,0.577778,-1.0,0.5,0.5,108,0
PORSCHE,TAYCAN,2020,ELECTRICAL SYSTEM,2023-05-11,23V347000,1,2022-12-08,154,0.028457,1.0,0.722222,1.0,0.0,0.0,25,0
PORSCHE,TAYCAN,2020,ELECTRICAL SYSTEM,2024-09-26,24V731000;24V732000,1,2024-05-02,147,0.029084,1.0,0.619048,1.0,0.0,0.0,21,0
GMC,YUKON,2021,ENGINE,2025-04-24,25V274000,1,2024-10-31,175,0.02016,2.0,0.866667,0.0,0.0,1.0,186,0
MAZDA,MX-5,2019,AIR BAGS,2024-09-12,24V695000,0,,,,,,,,,71,0
CHEVROLET,TAHOE,2021,ENGINE,2025-04-24,25V274000,1,2024-11-21,154,0.025934,2.0,0.666667,2.0,0.0,0.5,367,0
CHEVROLET,TAHOE,2021,POWER TRAIN,2022-01-27,22V036000,1,2021-08-05,175,0.015275,2.0,2.166667,0.0,0.0,1.0,195,0
CHEVROLET,TAHOE,2021,POWER TRAIN,2024-10-24,24V797000,1,2024-05-02,175,0.020546,2.0,1.733333,-1.0,0.5,1.0,321,0
HONDA,CR-V,2020,AIR BAGS,2024-02-01,24V064000,1,2023-08-10,175,0.027863,1.0,0.722222,0.0,0.0,0.0,337,0
TESLA,MODEL Y,2021,VISIBILITY,2022-01-27,22V050000,1,2021-08-05,175,0.024227,2.0,0.787879,0.0,0.0,0.5,120,0
TESLA,MODEL Y,2021,VISIBILITY,2022-09-15,22V702000,1,2022-03-24,175,0.026173,7.0,2.166667,0.0,0.0,0.0,165,0
EVENFLO,EVERYSTAGE,9999,CHILD SEAT,2025-03-13,25C003000,1,2025-01-16,56,0.020954,1.0,2.166667,1.0,0.0,0.0,20,0
GMC,YUKON,2021,POWER TRAIN,2022-01-27,22V036000,1,2021-08-05,175,0.020512,1.0,2.166667,0.0,0.0,0.0,92,0
GMC,YUKON,2021,POWER TRAIN,2024-10-24,24V797000,1,2024-05-02,175,0.023913,1.0,1.444444,0.0,0.0,0.0,152,0
BMW,X1,2015,ELECTRICAL SYSTEM,2024-08-08,24V608000,1,2024-08-08,0,0.01498,1.0,2.166667,1.0,0.0,1.0,113,0
BMW,X1,2015,ENGINE,2024-08-08,24V608000,1,2024-08-08,0,0.009409,1.0,4.333333,1.0,0.0,1.0,113,0
JEEP,RENEGADE,2020,AIR BAGS,2024-06-27,24V510000,0,,,,,,,,,192,0
NISSAN,ARMADA,2009,AIR BAGS,2023-02-09,23V067000,0,,,,,,,,,94,0
TESLA,MODEL X,2019,BACK OVER PREVENTION,2022-03-17,22V169000,0,,,,,,,,,116,0
GMC,SIERRA 1500,2021,ENGINE,2025-04-24,25V274000,1,2024-10-31,175,0.023817,4.0,1.444444,-2.0,0.0,0.25,186,0
ENTEGRA,CORNERSTONE,2021,ENGINE,2022-09-01,22V665000,0,,,,,,,,,4,0
RAM,1500,2021,ELECTRICAL SYSTEM,2025-05-08,25V298000,1,2024-11-14,175,0.025614,5.0,0.942029,0.0,0.0,0.6,125,0
RAM,1500,2021,POWER TRAIN,2023-04-13,23V265000,1,2022-10-20,175,0.022203,2.0,0.412698,0.0,0.0,1.0,133,0
DODGE,CHARGER,2020,VISIBILITY,2021-07-08,21V516000,1,2021-01-14,175,0.012911,1.0,4.333333,0.0,0.0,0.0,67,0
FLEETWOOD,FORTIS,2020,SUSPENSION,2022-08-25,22V655000,0,,,,,,,,,2,0
MERCEDES-BENZ,GLE 450,2021,ELECTRICAL SYSTEM,2021-11-18,21V909000,1,2021-05-27,175,0.020512,1.0,2.166667,0.0,0.0,0.0,109,0
MERCEDES-BENZ,GLE 450,2021,ELECTRICAL SYSTEM,2022-04-07,22V231000,1,2021-10-14,175,0.025815,1.0,1.083333,0.0,0.0,0.0,132,0
MERCEDES-BENZ,GLE 450,2021,ELECTRICAL SYSTEM,2022-05-19,22V365000,1,2021-11-25,175,0.025815,1.0,1.083333,0.0,0.0,0.0,133,0
MERCEDES-BENZ,GLE 450,2021,ELECTRICAL SYSTEM,2023-12-07,23V835000,1,2023-08-03,126,0.01498,1.0,2.166667,1.0,0.0,1.0,185,0
MERCEDES-BENZ,GLE 450,2021,ELECTRICAL SYSTEM,2024-03-14,24V207000,1,2023-09-21,175,0.014662,1.0,2.166667,0.0,0.0,1.0,212,0
MERCEDES-BENZ,GLE 450,2021,ELECTRICAL SYSTEM,2024-09-26,24V724000,0,,,,,,,,,181,0
HONDA,ODYSSEY,2019,BACK OVER PREVENTION,2023-06-15,23V431000,1,2023-02-09,126,0.029562,1.0,0.541667,1.0,0.0,0.0,323,0
TESLA,MODEL X,2019,FORWARD COLLISION AVOIDANCE,2021-10-28,21V846000,0,,,,,,,,,111,0
FORD,EXPLORER,2020,SEAT BELTS,2025-02-13,25V093000,1,2024-08-22,175,0.014662,1.0,2.166667,0.0,0.0,1.0,545,0
CHEVROLET,SILVERADO 1500,2021,ENGINE,2025-04-24,25V274000,1,2024-10-31,175,0.031891,9.0,1.772727,1.0,0.111111,0.111111,367,0
CHEVROLET,TRAVERSE,2020,POWER TRAIN,2021-10-14,21V817000,0,,,,,,,,,312,0
JEEP,WRANGLER,2020,FUEL/PROPULSION SYSTEM,2021-08-26,21V665000,1,2021-03-04,175,0.012911,1.0,4.333333,0.0,0.0,0.0,165,0
JEEP,WRANGLER,2020,FUEL/PROPULSION SYSTEM,2022-10-13,22V767000,1,2022-04-21,175,0.020245,2.0,1.733333,1.0,0.0,0.5,186,0
JEEP,WRANGLER,2021,VISIBILITY,2024-02-15,24V111000,1,2023-08-24,175,0.025815,1.0,1.083333,0.0,0.0,0.0,238,0
HONDA,ACCORD HYBRID,2020,FUEL/PROPULSION SYSTEM,2023-12-14,23V858000,1,2023-06-22,175,0.012911,1.0,4.333333,0.0,0.0,0.0,338,0
AUDI,A4,2017,AIR BAGS,2021-11-04,21V874000,1,2021-05-13,175,0.021365,2.0,2.166667,0.0,0.0,0.0,100,0
KIA,K5,2021,POWER TRAIN,2022-10-06,22V760000,1,2022-05-19,140,0.013191,1.0,4.333333,1.0,0.0,0.0,224,0
TESLA,MODEL 3,2021,STEERING,2022-01-27,22V037000,1,2021-08-26,154,0.023496,1.0,2.166667,1.0,1.0,1.0,120,0
TESLA,MODEL 3,2021,STEERING,2023-02-09,23V085000,1,2022-08-18,175,0.021937,4.0,2.166667,0.0,0.25,0.5,161,0
LAND ROVER,DISCOVERY,2019,ELECTRICAL SYSTEM,2023-06-01,23V393000,1,2023-03-16,77,0.020954,1.0,2.166667,1.0,0.0,0.0,44,0
MERCEDES-BENZ,GLE 350,2020,STRUCTURE,2022-09-08,22V680000,0,,,,,,,,,201,0
MERCEDES-BENZ,GLE 350,2020,SEATS,2021-10-14,21V818000,0,,,,,,,,,171,0
MERCEDES-BENZ,GLE 350,2020,VISIBILITY,2022-02-17,22V098000,0,,,,,,,,,185,0
MERCEDES-BENZ,GLE 350,2020,VISIBILITY,2023-03-16,23V177000,0,,,,,,,,,196,0
CHEVROLET,TAHOE,2021,FUEL/PROPULSION SYSTEM,2021-09-23,21V739000,1,2021-05-27,119,0.01498,1.0,2.166667,1.0,0.0,1.0,193,0
CHEVROLET,TAHOE,2021,FUEL/PROPULSION SYSTEM,2025-09-18,25V619000,1,2025-03-27,175,0.030858,4.0,0.619048,2.0,0.0,0.25,414,0
JEEP,GRAND CHEROKEE,2021,SUSPENSION,2023-06-08,23V413000,1,2023-02-16,112,0.020681,2.0,1.733333,2.0,0.0,0.5,225,0
JEEP,GRAND CHEROKEE,2021,SUSPENSION,2024-02-22,24V132000,1,2023-08-31,175,0.025815,1.0,1.083333,0.0,0.0,0.0,239,0
JEEP,WRANGLER,2018,BACK OVER PREVENTION,2024-09-12,24V676000,0,,,,,,,,,199,0
TESLA,MODEL X,2017,FORWARD COLLISION AVOIDANCE,2021-10-28,21V846000,1,2021-05-06,175,0.017668,3.0,3.25,0.0,0.0,0.0,102,0
NUNA,RAVA,9999,CHILD SEAT,2024-11-21,24C002000,1,2024-05-30,175,0.02565,11.0,2.269841,1.0,0.0,0.545455,2,0
DRV,MOBILE SUITE,2018,SERVICE BRAKES,2021-09-23,21V733000,0,,,,,,,,,0,0
PORSCHE,TAYCAN,2020,POWER TRAIN,2022-06-02,22V404000,0,,,,,,,,,33,0
VOLVO,XC60,2019,STEERING,2023-01-05,23V001000,0,,,,,,,,,46,0
DOMETIC,COOKING STOVE,9999,EQUIPMENT,2022-03-17,22E021000,1,2021-09-23,175,0.03037,4.0,0.787879,-1.0,0.0,0.0,2,0
TESLA,MODEL Y,2021,STEERING,2022-01-27,22V037000,1,2021-08-05,175,0.032069,1.0,0.393939,-2.0,1.0,1.0,120,0
TESLA,MODEL Y,2021,STEERING,2023-02-09,23V085000,1,2022-08-18,175,0.016936,5.0,3.095238,1.0,0.2,0.8,161,0
HYUNDAI,GENESIS COUPE,2014,SERVICE BRAKES,2023-09-21,23V651000,0,,,,,,,,,205,0
KEYSTONE,COUGAR,2021,TIRES,2022-03-31,22V209000,0,,,,,,,,,15,0
FOREST RIVER,SALEM,2019,EQUIPMENT,2021-08-05,21V621000,1,2021-02-11,175,0.012911,1.0,4.333333,0.0,0.0,0.0,53,0
AUDI,Q5,2021,ELECTRICAL SYSTEM,2021-12-02,21V947000,1,2021-06-24,161,0.01498,1.0,2.166667,1.0,0.0,1.0,65,0
AUDI,Q5,2021,ELECTRICAL SYSTEM,2023-12-07,23V842000,0,,,,,,,,,98,0
AUDI,Q5,2021,ELECTRICAL SYSTEM,2025-02-06,25V080000,1,2024-08-15,175,0.012911,1.0,4.333333,0.0,0.0,0.0,79,0
AUDI,Q5,2021,ENGINE,2022-10-06,22V753000,1,2022-04-14,175,0.027863,1.0,0.722222,0.0,0.0,0.0,99,0
VOLKSWAGEN,GOLF ALLTRACK,2019,ELECTRICAL SYSTEM,2023-08-24,23V604000,1,2023-07-06,49,0.013191,1.0,4.333333,1.0,0.0,0.0,129,0
NEWMAR,DUTCH STAR,2020,ELECTRICAL SYSTEM,2021-09-09,21V700000,1,2021-03-18,175,0.013452,2.0,4.333333,0.0,0.0,0.0,17,0
MERCEDES BENZ,E550,2008,VISIBILITY,2022-12-22,22V954000,0,,,,,,,,,75,0
MERCEDES BENZ,E550,2008,VISIBILITY,2024-11-14,24V874000,0,,,,,,,,,43,0
FORD,ESCAPE,2020,BACK OVER PREVENTION,2025-06-26,25V442000,1,2025-01-02,175,0.021075,2.0,1.444444,0.0,0.0,0.5,533,0
FLEETWOOD,FLAIR,2020,STRUCTURE,2024-08-08,24V607000,0,,,,,,,,,0,0
WINNEBAGO,REVEL,2021,ELECTRICAL SYSTEM,2023-09-28,23V663000,1,2023-07-13,77,0.009409,1.0,4.333333,1.0,0.0,1.0,35,0
WINNEBAGO,REVEL,2021,ELECTRICAL SYSTEM,2024-05-02,24V318000,0,,,,,,,,,20,0
VOLKSWAGEN,ATLAS CROSS SPORT,2020,AIR BAGS,2021-11-11,21V892000,1,2021-05-20,175,0.020512,1.0,2.166667,0.0,0.0,0.0,104,0
VOLKSWAGEN,ATLAS CROSS SPORT,2020,AIR BAGS,2022-03-24,22V152000,1,2022-01-20,63,0.032753,1.0,2.166667,1.0,1.0,0.0,152,0
VOLKSWAGEN,ATLAS CROSS SPORT,2020,AIR BAGS,2023-03-23,23V215000,0,,,,,,,,,148,0
VOLKSWAGEN,ATLAS CROSS SPORT,2020,AIR BAGS,2024-06-20,24V464000,1,2023-12-28,175,0.020512,1.0,2.166667,0.0,0.0,0.0,139,0
TESLA,MODEL Y,2021,ELECTRICAL SYSTEM,2022-01-27,22V045000;22V050000,1,2021-08-05,175,0.027111,5.0,1.203704,0.0,0.4,0.8,120,0
TESLA,MODEL Y,2021,ELECTRICAL SYSTEM,2022-02-03,22V063000,1,2021-08-12,175,0.027111,5.0,1.203704,0.0,0.4,0.8,123,0
TESLA,MODEL Y,2021,ELECTRICAL SYSTEM,2022-04-07,22V235000,1,2021-10-14,175,0.031614,4.0,0.866667,-1.0,0.5,0.5,148,0
TESLA,MODEL Y,2021,ELECTRICAL SYSTEM,2022-05-05,22V317000,1,2021-11-11,175,0.027296,2.0,0.393939,-1.0,0.5,1.0,155,0
TESLA,MODEL Y,2021,ELECTRICAL SYSTEM,2023-12-07,23V838000,1,2023-06-15,175,0.025591,4.0,0.912281,0.0,0.0,0.5,174,0
TESLA,MODEL Y,2021,ELECTRICAL SYSTEM,2024-01-25,24V051000,1,2023-08-03,175,0.031973,7.0,1.596491,0.0,0.285714,0.142857,175,0
TESLA,MODEL Y,2021,ELECTRICAL SYSTEM,2024-02-22,24V153000,1,2023-08-31,175,0.030611,8.0,1.650794,-1.0,0.25,0.25,177,0
TESLA,MODEL Y,2021,ELECTRICAL SYSTEM,2024-07-18,24V554000,1,2024-01-25,175,0.038794,2.0,0.393939,0.0,0.5,0.0,162,0
TESLA,MODEL Y,2021,LANE DEPARTURE,2022-05-05,22V317000,1,2021-11-11,175,0.033352,4.0,1.733333,1.0,0.75,0.25,155,0
TESLA,MODEL X,2018,FORWARD COLLISION AVOIDANCE,2021-10-28,21V846000,1,2021-05-06,175,0.020512,1.0,2.166667,0.0,0.0,0.0,98,0
VOLVO,XC90,2021,ELECTRICAL SYSTEM,2025-03-20,25V179000,1,2025-02-27,21,0.009409,1.0,4.333333,1.0,0.0,1.0,61,0
TESLA,MODEL S,2017,LATCHES/LOCKS/LINKAGES,2021-12-16,21V00B000,1,2021-10-07,70,0.024426,1.0,1.444444,1.0,0.0,0.0,96,0
KENWORTH,T880,2021,SERVICE BRAKES,2021-11-18,21V906000,0,,,,,,,,,3,0
KENWORTH,T880,2021,SERVICE BRAKES,2024-02-22,24V145000,0,,,,,,,,,0,0
KENWORTH,T880,2021,SERVICE BRAKES,2024-12-05,24V915000,0,,,,,,,,,1,0
WINNEBAGO,VISTA,2018,EXTERIOR LIGHTING,2024-09-26,24V733000,0,,,,,,,,,3,0
BMW,428I,2016,ELECTRICAL SYSTEM,2024-08-08,24V608000,1,2024-05-09,91,0.013191,1.0,4.333333,1.0,0.0,0.0,117,0
JEEP,WRANGLER,2021,ELECTRICAL SYSTEM,2023-11-16,23V787000,1,2023-05-25,175,0.027525,8.0,1.333333,0.0,0.0,0.5,231,0
JEEP,WRANGLER,2021,ELECTRICAL SYSTEM,2024-09-05,24V652000,1,2024-03-14,175,0.126559,52.0,2.68254,0.0,0.038462,0.269231,240,0
JEEP,WRANGLER,2021,ELECTRICAL SYSTEM,2025-10-30,25V741000,1,2025-05-08,175,0.035314,8.0,0.509804,-1.0,0.125,0.375,266,0
CHEVROLET,CAMARO,2021,POWER TRAIN,2025-03-06,25V148000,0,,,,,,,,,345,0
AUDI,A8,2016,ENGINE,2022-03-17,22V178000,0,,,,,,,,,114,0
LINCOLN,NAVIGATOR,2020,ELECTRICAL SYSTEM,2025-05-22,25V346000,0,,,,,,,,,72,0
VOLVO,XC90,2021,SERVICE BRAKES,2021-09-09,21V716000,1,2021-03-18,175,0.009208,1.0,4.333333,0.0,0.0,1.0,37,0
LINCOLN,MKX,2018,SERVICE BRAKES,2025-08-21,25V544000,0,,,,,,,,,79,0
ACURA,MDX,2019,FUEL/PROPULSION SYSTEM,2023-12-14,23V858000,1,2023-06-22,175,0.025815,1.0,1.083333,0.0,0.0,0.0,76,0
SUBARU,ASCENT,2021,ELECTRICAL SYSTEM,2022-12-08,22V907000,1,2022-09-22,77,0.024426,1.0,1.444444,1.0,0.0,0.0,163,0
CHRYSLER,PACIFICA,2020,FUEL/PROPULSION SYSTEM,2023-01-12,23V010000,1,2022-07-21,175,0.012911,1.0,4.333333,0.0,0.0,0.0,53,0
FORD,F-150,2021,BACK OVER PREVENTION,2025-05-08,25V315000,1,2024-11-14,175,0.01711,1.0,1.444444,0.0,0.0,1.0,595,0
MERCEDES-BENZ,GLE 450,2020,SEATS,2021-10-14,21V818000,0,,,,,,,,,171,0
AUDI,A5,2018,AIR BAGS,2021-11-04,21V874000,0,,,,,,,,,104,0
CHEVROLET,SILVERADO 1500,2021,AIR BAGS,2021-07-01,21V495000,1,2021-01-21,161,0.013191,1.0,4.333333,1.0,0.0,0.0,178,0
DODGE,DURANGO,2021,STRUCTURE,2021-10-28,21V842000,1,2021-10-28,0,0.020954,1.0,2.166667,1.0,0.0,0.0,31,0
DODGE,DURANGO,2021,STRUCTURE,2023-02-23,23V115000,1,2022-09-01,175,0.027025,1.0,0.866667,0.0,0.0,0.0,36,0
FLEETWOOD,FLAIR,2020,EQUIPMENT,2024-08-08,24V610000,0,,,,,,,,,0,0
BMW,R 1250 GS,2019,POWER TRAIN,2023-01-12,23V011000,0,,,,,,,,,79,0
ENTEGRA,ANTHEM,2018,FUEL/PROPULSION SYSTEM,2021-07-29,21V591000,1,2021-02-04,175,0.012911,1.0,4.333333,0.0,0.0,0.0,10,0
BMW,X3,2021,ELECTRICAL SYSTEM,2025-09-18,25V636000,1,2025-05-29,112,0.01498,1.0,2.166667,1.0,0.0,1.0,139,0
KIA,STINGER,2019,FUEL/PROPULSION SYSTEM,2023-09-07,23V634000,0,,,,,,,,,214,0
HONDA,PILOT,2021,VISIBILITY,2023-03-16,23V174000,1,2022-09-22,175,0.026881,2.0,1.083333,0.0,0.0,0.0,265,0
FORD,TRANSIT CONNECT,2017,VISIBILITY,2024-04-25,24V294000,1,2023-11-02,175,0.023913,1.0,1.444444,0.0,0.0,0.0,525,0
RAM,1500,2021,VISIBILITY,2024-10-10,24V754000,1,2024-08-22,49,0.009409,1.0,4.333333,1.0,0.0,1.0,130,0
MERCEDES-BENZ,SPRINTER 4500,2019,ELECTRICAL SYSTEM,2021-12-09,21V972000,1,2021-09-09,91,0.01498,1.0,2.166667,1.0,0.0,1.0,170,0
MERCEDES-BENZ,SPRINTER 4500,2019,ELECTRICAL SYSTEM,2022-05-19,22V360000,1,2021-11-25,175,0.014662,1.0,2.166667,0.0,0.0,1.0,151,0
MERCEDES-BENZ,SPRINTER 4500,2019,ELECTRICAL SYSTEM,2023-03-23,23V204000,0,,,,,,,,,196,0
MERCEDES-BENZ,SPRINTER 4500,2019,ELECTRICAL SYSTEM,2024-12-12,24V930000,1,2024-11-07,35,0.009409,1.0,4.333333,1.0,0.0,1.0,164,0
FORD,FLEX,2016,BACK OVER PREVENTION,2025-10-09,25V695000,1,2025-05-22,140,0.019118,2.0,2.888889,2.0,0.0,0.0,469,0
MERCEDES-BENZ,GLE 350,2021,ELECTRICAL SYSTEM,2022-05-19,22V365000,1,2022-01-27,112,0.009409,1.0,4.333333,1.0,0.0,1.0,133,0
MERCEDES-BENZ,GLE 350,2021,ELECTRICAL SYSTEM,2023-12-07,23V835000,1,2023-07-20,140,0.014805,1.0,4.333333,1.0,1.0,1.0,185,0
MERCEDES-BENZ,GLE 350,2021,ELECTRICAL SYSTEM,2024-09-26,24V724000,1,2024-04-25,154,0.027378,1.0,1.444444,1.0,1.0,1.0,180,0
MERCEDES-BENZ,GLE 350,2021,FUEL/PROPULSION SYSTEM,2023-12-21,23V880000,0,,,,,,,,,189,0
RAM,1500,2021,FUEL/PROPULSION SYSTEM,2022-10-13,22V767000,1,2022-04-21,175,0.025525,2.0,0.541667,0.0,0.0,0.5,112,0
VOLVO,S60,2020,ELECTRICAL SYSTEM,2025-03-20,25V179000,0,,,,,,,,,61,0
HONDA,RIDGELINE,2020,FUEL/PROPULSION SYSTEM,2023-12-14,23V858000,0,,,,,,,,,339,0
HONDA,RIDGELINE,2020,SERVICE BRAKES,2023-06-29,23V458000,0,,,,,,,,,312,0
TESLA,MODEL 3,2021,LANE DEPARTURE,2022-05-05,22V317000,1,2021-11-11,175,0.029546,1.0,1.083333,1.0,1.0,1.0,155,0
RAM,1500,2021,SERVICE BRAKES,2024-09-05,24V653000,1,2024-03-14,175,0.029614,1.0,0.433333,0.0,0.0,0.0,123,0
HONDA,RIDGELINE,2018,BACK OVER PREVENTION,2022-11-17,22V867000,1,2022-05-26,175,0.028839,4.0,1.333333,2.0,0.0,0.0,282,0
AUDI,A7,2020,ELECTRICAL SYSTEM,2022-03-10,22V155000,0,,,,,,,,,88,0
AUDI,A7,2020,ELECTRICAL SYSTEM,2022-11-17,22V861000,0,,,,,,,,,102,0
JEEP,WRANGLER,2021,POWER TRAIN,2023-02-23,23V116000,1,2022-09-01,175,0.025711,6.0,1.625,0.0,0.166667,0.5,204,0
JEEP,WRANGLER,2021,POWER TRAIN,2024-08-01,24V572000,1,2024-02-08,175,0.031629,7.0,0.81982,0.0,0.0,0.285714,239,0
HONDA,GL1800,2018,FUEL/PROPULSION SYSTEM,2024-02-15,24V113000,1,2023-12-21,56,0.013191,1.0,4.333333,1.0,0.0,0.0,334,0
MERCEDES-BENZ,C 300,2019,FUEL/PROPULSION SYSTEM,2021-12-09,21V961000,0,,,,,,,,,171,0
KTM,1290 SUPER DUKE R,2020,ELECTRICAL SYSTEM,2022-12-01,22V900000,0,,,,,,,,,8,0
TESLA,MODEL X,2021,ELECTRICAL SYSTEM,2022-01-27,22V045000;22V050000,1,2021-08-05,175,0.018481,1.0,1.083333,0.0,0.0,1.0,120,0
TESLA,MODEL X,2021,ELECTRICAL SYSTEM,2022-02-03,22V063000,1,2021-08-12,175,0.018481,1.0,1.083333,0.0,0.0,1.0,123,0
TESLA,MODEL X,2021,ELECTRICAL SYSTEM,2022-04-07,22V235000,0,,,,,,,,,149,0
TESLA,MODEL X,2021,ELECTRICAL SYSTEM,2023-10-05,23V679000,1,2023-07-27,70,0.013191,1.0,4.333333,1.0,0.0,0.0,168,0
TESLA,MODEL X,2021,ELECTRICAL SYSTEM,2023-12-07,23V838000,1,2023-07-27,133,0.013191,1.0,4.333333,1.0,0.0,0.0,174,0
TESLA,MODEL X,2021,ELECTRICAL SYSTEM,2024-01-25,24V051000,1,2023-08-03,175,0.012911,1.0,4.333333,0.0,0.0,0.0,175,0
TESLA,MODEL X,2021,ELECTRICAL SYSTEM,2024-02-22,24V153000,1,2023-08-31,175,0.012911,1.0,4.333333,0.0,0.0,0.0,177,0
TESLA,MODEL X,2021,ELECTRICAL SYSTEM,2024-07-18,24V554000,0,,,,,,,,,163,0
TESLA,MODEL X,2021,ELECTRICAL SYSTEM,2025-03-13,25V172000,0,,,,,,,,,147,0
FOREST RIVER,WILDWOOD,2021,ELECTRICAL SYSTEM,2025-10-09,25V682000,0,,,,,,,,,28,0
FORD,MUSTANG,2020,BACK OVER PREVENTION,2025-06-26,25V442000,1,2025-02-27,119,0.020954,1.0,2.166667,1.0,0.0,0.0,533,0
FORD,MUSTANG,2020,BACK OVER PREVENTION,2025-10-09,25V695000,1,2025-04-17,175,0.020512,1.0,2.166667,0.0,0.0,0.0,563,0
NISSAN,SENTRA,2020,EXTERIOR LIGHTING,2022-04-07,22V244000,0,,,,,,,,,225,0
FORD,EDGE,2017,BACK OVER PREVENTION,2025-08-28,25V572000,1,2025-04-03,147,0.01498,1.0,2.166667,1.0,0.0,1.0,481,0
VOLKSWAGEN,ATLAS,2021,WHEELS,2021-10-14,21V812000,1,2021-04-22,175,0.012911,1.0,4.333333,0.0,0.0,0.0,77,0
FORD,F-150,2021,ELECTRICAL SYSTEM,2022-03-24,22V193000,1,2021-09-30,175,0.022334,3.0,1.625,0.0,0.0,0.333333,278,0
FORD,F-150,2021,ELECTRICAL SYSTEM,2024-06-13,24V443000,1,2023-12-21,175,0.03164,4.0,0.693333,0.0,0.0,0.0,609,0
FORD,F-150,2021,ELECTRICAL SYSTEM,2025-02-27,25V132000,1,2024-09-05,175,0.03176,5.0,0.866667,0.0,0.0,0.0,604,0
AUDI,A3,2018,FUEL/PROPULSION SYSTEM,2024-02-08,24V110000,0,,,,,,,,,131,0
RAM,3500,2019,VISIBILITY,2022-01-27,22V035000,0,,,,,,,,,122,0
GMC,SIERRA 1500,2020,TIRES,2021-12-16,21V985000,1,2021-10-21,56,0.01498,1.0,2.166667,1.0,0.0,1.0,123,0
TESLA,MODEL 3,2021,ELECTRICAL SYSTEM,2022-01-27,22V045000;22V050000,1,2021-08-05,175,0.030085,3.0,1.625,0.0,0.666667,0.333333,120,0
TESLA,MODEL 3,2021,ELECTRICAL SYSTEM,2022-02-03,22V063000,1,2021-08-12,175,0.030085,3.0,1.625,0.0,0.666667,0.333333,123,0
TESLA,MODEL 3,2021,ELECTRICAL SYSTEM,2022-04-07,22V235000,1,2021-10-14,175,0.027574,2.0,0.962963,0.0,0.0,0.0,148,0
TESLA,MODEL 3,2021,ELECTRICAL SYSTEM,2022-04-14,22V263000,1,2021-10-21,175,0.027574,2.0,0.962963,0.0,0.0,0.0,147,0
TESLA,MODEL 3,2021,ELECTRICAL SYSTEM,2022-05-05,22V317000,1,2021-11-11,175,0.028741,2.0,0.866667,1.0,0.0,0.0,155,0
TESLA,MODEL 3,2021,ELECTRICAL SYSTEM,2023-12-07,23V838000,1,2023-06-15,175,0.031896,2.0,0.541667,0.0,0.5,0.5,174,0
TESLA,MODEL 3,2021,ELECTRICAL SYSTEM,2024-01-25,24V051000,1,2023-08-03,175,0.029284,2.0,0.577778,-1.0,0.0,0.0,175,0
TESLA,MODEL 3,2021,ELECTRICAL SYSTEM,2024-02-22,24V153000,1,2023-08-31,175,0.029908,2.0,0.577778,0.0,0.0,0.0,177,0
TESLA,MODEL 3,2021,ELECTRICAL SYSTEM,2024-07-18,24V554000,1,2024-01-25,175,0.028578,2.0,0.962963,-1.0,0.5,0.5,162,0
TESLA,MODEL 3,2021,VISIBILITY,2022-01-27,22V050000,1,2021-12-02,56,0.020954,1.0,2.166667,1.0,0.0,0.0,120,0
TESLA,MODEL 3,2021,VISIBILITY,2022-09-15,22V702000,1,2022-03-24,175,0.022121,8.0,3.151515,0.0,0.0,0.0,165,0
RAM,4500,2019,FUEL/PROPULSION SYSTEM,2021-11-11,21V880000,0,,,,,,,,,132,0
HONDA,CR-V,2021,FUEL/PROPULSION SYSTEM,2023-12-14,23V858000,1,2023-07-13,154,0.013191,1.0,4.333333,1.0,0.0,0.0,330,0
LINCOLN,MKX,2017,SERVICE BRAKES,2025-08-21,25V544000,0,,,,,,,,,70,0
RAM,1500,2021,STEERING,2021-11-18,21V918000,1,2021-05-27,175,0.013086,2.0,2.888889,0.0,0.0,1.0,75,0
RAM,1500,2021,STEERING,2025-11-06,25V765000,1,2025-05-15,175,0.022979,5.0,1.354167,-1.0,0.0,0.6,125,0
FOREST RIVER,SALEM,2020,EQUIPMENT,2021-08-05,21V621000,1,2021-02-18,168,0.014041,2.0,4.333333,2.0,0.0,0.0,75,0
GENESIS,G80,2018,ELECTRICAL SYSTEM,2024-02-08,24V107000,0,,,,,,,,,7,0
RAM,1500,2020,BACK OVER PREVENTION,2022-08-25,22V638000,1,2022-03-03,175,0.018319,2.0,2.888889,0.0,0.0,0.0,128,0
CHEVROLET,SILVERADO 2500,2020,POWER TRAIN,2024-10-24,24V797000,1,2024-05-02,175,0.027025,1.0,0.866667,0.0,0.0,0.0,331,0
AUDI,S7,2017,ENGINE,2022-03-17,22V178000,0,,,,,,,,,119,0
INTERNATIONAL,LONESTAR,2019,SERVICE BRAKES,2025-11-20,25V817000,0,,,,,,,,,3,0
INTERNATIONAL,LONESTAR,2019,ELECTRICAL SYSTEM,2022-07-28,22V546000,0,,,,,,,,,5,0
INTERNATIONAL,LONESTAR,2019,ELECTRICAL SYSTEM,2023-04-06,23V248000,0,,,,,,,,,0,0
INTERNATIONAL,LONESTAR,2019,ELECTRICAL SYSTEM,2025-11-20,25V817000,0,,,,,,,,,3,0
ALFA ROMEO,STELVIO,2018,FUEL/PROPULSION SYSTEM,2025-09-04,25V586000,1,2025-07-10,56,0.020954,1.0,2.166667,1.0,0.0,0.0,21,0
SUBARU,LEGACY,2020,POWER TRAIN,2021-12-09,21V955000,0,,,,,,,,,190,0
SUBARU,LEGACY,2020,POWER TRAIN,2022-07-07,22V485000,0,,,,,,,,,177,0
NISSAN,TITAN,2020,POWER TRAIN,2022-06-23,22V457000,0,,,,,,,,,213,0
NISSAN,TITAN,2020,POWER TRAIN,2022-09-01,22V671000,0,,,,,,,,,214,0
FORD,F-150,2019,BACK OVER PREVENTION,2022-04-14,22V252000,0,,,,,,,,,350,0
FORD,F-150,2019,BACK OVER PREVENTION,2025-06-26,25V442000,1,2025-04-17,70,0.029084,1.0,0.619048,1.0,0.0,0.0,492,0
NISSAN,VERSA,2021,STEERING,2022-09-15,22V693000,0,,,,,,,,,183,0
NISSAN,VERSA,2021,STEERING,2023-07-13,23V496000,0,,,,,,,,,231,0
NISSAN,ROGUE,2021,ENGINE,2025-06-26,25V437000,1,2025-01-02,175,0.022334,3.0,1.625,0.0,0.0,0.333333,236,0
ACURA,MDX,2020,FUEL/PROPULSION SYSTEM,2023-12-14,23V858000,1,2023-06-22,175,0.013086,2.0,2.888889,0.0,0.0,1.0,71,0
CHEVROLET,TRAVERSE,2020,AIR BAGS,2022-03-31,22V210000,1,2021-10-07,175,0.032071,1.0,2.166667,0.0,1.0,0.0,305,0
WINNEBAGO,JOURNEY,2017,EXTERIOR LIGHTING,2024-09-26,24V733000,0,,,,,,,,,3,0
GENESIS,GV80,2021,FUEL/PROPULSION SYSTEM,2023-09-07,23V630000,1,2023-04-13,147,0.013191,1.0,4.333333,1.0,0.0,0.0,33,0
NEWMAR,DUTCH STAR,2018,STRUCTURE,2021-07-22,21V571000,1,2021-03-04,140,0.009409,1.0,4.333333,1.0,0.0,1.0,24,0
RAM,2500,2020,VISIBILITY,2022-01-27,22V035000,1,2021-12-23,35,0.020954,1.0,2.166667,1.0,0.0,0.0,116,0
WINNEBAGO,TRAVATO,2021,STRUCTURE,2022-09-15,22V696000,0,,,,,,,,,12,0
WINNEBAGO,TRAVATO,2021,STRUCTURE,2023-09-07,23V627000,0,,,,,,,,,36,0
WINNEBAGO,TRAVATO,2021,ELECTRICAL SYSTEM,2021-10-07,21V793000,1,2021-04-15,175,0.014492,1.0,4.333333,0.0,1.0,1.0,10,0
INFINITI,QX50,2020,ENGINE,2025-06-26,25V437000,1,2025-05-29,28,0.009409,1.0,4.333333,1.0,0.0,1.0,19,0
HONDA,ACCORD HYBRID,2019,FUEL/PROPULSION SYSTEM,2023-12-14,23V858000,1,2023-06-22,175,0.009208,1.0,4.333333,0.0,0.0,1.0,353,0
AUDI,Q7,2020,FORWARD COLLISION AVOIDANCE,2023-03-23,23V212000,0,,,,,,,,,136,0
NEWMAR,BAY STAR,2020,STRUCTURE,2021-07-22,21V571000,1,2021-03-04,140,0.013191,1.0,4.333333,1.0,0.0,0.0,18,0
MERCEDES-BENZ,SPRINTER 2500,2019,ELECTRICAL SYSTEM,2021-12-09,21V972000,1,2021-07-29,133,0.020954,1.0,2.166667,1.0,0.0,0.0,170,0
MERCEDES-BENZ,SPRINTER 2500,2019,ELECTRICAL SYSTEM,2022-05-19,22V360000,1,2021-11-25,175,0.023913,1.0,1.444444,0.0,0.0,0.0,151,0
MERCEDES-BENZ,SPRINTER 2500,2019,ELECTRICAL SYSTEM,2023-03-23,23V204000,0,,,,,,,,,196,0
MERCEDES-BENZ,SPRINTER 2500,2019,ELECTRICAL SYSTEM,2024-12-12,24V930000,1,2024-06-20,175,0.009208,1.0,4.333333,0.0,0.0,1.0,164,0
JEEP,CHEROKEE,2021,AIR BAGS,2024-07-04,24V516000,0,,,,,,,,,237,0
GMC,YUKON,2021,SERVICE BRAKES,2021-07-29,21V579000,1,2021-03-11,140,0.009409,1.0,4.333333,1.0,0.0,1.0,98,0
MERCEDES-BENZ,SPRINTER 3500,2019,STRUCTURE,2023-12-21,23V875000;23V876000,0,,,,,,,,,169,0
VOLKSWAGEN,TIGUAN,2021,STRUCTURE,2022-03-31,22V226000,1,2021-12-02,119,0.024426,1.0,1.444444,1.0,0.0,0.0,145,0
MERCEDES-BENZ,GLS 450,2020,FUEL/PROPULSION SYSTEM,2021-12-09,21V961000,1,2021-08-05,126,0.01498,1.0,2.166667,1.0,0.0,1.0,174,0
HONDA,PILOT,2020,FUEL/PROPULSION SYSTEM,2023-12-14,23V858000,1,2023-06-22,175,0.025815,1.0,1.083333,0.0,0.0,0.0,338,0
CHEVROLET,SILVERADO 1500,2021,POWER TRAIN,2024-10-24,24V797000,1,2024-05-02,175,0.02944,1.0,0.361111,-1.0,0.0,0.0,321,0
HONDA,CR-V HYBRID,2020,ELECTRICAL SYSTEM,2023-12-07,23V844000,1,2023-08-24,105,0.01498,1.0,2.166667,1.0,0.0,1.0,342,0
GMC,SIERRA 1500,2019,TIRES,2021-12-16,21V985000,0,,,,,,,,,124,0
MERCEDES-BENZ,C 300,2019,COMMUNICATION,2022-05-19,22V365000,0,,,,,,,,,152,0
FORD,EXPLORER,2021,SUSPENSION,2021-11-04,21V870000,1,2021-05-13,175,0.012911,1.0,4.333333,0.0,0.0,0.0,222,0
BMW,X7,2020,ENGINE,2024-08-01,24V576000,1,2024-02-08,175,0.023002,1.0,2.166667,0.0,1.0,1.0,123,0
PORSCHE,TAYCAN,2021,ELECTRICAL SYSTEM,2023-03-16,23V176000,1,2022-12-08,98,0.022293,2.0,2.166667,2.0,0.0,0.0,33,0
PORSCHE,TAYCAN,2021,ELECTRICAL SYSTEM,2023-05-11,23V347000,1,2022-12-08,154,0.022293,2.0,2.166667,2.0,0.0,0.0,33,0
PORSCHE,TAYCAN,2021,ELECTRICAL SYSTEM,2023-12-07,23V840000;23V841000,1,2023-08-10,119,0.03188,1.0,0.722222,1.0,1.0,1.0,23,0
PORSCHE,TAYCAN,2021,ELECTRICAL SYSTEM,2024-03-14,24V215000;24V217000,1,2023-09-21,175,0.031216,1.0,0.722222,0.0,1.0,1.0,26,0
PORSCHE,TAYCAN,2021,ELECTRICAL SYSTEM,2024-09-26,24V731000;24V732000,1,2024-07-04,84,0.01748,1.0,1.444444,1.0,0.0,1.0,30,0
PORSCHE,TAYCAN,2021,POWER TRAIN,2022-06-02,22V404000,0,,,,,,,,,39,0
JEEP,GLADIATOR,2021,ELECTRICAL SYSTEM,2024-09-05,24V652000,1,2024-03-14,175,0.025815,1.0,1.083333,0.0,0.0,0.0,240,0
JEEP,GLADIATOR,2021,ENGINE,2022-10-13,22V767000,1,2022-04-21,175,0.023259,2.0,0.393939,2.0,0.0,1.0,186,0
AUDI,S6,2015,ENGINE,2022-03-17,22V178000,1,2021-09-23,175,0.01711,1.0,1.444444,0.0,0.0,1.0,91,0
MERCEDES-BENZ,SL 450,2020,ELECTRICAL SYSTEM,2022-05-19,22V365000,0,,,,,,,,,180,0
MERCEDES-BENZ,SL 450,2020,COMMUNICATION,2022-05-19,22V365000,0,,,,,,,,,180,0
FORD,MUSTANG MACH E,2021,BACK OVER PREVENTION,2025-05-08,25V315000,1,2024-11-21,168,0.020954,1.0,2.166667,1.0,0.0,0.0,595,0
JEEP,WRANGLER,2021,SEAT BELTS,2022-10-13,22V766000,0,,,,,,,,,187,0
MERCEDES-BENZ,A 220,2020,ELECTRICAL SYSTEM,2022-05-19,22V365000,1,2022-02-24,84,0.024426,1.0,1.444444,1.0,0.0,0.0,179,0
MERCEDES-BENZ,A 220,2020,COMMUNICATION,2022-05-19,22V365000,0,,,,,,,,,180,0
MERCEDES-BENZ,SPRINTER 4500,2019,POWER TRAIN,2022-10-20,22V796000,0,,,,,,,,,185,0
TESLA,MODEL Y,2020,EXTERIOR LIGHTING,2022-11-10,22V844000,1,2022-07-28,105,0.026367,1.0,1.083333,1.0,0.0,0.0,132,0
INFINITI,M56,2013,POWER TRAIN,2024-06-20,24V470000,0,,,,,,,,,26,0
HYUNDAI,SONATA,2021,VISIBILITY,2021-12-23,21V00M000,1,2021-10-28,56,0.020954,1.0,2.166667,1.0,0.0,0.0,179,0
GMC,SIERRA 1500,2021,POWER TRAIN,2024-10-24,24V797000,1,2024-08-29,56,0.013191,1.0,4.333333,1.0,0.0,0.0,152,0
FCCC,XBR,2018,ELECTRICAL SYSTEM,2021-12-23,21V00H000,0,,,,,,,,,3,0
FCCC,XBR,2018,EXTERIOR LIGHTING,2021-12-23,21V00H000,0,,,,,,,,,3,0
KIA,STINGER,2021,ELECTRICAL SYSTEM,2021-11-04,21V862000,1,2021-05-13,175,0.009208,1.0,4.333333,0.0,0.0,1.0,138,0
KIA,STINGER,2021,FUEL/PROPULSION SYSTEM,2023-09-07,23V634000,0,,,,,,,,,264,0
JEEP,GRAND CHEROKEE,2021,STEERING,2023-05-18,23V352000,1,2022-11-24,175,0.031631,7.0,0.594771,0.0,0.0,0.428571,224,0
JEEP,GRAND CHEROKEE,2021,STEERING,2024-02-22,24V132000,1,2023-08-31,175,0.022976,5.0,1.140351,0.0,0.0,0.8,239,0
FORD,TRANSIT,2020,POWER TRAIN,2021-12-16,21V978000,1,2021-06-24,175,0.020512,1.0,2.166667,0.0,0.0,0.0,344,0
MCLAREN,600LT,2020,ENGINE,2023-07-13,23V484000,0,,,,,,,,,0,0
BMW,X3,2020,ENGINE,2021-07-29,21V598000,1,2021-04-01,119,0.014805,1.0,4.333333,1.0,1.0,1.0,92,0
ACURA,ILX,2020,FUEL/PROPULSION SYSTEM,2023-12-14,23V858000,0,,,,,,,,,72,0
TESLA,MODEL X,2021,FORWARD COLLISION AVOIDANCE,2021-10-28,21V846000,1,2021-05-06,175,0.014492,1.0,4.333333,0.0,1.0,1.0,91,0
TESLA,MODEL X,2021,FORWARD COLLISION AVOIDANCE,2022-02-03,22V063000,1,2021-08-26,161,0.020954,1.0,2.166667,1.0,0.0,0.0,123,0
TESLA,MODEL X,2021,FORWARD COLLISION AVOIDANCE,2022-04-07,22V235000,1,2021-10-14,175,0.020512,1.0,2.166667,0.0,0.0,0.0,148,0
TESLA,MODEL X,2021,FORWARD COLLISION AVOIDANCE,2024-02-22,24V153000,0,,,,,,,,,178,0
HONDA,HR-V,2020,FUEL/PROPULSION SYSTEM,2023-12-14,23V858000,0,,,,,,,,,339,0
HONDA,ODYSSEY,2020,BACK OVER PREVENTION,2023-06-15,23V431000,1,2023-05-18,28,0.01748,1.0,1.444444,1.0,0.0,1.0,309,0
BMW,X7,2020,ELECTRICAL SYSTEM,2024-08-01,24V576000,1,2024-03-07,147,0.020954,1.0,2.166667,1.0,0.0,0.0,123,0
BMW,X7,2020,ELECTRICAL SYSTEM,2025-09-25,25V644000,1,2025-04-03,175,0.009208,1.0,4.333333,0.0,0.0,1.0,166,0
RAM,1500,2021,ENGINE,2022-10-13,22V767000,1,2022-04-21,175,0.059027,26.0,1.173611,3.0,0.0,0.653846,112,0
KIA,TELLURIDE,2021,SEATS,2024-05-30,24V407000,0,,,,,,,,,235,0
FORD,BRONCO SPORT,2021,FUEL/PROPULSION SYSTEM,2021-08-05,21V625000,1,2021-04-01,126,0.009409,1.0,4.333333,1.0,0.0,1.0,211,0
FORD,BRONCO SPORT,2021,FUEL/PROPULSION SYSTEM,2022-11-17,22V859000,1,2022-06-23,147,0.027603,1.0,0.866667,1.0,0.0,0.0,500,0
FORD,BRONCO SPORT,2021,FUEL/PROPULSION SYSTEM,2025-03-13,25V165000,1,2024-09-19,175,0.026938,3.0,1.444444,0.0,0.333333,0.333333,603,0
FORD,BRONCO SPORT,2021,FUEL/PROPULSION SYSTEM,2025-07-10,25V467000,1,2025-01-16,175,0.025628,4.0,1.333333,-1.0,0.25,0.5,612,0
VOLKSWAGEN,ATLAS,2020,AIR BAGS,2022-03-24,22V152000,1,2022-03-17,7,0.016164,2.0,2.888889,2.0,0.0,0.5,152,0
VOLKSWAGEN,ATLAS,2020,AIR BAGS,2023-03-23,23V215000,0,,,,,,,,,148,0
TESLA,MODEL Y,2020,SEAT BELTS,2022-01-27,22V045000,1,2021-08-05,175,0.020512,1.0,2.166667,0.0,0.0,0.0,123,0
TESLA,MODEL Y,2020,SEAT BELTS,2024-05-23,24V376000,1,2023-11-30,175,0.023411,1.0,1.444444,-1.0,0.0,0.0,130,0
JEEP,WRANGLER,2021,BACK OVER PREVENTION,2022-08-25,22V638000,0,,,,,,,,,184,0
JEEP,WRANGLER,2021,BACK OVER PREVENTION,2024-09-12,24V676000,0,,,,,,,,,238,0
HONDA,PASSPORT,2021,SERVICE BRAKES,2023-06-29,23V458000,1,2023-01-05,175,0.026805,1.0,1.444444,0.0,1.0,1.0,307,0
NISSAN,ROGUE,2021,SERVICE BRAKES,2023-11-16,23V791000,1,2023-05-25,175,0.030281,1.0,0.866667,0.0,1.0,1.0,232,0
TESLA,MODEL S,2018,BACK OVER PREVENTION,2022-03-17,22V169000,0,,,,,,,,,102,0
MERCEDES-BENZ,E 450,2021,ELECTRICAL SYSTEM,2022-05-19,22V365000,0,,,,,,,,,134,0
MERCEDES-BENZ,E 450,2021,ELECTRICAL SYSTEM,2022-09-29,22V733000,0,,,,,,,,,199,0
MERCEDES-BENZ,E 450,2021,ELECTRICAL SYSTEM,2024-02-08,24V100000,0,,,,,,,,,203,0
THOR MOTOR COACH,ARIA,2019,STRUCTURE,2021-07-08,21V522000,1,2021-04-08,91,0.020711,1.0,4.333333,1.0,1.0,0.0,11,0
ALFA ROMEO,GIULIA,2019,AIR BAGS,2024-06-27,24V510000,0,,,,,,,,,25,0
AUDI,RS 7,2015,ENGINE,2022-03-17,22V178000,0,,,,,,,,,92,0
AUDI,A3,2015,FUEL/PROPULSION SYSTEM,2024-02-08,24V110000,1,2023-12-28,42,0.01748,1.0,1.444444,1.0,0.0,1.0,61,0
RAM,PROMASTER,2021,SEAT BELTS,2021-09-09,21V699000,1,2021-04-08,154,0.013191,1.0,4.333333,1.0,0.0,0.0,67,0
RAM,1500,2021,STRUCTURE,2022-12-08,22V904000,1,2022-07-28,133,0.019771,1.0,0.866667,1.0,0.0,1.0,119,0
FORD,TRANSIT CONNECT,2019,POWER TRAIN,2022-06-09,22V413000,0,,,,,,,,,385,0
FORD,TRANSIT CONNECT,2019,POWER TRAIN,2025-03-27,25V196000,1,2024-12-12,105,0.01748,1.0,1.444444,1.0,0.0,1.0,488,0
HONDA,RIDGELINE,2019,BACK OVER PREVENTION,2022-11-17,22V867000,1,2022-05-26,175,0.012911,1.0,4.333333,0.0,0.0,0.0,298,0
HYUNDAI,PALISADE,2021,SEAT BELTS,2025-09-11,25V607000,1,2025-03-20,175,0.042628,24.0,2.6,-3.0,0.0,0.125,324,0
HYUNDAI,PALISADE,2020,SEAT BELTS,2025-09-11,25V607000,1,2025-03-20,175,0.023775,6.0,2.166667,0.0,0.0,0.166667,253,0
KIA,SORENTO,2021,ELECTRICAL SYSTEM,2025-09-25,25V649000,1,2025-04-03,175,0.021259,3.0,1.857143,0.0,0.0,0.333333,258,0
DODGE,DURANGO,2021,ENGINE,2022-04-28,22V284000,1,2022-02-17,70,0.023496,1.0,2.166667,1.0,1.0,1.0,40,0
MERCEDES-BENZ,SPRINTER 3500,2020,STRUCTURE,2023-12-21,23V874000;23V875000;23V876000,0,,,,,,,,,158,0
MERCEDES-BENZ,SPRINTER 3500,2020,ELECTRICAL SYSTEM,2021-12-09,21V972000,1,2021-06-17,175,0.012911,1.0,4.333333,0.0,0.0,0.0,174,0
MERCEDES-BENZ,SPRINTER 3500,2020,ELECTRICAL SYSTEM,2022-05-19,22V360000,1,2021-11-25,175,0.01498,1.0,2.166667,1.0,0.0,1.0,179,0
MERCEDES-BENZ,SPRINTER 3500,2020,ELECTRICAL SYSTEM,2023-03-23,23V204000,1,2022-09-29,175,0.020512,1.0,2.166667,0.0,0.0,0.0,195,0
MERCEDES-BENZ,SPRINTER 3500,2020,ELECTRICAL SYSTEM,2024-12-12,24V930000,1,2024-11-07,35,0.009409,1.0,4.333333,1.0,0.0,1.0,169,0
MERCEDES-BENZ,GLC 300,2019,ELECTRICAL SYSTEM,2022-05-19,22V365000,1,2021-12-09,161,0.020954,1.0,2.166667,1.0,0.0,0.0,151,0
MITSUBISHI,OUTLANDER,2020,STRUCTURE,2025-08-07,25V507000,0,,,,,,,,,28,0
AUDI,SQ5,2021,ELECTRICAL SYSTEM,2021-12-02,21V947000,1,2021-06-10,175,0.012911,1.0,4.333333,0.0,0.0,0.0,65,0
LINCOLN,AVIATOR,2020,STRUCTURE,2025-06-12,25V407000,1,2024-12-19,175,0.02008,1.0,2.166667,-1.0,0.0,0.0,72,0
KIA,STINGER,2021,ENGINE,2024-02-29,24V169000,0,,,,,,,,,242,0
AUDI,Q8,2021,SEAT BELTS,2021-08-05,21V606000,1,2021-04-15,112,0.013191,1.0,4.333333,1.0,0.0,0.0,42,0
FORD,F-150,2021,ENGINE,2024-08-22,24V635000,1,2024-04-18,126,0.021863,1.0,0.393939,1.0,0.0,1.0,616,0
FORD,BRONCO SPORT,2021,VISIBILITY,2021-10-14,21V809000,1,2021-04-22,175,0.020275,1.0,4.333333,0.0,1.0,0.0,220,0
HONDA,CR-V HYBRID,2021,ELECTRICAL SYSTEM,2023-12-07,23V844000,1,2023-06-15,175,0.014662,1.0,2.166667,0.0,0.0,1.0,337,0
NISSAN,ROGUE,2021,FUEL/PROPULSION SYSTEM,2021-12-09,21V957000,1,2021-06-17,175,0.009208,1.0,4.333333,0.0,0.0,1.0,141,0
MERCEDES-BENZ,C 300,2018,COMMUNICATION,2022-05-19,22V365000,0,,,,,,,,,142,0
CHEVROLET,MALIBU,2021,SEATS,2022-05-19,22V359000,0,,,,,,,,,207,0
MERCEDES-BENZ,GLC 300,2021,FUEL/PROPULSION SYSTEM,2023-06-22,23V445000,0,,,,,,,,,176,0
FORD,F-350,2015,BACK OVER PREVENTION,2025-04-17,25V270000,0,,,,,,,,,437,0
TOYOTA,HIGHLANDER,2021,TIRES,2024-06-13,24V452000,0,,,,,,,,,305,0
FOREST RIVER,AMERA-LITE,2017,EQUIPMENT,2023-01-19,23V015000,0,,,,,,,,,19,0
FORD,BRONCO SPORT,2021,POWER TRAIN,2024-04-11,24V267000,1,2023-10-19,175,0.018762,5.0,2.407407,0.0,0.0,0.6,618,0
FORD,BRONCO SPORT,2021,POWER TRAIN,2025-03-13,25V158000,1,2024-09-19,175,0.042917,22.0,2.166667,2.0,0.0,0.454545,603,0
TRIUMPH,ROCKET 3 R,2020,SERVICE BRAKES,2023-10-26,23V730000,1,2023-10-12,14,0.01498,1.0,2.166667,1.0,0.0,1.0,2,0
TESLA,MODEL 3,2017,FORWARD COLLISION AVOIDANCE,2021-10-28,21V846000,1,2021-05-06,175,0.009208,1.0,4.333333,0.0,0.0,1.0,102,0
TESLA,MODEL 3,2017,FORWARD COLLISION AVOIDANCE,2022-02-03,22V063000,1,2021-08-12,175,0.020548,2.0,2.888889,0.0,1.0,1.0,100,0
TESLA,MODEL 3,2017,FORWARD COLLISION AVOIDANCE,2022-04-07,22V235000,1,2022-01-06,91,0.01749,2.0,1.733333,2.0,0.0,1.0,104,0
MERCEDES-BENZ,GLC 300,2020,STRUCTURE,2023-12-14,23V854000,0,,,,,,,,,154,0
CHRYSLER,PACIFICA,2021,ELECTRICAL SYSTEM,2023-01-12,23V010000,1,2022-07-21,175,0.027416,8.0,1.155556,0.0,0.0,0.625,54,0
TOYOTA,RAV4,2021,AIR BAGS,2023-12-14,23V865000,1,2023-06-22,175,0.028325,1.0,1.083333,-1.0,1.0,1.0,290,0
FORD,EXPLORER,2021,ELECTRICAL SYSTEM,2023-09-07,23V626000,1,2023-04-13,147,0.029546,1.0,1.083333,1.0,1.0,1.0,577,0
FORD,EXPLORER,2021,POWER TRAIN,2023-02-09,23V069000,1,2022-08-18,175,0.024233,6.0,2.166667,0.0,0.166667,0.333333,537,0
FORD,EXPLORER,2021,POWER TRAIN,2023-03-23,23V199000,1,2022-09-29,175,0.026351,7.0,1.685185,0.0,0.0,0.285714,538,0
FORD,EXPLORER,2021,POWER TRAIN,2023-10-05,23V675000,1,2023-04-13,175,0.031126,6.0,1.181818,2.0,0.166667,0.333333,579,0
FORD,EXPLORER,2021,POWER TRAIN,2025-03-13,25V166000,1,2024-09-19,175,0.032096,4.0,0.525253,-1.0,0.0,0.0,603,0
SUBARU,IMPREZA,2018,EXTERIOR LIGHTING,2022-08-11,22V624000,0,,,,,,,,,153,0
KIA,FORTE KOUP,2010,SERVICE BRAKES,2023-09-21,23V652000,0,,,,,,,,,67,0
TOYOTA,VENZA HYBRID,2021,EXTERIOR LIGHTING,2022-01-20,22V033000,0,,,,,,,,,213,0
ENTEGRA,ODYSSEY,2021,STEERING,2022-04-28,22V290000,0,,,,,,,,,5,0
ENTEGRA,ODYSSEY,2021,STEERING,2024-03-28,24V245000,0,,,,,,,,,5,0
MERCEDES-BENZ,SPRINTER 2500,2021,EQUIPMENT,2022-02-03,22V073000,0,,,,,,,,,120,0
LAND ROVER,DISCOVERY,2020,ELECTRICAL SYSTEM,2023-06-01,23V393000,1,2022-12-08,175,0.012911,1.0,4.333333,0.0,0.0,0.0,41,0
FORD,MUSTANG MACH E,2021,ELECTRICAL SYSTEM,2022-06-09,22V412000,1,2022-01-06,154,0.018879,1.0,1.083333,1.0,0.0,1.0,358,0
FORD,MUSTANG MACH E,2021,ELECTRICAL SYSTEM,2023-10-12,23V687000,1,2023-04-20,175,0.024923,5.0,0.442177,0.0,0.0,1.0,577,0
FORD,MUSTANG MACH E,2021,ELECTRICAL SYSTEM,2025-02-27,25V130000,1,2024-09-05,175,0.030257,9.0,1.114286,3.0,0.0,0.666667,604,0
FORD,MUSTANG MACH E,2021,ELECTRICAL SYSTEM,2025-06-12,25V404000,1,2024-12-19,175,0.024163,5.0,0.902778,0.0,0.0,0.8,594,0
FORD,MUSTANG MACH E,2021,POWER TRAIN,2022-05-12,22V333000,1,2021-11-18,175,0.020512,1.0,2.166667,0.0,0.0,0.0,328,0
FORD,MUSTANG MACH E,2021,VEHICLE SPEED CONTROL,2022-05-12,22V333000,1,2022-04-21,21,0.020954,1.0,2.166667,1.0,0.0,0.0,328,0
MERCEDES-BENZ,GLA 250,2017,COMMUNICATION,2022-05-19,22V365000,0,,,,,,,,,134,0
YAMAHA,FJR1300,2016,ENGINE,2021-11-04,21V865000,1,2021-05-13,175,0.012911,1.0,4.333333,0.0,0.0,0.0,4,0
MERCEDES-BENZ,CLA 250,2018,COMMUNICATION,2022-05-19,22V365000,0,,,,,,,,,142,0
FREIGHTLINER,CASCADIA,2017,SERVICE BRAKES,2022-10-27,22V817000,0,,,,,,,,,3,0
FREIGHTLINER,CASCADIA,2017,SERVICE BRAKES,2023-02-09,23V073000,0,,,,,,,,,7,0
RAM,3500,2020,STRUCTURE,2022-12-08,22V904000,0,,,,,,,,,131,0
FORD,F-150,2021,SERVICE BRAKES,2021-07-15,21V533000,1,2021-05-06,70,0.009409,1.0,4.333333,1.0,0.0,1.0,206,0
GMC,ACADIA,2021,BACK OVER PREVENTION,2022-09-22,22V709000,1,2022-05-05,140,0.027378,1.0,1.444444,1.0,1.0,1.0,129,0
FORD,E-450,2021,SERVICE BRAKES,2022-02-10,22V089000,0,,,,,,,,,264,0
FORD,E-450,2021,SERVICE BRAKES,2024-02-08,24V097000,1,2023-08-17,175,0.021365,2.0,2.166667,0.0,0.0,0.0,603,0
FORD,TRANSIT CONNECT,2019,VISIBILITY,2024-04-25,24V294000,0,,,,,,,,,518,0
FORD,TRANSIT CONNECT,2019,BACK OVER PREVENTION,2025-06-26,25V442000,0,,,,,,,,,493,0
ACURA,ILX,2019,FUEL/PROPULSION SYSTEM,2023-12-14,23V858000,0,,,,,,,,,77,0
TOYOTA,SIENNA HYBRID,2021,SEATS,2025-02-13,25V086000,0,,,,,,,,,296,0
BMW,X4,2016,ENGINE,2024-08-08,24V608000,0,,,,,,,,,118,0
RAM,1500,2021,AIR BAGS,2021-11-18,21V925000,1,2021-05-27,175,0.014492,1.0,4.333333,0.0,1.0,1.0,75,0
RAM,1500,2021,AIR BAGS,2025-05-08,25V298000,1,2024-11-14,175,0.023913,1.0,1.444444,0.0,0.0,0.0,125,0
RAM,1500,2021,AIR BAGS,2025-11-06,25V765000,1,2025-05-15,175,0.02099,2.0,2.888889,1.0,1.0,1.0,125,0
VOLVO,VN,2020,ELECTRICAL SYSTEM,2024-10-17,24V790000,0,,,,,,,,,44,0
NISSAN,ROGUE SPORT,2017,ELECTRICAL SYSTEM,2023-02-16,23V093000,0,,,,,,,,,236,0
CHEVROLET,TAHOE,2021,EXTERIOR LIGHTING,2022-11-03,22V827000,0,,,,,,,,,235,0
JAYCO,SENECA,2021,VISIBILITY,2023-07-06,23V477000,0,,,,,,,,,8,0
FORD,MUSTANG,2016,BACK OVER PREVENTION,2022-02-10,22V082000,1,2021-08-19,175,0.020512,1.0,2.166667,0.0,0.0,0.0,445,0
FORD,MUSTANG,2016,BACK OVER PREVENTION,2025-08-28,25V572000,1,2025-03-06,175,0.023913,1.0,1.444444,0.0,0.0,0.0,481,0
JAGUAR,I-PACE,2020,ELECTRICAL SYSTEM,2023-05-25,23V369000,1,2022-12-01,175,0.012911,1.0,4.333333,0.0,0.0,0.0,9,0
JAGUAR,I-PACE,2020,ELECTRICAL SYSTEM,2023-10-19,23V709000,1,2023-07-27,84,0.01498,1.0,2.166667,1.0,0.0,1.0,6,0
JAGUAR,I-PACE,2020,ELECTRICAL SYSTEM,2024-02-08,24V085000;24V086000,1,2023-08-17,175,0.014662,1.0,2.166667,0.0,0.0,1.0,9,0
JAGUAR,I-PACE,2020,ELECTRICAL SYSTEM,2024-03-07,24V183000,1,2023-09-14,175,0.015487,2.0,2.888889,0.0,0.0,0.5,10,0
KIA,CADENZA,2015,SERVICE BRAKES,2023-09-21,23V652000,0,,,,,,,,,211,0
CHEVROLET,MALIBU,2018,SEAT BELTS,2021-08-19,21V649000,1,2021-05-13,98,0.014805,1.0,4.333333,1.0,1.0,1.0,368,0
VOLKSWAGEN,ID.4,2021,ELECTRICAL SYSTEM,2022-03-10,22V162000,1,2021-09-16,175,0.01395,4.0,3.466667,1.0,0.0,0.75,129,0
VOLKSWAGEN,ID.4,2021,ELECTRICAL SYSTEM,2023-01-26,23V040000,1,2022-08-04,175,0.026076,6.0,1.368421,-1.0,0.0,0.333333,153,0
VOLKSWAGEN,ID.4,2021,ELECTRICAL SYSTEM,2024-05-09,24V344000,1,2023-11-16,175,0.036616,9.0,0.639344,-2.0,0.111111,0.222222,154,0
GILLIG,LOW FLOOR,2014,ELECTRICAL SYSTEM,2022-04-21,22V276000,0,,,,,,,,,0,0
VOLKSWAGEN,ATLAS CROSS SPORT,2021,FUEL/PROPULSION SYSTEM,2022-04-07,22V245000,1,2021-10-21,168,0.01748,1.0,1.444444,1.0,0.0,1.0,147,0
NEWMAR,DUTCH STAR,2019,SEATS,2022-04-07,22V234000,0,,,,,,,,,4,0
JEEP,GLADIATOR,2021,FUEL/PROPULSION SYSTEM,2022-10-13,22V767000,1,2022-04-21,175,0.02146,1.0,0.481481,1.0,0.0,1.0,186,0
JEEP,GLADIATOR,2021,FUEL/PROPULSION SYSTEM,2023-04-13,23V263000,1,2022-10-20,175,0.030245,1.0,0.433333,1.0,0.0,0.0,218,0
HYUNDAI,NEXO,2020,FUEL/PROPULSION SYSTEM,2022-04-14,22V258000,0,,,,,,,,,192,0
HYUNDAI,NEXO,2020,FUEL/PROPULSION SYSTEM,2024-10-10,24V761000,0,,,,,,,,,225,0
MERCEDES-BENZ,SPRINTER 3500,2019,ELECTRICAL SYSTEM,2021-12-09,21V972000,1,2021-06-17,175,0.012911,1.0,4.333333,0.0,0.0,0.0,170,0
MERCEDES-BENZ,SPRINTER 3500,2019,ELECTRICAL SYSTEM,2022-05-19,22V360000,1,2021-11-25,175,0.015822,2.0,2.888889,1.0,0.0,0.5,151,0
MERCEDES-BENZ,SPRINTER 3500,2019,ELECTRICAL SYSTEM,2023-03-23,23V204000,0,,,,,,,,,196,0
MERCEDES-BENZ,SPRINTER 3500,2019,ELECTRICAL SYSTEM,2024-12-12,24V930000,0,,,,,,,,,165,0
TOYOTA,HIGHLANDER,2021,AIR BAGS,2023-12-14,23V865000,1,2023-06-22,175,0.012911,1.0,4.333333,0.0,0.0,0.0,290,0
ENTEGRA,ASPIRE,2018,FUEL/PROPULSION SYSTEM,2021-07-29,21V591000,1,2021-05-20,70,0.013191,1.0,4.333333,1.0,0.0,0.0,10,0
CHEVROLET,SUBURBAN,2021,ENGINE,2025-04-24,25V274000,1,2024-10-31,175,0.018481,1.0,1.083333,0.0,0.0,1.0,367,0
MERCEDES-BENZ,C 300,2020,ELECTRICAL SYSTEM,2022-05-19,22V365000,0,,,,,,,,,180,0
HYUNDAI,SANTA FE,2016,SERVICE BRAKES,2022-02-03,22V056000,0,,,,,,,,,195,0
GMC,SIERRA 3500,2020,POWER TRAIN,2024-10-24,24V797000,1,2024-05-02,175,0.023913,1.0,1.444444,0.0,0.0,0.0,159,0
PORSCHE,TAYCAN,2020,SERVICE BRAKES,2021-09-02,21V697000,1,2021-05-27,98,0.010018,2.0,4.333333,2.0,0.0,1.0,29,0
PORSCHE,TAYCAN,2020,SERVICE BRAKES,2023-05-11,23V347000,0,,,,,,,,,26,0
PORSCHE,TAYCAN,2020,SERVICE BRAKES,2024-06-13,24V455000,1,2023-12-21,175,0.012911,1.0,4.333333,0.0,0.0,0.0,23,0
FORD,MUSTANG,2017,BACK OVER PREVENTION,2022-02-10,22V082000,1,2021-08-19,175,0.017932,2.0,2.888889,-1.0,0.0,0.0,425,0
FORD,MUSTANG,2017,BACK OVER PREVENTION,2025-08-28,25V572000,1,2025-03-06,175,0.027863,1.0,0.722222,0.0,0.0,0.0,481,0
CHRYSLER,PACIFICA,2021,FUEL/PROPULSION SYSTEM,2023-01-12,23V010000,1,2022-07-21,175,0.024605,7.0,1.784314,0.0,0.0,0.428571,54,0
MERCEDES-BENZ,GLC 300,2020,AIR BAGS,2021-07-08,21V527000,1,2021-05-27,42,0.014805,1.0,4.333333,1.0,1.0,1.0,144,0
TOYOTA,HIGHLANDER,2021,STRUCTURE,2023-10-26,23V720000,1,2023-05-18,161,0.027881,2.0,2.166667,2.0,0.5,0.0,289,0
VOLVO,S60,2021,ELECTRICAL SYSTEM,2025-03-20,25V179000,0,,,,,,,,,62,0
MERCEDES-BENZ,C300,2017,COMMUNICATION,2022-05-19,22V365000,0,,,,,,,,,134,0
FOREST RIVER,SALEM,2021,STRUCTURE,2022-07-28,22V562000,0,,,,,,,,,71,0
JEEP,GRAND CHEROKEE,2021,VISIBILITY,2021-09-16,21V729000,1,2021-05-27,112,0.013191,1.0,4.333333,1.0,0.0,0.0,112,0
APRILIA,RS 660,2021,ENGINE,2021-07-01,21V502000,1,2021-05-27,35,0.009409,1.0,4.333333,1.0,0.0,1.0,0,0
VOLVO,XC40,2021,BACK OVER PREVENTION,2025-05-08,25V282000,0,,,,,,,,,58,0
VOLVO,XC40,2021,BACK OVER PREVENTION,2025-12-18,25V908000,1,2025-06-26,175,0.013743,2.0,4.333333,1.0,0.0,0.0,56,0
MASERATI,QUATTROPORTE,2021,SEAT BELTS,2021-09-09,21V703000,1,2021-06-03,98,0.009409,1.0,4.333333,1.0,0.0,1.0,0,0
TESLA,MODEL X,2016,SEAT BELTS,2024-05-23,24V376000,0,,,,,,,,,71,0
CHEVROLET,TRAVERSE,2021,POWER TRAIN,2021-10-14,21V817000,1,2021-06-03,133,0.013191,1.0,4.333333,1.0,0.0,0.0,207,0
VOLVO,XC40,2021,ENGINE,2021-11-11,21V881000,1,2021-06-03,161,0.009409,1.0,4.333333,1.0,0.0,1.0,46,0
ACURA,TLX,2020,ENGINE,2023-11-09,23V751000,1,2023-07-20,112,0.032753,1.0,2.166667,1.0,1.0,0.0,71,0
JEEP,WRANGLER,2020,BACK OVER PREVENTION,2022-08-25,22V638000,0,,,,,,,,,193,0
JEEP,WRANGLER,2020,BACK OVER PREVENTION,2024-09-12,24V676000,0,,,,,,,,,201,0
KIA,SORENTO,2021,POWER TRAIN,2022-10-06,22V760000,1,2022-04-14,175,0.028547,6.0,1.04,0.0,0.0,0.333333,224,0
GMC,SIERRA 3500,2021,SERVICE BRAKES,2021-09-23,21V758000,1,2021-06-10,105,0.013191,1.0,4.333333,1.0,0.0,0.0,96,0
HYUNDAI,SONATA,2017,LATCHES/LOCKS/LINKAGES,2021-08-05,21V619000,1,2021-06-10,56,0.013191,1.0,4.333333,1.0,0.0,0.0,186,0
HYUNDAI,SONATA HYBRID,2017,LATCHES/LOCKS/LINKAGES,2021-08-05,21V619000,1,2021-06-10,56,0.013191,1.0,4.333333,1.0,0.0,0.0,186,0
HONDA,ACCORD,2021,SEAT BELTS,2021-11-18,21V900000,1,2021-06-10,161,0.013191,1.0,4.333333,1.0,0.0,0.0,185,0
FORD,F-150,2021,VISIBILITY,2022-03-10,22V142000,1,2021-09-16,175,0.014119,3.0,3.25,0.0,0.0,0.666667,270,0
FORD,F-150,2021,VISIBILITY,2022-04-14,22V250000,1,2021-10-21,175,0.01807,2.0,2.166667,0.0,0.0,0.5,298,0
FORD,F-150,2021,VISIBILITY,2022-11-10,22V842000,1,2022-05-19,175,0.024272,3.0,1.857143,1.0,0.0,0.0,498,0
FORD,F-150,2021,VISIBILITY,2023-03-09,23V163000,1,2022-09-15,175,0.02642,7.0,2.022222,-1.0,0.0,0.0,538,0
FORD,F-150,2021,VISIBILITY,2025-10-23,25V729000,1,2025-05-01,175,0.02866,5.0,1.354167,0.0,0.0,0.0,614,0
TOYOTA,COROLLA,2021,AIR BAGS,2023-12-14,23V865000,1,2023-06-22,175,0.028929,1.0,1.083333,0.0,1.0,1.0,290,0
LEXUS,RX,2019,FUEL/PROPULSION SYSTEM,2025-01-16,25V028000,1,2024-07-25,175,0.022148,2.0,2.166667,-1.0,0.5,0.5,32,0
KEYSTONE,COUGAR,2019,EQUIPMENT,2021-09-09,21V708000,1,2021-06-10,91,0.014041,2.0,4.333333,2.0,0.0,0.0,19,0
AUDI,S5,2021,SUSPENSION,2022-01-20,22V034000,1,2021-07-29,175,0.012911,1.0,4.333333,0.0,0.0,0.0,65,0
MERCEDES-BENZ,G 550,2021,ELECTRICAL SYSTEM,2022-05-19,22V365000,0,,,,,,,,,134,0
MERCEDES-BENZ,G 550,2021,ELECTRICAL SYSTEM,2023-02-16,23V097000,1,2022-09-15,154,0.009409,1.0,4.333333,1.0,0.0,1.0,206,0
CHEVROLET,BOLT EV,2021,ELECTRICAL SYSTEM,2021-08-19,21V650000,1,2021-06-17,63,0.013191,1.0,4.333333,1.0,0.0,0.0,181,0
CHEVROLET,BOLT EV,2021,ELECTRICAL SYSTEM,2024-06-27,24V481000,1,2024-02-15,133,0.028457,1.0,0.722222,1.0,0.0,0.0,297,0
CHEVROLET,BOLT EV,2021,ELECTRICAL SYSTEM,2024-10-31,24V812000,1,2024-05-09,175,0.020402,1.0,0.619048,0.0,0.0,1.0,323,0
FORD,MUSTANG MACH E,2021,SERVICE BRAKES,2024-10-17,24V777000,1,2024-04-25,175,0.024179,4.0,2.166667,2.0,0.0,0.0,598,0
FORD,MUSTANG MACH E,2021,SERVICE BRAKES,2025-08-07,25V513000,1,2025-02-20,168,0.030245,1.0,0.433333,1.0,0.0,0.0,621,0
FOREST RIVER,PUMA,2021,STRUCTURE,2021-10-07,21V784000,1,2021-06-17,112,0.013191,1.0,4.333333,1.0,0.0,0.0,60,0
RAM,1500,2021,TIRES,2021-09-09,21V698000,1,2021-06-17,84,0.009409,1.0,4.333333,1.0,0.0,1.0,67,0
HONDA,ODYSSEY,2022,VISIBILITY,2023-03-16,23V174000,1,2022-09-22,175,0.013743,2.0,4.333333,1.0,0.0,0.0,202,0
FORD,E-350,2021,ENGINE,2025-11-13,25V793000,0,,,,,,,,,587,0
HYUNDAI,SANTA FE,2021,VISIBILITY,2021-12-23,21V00M000,1,2021-07-01,175,0.012911,1.0,4.333333,0.0,0.0,0.0,179,0
MITSUBISHI,OUTLANDER,2022,STRUCTURE,2021-10-14,21V821000,1,2021-06-17,119,0.013191,1.0,4.333333,1.0,0.0,0.0,4,0
NISSAN,LEAF,2021,ELECTRICAL SYSTEM,2025-09-25,25V655000,1,2025-08-14,42,0.013191,1.0,4.333333,1.0,0.0,0.0,250,0
KIA,RIO,2018,LATCHES/LOCKS/LINKAGES,2021-08-05,21V622000,1,2021-06-17,49,0.013191,1.0,4.333333,1.0,0.0,0.0,164,0
ACURA,RDX,2021,POWER TRAIN,2021-12-02,21V939000,1,2021-06-17,168,0.013191,1.0,4.333333,1.0,0.0,0.0,37,0
FORD,F-150,2021,STRUCTURE,2021-12-16,21V986000,1,2021-06-24,175,0.012911,1.0,4.333333,0.0,0.0,0.0,244,0
FORD,F-150,2021,STRUCTURE,2022-08-11,22V623000,1,2022-02-17,175,0.018539,3.0,2.6,1.0,0.0,0.333333,436,0
GMC,SIERRA 3500,2019,EQUIPMENT,2021-07-01,21V496000,1,2021-06-17,14,0.013191,1.0,4.333333,1.0,0.0,0.0,136,0
MERCEDES-BENZ,SPRINTER 4500,2019,BACK OVER PREVENTION,2022-04-21,22V281000,0,,,,,,,,,154,0
TESLA,MODEL Y,2021,TIRES,2024-12-12,24V935000,0,,,,,,,,,151,0
FORD,F-150,2021,POWER TRAIN,2021-12-16,21V986000,1,2021-06-24,175,0.009409,1.0,4.333333,1.0,0.0,1.0,244,0
FORD,F-150,2021,POWER TRAIN,2022-03-24,22V188000,1,2021-10-07,168,0.01748,1.0,1.444444,1.0,0.0,1.0,278,0
FORD,F-150,2021,POWER TRAIN,2022-08-11,22V623000,1,2022-02-17,175,0.025702,5.0,1.969697,1.0,0.0,0.0,436,0
FORD,F-150,2021,POWER TRAIN,2023-12-21,23V896000,1,2023-06-29,175,0.039171,14.0,1.263889,-1.0,0.0,0.142857,578,0
FORD,F-150,2021,POWER TRAIN,2025-03-13,25V169000,1,2024-09-19,175,0.032627,8.0,1.019608,1.0,0.0,0.25,603,0
TESLA,MODEL 3,2021,FORWARD COLLISION AVOIDANCE,2021-10-28,21V846000,1,2021-06-24,126,0.014945,3.0,4.333333,3.0,0.0,0.0,91,0
TESLA,MODEL 3,2021,FORWARD COLLISION AVOIDANCE,2022-02-03,22V063000,1,2021-08-12,175,0.014601,4.0,4.333333,0.0,0.0,0.0,123,0
TESLA,MODEL 3,2021,FORWARD COLLISION AVOIDANCE,2022-04-07,22V235000,1,2021-10-14,175,0.017975,5.0,2.708333,1.0,0.0,0.6,148,0
TESLA,MODEL 3,2021,FORWARD COLLISION AVOIDANCE,2022-05-05,22V317000,1,2021-11-11,175,0.051801,29.0,3.808081,14.0,0.0,0.448276,155,0
TESLA,MODEL 3,2021,FORWARD COLLISION AVOIDANCE,2024-02-22,24V153000,1,2023-08-31,175,0.069013,30.0,1.171171,-1.0,0.1,0.533333,177,0
FORD,EXPEDITION,2016,BACK OVER PREVENTION,2025-08-28,25V572000,1,2025-03-20,161,0.020954,1.0,2.166667,1.0,0.0,0.0,481,0
MERCEDES-BENZ,SPRINTER (VS30),2020,ELECTRICAL SYSTEM,2023-02-16,23V100000,0,,,,,,,,,206,0
EAST TO WEST,SILVER LAKE,2021,EQUIPMENT,2022-04-07,22V243000,0,,,,,,,,,0,0
HONDA,ODYSSEY,2020,FUEL/PROPULSION SYSTEM,2023-12-14,23V858000,1,2023-06-22,175,0.023913,1.0,1.444444,0.0,0.0,0.0,338,0
FOREST RIVER,ROCKWOOD,2021,EQUIPMENT,2022-04-07,22V243000,1,2022-02-03,63,0.020954,1.0,2.166667,1.0,0.0,0.0,52,0
KEYSTONE,MONTANA,2021,EQUIPMENT,2024-03-21,24V234000,0,,,,,,,,,23,0
CHRYSLER,PACIFICA PLUG-IN HYBRID,2020,FUEL/PROPULSION SYSTEM,2024-07-18,24V538000,1,2024-04-25,84,0.024426,1.0,1.444444,1.0,0.0,0.0,65,0
AUDI,SQ8,2021,SUSPENSION,2022-01-20,22V034000,1,2021-07-29,175,0.012911,1.0,4.333333,0.0,0.0,0.0,65,0
KIA,CARNIVAL,2022,STRUCTURE,2021-11-18,21V908000,1,2021-07-01,140,0.009409,1.0,4.333333,1.0,0.0,1.0,81,0
KIA,CARNIVAL,2022,STRUCTURE,2023-03-30,23V236000,1,2022-10-06,175,0.037011,2.0,0.619048,0.0,0.5,0.0,252,0
KIA,CARNIVAL,2022,STRUCTURE,2024-01-18,24V025000,1,2023-07-27,175,0.047025,1.0,0.433333,1.0,1.0,0.0,301,0
NISSAN,SENTRA,2020,STEERING,2023-08-10,23V581000,1,2023-02-16,175,0.018714,2.0,2.888889,1.0,0.0,0.0,251,0
RAM,3500,2020,SERVICE BRAKES,2022-03-10,22V140000,1,2021-09-16,175,0.009208,1.0,4.333333,0.0,0.0,1.0,121,0
TESLA,MODEL S,2021,STEERING,2022-01-27,22V037000,1,2021-08-05,175,0.012525,3.0,4.333333,0.0,0.0,0.333333,120,0
TESLA,MODEL S,2021,STEERING,2022-10-27,22V818000,1,2022-05-05,175,0.020655,1.0,0.361111,-2.0,0.0,1.0,168,0
TESLA,MODEL S,2021,STEERING,2023-02-09,23V085000,1,2022-08-18,175,0.021224,1.0,0.433333,0.0,0.0,1.0,161,0
TESLA,MODEL S,2021,STEERING,2023-11-02,23V743000,1,2023-05-11,175,0.025815,1.0,1.083333,0.0,0.0,0.0,174,0
AUDI,S7,2015,ENGINE,2022-03-17,22V178000,0,,,,,,,,,92,0
RAM,PROMASTER,2021,STRUCTURE,2024-06-06,24V416000,0,,,,,,,,,134,0
MERCEDES-BENZ,METRIS,2019,SERVICE BRAKES,2022-02-03,22V066000,1,2021-08-12,175,0.012911,1.0,4.333333,0.0,0.0,0.0,151,0
HONDA,PILOT,2018,FUEL/PROPULSION SYSTEM,2023-12-14,23V858000,1,2023-06-22,175,0.030285,2.0,0.787879,0.0,0.5,0.5,340,0
HUSQVARNA,VITPILEN 701,2018,POWER TRAIN,2021-10-07,21V792000,1,2021-07-08,91,0.009409,1.0,4.333333,1.0,0.0,1.0,2,0
HYUNDAI,ELANTRA HYBRID,2021,VEHICLE SPEED CONTROL,2023-08-17,23V589000,1,2023-02-23,175,0.016226,3.0,2.6,0.0,0.0,0.666667,330,0
FORD,E-350,2021,STEERING,2022-02-10,22V089000,1,2021-08-19,175,0.012911,1.0,4.333333,0.0,0.0,0.0,263,0
FORD,E-350,2021,STEERING,2024-02-08,24V097000,1,2023-08-17,175,0.009208,1.0,4.333333,0.0,0.0,1.0,603,0
MERCEDES-BENZ,GLE400,2016,FUEL/PROPULSION SYSTEM,2022-12-22,22V955000,0,,,,,,,,,158,0
FORD,TAURUS,2015,BACK OVER PREVENTION,2025-10-09,25V695000,1,2025-05-29,133,0.013191,1.0,4.333333,1.0,0.0,0.0,457,0
ALFA ROMEO,GIULIA,2019,SERVICE BRAKES,2023-05-25,23V382000,1,2023-02-02,112,0.014805,1.0,4.333333,1.0,1.0,1.0,15,0
ALFA ROMEO,GIULIA,2019,SERVICE BRAKES,2024-12-19,24V943000,1,2024-10-31,49,0.014805,1.0,4.333333,1.0,1.0,1.0,29,0
CHEVROLET,SUBURBAN,2021,POWER TRAIN,2022-01-27,22V036000,1,2021-08-05,175,0.009208,1.0,4.333333,0.0,0.0,1.0,195,0
CHEVROLET,SUBURBAN,2021,POWER TRAIN,2024-10-24,24V797000,0,,,,,,,,,322,0
NISSAN,ROGUE,2021,SEAT BELTS,2022-09-01,22V666000,1,2022-07-07,56,0.009409,1.0,4.333333,1.0,0.0,1.0,183,0
HONDA,INSIGHT,2021,AIR BAGS,2024-02-01,24V064000,0,,,,,,,,,315,0
SUBARU,OUTBACK,2022,ELECTRICAL SYSTEM,2022-06-30,22V473000,1,2022-01-06,175,0.025815,1.0,1.083333,0.0,0.0,0.0,86,0
MERCEDES-BENZ,E 300,2019,ELECTRICAL SYSTEM,2022-05-19,22V365000,0,,,,,,,,,152,0
KIA,TELLURIDE,2022,ELECTRICAL SYSTEM,2021-07-22,21V577000,1,2021-07-08,14,0.013191,1.0,4.333333,1.0,0.0,0.0,71,0
KIA,TELLURIDE,2022,ELECTRICAL SYSTEM,2022-05-12,22V344000,1,2022-01-27,105,0.031403,1.0,0.254902,1.0,0.0,0.0,136,0
SUBARU,CROSSTREK,2021,POWER TRAIN,2023-11-09,23V755000,1,2023-05-18,175,0.012911,1.0,4.333333,0.0,0.0,0.0,135,0
LAND ROVER,LR4,2015,FUEL/PROPULSION SYSTEM,2021-08-12,21V635000,1,2021-07-15,28,0.013191,1.0,4.333333,1.0,0.0,0.0,30,0
BMW,335I,2014,AIR BAGS,2024-04-18,24V288000,0,,,,,,,,,123,0
BMW,335I,2014,AIR BAGS,2024-07-11,24V527000,0,,,,,,,,,111,0
BMW,335I,2014,AIR BAGS,2025-12-11,25V871000,0,,,,,,,,,137,0
ENTEGRA,ASPIRE,2019,FUEL/PROPULSION SYSTEM,2021-07-29,21V591000,1,2021-07-15,14,0.011862,2.0,4.333333,2.0,0.0,0.5,13,0
NEWMAR,DUTCH STAR,2018,FUEL/PROPULSION SYSTEM,2021-07-01,21V506000,0,,,,,,,,,17,0
TRIUMPH,ROCKET 3 GT,2020,SERVICE BRAKES,2023-10-26,23V730000,0,,,,,,,,,3,0
PORSCHE,CAYENNE,2019,BACK OVER PREVENTION,2025-12-18,25V896000,0,,,,,,,,,28,0
GRAND DESIGN,IMAGINE,2021,STRUCTURE,2022-01-27,22V039000,1,2021-08-05,175,0.013452,2.0,4.333333,0.0,0.0,0.0,9,0
AUDI,A4,2021,SUSPENSION,2022-01-20,22V034000,1,2021-07-29,175,0.012911,1.0,4.333333,0.0,0.0,0.0,65,0
FORD,ESCAPE,2021,ENGINE,2022-03-24,22V191000,1,2021-09-30,175,0.014492,1.0,4.333333,0.0,1.0,1.0,278,0
FORD,ESCAPE,2021,ENGINE,2022-07-07,22V484000,1,2022-01-13,175,0.019402,2.0,2.888889,0.0,0.5,0.5,401,0
FORD,ESCAPE,2021,ENGINE,2023-05-25,23V380000,1,2023-03-23,63,0.013191,1.0,4.333333,1.0,0.0,0.0,534,0
FORD,ESCAPE,2021,ENGINE,2025-05-22,25V345000,1,2024-11-28,175,0.025642,3.0,1.857143,0.0,0.666667,0.666667,594,0
ENTEGRA,ASPIRE,2020,FUEL/PROPULSION SYSTEM,2021-07-29,21V591000,1,2021-07-15,14,0.013191,1.0,4.333333,1.0,0.0,0.0,12,0
FORD,RANGER,2020,SEAT BELTS,2021-10-14,21V811000,1,2021-07-15,91,0.013191,1.0,4.333333,1.0,0.0,0.0,328,0
NEWMAR,MOUNTAIN AIRE,2019,FUEL/PROPULSION SYSTEM,2021-07-01,21V506000,0,,,,,,,,,12,0
CADILLAC,CT4,2020,AIR BAGS,2021-08-05,21V611000,1,2021-07-15,21,0.013191,1.0,4.333333,1.0,0.0,0.0,34,0
HONDA,GL1800,2021,ENGINE,2022-06-23,22V449000,0,,,,,,,,,259,0
HONDA,GL1800,2021,ENGINE,2024-10-31,24V820000,0,,,,,,,,,347,0
FORD,ESCAPE,2021,POWER TRAIN,2024-05-09,24V330000,1,2023-11-23,168,0.024426,1.0,1.444444,1.0,0.0,0.0,606,0
GRAND DESIGN,SOLITUDE,2021,EQUIPMENT,2022-01-27,22V038000,1,2021-08-05,175,0.014492,1.0,4.333333,0.0,1.0,1.0,9,0
GRAND DESIGN,SOLITUDE,2021,EQUIPMENT,2025-02-06,25V061000,0,,,,,,,,,51,0
HUSQVARNA,SVARTPILEN 701,2020,POWER TRAIN,2021-10-07,21V792000,1,2021-07-15,84,0.013191,1.0,4.333333,1.0,0.0,0.0,2,0
HANKOOK,KINERGY GT,9999,TIRES,2021-07-15,21T011000,0,,,,,,,,,7,0
HANKOOK,KINERGY GT,9999,TIRES,2024-05-30,24T007000,1,2024-04-04,56,0.020954,1.0,2.166667,1.0,0.0,0.0,6,0
BMW,K 1600 B,2019,SUSPENSION,2022-01-20,22V023000,1,2021-07-29,175,0.012911,1.0,4.333333,0.0,0.0,0.0,85,0
MERCEDES-BENZ,SPRINTER 2500,2020,BACK OVER PREVENTION,2022-04-21,22V281000,1,2022-03-17,35,0.020954,1.0,2.166667,1.0,0.0,0.0,183,0
HYUNDAI,TUCSON,2022,EXTERIOR LIGHTING,2021-12-02,21V938000,1,2021-07-22,133,0.013191,1.0,4.333333,1.0,0.0,0.0,94,0
KIA,RIO,2021,SERVICE BRAKES,2021-11-25,21V936000,1,2021-07-22,126,0.013191,1.0,4.333333,1.0,0.0,0.0,135,0
KIA,SORENTO,2021,FUEL/PROPULSION SYSTEM,2021-07-08,21V519000,0,,,,,,,,,121,0
HONDA,ODYSSEY,2021,VISIBILITY,2023-03-16,23V174000,0,,,,,,,,,266,0
VOLKSWAGEN,ATLAS,2019,TIRES,2022-10-27,22V815000,0,,,,,,,,,121,0
HARLEY-DAVIDSON,FLHTCUTG,2019,EXTERIOR LIGHTING,2022-10-13,22V781000,0,,,,,,,,,14,0
FORD,ESCAPE,2021,FUEL/PROPULSION SYSTEM,2021-08-05,21V625000,1,2021-07-22,14,0.014805,1.0,4.333333,1.0,1.0,1.0,211,0
FORD,ESCAPE,2021,FUEL/PROPULSION SYSTEM,2021-11-04,21V869000,1,2021-07-22,105,0.014805,1.0,4.333333,1.0,1.0,1.0,222,0
FORD,ESCAPE,2021,FUEL/PROPULSION SYSTEM,2022-03-10,22V149000,1,2021-09-16,175,0.014492,1.0,4.333333,0.0,1.0,1.0,270,0
FORD,ESCAPE,2021,FUEL/PROPULSION SYSTEM,2022-11-17,22V859000,1,2022-08-18,91,0.020954,1.0,2.166667,1.0,0.0,0.0,500,0
FORD,ESCAPE,2021,FUEL/PROPULSION SYSTEM,2025-03-13,25V165000,0,,,,,,,,,604,0
FORD,ESCAPE,2021,FUEL/PROPULSION SYSTEM,2025-07-10,25V467000,1,2025-03-27,105,0.01498,1.0,2.166667,1.0,0.0,1.0,612,0
BMW,330I,2020,ELECTRICAL SYSTEM,2023-08-10,23V584000,0,,,,,,,,,88,0
BMW,330I,2020,ELECTRICAL SYSTEM,2025-09-18,25V636000,1,2025-03-27,175,0.014662,1.0,2.166667,0.0,0.0,1.0,167,0
KIA,SORENTO,2021,VISIBILITY,2025-09-25,25V649000,1,2025-04-03,175,0.012911,1.0,4.333333,0.0,0.0,0.0,258,0
YAMAHA,FJR1300,2018,ENGINE,2021-11-04,21V865000,1,2021-07-29,98,0.013191,1.0,4.333333,1.0,0.0,0.0,3,0
PORSCHE,CAYENNE,2020,BACK OVER PREVENTION,2025-12-18,25V896000,0,,,,,,,,,30,0
MERCEDES-BENZ,SPRINTER 2500,2019,BACK OVER PREVENTION,2022-04-21,22V281000,0,,,,,,,,,154,0
RAM,5500,2019,FUEL/PROPULSION SYSTEM,2021-11-11,21V880000,1,2021-07-29,105,0.013191,1.0,4.333333,1.0,0.0,0.0,131,0
KIA,NIRO EV,2021,BACK OVER PREVENTION,2025-06-19,25V426000,0,,,,,,,,,261,0
TESLA,MODEL Y,2020,VISIBILITY,2022-01-27,22V050000,1,2021-08-05,175,0.020275,1.0,4.333333,0.0,1.0,0.0,123,0
TESLA,MODEL Y,2020,VISIBILITY,2022-09-15,22V702000,1,2022-03-24,175,0.019457,4.0,2.888889,-1.0,0.0,0.0,130,0
CADILLAC,ESCALADE ESV,2021,ENGINE,2025-04-24,25V274000,1,2024-10-31,175,0.009208,1.0,4.333333,0.0,0.0,1.0,82,0
VOLKSWAGEN,ID.4,2021,POWER TRAIN,2025-02-27,25V120000,1,2024-09-05,175,0.009409,1.0,4.333333,1.0,0.0,1.0,188,0
LINCOLN,AVIATOR,2020,BACK OVER PREVENTION,2021-09-16,21V735000,1,2021-07-29,49,0.014041,2.0,4.333333,2.0,0.0,0.0,30,0
LINCOLN,AVIATOR,2020,BACK OVER PREVENTION,2023-01-19,23V022000,1,2022-07-28,175,0.023913,1.0,1.444444,0.0,0.0,0.0,38,0
LINCOLN,AVIATOR,2020,BACK OVER PREVENTION,2023-05-11,23V342000,1,2023-03-02,70,0.020954,1.0,2.166667,1.0,0.0,0.0,63,0
LINCOLN,AVIATOR,2020,BACK OVER PREVENTION,2023-08-24,23V598000,1,2023-03-02,175,0.020954,1.0,2.166667,1.0,0.0,0.0,67,0
LINCOLN,AVIATOR,2020,BACK OVER PREVENTION,2024-05-23,24V368000,1,2023-11-30,175,0.023424,2.0,1.733333,0.0,0.0,0.0,49,0
LINCOLN,AVIATOR,2020,BACK OVER PREVENTION,2025-03-13,25V159000,1,2024-11-07,126,0.013191,1.0,4.333333,1.0,0.0,0.0,66,0
LINCOLN,AVIATOR,2020,BACK OVER PREVENTION,2025-06-26,25V442000,1,2025-01-02,175,0.012911,1.0,4.333333,0.0,0.0,0.0,75,0
NEWMAR,DUTCH STAR,2019,FUEL/PROPULSION SYSTEM,2021-07-01,21V506000,0,,,,,,,,,12,0
PETERBILT,520,2020,SERVICE BRAKES,2021-09-16,21V720000,1,2021-07-29,49,0.013358,3.0,4.333333,3.0,0.0,0.333333,6,0
CHEVROLET,SILVERADO 1500,2019,TIRES,2021-12-16,21V985000,1,2021-07-29,140,0.013191,1.0,4.333333,1.0,0.0,0.0,313,0
HYUNDAI,ELANTRA HYBRID,2021,ELECTRICAL SYSTEM,2023-08-17,23V589000,1,2023-02-23,175,0.009208,1.0,4.333333,0.0,0.0,1.0,330,0
FORD,EDGE,2018,BACK OVER PREVENTION,2025-08-28,25V572000,1,2025-05-22,98,0.013191,1.0,4.333333,1.0,0.0,0.0,488,0
FORD,EXPLORER,2016,EQUIPMENT,2025-10-09,25V685000,0,,,,,,,,,470,0
JEEP,WRANGLER,2021,FUEL/PROPULSION SYSTEM,2022-10-13,22V767000,1,2022-04-21,175,0.030045,2.0,0.45614,-1.0,0.0,0.0,186,0
JEEP,WRANGLER,2021,FUEL/PROPULSION SYSTEM,2023-04-13,23V263000,1,2022-10-20,175,0.029649,2.0,0.619048,0.0,0.0,0.0,218,0
DODGE,CHALLENGER,2021,ELECTRICAL SYSTEM,2021-08-26,21V664000,1,2021-07-29,28,0.013191,1.0,4.333333,1.0,0.0,0.0,30,0
LINCOLN,NAUTILUS,2020,BACK OVER PREVENTION,2025-06-26,25V442000,0,,,,,,,,,76,0
NISSAN,PATHFINDER,2016,LATCHES/LOCKS/LINKAGES,2022-06-09,22V420000,0,,,,,,,,,233,0
MERCEDES-BENZ,AMG GLE53,2021,ELECTRICAL SYSTEM,2021-11-18,21V909000,1,2021-07-29,112,0.010018,2.0,4.333333,2.0,0.0,1.0,109,0
MERCEDES-BENZ,AMG GLE53,2021,ELECTRICAL SYSTEM,2022-04-07,22V231000,1,2021-10-14,175,0.009596,2.0,4.333333,0.0,0.0,1.0,132,0
MERCEDES-BENZ,AMG GLE53,2021,ELECTRICAL SYSTEM,2022-05-19,22V365000,1,2021-11-25,175,0.01748,1.0,1.444444,1.0,0.0,1.0,133,0
MERCEDES-BENZ,AMG GLE53,2021,ELECTRICAL SYSTEM,2024-03-14,24V207000,1,2023-09-21,175,0.01711,1.0,1.444444,0.0,0.0,1.0,212,0
HONDA,CIVIC,2022,STEERING,2023-10-19,23V704000,1,2023-04-27,175,0.799084,133.0,2.431786,-7.0,0.007519,0.105263,338,0
HONDA,CIVIC,2022,STEERING,2024-10-03,24V744000,1,2024-04-11,175,0.777113,123.0,1.50565,-4.0,0.01626,0.065041,341,0
HYUNDAI,ELANTRA,2016,LATCHES/LOCKS/LINKAGES,2024-02-22,24V146000,1,2023-11-16,98,0.013191,1.0,4.333333,1.0,0.0,0.0,236,0
VOLKSWAGEN,ID.4,2021,EQUIPMENT,2024-05-09,24V344000,0,,,,,,,,,155,0
MERCEDES-BENZ,A 220,2021,ELECTRICAL SYSTEM,2022-05-19,22V365000,1,2021-11-25,175,0.023411,1.0,1.444444,-1.0,0.0,0.0,133,0
MERCEDES-BENZ,GLS 450,2020,POWER TRAIN,2024-02-15,24V118000,0,,,,,,,,,179,0
VOLKSWAGEN,ATLAS,2021,EQUIPMENT,2022-02-10,22V086000,1,2021-08-19,175,0.012911,1.0,4.333333,0.0,0.0,0.0,110,0
VOLKSWAGEN,ATLAS,2021,EQUIPMENT,2022-07-14,22V514000,0,,,,,,,,,155,0
FORD,BRONCO SPORT,2021,ELECTRICAL SYSTEM,2024-04-11,24V267000,1,2023-10-19,175,0.029623,10.0,1.733333,1.0,0.2,0.6,618,0
FORD,BRONCO SPORT,2021,ELECTRICAL SYSTEM,2025-01-16,25V019000,1,2024-07-25,175,0.034074,16.0,1.359477,0.0,0.0,0.8125,582,0
FORD,BRONCO SPORT,2021,ELECTRICAL SYSTEM,2025-03-13,25V158000,1,2024-09-19,175,0.045801,23.0,1.557292,0.0,0.043478,0.695652,603,0
RAM,PROMASTER,2021,ELECTRICAL SYSTEM,2024-03-14,24V197000,1,2024-03-14,0,0.014805,1.0,4.333333,1.0,1.0,1.0,131,0
CHEVROLET,SILVERADO 2500,2021,SERVICE BRAKES,2021-09-23,21V758000,1,2021-08-05,49,0.013191,1.0,4.333333,1.0,0.0,0.0,193,0
ACURA,TLX,2021,SERVICE BRAKES,2025-06-12,25V391000,1,2025-01-09,154,0.013191,1.0,4.333333,1.0,0.0,0.0,83,0
MERCEDES-BENZ,SPRINTER 2500,2021,SERVICE BRAKES,2021-11-25,21V933000,1,2021-08-05,112,0.020711,1.0,4.333333,1.0,1.0,0.0,118,0
FORD,ESCAPE,2015,BACK OVER PREVENTION,2025-10-09,25V695000,1,2025-05-01,161,0.013191,1.0,4.333333,1.0,0.0,0.0,457,0
FORD,EXPEDITION,2017,BACK OVER PREVENTION,2025-08-28,25V572000,1,2025-05-15,105,0.020954,1.0,2.166667,1.0,0.0,0.0,481,0
MERCEDES-BENZ,A 220,2020,BACK OVER PREVENTION,2022-04-07,22V232000,1,2021-10-14,175,0.012911,1.0,4.333333,0.0,0.0,0.0,183,0
AUDI,SQ5,2021,SEAT BELTS,2021-08-05,21V606000,1,2021-08-05,0,0.013191,1.0,4.333333,1.0,0.0,0.0,42,0
VOLKSWAGEN,TAOS,2022,ENGINE,2021-08-05,21V615000,1,2021-08-05,0,0.009409,1.0,4.333333,1.0,0.0,1.0,27,0
VOLKSWAGEN,TAOS,2022,ENGINE,2022-09-08,22V687000,1,2022-03-17,175,0.022493,2.0,1.238095,1.0,0.0,0.5,130,0
MERCEDES-BENZ,GLK250,2013,POWER TRAIN,2021-07-15,21V539000,0,,,,,,,,,125,0
BMW,X5,2019,AIR BAGS,2021-07-08,21V520000,0,,,,,,,,,100,0
FOREST RIVER,SALEM,2021,EQUIPMENT,2021-08-05,21V621000,1,2021-08-05,0,0.013191,1.0,4.333333,1.0,0.0,0.0,55,0
FOREST RIVER,SALEM,2021,EQUIPMENT,2021-09-23,21V745000,1,2021-08-05,49,0.013191,1.0,4.333333,1.0,0.0,0.0,59,0
FOREST RIVER,SALEM,2021,EQUIPMENT,2022-04-07,22V243000,1,2021-10-14,175,0.012911,1.0,4.333333,0.0,0.0,0.0,52,0
FOREST RIVER,SALEM,2021,EQUIPMENT,2022-07-28,22V562000,0,,,,,,,,,71,0
FOREST RIVER,SALEM,2021,EQUIPMENT,2022-09-29,22V729000,0,,,,,,,,,83,0
HONDA,GL1800,2021,FUEL/PROPULSION SYSTEM,2024-02-15,24V113000,0,,,,,,,,,310,0
RAM,2500,2021,AIR BAGS,2021-11-18,21V925000,1,2021-08-12,98,0.014805,1.0,4.333333,1.0,1.0,1.0,75,0
RAM,2500,2021,AIR BAGS,2025-11-06,25V765000,1,2025-08-28,70,0.013191,1.0,4.333333,1.0,0.0,0.0,125,0
SPARTAN,K2,2019,ELECTRICAL SYSTEM,2021-07-29,21V589000,0,,,,,,,,,1,0
HONDA,ODYSSEY,2021,AIR BAGS,2024-02-01,24V064000,0,,,,,,,,,315,0
SUBARU,OUTBACK,2022,VISIBILITY,2022-09-22,22V712000,1,2022-03-31,175,0.058495,35.0,3.37037,6.0,0.0,0.571429,97,0
SUBARU,OUTBACK,2022,ENGINE,2022-06-30,22V473000,0,,,,,,,,,87,0
ALFA ROMEO,GIULIA,2020,FUEL/PROPULSION SYSTEM,2021-11-11,21V878000,1,2021-08-12,91,0.013191,1.0,4.333333,1.0,0.0,0.0,11,0
VOLVO,XC60,2021,STEERING,2023-01-05,23V001000,1,2022-07-14,175,0.015943,2.0,2.166667,2.0,0.0,1.0,72,0
FORD,EXPLORER,2021,SEATS,2025-06-12,25V393000,0,,,,,,,,,595,0
MERCEDES-BENZ,SPRINTER 2500,2021,ELECTRICAL SYSTEM,2021-09-30,21V779000,1,2021-08-12,49,0.013191,1.0,4.333333,1.0,0.0,0.0,106,0
MERCEDES-BENZ,SPRINTER 2500,2021,ELECTRICAL SYSTEM,2022-05-19,22V360000,1,2022-03-31,49,0.01498,1.0,2.166667,1.0,0.0,1.0,133,0
MERCEDES-BENZ,SPRINTER 2500,2021,ELECTRICAL SYSTEM,2022-07-07,22V491000,1,2022-03-31,98,0.01498,1.0,2.166667,1.0,0.0,1.0,150,0
MERCEDES-BENZ,SPRINTER 2500,2021,ELECTRICAL SYSTEM,2023-03-23,23V204000,1,2023-02-02,49,0.024426,1.0,1.444444,1.0,0.0,0.0,193,0
MERCEDES-BENZ,SPRINTER 2500,2021,ELECTRICAL SYSTEM,2024-12-12,24V930000,0,,,,,,,,,184,0
MERCEDES-BENZ,SPRINTER 2500,2021,BACK OVER PREVENTION,2022-04-21,22V281000,1,2021-10-28,175,0.012911,1.0,4.333333,0.0,0.0,0.0,134,0
ENTEGRA,ANTHEM,2019,FUEL/PROPULSION SYSTEM,2021-07-29,21V591000,0,,,,,,,,,14,0
PORSCHE,TAYCAN,2021,BACK OVER PREVENTION,2022-06-02,22V404000,1,2021-12-09,175,0.021365,2.0,2.166667,0.0,0.0,0.0,38,0
PORSCHE,TAYCAN,2021,BACK OVER PREVENTION,2025-12-18,25V896000,0,,,,,,,,,39,0
CHEVROLET,SILVERADO 1500,2020,TIRES,2021-12-16,21V985000,1,2021-08-12,126,0.013191,1.0,4.333333,1.0,0.0,0.0,296,0
KIA,FORTE,2018,LATCHES/LOCKS/LINKAGES,2021-08-05,21V622000,0,,,,,,,,,165,0
VOLKSWAGEN,TIGUAN,2021,BACK OVER PREVENTION,2022-07-14,22V514000,1,2022-07-14,0,0.020954,1.0,2.166667,1.0,0.0,0.0,154,0
NISSAN,PATHFINDER,2022,SEATS,2021-09-23,21V742000;21V743000,1,2021-08-19,35,0.013191,1.0,4.333333,1.0,0.0,0.0,44,0
NISSAN,PATHFINDER,2022,SEATS,2022-02-24,22V111000,1,2021-09-02,175,0.012911,1.0,4.333333,0.0,0.0,0.0,89,0
DODGE,CHARGER,2020,AIR BAGS,2024-03-14,24V198000,1,2023-09-21,175,0.019139,2.0,2.166667,0.0,0.5,1.0,69,0
HONDA,CR-V,2021,SEAT BELTS,2021-11-18,21V900000,1,2021-08-19,91,0.009409,1.0,4.333333,1.0,0.0,1.0,185,0
RAM,2500,2021,ELECTRICAL SYSTEM,2021-10-14,21V798000,1,2021-08-19,56,0.014805,1.0,4.333333,1.0,1.0,1.0,75,0
RAM,2500,2021,ELECTRICAL SYSTEM,2023-02-09,23V060000,1,2023-02-09,0,0.013191,1.0,4.333333,1.0,0.0,0.0,126,0
GMC,SIERRA 2500,2019,EQUIPMENT,2021-07-01,21V496000,0,,,,,,,,,137,0
FORD,E-450,2021,STEERING,2022-02-10,22V089000,1,2021-08-19,175,0.009409,1.0,4.333333,1.0,0.0,1.0,263,0
FORD,E-450,2021,STEERING,2024-02-08,24V097000,1,2023-08-17,175,0.025815,1.0,1.083333,0.0,0.0,0.0,603,0
FORD,TRANSIT,2016,PARKING BRAKE,2021-08-05,21V631000,0,,,,,,,,,485,0
HONDA,CR-V,2021,AIR BAGS,2024-02-01,24V064000,0,,,,,,,,,315,0
THOR MOTOR COACH,SCOPE,2022,EQUIPMENT,2021-09-23,21V755000,1,2021-08-19,35,0.013191,1.0,4.333333,1.0,0.0,0.0,15,0
THOR MOTOR COACH,SCOPE,2022,EQUIPMENT,2022-05-05,22V300000,0,,,,,,,,,20,0
THOR MOTOR COACH,SCOPE,2022,EQUIPMENT,2023-02-09,23V068000,1,2022-10-20,112,0.013191,1.0,4.333333,1.0,0.0,0.0,38,0
THOR MOTOR COACH,SCOPE,2022,EQUIPMENT,2023-11-09,23V759000,1,2023-05-18,175,0.021365,2.0,2.166667,0.0,0.0,0.0,36,0
HEARTLAND,CYCLONE,2021,ELECTRICAL SYSTEM,2021-10-28,21V849000,1,2021-08-26,63,0.014805,1.0,4.333333,1.0,1.0,1.0,5,0
KIA,K5,2021,FUEL/PROPULSION SYSTEM,2021-07-08,21V519000,0,,,,,,,,,121,0
KIA,K5,2021,FUEL/PROPULSION SYSTEM,2025-11-13,25V794000,1,2025-05-22,175,0.024108,3.0,1.444444,0.0,0.333333,0.666667,255,0
LAND ROVER,RANGE ROVER SPORT,2020,ENGINE,2023-02-02,23V044000,0,,,,,,,,,32,0
NISSAN,SENTRA,2021,STEERING,2023-08-10,23V581000,1,2023-02-16,175,0.026258,2.0,1.733333,0.0,1.0,1.0,232,0
CADILLAC,CT5,2021,AIR BAGS,2021-08-05,21V611000,0,,,,,,,,,29,0
HARLEY-DAVIDSON,XL883N,2021,SERVICE BRAKES,2022-03-10,22V160000,1,2021-09-16,175,0.014492,1.0,4.333333,0.0,1.0,1.0,11,0
FORD,EXPEDITION,2018,EQUIPMENT,2023-06-08,23V420000,0,,,,,,,,,478,0
FORD,EXPEDITION,2018,EQUIPMENT,2024-11-07,24V852000,0,,,,,,,,,499,0
VOLKSWAGEN,ID.4,2021,BACK OVER PREVENTION,2024-05-09,24V344000,0,,,,,,,,,155,0
CHEVROLET,SILVERADO 2500,2017,EQUIPMENT,2021-07-01,21V496000,0,,,,,,,,,418,0
HYUNDAI,KONA ELECTRIC,2021,ELECTRICAL SYSTEM,2022-12-15,22V941000,1,2022-09-01,105,0.01498,1.0,2.166667,1.0,0.0,1.0,307,0
HYUNDAI,ACCENT,2021,STEERING,2022-05-05,22V311000,1,2021-11-11,175,0.020275,1.0,4.333333,0.0,1.0,0.0,218,0
HYUNDAI,SANTA FE,2021,POWER TRAIN,2022-10-06,22V746000,1,2022-04-14,175,0.023913,1.0,1.444444,0.0,0.0,0.0,306,0
MERCEDES-BENZ,S 580,2021,VISIBILITY,2023-02-16,23V098000,0,,,,,,,,,207,0
MERCEDES-BENZ,GLE 350,2021,VISIBILITY,2021-10-21,21V832000,1,2021-09-02,49,0.013191,1.0,4.333333,1.0,0.0,0.0,108,0
MERCEDES-BENZ,GLE 350,2021,VISIBILITY,2023-03-16,23V177000,0,,,,,,,,,195,0
RAM,3500,2021,STRUCTURE,2022-12-08,22V904000,1,2022-11-24,14,0.013191,1.0,4.333333,1.0,0.0,0.0,119,0
MERCEDES-BENZ,GLA 250,2021,BACK OVER PREVENTION,2022-04-07,22V232000,1,2021-10-14,175,0.012911,1.0,4.333333,0.0,0.0,0.0,132,0
MERCEDES-BENZ,GLA 250,2021,ELECTRICAL SYSTEM,2022-05-19,22V365000,0,,,,,,,,,134,0
KIA,FORTE,2017,LATCHES/LOCKS/LINKAGES,2021-08-05,21V622000,0,,,,,,,,,179,0
ESCAPE,E21C,2019,STRUCTURE,2021-08-26,21V666000,0,,,,,,,,,0,0
MERCEDES-BENZ,C400,2015,STRUCTURE,2023-12-14,23V854000,0,,,,,,,,,152,0
FORD,TRANSIT CONNECT,2018,POWER TRAIN,2022-06-09,22V413000,0,,,,,,,,,389,0
VOLKSWAGEN,ID.4,2021,SERVICE BRAKES,2025-02-27,25V120000,1,2024-09-05,175,0.030281,1.0,0.866667,0.0,1.0,1.0,188,0
SUBARU,OUTBACK,2022,POWER TRAIN,2023-11-09,23V755000,1,2023-05-18,175,0.022624,2.0,2.166667,0.0,0.5,0.5,133,0
TOYOTA,RAV4 HYBRID,2021,AIR BAGS,2023-12-14,23V865000,0,,,,,,,,,291,0
MERCEDES-BENZ,C 300,2019,STRUCTURE,2023-12-14,23V854000,0,,,,,,,,,164,0
HONDA,PASSPORT,2020,BACK OVER PREVENTION,2023-06-15,23V431000,0,,,,,,,,,310,0
HONDA,PILOT,2021,BACK OVER PREVENTION,2023-06-15,23V431000,1,2023-02-09,126,0.014041,2.0,4.333333,2.0,0.0,0.0,306,0
MERCEDES-BENZ,AMG CLA35,2020,BACK OVER PREVENTION,2022-04-07,22V232000,1,2021-10-14,175,0.012911,1.0,4.333333,0.0,0.0,0.0,183,0
MERCEDES-BENZ,AMG CLA35,2020,ELECTRICAL SYSTEM,2022-05-19,22V365000,1,2021-11-25,175,0.017932,2.0,2.888889,-1.0,0.0,0.0,179,0
FORD,EXPLORER,2021,BACK OVER PREVENTION,2021-09-16,21V735000,1,2021-09-09,7,0.009409,1.0,4.333333,1.0,0.0,1.0,217,0
FORD,EXPLORER,2021,BACK OVER PREVENTION,2023-01-19,23V022000,1,2022-07-28,175,0.026016,2.0,1.238095,0.0,0.0,0.0,529,0
FORD,EXPLORER,2021,BACK OVER PREVENTION,2023-04-27,23V305000,1,2023-01-12,105,0.028457,1.0,0.722222,1.0,0.0,0.0,527,0
FORD,EXPLORER,2021,BACK OVER PREVENTION,2023-05-11,23V342000,1,2023-01-12,119,0.028457,1.0,0.722222,1.0,0.0,0.0,528,0
FORD,EXPLORER,2021,BACK OVER PREVENTION,2025-03-13,25V159000,1,2024-09-19,175,0.030244,1.0,0.333333,0.0,0.0,0.0,603,0
FORD,EXPLORER,2021,BACK OVER PREVENTION,2025-06-26,25V442000,1,2025-05-29,28,0.024426,1.0,1.444444,1.0,0.0,0.0,594,0
LEXUS,RX,2020,AIR BAGS,2023-12-14,23V865000,0,,,,,,,,,33,0
MERCEDES-BENZ,GLA 250,2021,SERVICE BRAKES,2022-03-03,22V125000,1,2021-09-09,175,0.013191,1.0,4.333333,1.0,0.0,0.0,134,0
MERCEDES-BENZ,GLA 250,2021,SERVICE BRAKES,2023-10-26,23V732000,0,,,,,,,,,187,0
HYUNDAI,SONATA,2018,LATCHES/LOCKS/LINKAGES,2021-08-05,21V619000,0,,,,,,,,,162,0
BMW,430I,2021,ELECTRICAL SYSTEM,2023-08-10,23V584000,0,,,,,,,,,109,0
BMW,430I,2021,ELECTRICAL SYSTEM,2025-09-18,25V636000,0,,,,,,,,,140,0
SUBARU,OUTBACK,2021,POWER TRAIN,2022-07-07,22V485000,1,2022-03-17,112,0.01498,1.0,2.166667,1.0,0.0,1.0,149,0
SUBARU,OUTBACK,2021,POWER TRAIN,2023-11-09,23V755000,1,2023-08-31,70,0.013191,1.0,4.333333,1.0,0.0,0.0,135,0
KIA,FORTE,2021,STEERING,2022-05-05,22V304000,1,2021-11-11,175,0.020275,1.0,4.333333,0.0,1.0,0.0,185,0
FOREST RIVER,XLR TOYHAULER,2021,STRUCTURE,2021-10-21,21V830000,1,2021-09-09,42,0.013191,1.0,4.333333,1.0,0.0,0.0,60,0
ACURA,MDX,2020,ENGINE,2023-11-09,23V751000,1,2023-05-18,175,0.018209,2.0,1.444444,1.0,0.0,1.0,71,0
VOLKSWAGEN,TAOS,2022,FUEL/PROPULSION SYSTEM,2021-08-19,21V651000,0,,,,,,,,,30,0
VOLKSWAGEN,TAOS,2022,FUEL/PROPULSION SYSTEM,2023-03-23,23V214000,1,2022-09-29,175,0.020869,4.0,2.166667,-1.0,0.0,0.25,159,0
TOYOTA,HIGHLANDER,2020,AIR BAGS,2023-12-14,23V865000,0,,,,,,,,,277,0
PORSCHE,TAYCAN,2021,SERVICE BRAKES,2021-09-02,21V697000,0,,,,,,,,,24,0
PORSCHE,TAYCAN,2021,SERVICE BRAKES,2023-05-11,23V347000,1,2023-03-02,70,0.01498,1.0,2.166667,1.0,0.0,1.0,33,0
PORSCHE,TAYCAN,2021,SERVICE BRAKES,2024-06-13,24V455000,1,2024-04-18,56,0.023496,1.0,2.166667,1.0,1.0,1.0,29,0
GMC,SIERRA 2500,2019,FUEL/PROPULSION SYSTEM,2023-02-02,23V047000,0,,,,,,,,,137,0
FCCC,XCM,2018,TIRES,2021-11-18,21V921000,1,2021-09-16,63,0.013191,1.0,4.333333,1.0,0.0,0.0,6,0
FORD,F-550 SD,2021,FUEL/PROPULSION SYSTEM,2022-01-13,22V013000,1,2021-09-16,119,0.014805,1.0,4.333333,1.0,1.0,1.0,249,0
FORD,F-550 SD,2021,FUEL/PROPULSION SYSTEM,2024-12-19,24V957000,0,,,,,,,,,592,0
FORD,F-550 SD,2021,FUEL/PROPULSION SYSTEM,2025-07-03,25V455000,1,2025-05-08,56,0.014041,2.0,4.333333,2.0,0.0,0.0,598,0
CAN-AM,RYKER,2019,ELECTRICAL SYSTEM,2022-10-20,22V799000,1,2022-04-28,175,0.020512,1.0,2.166667,0.0,0.0,0.0,24,0
CHEVROLET,BOLT EV,2022,ELECTRICAL SYSTEM,2021-08-19,21V650000,0,,,,,,,,,91,0
CHEVROLET,BOLT EV,2022,ELECTRICAL SYSTEM,2023-08-10,23V567000,1,2023-03-23,140,0.021681,1.0,0.433333,1.0,0.0,1.0,302,0
CHEVROLET,BOLT EV,2022,ELECTRICAL SYSTEM,2024-06-27,24V481000,1,2024-01-04,175,0.022756,2.0,1.083333,0.0,0.0,0.5,314,0
CHEVROLET,BOLT EV,2022,ELECTRICAL SYSTEM,2024-10-31,24V812000,0,,,,,,,,,327,0
MERCEDES-BENZ,E 450,2019,ELECTRICAL SYSTEM,2022-05-19,22V365000,1,2021-11-25,175,0.012911,1.0,4.333333,0.0,0.0,0.0,151,0
KIA,CADENZA,2015,VISIBILITY,2022-03-10,22V158000,1,2021-09-16,175,0.013191,1.0,4.333333,1.0,0.0,0.0,180,0
NISSAN,ROGUE,2021,BACK OVER PREVENTION,2022-07-21,22V527000,1,2022-01-27,175,0.020512,1.0,2.166667,0.0,0.0,0.0,183,0
NISSAN,ROGUE,2021,BACK OVER PREVENTION,2022-10-13,22V772000,1,2022-08-04,70,0.01748,1.0,1.444444,1.0,0.0,1.0,182,0
RAM,3500,2021,STEERING,2025-11-06,25V765000,0,,,,,,,,,126,0
AUDI,Q7,2021,ELECTRICAL SYSTEM,2025-03-27,25V201000,1,2024-10-03,175,0.021008,1.0,0.481481,0.0,0.0,1.0,92,0
FERRARI,488 GTB,2018,SERVICE BRAKES,2021-10-21,21V833000,1,2021-09-16,35,0.014805,1.0,4.333333,1.0,1.0,1.0,1,0
WINNEBAGO,REVEL,2022,ELECTRICAL SYSTEM,2023-09-28,23V663000,0,,,,,,,,,44,0
WINNEBAGO,REVEL,2022,ELECTRICAL SYSTEM,2024-05-02,24V318000,0,,,,,,,,,24,0
HYUNDAI,SANTA FE,2021,FUEL/PROPULSION SYSTEM,2021-07-08,21V524000,0,,,,,,,,,125,0
MERCEDES-BENZ,AMG GLC43,2020,ELECTRICAL SYSTEM,2022-05-19,22V365000,1,2021-11-25,175,0.009208,1.0,4.333333,0.0,0.0,1.0,179,0
VOLKSWAGEN,ATLAS CROSS SPORT,2021,ELECTRICAL SYSTEM,2021-08-05,21V616000,0,,,,,,,,,55,0
VOLKSWAGEN,ATLAS CROSS SPORT,2021,BACK OVER PREVENTION,2022-07-14,22V514000,0,,,,,,,,,155,0
VOLVO,XC60,2021,SERVICE BRAKES,2021-09-09,21V716000,0,,,,,,,,,38,0
FOREST RIVER,CEDAR CREEK,2019,STRUCTURE,2021-07-08,21V523000,0,,,,,,,,,49,0
CHEVROLET,SUBURBAN,2021,SEAT BELTS,2022-08-11,22V617000,0,,,,,,,,,204,0
LINCOLN,NAVIGATOR,2018,BACK OVER PREVENTION,2023-08-24,23V598000,0,,,,,,,,,60,0
FOREST RIVER,CHEROKEE,2020,EQUIPMENT,2024-01-04,24V003000,0,,,,,,,,,40,0
MERCEDES BENZ,C240,2005,VISIBILITY,2022-12-22,22V954000,0,,,,,,,,,46,0
MERCEDES BENZ,C240,2005,VISIBILITY,2024-11-14,24V874000,0,,,,,,,,,28,0
LINCOLN,NAUTILUS,2019,BACK OVER PREVENTION,2025-06-26,25V442000,0,,,,,,,,,71,0
AUDI,A4,2017,SEATS,2021-11-04,21V874000,1,2021-09-23,42,0.013191,1.0,4.333333,1.0,0.0,0.0,100,0
CHEVROLET,SILVERADO 3500,2015,AIR BAGS,2021-07-01,21V504000,0,,,,,,,,,419,0
HYUNDAI,PALISADE,2022,VISIBILITY,2023-03-16,23V180000,1,2022-09-22,175,0.026818,5.0,1.354167,0.0,0.0,0.2,326,0
CHEVROLET,SILVERADO 3500,2021,POWER TRAIN,2024-10-24,24V797000,1,2024-07-25,91,0.020954,1.0,2.166667,1.0,0.0,0.0,321,0
MERCEDES-BENZ,CLS 450,2019,ELECTRICAL SYSTEM,2022-05-19,22V365000,1,2021-11-25,175,0.009208,1.0,4.333333,0.0,0.0,1.0,151,0
MERCEDES-BENZ,CLS 450,2019,ELECTRICAL SYSTEM,2022-09-29,22V733000,0,,,,,,,,,177,0
VOLKSWAGEN,ID.4,2021,STEERING,2021-10-28,21V852000,1,2021-09-23,35,0.013191,1.0,4.333333,1.0,0.0,0.0,77,0
VOLKSWAGEN,ATLAS,2021,FUEL/PROPULSION SYSTEM,2022-04-07,22V245000,1,2021-10-14,175,0.010216,3.0,4.333333,1.0,0.0,1.0,147,0
FORD,F-150,2021,SEAT BELTS,2021-08-19,21V653000,0,,,,,,,,,219,0
NISSAN,LEAF,2020,BACK OVER PREVENTION,2024-02-01,24V071000,0,,,,,,,,,260,0
FORD,TRANSIT,2018,BACK OVER PREVENTION,2025-08-28,25V572000,0,,,,,,,,,489,0
CHRYSLER,300,2020,VISIBILITY,2021-07-08,21V516000,0,,,,,,,,,29,0
TESLA,MODEL S,2014,LATCHES/LOCKS/LINKAGES,2021-12-16,21V00B000,1,2021-09-23,84,0.013191,1.0,4.333333,1.0,0.0,0.0,44,0
LINCOLN,NAVIGATOR,2017,SERVICE BRAKES,2022-03-10,22V150000,1,2021-09-23,168,0.014805,1.0,4.333333,1.0,1.0,1.0,46,0
LINCOLN,NAVIGATOR,2017,SERVICE BRAKES,2025-04-10,25V236000,0,,,,,,,,,54,0
HONDA,HR-V,2021,AIR BAGS,2024-02-01,24V064000,0,,,,,,,,,315,0
GMC,SIERRA 2500,2018,EQUIPMENT,2021-07-01,21V496000,0,,,,,,,,,140,0
HONDA,CIVIC,2022,AIR BAGS,2024-02-01,24V064000,1,2023-08-10,175,0.02008,1.0,2.166667,-1.0,0.0,0.0,344,0
LAND ROVER,DEFENDER,2021,STRUCTURE,2024-12-05,24E102000,0,,,,,,,,,29,0
FOREST RIVER,CHEROKEE,2022,EQUIPMENT,2021-11-11,21V877000,1,2021-09-30,42,0.014041,2.0,4.333333,2.0,0.0,0.0,48,0
FOREST RIVER,CHEROKEE,2022,EQUIPMENT,2022-01-13,22V012000,1,2021-09-30,105,0.014041,2.0,4.333333,2.0,0.0,0.0,46,0
FOREST RIVER,CHEROKEE,2022,EQUIPMENT,2022-03-03,22V135000,1,2021-09-30,154,0.014041,2.0,4.333333,2.0,0.0,0.0,42,0
FOREST RIVER,CHEROKEE,2022,EQUIPMENT,2022-04-07,22V243000,1,2021-10-14,175,0.013452,2.0,4.333333,0.0,0.0,0.0,39,0
FOREST RIVER,CHEROKEE,2022,EQUIPMENT,2022-07-07,22V486000,1,2022-06-16,21,0.022293,2.0,2.166667,2.0,0.0,0.0,53,0
FOREST RIVER,CHEROKEE,2022,EQUIPMENT,2022-07-28,22V556000,1,2022-06-16,42,0.022293,2.0,2.166667,2.0,0.0,0.0,53,0
MERCEDES-BENZ,GLE 350,2021,EXTERIOR LIGHTING,2021-07-01,21V509000,0,,,,,,,,,89,0
JEEP,GRAND CHEROKEE,2021,EXTERIOR LIGHTING,2021-10-14,21V797000,1,2021-09-30,14,0.013191,1.0,4.333333,1.0,0.0,0.0,115,0
JEEP,GRAND CHEROKEE,2021,EXTERIOR LIGHTING,2021-12-09,21V950000,1,2021-09-30,70,0.013191,1.0,4.333333,1.0,0.0,0.0,115,0
JEEP,GRAND CHEROKEE,2021,EXTERIOR LIGHTING,2022-07-28,22V544000,1,2022-02-03,175,0.01711,1.0,1.444444,0.0,0.0,1.0,174,0
MITSUBISHI,OUTLANDER,2022,FUEL/PROPULSION SYSTEM,2022-01-20,22V027000,1,2021-09-30,112,0.013191,1.0,4.333333,1.0,0.0,0.0,8,0
FERRARI,488 SPIDER,2018,SERVICE BRAKES,2021-10-21,21V833000,1,2021-09-30,21,0.009409,1.0,4.333333,1.0,0.0,1.0,1,0
GMC,SIERRA 1500,2021,TIRES,2021-12-16,21V985000,1,2021-09-30,77,0.009409,1.0,4.333333,1.0,0.0,1.0,86,0
VOLVO,S80,2002,AIR BAGS,2021-09-30,21V766000,1,2021-09-30,0,0.013191,1.0,4.333333,1.0,0.0,0.0,9,0
TRIUMPH,SPEED TRIPLE RR,2022,SERVICE BRAKES,2022-03-31,22V207000,1,2021-10-07,175,0.014492,1.0,4.333333,0.0,1.0,1.0,5,0
HYUNDAI,AZERA,2017,LATCHES/LOCKS/LINKAGES,2021-08-05,21V619000,0,,,,,,,,,187,0
AUDI,A8,2020,ELECTRICAL SYSTEM,2023-12-07,23V842000,0,,,,,,,,,118,0
FORD,F-150,2021,EQUIPMENT,2024-11-07,24V852000,1,2024-10-17,21,0.024426,1.0,1.444444,1.0,0.0,0.0,598,0
AUDI,A5,2019,SUSPENSION,2022-01-20,22V034000,1,2021-10-07,105,0.014805,1.0,4.333333,1.0,1.0,1.0,71,0
VOLVO,S80,2005,AIR BAGS,2021-09-30,21V766000,0,,,,,,,,,15,0
FORD,EXPEDITION,2021,BACK OVER PREVENTION,2025-01-30,25V048000,1,2024-08-08,175,0.018481,1.0,1.083333,0.0,0.0,1.0,593,0
FORD,EXPEDITION,2021,BACK OVER PREVENTION,2025-06-26,25V442000,0,,,,,,,,,595,0
HONDA,PILOT,2017,LATCHES/LOCKS/LINKAGES,2021-11-25,21V932000,1,2021-10-07,49,0.020711,1.0,4.333333,1.0,1.0,0.0,250,0
BMW,X5,2018,ENGINE,2024-08-08,24V608000,1,2024-04-25,105,0.01498,1.0,2.166667,1.0,0.0,1.0,159,0
JEEP,GRAND CHEROKEE,2021,SEATS,2022-03-24,22V180000,1,2021-10-07,168,0.009409,1.0,4.333333,1.0,0.0,1.0,146,0
HYUNDAI,ACCENT,2019,LATCHES/LOCKS/LINKAGES,2021-08-05,21V619000,0,,,,,,,,,180,0
TOYOTA,PRIUS,2022,FUEL/PROPULSION SYSTEM,2021-09-16,21V734000,0,,,,,,,,,115,0
TOYOTA,PRIUS,2022,ENGINE,2021-09-16,21V734000,0,,,,,,,,,115,0
TESLA,MODEL S,2016,LATCHES/LOCKS/LINKAGES,2021-12-16,21V00B000,1,2021-10-14,63,0.014805,1.0,4.333333,1.0,1.0,1.0,83,0
TESLA,MODEL S,2019,BACK OVER PREVENTION,2022-03-17,22V169000,1,2021-10-14,154,0.020711,1.0,4.333333,1.0,1.0,0.0,115,0
TESLA,MODEL S,2015,LATCHES/LOCKS/LINKAGES,2021-12-16,21V00B000,1,2021-10-14,63,0.013191,1.0,4.333333,1.0,0.0,0.0,64,0
BRIDGESTONE,ECOPIA H/L 422 PLUS,9999,TIRES,2021-08-12,21T012000,0,,,,,,,,,10,0
SUBARU,WRX,2019,FUEL/PROPULSION SYSTEM,2021-07-29,21V587000,0,,,,,,,,,201,0
MERCEDES-BENZ,A 220,2019,BACK OVER PREVENTION,2022-04-07,22V232000,1,2021-10-14,175,0.013191,1.0,4.333333,1.0,0.0,0.0,155,0
JEEP,GRAND CHEROKEE,2021,BACK OVER PREVENTION,2021-09-16,21V729000,0,,,,,,,,,113,0
JEEP,GRAND CHEROKEE,2021,BACK OVER PREVENTION,2023-08-10,23V577000,1,2023-05-18,84,0.013191,1.0,4.333333,1.0,0.0,0.0,231,0
JEEP,GRAND CHEROKEE,2021,BACK OVER PREVENTION,2024-06-13,24V436000,1,2023-12-21,175,0.023913,1.0,1.444444,0.0,0.0,0.0,234,0
FOREST RIVER,SALEM,2022,EQUIPMENT,2021-09-23,21V745000,0,,,,,,,,,41,0
FOREST RIVER,SALEM,2022,EQUIPMENT,2022-04-07,22V243000,1,2021-10-14,175,0.014041,2.0,4.333333,2.0,0.0,0.0,39,0
FOREST RIVER,SALEM,2022,EQUIPMENT,2022-07-07,22V486000,1,2022-06-02,35,0.022293,2.0,2.166667,2.0,0.0,0.0,53,0
FOREST RIVER,SALEM,2022,EQUIPMENT,2022-07-28,22V556000;22V562000,1,2022-06-02,56,0.022293,2.0,2.166667,2.0,0.0,0.0,53,0
FOREST RIVER,SALEM,2022,EQUIPMENT,2022-09-29,22V729000,1,2022-06-02,119,0.022293,2.0,2.166667,2.0,0.0,0.0,64,0
RAM,3500,2021,POWER TRAIN,2022-11-10,22V835000,1,2022-05-19,175,0.023002,1.0,2.166667,0.0,1.0,1.0,118,0
RAM,2500,2021,STRUCTURE,2022-12-08,22V904000,1,2022-06-16,175,0.020512,1.0,2.166667,0.0,0.0,0.0,119,0
NISSAN,TITAN,2021,POWER TRAIN,2022-06-23,22V457000,1,2021-12-30,175,0.014601,4.0,4.333333,0.0,0.0,0.0,167,0
NISSAN,TITAN,2021,POWER TRAIN,2022-09-01,22V671000,1,2022-03-10,175,0.023928,5.0,2.407407,2.0,0.0,0.0,183,0
MERCEDES-BENZ,GLE 450,2020,POWER TRAIN,2024-02-15,24V118000,0,,,,,,,,,179,0
AMERICAN COACH,AMERICAN EAGLE,2020,STRUCTURE,2023-12-07,23V833000,0,,,,,,,,,0,0
PORSCHE,BOXSTER,2015,POWER TRAIN,2021-08-26,21V679000,0,,,,,,,,,15,0
MERCEDES-BENZ,SPRINTER 2500,2021,SEAT BELTS,2021-07-01,21V513000,0,,,,,,,,,89,0
TESLA,MODEL 3,2021,AIR BAGS,2021-10-21,21V834000,1,2021-10-21,0,0.014805,1.0,4.333333,1.0,1.0,1.0,91,0
RAM,4500,2020,FUEL/PROPULSION SYSTEM,2021-11-11,21V880000,1,2021-10-21,21,0.013191,1.0,4.333333,1.0,0.0,0.0,121,0
TESLA,MODEL X,2020,FORWARD COLLISION AVOIDANCE,2021-10-28,21V846000,1,2021-10-21,7,0.009409,1.0,4.333333,1.0,0.0,1.0,121,0
TESLA,MODEL X,2020,FORWARD COLLISION AVOIDANCE,2022-02-03,22V063000,1,2021-10-21,105,0.009409,1.0,4.333333,1.0,0.0,1.0,128,0
TESLA,MODEL X,2020,FORWARD COLLISION AVOIDANCE,2022-04-07,22V235000,1,2021-10-21,168,0.009409,1.0,4.333333,1.0,0.0,1.0,134,0
TESLA,MODEL X,2020,FORWARD COLLISION AVOIDANCE,2024-02-22,24V153000,1,2023-08-31,175,0.023263,3.0,1.857143,-1.0,0.0,0.0,140,0
RAM,3500,2020,POWER TRAIN,2022-11-10,22V835000,0,,,,,,,,,133,0
PORSCHE,TAYCAN,2020,BACK OVER PREVENTION,2022-06-02,22V404000,1,2021-12-09,175,0.009208,1.0,4.333333,0.0,0.0,1.0,32,0
PORSCHE,TAYCAN,2020,BACK OVER PREVENTION,2025-12-18,25V896000,0,,,,,,,,,30,0
TESLA,MODEL Y,2021,EXTERIOR LIGHTING,2022-11-10,22V844000,1,2022-05-19,175,0.023913,1.0,1.444444,0.0,0.0,0.0,171,0
FORD,BRONCO,2021,AIR BAGS,2021-09-30,21V770000,0,,,,,,,,,217,0
FORD,BRONCO,2021,AIR BAGS,2022-12-08,22V928000,0,,,,,,,,,512,0
NISSAN,SENTRA,2020,BACK OVER PREVENTION,2023-09-07,23V628000,1,2023-03-23,168,0.014041,2.0,4.333333,2.0,0.0,0.0,252,0
TOYOTA,YARIS,2020,FUEL/PROPULSION SYSTEM,2021-09-23,21V617000,0,,,,,,,,,309,0
VOLVO,XC40,2021,SEAT BELTS,2021-08-26,21V682000,0,,,,,,,,,38,0
GMC,SIERRA 2500,2017,EQUIPMENT,2021-07-01,21V496000,0,,,,,,,,,175,0
MINI,COOPER CLUBMAN,2010,ELECTRICAL SYSTEM,2023-05-11,23V337000,0,,,,,,,,,18,0
FOREST RIVER,CEDAR CREEK,2021,EQUIPMENT,2022-04-07,22V243000,1,2021-10-28,161,0.009409,1.0,4.333333,1.0,0.0,1.0,52,0
FOREST RIVER,CEDAR CREEK,2021,EQUIPMENT,2024-05-30,24V395000,0,,,,,,,,,33,0
CHEVROLET,CORVETTE,2021,POWER TRAIN,2022-02-17,22V091000,1,2021-10-28,112,0.013191,1.0,4.333333,1.0,0.0,0.0,209,0
JEEP,WRANGLER,2019,BACK OVER PREVENTION,2024-09-12,24V676000,0,,,,,,,,,206,0
TESLA,MODEL 3,2017,VISIBILITY,2021-12-16,21V00D000,1,2021-10-28,49,0.009409,1.0,4.333333,1.0,0.0,1.0,96,0
TESLA,MODEL 3,2017,VISIBILITY,2022-09-15,22V702000,1,2022-08-25,21,0.020954,1.0,2.166667,1.0,0.0,0.0,106,0
BMW,X3,2022,ELECTRICAL SYSTEM,2025-09-18,25V636000,1,2025-05-15,126,0.009409,1.0,4.333333,1.0,0.0,1.0,125,0
CADILLAC,CT5,2020,AIR BAGS,2021-08-05,21V611000,0,,,,,,,,,35,0
AUDI,E-TRON,2021,ELECTRICAL SYSTEM,2023-12-07,23V842000,1,2023-07-20,140,0.024426,1.0,1.444444,1.0,0.0,0.0,97,0
AUDI,E-TRON,2021,ELECTRICAL SYSTEM,2023-12-14,23V867000,1,2023-07-20,147,0.024426,1.0,1.444444,1.0,0.0,0.0,103,0
LINCOLN,MKC,2018,ENGINE,2023-05-25,23V378000,0,,,,,,,,,50,0
HYUNDAI,ACCENT,2018,LATCHES/LOCKS/LINKAGES,2021-08-05,21V619000,0,,,,,,,,,162,0
WINNEBAGO,EKKO,2022,ELECTRICAL SYSTEM,2023-03-30,23V234000,1,2023-02-02,56,0.010018,2.0,4.333333,2.0,0.0,1.0,27,0
CHEVROLET,SILVERADO 3500,2018,EQUIPMENT,2021-07-01,21V496000,0,,,,,,,,,382,0
JAGUAR,F-PACE,2021,SEAT BELTS,2021-08-26,21V667000,0,,,,,,,,,5,0
NISSAN,NV200,2016,FUEL/PROPULSION SYSTEM,2025-10-09,25V676000,0,,,,,,,,,208,0
HONDA,PILOT,2021,SERVICE BRAKES,2023-06-29,23V458000,0,,,,,,,,,308,0
TIFFIN,PHAETON,2022,SEAT BELTS,2021-11-04,21V680000,1,2021-11-04,0,0.013191,1.0,4.333333,1.0,0.0,0.0,3,0
KEYSTONE,RAPTOR,2021,FUEL/PROPULSION SYSTEM,2023-02-09,23V082000,0,,,,,,,,,25,0
JAYCO FIFTH WHEEL,EAGLE,2020,EQUIPMENT,2021-09-02,21V685000,0,,,,,,,,,5,0
MERCEDES-BENZ,S 580,2021,ELECTRICAL SYSTEM,2021-11-25,21V931000,1,2021-11-11,14,0.013191,1.0,4.333333,1.0,0.0,0.0,118,0
MERCEDES-BENZ,S 580,2021,ELECTRICAL SYSTEM,2022-05-19,22V365000,1,2021-11-25,175,0.012911,1.0,4.333333,0.0,0.0,0.0,133,0
MERCEDES-BENZ,S 580,2021,ELECTRICAL SYSTEM,2023-03-23,23V200000,1,2022-09-29,175,0.027025,1.0,0.866667,0.0,0.0,0.0,193,0
MERCEDES-BENZ,S 580,2021,ELECTRICAL SYSTEM,2024-10-24,24V807000,1,2024-05-02,175,0.020512,1.0,2.166667,0.0,0.0,0.0,171,0
AUDI,A6,2020,ELECTRICAL SYSTEM,2022-03-10,22V155000,1,2021-11-11,119,0.013191,1.0,4.333333,1.0,0.0,0.0,87,0
AUDI,A6,2020,ELECTRICAL SYSTEM,2022-11-17,22V861000,1,2022-07-21,119,0.01748,1.0,1.444444,1.0,0.0,1.0,101,0
HONDA,CIVIC,2021,SERVICE BRAKES,2023-06-29,23V458000,1,2023-05-18,42,0.027378,1.0,1.444444,1.0,1.0,1.0,307,0
JEEP,GRAND CHEROKEE,2021,AIR BAGS,2021-11-04,21V873000,0,,,,,,,,,114,0
BMW,X3,2021,STRUCTURE,2024-07-11,24V534000,0,,,,,,,,,108,0
BMW,X3,2021,STRUCTURE,2024-10-10,24V764000,1,2024-08-15,56,0.013191,1.0,4.333333,1.0,0.0,0.0,113,0
MICHELIN,CROSSCLIMATE 2,9999,TIRES,2025-07-17,25T012000,0,,,,,,,,,11,0
AUDI,Q5 SPORTBACK,2022,BACK OVER PREVENTION,2021-10-14,21V825000,0,,,,,,,,,32,0
HYUNDAI,SANTA FE PLUG-IN HYBRID,2022,FUEL/PROPULSION SYSTEM,2023-01-19,23V028000,1,2022-07-28,175,0.021824,2.0,2.166667,1.0,0.0,0.0,295,0
TOYOTA,TUNDRA,2019,STEERING,2021-11-18,21V920000,1,2021-11-18,0,0.009409,1.0,4.333333,1.0,0.0,1.0,267,0
TOYOTA,TUNDRA,2019,STEERING,2021-12-23,21E103000,1,2021-11-18,35,0.009409,1.0,4.333333,1.0,0.0,1.0,261,0
TOYOTA,C-HR,2021,FORWARD COLLISION AVOIDANCE,2022-02-24,22V107000,1,2021-11-18,98,0.009409,1.0,4.333333,1.0,0.0,1.0,233,0
TIFFIN,ALLEGRO BREEZE,2021,ELECTRICAL SYSTEM,2022-02-03,22V068000,1,2021-11-18,77,0.014805,1.0,4.333333,1.0,1.0,1.0,12,0
CHEVROLET,SILVERADO 2500,2019,EQUIPMENT,2021-07-01,21V496000,0,,,,,,,,,340,0
KZRV,SPORTSMEN LE,2018,EQUIPMENT,2021-08-26,21V670000,0,,,,,,,,,1,0
TESLA,MODEL Y,2022,FORWARD COLLISION AVOIDANCE,2022-02-03,22V063000,1,2021-11-18,77,0.013442,4.0,4.333333,4.0,0.0,0.5,74,0
TESLA,MODEL Y,2022,FORWARD COLLISION AVOIDANCE,2022-04-07,22V235000,1,2021-11-18,140,0.013442,4.0,4.333333,4.0,0.0,0.5,96,0
TESLA,MODEL Y,2022,FORWARD COLLISION AVOIDANCE,2024-02-22,24V153000,1,2023-08-31,175,0.069307,27.0,0.579208,-2.0,0.0,0.333333,198,0
THOR MOTOR COACH,OUTLAW,2017,STRUCTURE,2021-10-28,21V845000,0,,,,,,,,,18,0
KENWORTH,T660,2014,SERVICE BRAKES,2024-02-22,24V145000,0,,,,,,,,,0,0
FORD,EXPEDITION,2021,ENGINE,2022-05-12,22V346000,1,2021-11-18,175,0.013191,1.0,4.333333,1.0,0.0,0.0,328,0
GMC,SIERRA 2500,2021,SERVICE BRAKES,2021-09-23,21V758000,0,,,,,,,,,97,0
CHEVROLET,SILVERADO 3500,2017,EQUIPMENT,2021-07-01,21V496000,0,,,,,,,,,418,0
MERCEDES-BENZ,GLC 300,2021,ELECTRICAL SYSTEM,2022-05-19,22V365000,1,2021-11-25,175,0.013191,1.0,4.333333,1.0,0.0,0.0,133,0
HYUNDAI,SONATA HYBRID,2017,EXTERIOR LIGHTING,2021-09-23,21V749000,0,,,,,,,,,182,0
MERCEDES-BENZ,GLE 450,2021,POWER TRAIN,2024-02-15,24V118000,0,,,,,,,,,207,0
NISSAN,FRONTIER,2022,BACK OVER PREVENTION,2022-07-21,22V527000,1,2022-01-27,175,0.012911,1.0,4.333333,0.0,0.0,0.0,114,0
NISSAN,FRONTIER,2022,BACK OVER PREVENTION,2022-10-13,22V772000,1,2022-09-15,28,0.020954,1.0,2.166667,1.0,0.0,0.0,113,0
FORD,BRONCO SPORT,2021,SERVICE BRAKES,2021-11-18,21V922000,0,,,,,,,,,234,0
MERCEDES-BENZ,SPRINTER 3500,2020,BACK OVER PREVENTION,2022-04-21,22V281000,1,2021-11-25,147,0.009409,1.0,4.333333,1.0,0.0,1.0,183,0
KIA,K5,2022,AIR BAGS,2023-03-02,23V149000,1,2022-12-08,84,0.023496,1.0,2.166667,1.0,1.0,1.0,231,0
CAN-AM,RYKER,2021,ELECTRICAL SYSTEM,2022-10-20,22V799000,1,2022-07-07,105,0.01748,1.0,1.444444,1.0,0.0,1.0,29,0
CHEVROLET,SILVERADO 3500,2019,EQUIPMENT,2021-07-01,21V496000,0,,,,,,,,,340,0
INTERNATIONAL,LT,2021,ENGINE,2022-09-15,22V691000,0,,,,,,,,,6,0
INTERNATIONAL,LT,2021,ENGINE,2023-03-30,23V220000,0,,,,,,,,,3,0
HYUNDAI,PALISADE,2021,SERVICE BRAKES,2021-10-21,21V840000,0,,,,,,,,,165,0
RAM,2500,2022,POWER TRAIN,2022-11-10,22V835000,0,,,,,,,,,76,0
VOLVO,S60,2008,AIR BAGS,2021-09-30,21V766000,0,,,,,,,,,14,0
TESLA,MODEL 3,2022,FORWARD COLLISION AVOIDANCE,2022-02-03,22V063000,1,2021-12-02,63,0.010018,2.0,4.333333,2.0,0.0,1.0,74,0
TESLA,MODEL 3,2022,FORWARD COLLISION AVOIDANCE,2022-04-07,22V235000,1,2021-12-02,126,0.010018,2.0,4.333333,2.0,0.0,1.0,96,0
TESLA,MODEL 3,2022,FORWARD COLLISION AVOIDANCE,2024-02-22,24V153000,1,2023-08-31,175,0.090234,34.0,0.861598,0.0,0.0,0.294118,198,0
MERCEDES-BENZ,SPRINTER 1500,2021,POWER TRAIN,2022-10-20,22V796000,0,,,,,,,,,201,0
KIA,CARNIVAL,2022,LATCHES/LOCKS/LINKAGES,2021-11-18,21V908000,0,,,,,,,,,82,0
FOREST RIVER,WILDWOOD,2021,EQUIPMENT,2021-08-05,21V621000,0,,,,,,,,,56,0
FOREST RIVER,WILDWOOD,2021,EQUIPMENT,2021-09-23,21V745000,0,,,,,,,,,60,0
FOREST RIVER,WILDWOOD,2021,EQUIPMENT,2022-04-07,22V243000,1,2021-12-02,126,0.013191,1.0,4.333333,1.0,0.0,0.0,52,0
FOREST RIVER,WILDWOOD,2021,EQUIPMENT,2022-07-28,22V562000,1,2022-02-03,175,0.012911,1.0,4.333333,0.0,0.0,0.0,70,0
FOREST RIVER,WILDWOOD,2021,EQUIPMENT,2022-09-29,22V729000,0,,,,,,,,,83,0
FORD,ESCAPE,2021,SERVICE BRAKES,2021-11-18,21V922000,0,,,,,,,,,234,0
RAM,1500,2022,FUEL/PROPULSION SYSTEM,2022-10-13,22V767000,1,2022-04-21,175,0.014662,1.0,2.166667,0.0,0.0,1.0,68,0
RAM,1500,2022,FUEL/PROPULSION SYSTEM,2023-04-13,23V263000,1,2022-10-20,175,0.019354,1.0,0.866667,0.0,0.0,1.0,100,0
RAM,1500,2022,ENGINE,2022-10-13,22V767000,1,2022-04-21,175,0.0202,4.0,1.733333,1.0,0.0,0.75,68,0
HONDA,ACCORD HYBRID,2021,AIR BAGS,2024-02-01,24V064000,0,,,,,,,,,315,0
TIFFIN,PHAETON,2021,ELECTRICAL SYSTEM,2021-10-07,21V783000,0,,,,,,,,,6,0
FORD,MUSTANG MACH E,2021,VISIBILITY,2021-09-09,21V711000;21V712000,0,,,,,,,,,217,0
FORD,FLEX,2019,BACK OVER PREVENTION,2024-12-19,24V951000,1,2024-07-04,168,0.030497,1.0,0.393939,1.0,0.0,0.0,503,0
FORD,FLEX,2019,BACK OVER PREVENTION,2025-10-09,25V695000,1,2025-04-17,175,0.031882,10.0,1.805556,0.0,0.0,0.0,521,0
TOYOTA,RAV4 PRIME,2021,ELECTRICAL SYSTEM,2023-02-02,23V041000,1,2022-08-11,175,0.040239,1.0,1.083333,0.0,1.0,0.0,330,0
TOYOTA,RAV4 PRIME,2021,ELECTRICAL SYSTEM,2023-07-06,23V478000,0,,,,,,,,,316,0
FORD,F-150,2021,EXTERIOR LIGHTING,2024-06-13,24V443000,1,2023-12-21,175,0.027025,1.0,0.866667,0.0,0.0,0.0,609,0
FORD,F-150,2021,EXTERIOR LIGHTING,2025-05-22,25V348000,1,2024-11-28,175,0.028208,12.0,2.47619,1.0,0.0,0.25,594,0
MERCEDES-BENZ,S 580,2021,ENGINE,2021-10-28,21V843000,0,,,,,,,,,108,0
MERCEDES-BENZ,S 580,2021,ENGINE,2024-09-19,24V704000,0,,,,,,,,,181,0
FORD,EXPLORER,2021,AIR BAGS,2021-08-19,21V652000,0,,,,,,,,,219,0
CHEVROLET,SILVERADO 3500,2016,AIR BAGS,2021-07-01,21V504000,0,,,,,,,,,425,0
RAM,3500,2022,POWER TRAIN,2022-11-10,22V835000,1,2022-06-09,154,0.020954,1.0,2.166667,1.0,0.0,0.0,75,0
MAXI-COSI,PRIA 85,9999,CHILD SEAT,2021-08-19,21C003000,0,,,,,,,,,0,0
THOR MOTOR COACH,OMNI,2021,EQUIPMENT,2021-09-23,21V754000,0,,,,,,,,,26,0
THOR MOTOR COACH,OMNI,2021,EQUIPMENT,2022-02-17,22V094000,1,2021-12-09,70,0.014041,2.0,4.333333,2.0,0.0,0.0,33,0
GMC,YUKON XL,2021,POWER TRAIN,2022-01-27,22V036000,1,2021-12-09,49,0.009409,1.0,4.333333,1.0,0.0,1.0,92,0
GMC,YUKON XL,2021,POWER TRAIN,2024-10-24,24V797000,0,,,,,,,,,153,0
KIA,SELTOS,2022,ENGINE,2025-02-13,25V099000,1,2024-08-22,175,0.020512,1.0,2.166667,0.0,0.0,0.0,267,0
VOLVO,S80,2003,AIR BAGS,2021-09-30,21V766000,0,,,,,,,,,19,0
MERCEDES-BENZ,S 580,2021,SERVICE BRAKES,2025-02-20,25V116000,0,,,,,,,,,174,0
WINNEBAGO,EKKO,2021,ELECTRICAL SYSTEM,2023-03-30,23V234000,0,,,,,,,,,28,0
CHEVROLET,SUBURBAN,2021,EXTERIOR LIGHTING,2022-11-03,22V827000,0,,,,,,,,,235,0
TESLA,MODEL X,2021,VISIBILITY,2022-01-27,22V050000,1,2021-12-16,42,0.013191,1.0,4.333333,1.0,0.0,0.0,120,0
TESLA,MODEL X,2021,VISIBILITY,2022-09-15,22V702000,0,,,,,,,,,166,0
FORD,FLEX,2019,STRUCTURE,2025-10-23,25V732000,1,2025-05-15,161,0.009409,1.0,4.333333,1.0,0.0,1.0,516,0
FREIGHTLINER,CASCADIA,2020,SERVICE BRAKES,2022-10-27,22V817000,1,2022-07-14,105,0.01748,1.0,1.444444,1.0,0.0,1.0,15,0
FREIGHTLINER,CASCADIA,2020,SERVICE BRAKES,2023-02-09,23V073000,1,2022-08-18,175,0.01711,1.0,1.444444,0.0,0.0,1.0,24,0
VOLVO,S60,2009,AIR BAGS,2021-09-30,21V766000,0,,,,,,,,,16,0
VOLVO,V70,2001,AIR BAGS,2021-10-14,21V800000,0,,,,,,,,,9,0
PORSCHE,TAYCAN,2022,BACK OVER PREVENTION,2022-06-02,22V404000,1,2021-12-16,168,0.013191,1.0,4.333333,1.0,0.0,0.0,27,0
PORSCHE,TAYCAN,2022,BACK OVER PREVENTION,2025-12-18,25V896000,1,2025-08-07,133,0.013191,1.0,4.333333,1.0,0.0,0.0,34,0
TOYOTA,TUNDRA,2020,ELECTRICAL SYSTEM,2021-09-02,21V688000,0,,,,,,,,,304,0
VOLVO,XC70,2005,AIR BAGS,2021-10-14,21V800000,0,,,,,,,,,16,0
KZRV,SPORTSMEN LE,2021,EQUIPMENT,2021-08-26,21V670000,0,,,,,,,,,2,0
VOLKSWAGEN,JETTA,2020,TIRES,2022-10-27,22V815000,0,,,,,,,,,154,0
FORD,RANGER,2019,SEAT BELTS,2021-10-14,21V811000,0,,,,,,,,,357,0
CHEVROLET,SILVERADO 1500,2022,AIR BAGS,2022-11-17,22V873000,1,2022-09-22,56,0.01498,1.0,2.166667,1.0,0.0,1.0,153,0
GMC,SIERRA 3500,2015,AIR BAGS,2021-07-01,21V504000,0,,,,,,,,,157,0
RAM,3500,2018,AIR BAGS,2025-01-16,25V010000,1,2024-12-12,35,0.013191,1.0,4.333333,1.0,0.0,0.0,142,0
RAM,3500,2018,AIR BAGS,2025-09-11,25V592000,1,2025-03-20,175,0.018319,2.0,2.888889,0.0,0.0,0.0,142,0
KIA,TELLURIDE,2022,POWER TRAIN,2024-03-14,24V214000,1,2023-10-05,161,0.01498,1.0,2.166667,1.0,0.0,1.0,309,0
TOYOTA,TUNDRA,2018,EXTERIOR LIGHTING,2021-09-02,21V688000,0,,,,,,,,,274,0
FORD,E-350,2022,SERVICE BRAKES,2022-02-10,22V089000,1,2021-12-23,49,0.009409,1.0,4.333333,1.0,0.0,1.0,143,0
FORD,E-350,2022,SERVICE BRAKES,2024-02-08,24V097000,0,,,,,,,,,609,0
FORD,E-350,2022,STEERING,2022-02-10,22V089000,1,2021-12-23,49,0.010018,2.0,4.333333,2.0,0.0,1.0,143,0
FORD,E-350,2022,STEERING,2024-02-08,24V097000,0,,,,,,,,,609,0
PETERBILT,579,2016,ELECTRICAL SYSTEM,2021-12-23,21V00N000,1,2021-12-23,0,0.013191,1.0,4.333333,1.0,0.0,0.0,1,0
JEEP,WRANGLER,2020,EXTERIOR LIGHTING,2024-09-12,24V676000,1,2024-04-18,147,0.01748,1.0,1.444444,1.0,0.0,1.0,200,0
ENTEGRA,VISION,2021,SUSPENSION,2023-03-30,23V217000,0,,,,,,,,,9,0
VOLKSWAGEN,ATLAS CROSS SPORT,2021,AIR BAGS,2021-11-11,21V892000,0,,,,,,,,,79,0
VOLKSWAGEN,ATLAS CROSS SPORT,2021,AIR BAGS,2022-03-24,22V152000,1,2021-12-23,91,0.014805,1.0,4.333333,1.0,1.0,1.0,145,0
VOLKSWAGEN,ATLAS CROSS SPORT,2021,AIR BAGS,2024-06-20,24V464000,1,2023-12-28,175,0.020512,1.0,2.166667,0.0,0.0,0.0,164,0
HYUNDAI,SANTA FE,2022,ENGINE,2022-03-24,22V197000,1,2021-12-23,91,0.013191,1.0,4.333333,1.0,0.0,0.0,135,0
FORD,RANGER,2021,FORWARD COLLISION AVOIDANCE,2021-12-16,21V982000,0,,,,,,,,,245,0
WIC RV REG,MODEL 6020 PROPANE REG,9999,EQUIPMENT,2021-09-09,21E086000,0,,,,,,,,,0,0
MERCEDES-BENZ,GLB 250,2021,SUSPENSION,2022-05-05,22V314000,1,2021-12-23,133,0.009409,1.0,4.333333,1.0,0.0,1.0,134,0
RAM,PROMASTER CITY,2021,SEAT BELTS,2021-09-09,21V699000,0,,,,,,,,,68,0
RAM,PROMASTER CITY,2021,EXTERIOR LIGHTING,2021-09-16,21V728000,0,,,,,,,,,72,0
CHRYSLER,PACIFICA,2021,BACK OVER PREVENTION,2024-06-13,24V436000,1,2023-12-21,175,0.024426,1.0,1.444444,1.0,0.0,0.0,57,0
NISSAN,MURANO HYBRID,2016,ENGINE,2021-09-30,21V774000,0,,,,,,,,,226,0
FREIGHTLINER,CASCADIA,2022,FORWARD COLLISION AVOIDANCE,2022-10-27,22V817000,0,,,,,,,,,9,0
FORD,ESCAPE HYBRID,2021,ENGINE,2022-02-24,22V109000,1,2021-12-30,56,0.009409,1.0,4.333333,1.0,0.0,1.0,270,0
VOLVO,V70,2003,AIR BAGS,2021-10-14,21V800000,0,,,,,,,,,18,0
JAYCO FIFTH WHEEL,NORTH POINT,2020,EQUIPMENT,2025-05-29,25V355000,0,,,,,,,,,7,0
KIA,K5,2022,POWER TRAIN,2022-10-06,22V760000,0,,,,,,,,,188,0
ACURA,MDX,2020,SERVICE BRAKES,2023-06-29,23V458000,1,2023-05-04,56,0.023496,1.0,2.166667,1.0,1.0,1.0,61,0
VOLVO,XC40,2022,BACK OVER PREVENTION,2025-05-08,25V282000,1,2025-01-02,126,0.013191,1.0,4.333333,1.0,0.0,0.0,58,0
VOLVO,XC40,2022,BACK OVER PREVENTION,2025-12-18,25V908000,1,2025-06-26,175,0.018319,2.0,2.888889,0.0,0.0,0.0,89,0
TESLA,MODEL Y,2022,SEATS,2023-02-23,23V130000,1,2022-09-01,175,0.025274,1.0,1.083333,-1.0,0.0,0.0,143,0
VOLVO,XC70,2006,AIR BAGS,2021-10-14,21V800000,0,,,,,,,,,7,0
SUBARU,WRX,2016,EXTERIOR LIGHTING,2022-07-21,22V522000,1,2022-01-27,175,0.012911,1.0,4.333333,0.0,0.0,0.0,128,0
CADILLAC,XT6,2020,BACK OVER PREVENTION,2022-09-22,22V709000,1,2022-06-30,84,0.020954,1.0,2.166667,1.0,0.0,0.0,27,0
TESLA,MODEL Y,2022,EXTERIOR LIGHTING,2022-11-10,22V844000,1,2022-06-16,147,0.020954,1.0,2.166667,1.0,0.0,0.0,122,0
MERCEDES-BENZ,GLC 300,2019,STRUCTURE,2023-12-14,23V854000,0,,,,,,,,,164,0
SUBARU,OUTBACK,2021,AIR BAGS,2024-03-21,24V227000,0,,,,,,,,,148,0
NISSAN,REDUNDANT ROGUE SPORT,2021,STRUCTURE,2021-07-08,21V525000,0,,,,,,,,,108,0
RAM,5500,2018,SERVICE BRAKES,2024-11-21,24V896000,1,2024-05-30,175,0.023913,1.0,1.444444,0.0,0.0,0.0,141,0
RAM,1500,2022,ELECTRICAL SYSTEM,2025-05-08,25V298000,1,2024-11-14,175,0.027166,6.0,0.8125,-2.0,0.0,0.5,126,0
KIA,SORENTO,2022,VISIBILITY,2025-09-25,25V649000,0,,,,,,,,,313,0
HOLIDAY RAMBLER,VACATIONER,2021,EQUIPMENT,2022-12-22,22V949000,0,,,,,,,,,6,0
GMC,YUKON XL,2021,FUEL/PROPULSION SYSTEM,2021-09-23,21V739000,0,,,,,,,,,97,0
CHEVROLET,SILVERADO 2500,2018,EQUIPMENT,2021-07-01,21V496000,0,,,,,,,,,382,0
VOLVO,XC60,2022,ELECTRICAL SYSTEM,2025-03-20,25V179000,1,2024-09-26,175,0.01846,2.0,2.166667,1.0,0.0,0.5,61,0
TESLA,MODEL S,2022,STEERING,2022-01-27,22V037000,1,2022-01-13,14,0.009409,1.0,4.333333,1.0,0.0,1.0,72,0
TESLA,MODEL S,2022,STEERING,2023-02-09,23V085000,1,2022-08-18,175,0.027025,1.0,0.866667,0.0,0.0,0.0,144,0
TESLA,MODEL S,2022,STEERING,2023-11-02,23V743000,1,2023-05-11,175,0.027552,2.0,0.866667,-1.0,0.0,0.0,183,0
FORD,EXPLORER,2021,ENGINE,2024-08-08,24V598000,1,2024-02-15,175,0.025404,4.0,1.733333,0.0,0.0,0.0,614,0
FORD,EXPLORER,2021,ENGINE,2024-08-22,24V635000,1,2024-02-29,175,0.023426,3.0,1.3,-1.0,0.0,0.333333,616,0
HONDA,RIDGELINE,2020,STRUCTURE,2021-11-25,21V932000,0,,,,,,,,,279,0
HYUNDAI,SANTA FE HYBRID,2021,SEAT BELTS,2022-10-27,22V816000,0,,,,,,,,,309,0
JEEP,RENEGADE,2020,SEAT BELTS,2024-06-27,24V510000,0,,,,,,,,,192,0
HYUNDAI,SANTA FE PLUG-IN HYBRID,2022,ELECTRICAL SYSTEM,2021-12-23,21V00K000,0,,,,,,,,,99,0
LINCOLN,CORSAIR,2021,ELECTRICAL SYSTEM,2022-05-12,22V331000,1,2022-01-13,119,0.009409,1.0,4.333333,1.0,0.0,1.0,43,0
LINCOLN,CORSAIR,2021,ELECTRICAL SYSTEM,2024-12-19,24V954000,0,,,,,,,,,42,0
LINCOLN,CORSAIR,2021,ENGINE,2022-07-07,22V484000,1,2022-01-13,175,0.009409,1.0,4.333333,1.0,0.0,1.0,48,0
LINCOLN,CORSAIR,2021,ENGINE,2023-05-25,23V380000,1,2023-01-12,133,0.01498,1.0,2.166667,1.0,0.0,1.0,74,0
LINCOLN,CORSAIR,2021,ENGINE,2025-05-22,25V345000,0,,,,,,,,,60,0
CHRYSLER,PACIFICA,2020,ELECTRICAL SYSTEM,2023-01-12,23V010000,1,2022-07-21,175,0.01807,2.0,2.166667,0.0,0.0,0.5,53,0
RAM,1500,2022,VISIBILITY,2021-11-04,21V871000,0,,,,,,,,,38,0
RAM,1500,2022,VISIBILITY,2024-10-10,24V754000,1,2024-07-11,91,0.019771,1.0,0.866667,1.0,0.0,1.0,130,0
HONDA,PILOT,2021,AIR BAGS,2024-02-01,24V064000,1,2023-11-02,91,0.012568,2.0,4.333333,2.0,0.5,1.0,314,0
SAILUN,SAILUN,9999,TIRES,2021-11-25,21T018000,0,,,,,,,,,1,0
BMW,330I,2022,POWER TRAIN,2022-02-03,22V070000,1,2022-01-13,21,0.013191,1.0,4.333333,1.0,0.0,0.0,46,0
FERRARI,488 GTB,2019,SERVICE BRAKES,2021-10-21,21V833000,0,,,,,,,,,2,0
NISSAN,LEAF,2019,VEHICLE SPEED CONTROL,2023-07-13,23V494000,0,,,,,,,,,275,0
JEEP,WRANGLER,2021,EXTERIOR LIGHTING,2024-09-12,24V676000,0,,,,,,,,,238,0
LAND ROVER,DEFENDER,2022,STRUCTURE,2024-12-05,24E102000,0,,,,,,,,,20,0
FORD,BRONCO,2021,ENGINE,2024-08-22,24V635000,1,2024-02-29,175,0.018481,1.0,1.083333,0.0,0.0,1.0,616,0
JAYCO,EMBARK,2020,EQUIPMENT,2021-07-08,21V529000,0,,,,,,,,,10,0
BMW,535D,2016,FUEL/PROPULSION SYSTEM,2021-07-29,21V586000,0,,,,,,,,,108,0
BMW,535D,2016,FUEL/PROPULSION SYSTEM,2021-11-18,21V907000,0,,,,,,,,,108,0
PORSCHE,TAYCAN,2022,ELECTRICAL SYSTEM,2023-03-16,23V176000,1,2022-09-22,175,0.019959,1.0,0.722222,0.0,0.0,1.0,19,0
PORSCHE,TAYCAN,2022,ELECTRICAL SYSTEM,2023-05-11,23V347000,1,2022-11-17,175,0.023206,3.0,1.444444,0.0,0.0,0.333333,19,0
PORSCHE,TAYCAN,2022,ELECTRICAL SYSTEM,2023-12-07,23V840000;23V841000,1,2023-06-15,175,0.029353,2.0,0.666667,0.0,0.0,0.0,25,0
PORSCHE,TAYCAN,2022,ELECTRICAL SYSTEM,2024-03-14,24V215000;24V217000,1,2023-09-21,175,0.030244,1.0,0.333333,0.0,0.0,0.0,29,0
PORSCHE,TAYCAN,2022,ELECTRICAL SYSTEM,2024-09-26,24V731000;24V732000,1,2024-04-04,175,0.019606,4.0,2.166667,0.0,0.0,0.5,29,0
FORD,BRONCO SPORT,2021,ENGINE,2022-03-24,22V191000,1,2022-01-20,63,0.011862,2.0,4.333333,2.0,0.0,0.5,278,0
TESLA,MODEL Y,2022,ELECTRICAL SYSTEM,2022-01-27,22V045000;22V050000,1,2022-01-20,7,0.009409,1.0,4.333333,1.0,0.0,1.0,72,0
TESLA,MODEL Y,2022,ELECTRICAL SYSTEM,2022-02-03,22V063000,1,2022-01-20,14,0.009409,1.0,4.333333,1.0,0.0,1.0,74,0
TESLA,MODEL Y,2022,ELECTRICAL SYSTEM,2022-04-07,22V235000,1,2022-01-20,77,0.009409,1.0,4.333333,1.0,0.0,1.0,96,0
TESLA,MODEL Y,2022,ELECTRICAL SYSTEM,2023-12-07,23V838000,1,2023-06-15,175,0.049693,26.0,2.397163,1.0,0.076923,0.384615,187,0
TESLA,MODEL Y,2022,ELECTRICAL SYSTEM,2024-01-25,24V051000,1,2023-08-03,175,0.029318,11.0,1.108527,-10.0,0.0,0.181818,193,0
TESLA,MODEL Y,2022,ELECTRICAL SYSTEM,2024-02-22,24V153000,1,2023-08-31,175,0.028327,3.0,0.302326,-2.0,0.0,0.333333,198,0
TESLA,MODEL Y,2022,ELECTRICAL SYSTEM,2024-07-18,24V554000,1,2024-01-25,175,0.030489,3.0,0.333333,0.0,0.333333,0.666667,189,0
TESLA,MODEL Y,2022,STEERING,2022-01-27,22V037000,1,2022-01-20,7,0.009409,1.0,4.333333,1.0,0.0,1.0,72,0
TESLA,MODEL Y,2022,STEERING,2023-02-09,23V085000,1,2022-08-18,175,0.018481,1.0,1.083333,0.0,0.0,1.0,144,0
TESLA,MODEL Y,2022,STEERING,2023-05-25,23V385000,1,2022-12-01,175,0.024358,4.0,2.166667,1.0,0.25,0.25,158,0
BMW,X3,2021,SEATS,2023-03-23,23V211000,0,,,,,,,,,91,0
VOLKSWAGEN,ATLAS,2021,VISIBILITY,2021-11-11,21V892000,0,,,,,,,,,79,0
FORD,MAVERICK,2022,ELECTRICAL SYSTEM,2022-03-24,22V193000,1,2022-01-20,63,0.013191,1.0,4.333333,1.0,0.0,0.0,163,0
FORD,MAVERICK,2022,ELECTRICAL SYSTEM,2023-12-14,23V848000,1,2023-08-03,133,0.027603,1.0,0.866667,1.0,0.0,0.0,575,0
FORD,MAVERICK,2022,ELECTRICAL SYSTEM,2024-02-22,24V140000,1,2023-08-31,175,0.025815,1.0,1.083333,0.0,0.0,0.0,604,0
FORD,MAVERICK,2022,ELECTRICAL SYSTEM,2024-04-11,24V267000,1,2023-10-19,175,0.017799,3.0,2.166667,0.0,0.0,0.666667,625,0
FORD,MAVERICK,2022,ELECTRICAL SYSTEM,2024-04-25,24V293000,1,2023-11-02,175,0.017824,2.0,1.444444,0.0,0.0,1.0,621,0
FORD,MAVERICK,2022,ELECTRICAL SYSTEM,2024-08-08,24V590000,1,2024-06-06,63,0.018879,1.0,1.083333,1.0,0.0,1.0,629,0
FORD,MAVERICK,2022,ELECTRICAL SYSTEM,2025-01-16,25V019000,1,2024-07-25,175,0.018481,1.0,1.083333,0.0,0.0,1.0,611,0
FORD,MAVERICK,2022,ELECTRICAL SYSTEM,2025-02-13,25V094000;25V095000,1,2024-08-22,175,0.01711,1.0,1.444444,0.0,0.0,1.0,627,0
FORD,MAVERICK,2022,ELECTRICAL SYSTEM,2025-02-27,25V123000;25V127000;25V132000,1,2024-10-03,147,0.020954,1.0,2.166667,1.0,0.0,0.0,634,0
FORD,MAVERICK,2022,ELECTRICAL SYSTEM,2025-03-13,25V158000,1,2024-10-03,161,0.020954,1.0,2.166667,1.0,0.0,0.0,637,0
FORD,ESCAPE,2021,ELECTRICAL SYSTEM,2021-11-04,21V869000,0,,,,,,,,,223,0
FORD,ESCAPE,2021,ELECTRICAL SYSTEM,2022-03-10,22V149000,1,2022-01-20,49,0.009409,1.0,4.333333,1.0,0.0,1.0,270,0
FORD,ESCAPE,2021,ELECTRICAL SYSTEM,2024-12-19,24V954000,1,2024-08-22,119,0.009409,1.0,4.333333,1.0,0.0,1.0,591,0
MAZDA,MAZDA6,2018,FUEL/PROPULSION SYSTEM,2021-11-11,21V875000,0,,,,,,,,,62,0
MAZDA,CX-3,2019,FUEL/PROPULSION SYSTEM,2021-11-11,21V875000,0,,,,,,,,,63,0
FORD,F-150,2022,ELECTRICAL SYSTEM,2022-03-24,22V193000,1,2022-01-20,63,0.013191,1.0,4.333333,1.0,0.0,0.0,163,0
FORD,F-150,2022,ELECTRICAL SYSTEM,2025-02-27,25V132000,1,2024-09-05,175,0.028354,6.0,1.0,1.0,0.166667,0.666667,634,0
HONDA,PILOT,2022,SERVICE BRAKES,2023-06-29,23V458000,0,,,,,,,,,284,0
WINNTEC,CHANGEOVER REGULATOR,9999,EQUIPMENT,2021-08-19,21E081000,0,,,,,,,,,0,0
TOYOTA,TUNDRA,2022,ENGINE,2024-05-30,24V381000,1,2024-01-04,147,0.019771,1.0,0.866667,1.0,0.0,1.0,373,0
TOYOTA,TUNDRA,2022,ENGINE,2025-11-06,25V767000,1,2025-05-15,175,0.056983,21.0,0.842593,1.0,0.0,0.238095,353,0
TOYOTA,TUNDRA,2022,POWER TRAIN,2022-06-23,22V445000,1,2022-01-20,154,0.013191,1.0,4.333333,1.0,0.0,0.0,200,0
TOYOTA,TUNDRA,2022,POWER TRAIN,2024-02-15,24V125000,1,2023-08-24,175,0.022016,1.0,0.361111,1.0,0.0,1.0,371,0
ACURA,TLX,2021,FUEL/PROPULSION SYSTEM,2024-12-19,24V950000,0,,,,,,,,,75,0
FORD,TAURUS,2016,BACK OVER PREVENTION,2025-10-09,25V695000,1,2025-07-31,70,0.013191,1.0,4.333333,1.0,0.0,0.0,469,0
MITSUBISHI,OUTLANDER,2022,SEAT BELTS,2021-07-29,21V596000,0,,,,,,,,,1,0
MITSUBISHI,OUTLANDER,2022,SEAT BELTS,2022-05-12,22V335000,1,2022-01-20,112,0.013191,1.0,4.333333,1.0,0.0,0.0,13,0
HONDA,ODYSSEY,2018,BACK OVER PREVENTION,2023-06-15,23V431000,1,2022-12-22,175,0.027863,1.0,0.722222,0.0,0.0,0.0,316,0
VOLKSWAGEN,ATLAS CROSS SPORT,2021,SUSPENSION,2021-10-14,21V812000,0,,,,,,,,,78,0
TESLA,MODEL S,2021,AIR BAGS,2021-11-04,21V868000,0,,,,,,,,,90,0
TESLA,MODEL S,2021,AIR BAGS,2022-02-17,22V104000,1,2022-01-20,28,0.013191,1.0,4.333333,1.0,0.0,0.0,128,0
TESLA,MODEL S,2021,AIR BAGS,2023-11-02,23V743000,1,2023-09-14,49,0.013191,1.0,4.333333,1.0,0.0,0.0,174,0
TESLA,MODEL S,2021,AIR BAGS,2024-12-19,24V967000,0,,,,,,,,,152,0
TESLA,MODEL S,2021,AIR BAGS,2025-03-13,25V172000,0,,,,,,,,,147,0
MERCEDES-BENZ,S 580,2021,FUEL/PROPULSION SYSTEM,2021-09-09,21V704000,0,,,,,,,,,103,0
MERCEDES-BENZ,S 580,2021,FUEL/PROPULSION SYSTEM,2023-06-22,23V445000,0,,,,,,,,,176,0
FORD,EXPEDITION,2019,SEAT BELTS,2024-02-08,24V099000,1,2023-08-17,175,0.019655,6.0,3.714286,3.0,0.166667,0.166667,511,0
FORD,EXPEDITION,2019,SEAT BELTS,2025-05-22,25V197000,1,2024-11-28,175,0.027297,7.0,1.045977,-1.0,0.142857,0.714286,493,0
INTERNATIONAL,LT,2020,ENGINE,2022-09-15,22V691000,1,2022-03-24,175,0.013452,2.0,4.333333,0.0,0.0,0.0,5,0
MERCEDES-BENZ,A 220,2019,SUSPENSION,2021-12-16,21V990000,0,,,,,,,,,168,0
JEEP,RENEGADE,2021,SEAT BELTS,2024-06-27,24V510000,0,,,,,,,,,234,0
TOYOTA,CAMRY,2021,AIR BAGS,2023-12-14,23V865000,0,,,,,,,,,291,0
VOLKSWAGEN,ATLAS,2021,TIRES,2022-10-27,22V815000,0,,,,,,,,,164,0
VOLKSWAGEN,ATLAS,2022,BACK OVER PREVENTION,2022-07-14,22V514000,1,2022-01-27,168,0.014041,2.0,4.333333,2.0,0.0,0.0,124,0
VOLVO,XC60,2022,SEAT BELTS,2021-08-26,21V682000,0,,,,,,,,,22,0
VOLVO,V70,2005,AIR BAGS,2021-10-14,21V800000,0,,,,,,,,,16,0
RAM,2500,2022,ELECTRICAL SYSTEM,2021-10-14,21V798000,0,,,,,,,,,37,0
RAM,2500,2022,ELECTRICAL SYSTEM,2023-02-09,23V060000,1,2022-08-18,175,0.019551,2.0,2.166667,1.0,0.5,1.0,90,0
VOLKSWAGEN,TIGUAN,2022,BACK OVER PREVENTION,2022-07-14,22V514000,1,2022-01-27,168,0.013191,1.0,4.333333,1.0,0.0,0.0,124,0
VOLKSWAGEN,TIGUAN,2022,BACK OVER PREVENTION,2025-02-06,25V082000,1,2025-01-09,28,0.009409,1.0,4.333333,1.0,0.0,1.0,221,0
HONDA,RIDGELINE,2011,STRUCTURE,2022-06-16,22V430000,1,2022-01-27,140,0.013191,1.0,4.333333,1.0,0.0,0.0,82,0
TOYOTA,SEQUOIA,2022,STEERING,2021-11-18,21V920000,0,,,,,,,,,129,0
TOYOTA,SEQUOIA,2022,STEERING,2021-12-23,21E103000,0,,,,,,,,,133,0
FORD,RANGER,2022,VISIBILITY,2022-06-23,22V451000,1,2022-01-27,147,0.013191,1.0,4.333333,1.0,0.0,0.0,246,0
HONDA,PILOT,2016,LATCHES/LOCKS/LINKAGES,2021-11-25,21V932000,0,,,,,,,,,193,0
ACURA,MDX,2018,EXTERIOR LIGHTING,2025-04-17,25V259000,1,2025-03-27,21,0.013191,1.0,4.333333,1.0,0.0,0.0,79,0
TESLA,MODEL S,2019,FORWARD COLLISION AVOIDANCE,2021-10-28,21V846000,0,,,,,,,,,111,0
TESLA,MODEL S,2019,FORWARD COLLISION AVOIDANCE,2024-02-22,24V153000,1,2023-08-31,175,0.027863,1.0,0.722222,0.0,0.0,0.0,127,0
TESLA,MODEL Y,2022,VISIBILITY,2022-01-27,22V050000,1,2022-01-27,0,0.014041,2.0,4.333333,2.0,0.0,0.0,72,0
TESLA,MODEL Y,2022,VISIBILITY,2022-09-15,22V702000,1,2022-03-24,175,0.014318,3.0,4.333333,1.0,0.0,0.0,112,0
AUDI,A6 ALLROAD,2020,SUSPENSION,2022-01-20,22V034000,0,,,,,,,,,82,0
LINCOLN,AVIATOR PHEV,2022,FUEL/PROPULSION SYSTEM,2022-03-24,22V187000,1,2022-01-27,56,0.009409,1.0,4.333333,1.0,0.0,1.0,20,0
TESLA,MODEL 3,2022,ELECTRICAL SYSTEM,2022-01-27,22V045000;22V050000,0,,,,,,,,,73,0
TESLA,MODEL 3,2022,ELECTRICAL SYSTEM,2022-02-03,22V063000,1,2022-02-03,0,0.013191,1.0,4.333333,1.0,0.0,0.0,74,0
TESLA,MODEL 3,2022,ELECTRICAL SYSTEM,2022-04-07,22V235000,1,2022-02-03,63,0.013191,1.0,4.333333,1.0,0.0,0.0,96,0
TESLA,MODEL 3,2022,ELECTRICAL SYSTEM,2022-04-14,22V263000,1,2022-02-03,70,0.013191,1.0,4.333333,1.0,0.0,0.0,95,0
TESLA,MODEL 3,2022,ELECTRICAL SYSTEM,2023-12-07,23V838000,1,2023-07-13,147,0.021681,1.0,0.433333,1.0,0.0,1.0,187,0
TESLA,MODEL 3,2022,ELECTRICAL SYSTEM,2024-01-25,24V051000,1,2023-08-03,175,0.020501,2.0,0.787879,0.0,0.0,1.0,193,0
TESLA,MODEL 3,2022,ELECTRICAL SYSTEM,2024-02-22,24V153000,1,2023-08-31,175,0.019751,2.0,0.962963,0.0,0.0,1.0,198,0
TESLA,MODEL 3,2022,ELECTRICAL SYSTEM,2024-07-18,24V554000,1,2024-01-25,175,0.026139,4.0,1.733333,0.0,0.25,0.25,189,0
TOYOTA,TUNDRA,2018,STEERING,2021-11-18,21V920000,0,,,,,,,,,265,0
TOYOTA,TUNDRA,2018,STEERING,2021-12-23,21E103000,0,,,,,,,,,266,0
NISSAN,LEAF,2020,VISIBILITY,2023-02-02,23V048000,0,,,,,,,,,209,0
BENTLEY,CONTINENTAL GT,2021,SEATS,2021-07-15,21V550000,0,,,,,,,,,0,0
VOLKSWAGEN,ATLAS CROSS SPORT,2021,VISIBILITY,2021-11-11,21V892000,0,,,,,,,,,79,0
HYUNDAI,PALISADE,2022,ELECTRICAL SYSTEM,2022-05-12,22V353000,1,2022-02-03,98,0.009409,1.0,4.333333,1.0,0.0,1.0,144,0
MERCEDES-BENZ,S 500,2022,ELECTRICAL SYSTEM,2021-11-25,21V931000,0,,,,,,,,,52,0
MERCEDES-BENZ,S 500,2022,ELECTRICAL SYSTEM,2021-12-23,21V00J000,0,,,,,,,,,63,0
MERCEDES-BENZ,S 500,2022,COMMUNICATION,2021-12-23,21V00J000,0,,,,,,,,,63,0
KEYSTONE,SPRINGDALE,2019,EQUIPMENT,2021-09-09,21V708000,0,,,,,,,,,20,0
HONDA,PASSPORT,2021,FUEL/PROPULSION SYSTEM,2023-12-14,23V858000,0,,,,,,,,,331,0
TOYOTA,TUNDRA,2021,ELECTRICAL SYSTEM,2021-09-02,21V688000,0,,,,,,,,,201,0
TOYOTA,TUNDRA,2021,EXTERIOR LIGHTING,2021-09-02,21V688000,0,,,,,,,,,201,0
CHRYSLER,PACIFICA,2022,FUEL/PROPULSION SYSTEM,2023-01-12,23V010000,1,2022-07-21,175,0.014662,1.0,2.166667,0.0,0.0,1.0,35,0
TESLA,MODEL S,2020,FORWARD COLLISION AVOIDANCE,2021-10-28,21V846000,0,,,,,,,,,122,0
TESLA,MODEL S,2020,FORWARD COLLISION AVOIDANCE,2022-02-03,22V063000,1,2022-02-03,0,0.014041,2.0,4.333333,2.0,0.0,0.0,128,0
TESLA,MODEL S,2020,FORWARD COLLISION AVOIDANCE,2022-04-07,22V235000,1,2022-02-03,63,0.014041,2.0,4.333333,2.0,0.0,0.0,134,0
TESLA,MODEL S,2020,FORWARD COLLISION AVOIDANCE,2024-02-22,24V153000,1,2023-08-31,175,0.023372,4.0,1.733333,0.0,0.0,0.25,140,0
MERCEDES-BENZ,GLB 250,2020,STEERING,2021-12-16,21V990000,0,,,,,,,,,177,0
MERCEDES-BENZ,GLB 250,2020,SUSPENSION,2021-12-16,21V990000,0,,,,,,,,,177,0
LAND ROVER,DEFENDER,2022,ENGINE,2023-02-02,23V044000,1,2022-08-11,175,0.014662,1.0,2.166667,0.0,0.0,1.0,24,0
COACHMEN,CHAPARRAL LITE,2020,EQUIPMENT,2022-10-27,22V813000,0,,,,,,,,,6,0
HYUNDAI,SANTA FE HYBRID,2022,ELECTRICAL SYSTEM,2021-12-23,21V00K000,0,,,,,,,,,99,0
PORSCHE,CAYENNE,2017,EXTERIOR LIGHTING,2022-08-25,22V656000,1,2022-03-03,175,0.012911,1.0,4.333333,0.0,0.0,0.0,20,0
TOYOTA,TUNDRA,2022,FUEL/PROPULSION SYSTEM,2023-08-10,23V566000,1,2023-04-27,105,0.027603,1.0,0.866667,1.0,0.0,0.0,331,0
VOLVO,XC70,2004,AIR BAGS,2021-10-14,21V800000,0,,,,,,,,,15,0
HYUNDAI,TUCSON,2015,SERVICE BRAKES,2022-02-03,22V056000,0,,,,,,,,,192,0
BMW,X5,2021,VISIBILITY,2022-04-14,22V267000,1,2022-02-10,63,0.013191,1.0,4.333333,1.0,0.0,0.0,79,0
AUDI,A8,2017,ENGINE,2022-03-17,22V178000,1,2022-02-10,35,0.014805,1.0,4.333333,1.0,1.0,1.0,118,0
TRIUMPH,ROCKET 3 GT,2021,SERVICE BRAKES,2023-10-26,23V730000,0,,,,,,,,,14,0
MERCEDES-BENZ,GLE 450,2020,BACK OVER PREVENTION,2022-04-07,22V232000,1,2022-02-10,56,0.013191,1.0,4.333333,1.0,0.0,0.0,183,0
FORD,EXPLORER,2018,EQUIPMENT,2025-10-09,25V685000,1,2025-04-17,175,0.012911,1.0,4.333333,0.0,0.0,0.0,501,0
AUDI,Q5,2021,STRUCTURE,2021-12-02,21V947000,0,,,,,,,,,66,0
FORD,TRANSIT CONNECT,2020,POWER TRAIN,2022-06-09,22V413000,1,2022-02-10,119,0.013191,1.0,4.333333,1.0,0.0,0.0,411,0
FORD,TRANSIT CONNECT,2020,POWER TRAIN,2025-03-27,25V196000,0,,,,,,,,,542,0
TESLA,MODEL 3,2022,STEERING,2022-01-27,22V037000,0,,,,,,,,,73,0
TESLA,MODEL 3,2022,STEERING,2023-02-09,23V085000,1,2022-09-15,147,0.027378,1.0,1.444444,1.0,1.0,1.0,144,0
VOLKSWAGEN,ATLAS CROSS SPORT,2022,ENGINE,2022-10-06,22V753000,1,2022-04-14,175,0.013452,2.0,4.333333,0.0,0.0,0.0,132,0
VOLKSWAGEN,ATLAS CROSS SPORT,2022,FUEL/PROPULSION SYSTEM,2022-04-07,22V245000,1,2022-02-10,56,0.013191,1.0,4.333333,1.0,0.0,0.0,116,0
AUDI,A4,2022,ENGINE,2022-05-19,22V368000,1,2022-02-10,98,0.009409,1.0,4.333333,1.0,0.0,1.0,52,0
JEEP,RENEGADE,2019,AIR BAGS,2024-06-27,24V510000,1,2024-02-01,147,0.020954,1.0,2.166667,1.0,0.0,0.0,187,0
NISSAN,FRONTIER,2020,POWER TRAIN,2022-06-23,22V457000,1,2022-02-10,133,0.013191,1.0,4.333333,1.0,0.0,0.0,212,0
NISSAN,FRONTIER,2020,POWER TRAIN,2022-09-01,22V671000,1,2022-03-10,175,0.012911,1.0,4.333333,0.0,0.0,0.0,213,0
HYUNDAI,ACCENT,2022,SEAT BELTS,2022-05-19,22V354000,1,2022-02-10,98,0.013191,1.0,4.333333,1.0,0.0,0.0,149,0
ACURA,MDX,2017,EXTERIOR LIGHTING,2025-04-17,25V259000,0,,,,,,,,,75,0
HYUNDAI,SANTA CRUZ,2022,POWER TRAIN,2022-10-06,22V746000,1,2022-04-14,175,0.012697,5.0,4.333333,1.0,0.0,0.6,240,0
AUDI,SQ8,2021,ELECTRICAL SYSTEM,2025-03-27,25V201000,0,,,,,,,,,93,0
VOLVO,XC60,2021,ELECTRICAL SYSTEM,2025-03-20,25V179000,1,2024-09-26,175,0.012911,1.0,4.333333,0.0,0.0,0.0,61,0
HYUNDAI,NEXO,2020,ELECTRICAL SYSTEM,2022-04-14,22V258000,1,2022-02-17,56,0.013191,1.0,4.333333,1.0,0.0,0.0,191,0
FORD,BRONCO SPORT,2022,ENGINE,2022-03-24,22V191000,1,2022-02-17,35,0.013191,1.0,4.333333,1.0,0.0,0.0,163,0
JAYCO TRAVEL TRAILER,JAY FLIGHT SLX,2021,EQUIPMENT,2021-09-02,21V685000,0,,,,,,,,,7,0
JAYCO TRAVEL TRAILER,JAY FLIGHT SLX,2021,EQUIPMENT,2021-09-30,21V762000,0,,,,,,,,,7,0
JAYCO TRAVEL TRAILER,JAY FLIGHT SLX,2021,EQUIPMENT,2022-10-13,22V773000,1,2022-04-21,175,0.012911,1.0,4.333333,0.0,0.0,0.0,6,0
JAYCO,REDHAWK,2021,SERVICE BRAKES,2024-03-28,24V245000,0,,,,,,,,,9,0
JAYCO,REDHAWK,2021,STEERING,2022-04-28,22V290000,1,2022-02-17,70,0.009409,1.0,4.333333,1.0,0.0,1.0,9,0
JAYCO,REDHAWK,2021,STEERING,2024-03-28,24V245000,0,,,,,,,,,9,0
TESLA,MODEL 3,2022,VISIBILITY,2022-01-27,22V050000,0,,,,,,,,,73,0
TESLA,MODEL 3,2022,VISIBILITY,2022-09-15,22V702000,1,2022-03-24,175,0.01161,2.0,4.333333,1.0,0.0,0.5,112,0
BMW,330I,2021,ELECTRICAL SYSTEM,2023-08-10,23V584000,0,,,,,,,,,109,0
BMW,330I,2021,ELECTRICAL SYSTEM,2025-09-18,25V636000,0,,,,,,,,,140,0
POLESTAR,POLESTAR 2,2022,BACK OVER PREVENTION,2024-06-20,24V477000,1,2024-05-02,49,0.014945,3.0,4.333333,3.0,0.0,0.0,20,0
POLESTAR,POLESTAR 2,2022,BACK OVER PREVENTION,2025-04-24,25V280000,1,2024-10-31,175,0.028487,3.0,1.0,0.0,0.0,0.0,21,0
POLESTAR,POLESTAR 2,2022,BACK OVER PREVENTION,2025-09-11,25V615000,1,2025-03-20,175,0.041045,19.0,2.421569,1.0,0.0,0.0,28,0
MERCEDES-BENZ,SPRINTER 1500,2021,SERVICE BRAKES,2021-11-25,21V933000,0,,,,,,,,,119,0
FORD,F-150,2022,ENGINE,2024-08-22,24V635000,1,2024-02-29,175,0.025063,4.0,2.166667,1.0,0.5,0.5,628,0
FORD,F-150,2022,POWER TRAIN,2021-12-16,21V986000,0,,,,,,,,,117,0
FORD,F-150,2022,POWER TRAIN,2022-08-11,22V623000,1,2022-02-17,175,0.013191,1.0,4.333333,1.0,0.0,0.0,298,0
FORD,F-150,2022,POWER TRAIN,2023-02-09,23V070000,1,2022-08-18,175,0.021365,2.0,2.166667,0.0,0.0,0.0,385,0
FORD,F-150,2022,POWER TRAIN,2023-12-21,23V896000,1,2023-06-29,175,0.024567,2.0,0.722222,0.0,0.0,0.5,576,0
FORD,MUSTANG MACH E,2021,SEAT BELTS,2021-12-16,21V979000,0,,,,,,,,,245,0
TOYOTA,TUNDRA,2022,BACK OVER PREVENTION,2022-04-28,22V285000,1,2022-02-17,70,0.009409,1.0,4.333333,1.0,0.0,1.0,179,0
TOYOTA,TUNDRA,2022,BACK OVER PREVENTION,2022-07-07,22V501000,1,2022-02-17,140,0.009409,1.0,4.333333,1.0,0.0,1.0,208,0
TOYOTA,TUNDRA,2022,BACK OVER PREVENTION,2025-09-25,25V657000,0,,,,,,,,,338,0
FORD,F-350 SD,2022,VISIBILITY,2022-04-14,22V250000,1,2022-02-17,56,0.013191,1.0,4.333333,1.0,0.0,0.0,184,0
FORD,F-350 SD,2022,VISIBILITY,2025-10-23,25V729000,1,2025-05-29,147,0.013191,1.0,4.333333,1.0,0.0,0.0,631,0
CHRYSLER,PACIFICA,2021,AIR BAGS,2024-10-24,24V793000,1,2024-05-23,154,0.014805,1.0,4.333333,1.0,1.0,1.0,68,0
RAM,5500,2017,SERVICE BRAKES,2024-11-21,24V896000,1,2024-08-15,98,0.013191,1.0,4.333333,1.0,0.0,0.0,127,0
VOLVO,XC60,2022,STEERING,2023-01-05,23V001000,0,,,,,,,,,66,0
TESLA,MODEL 3,2019,BACK OVER PREVENTION,2021-12-16,21V00D000,0,,,,,,,,,105,0
TESLA,MODEL 3,2019,BACK OVER PREVENTION,2022-03-17,22V169000,1,2022-02-24,21,0.011862,2.0,4.333333,2.0,0.0,0.5,115,0
FOREST RIVER,BLUE RIDGE,2016,STRUCTURE,2021-07-08,21V523000,0,,,,,,,,,19,0
FOREST RIVER,BLUE RIDGE,2016,EQUIPMENT,2021-07-08,21V523000,0,,,,,,,,,19,0
FORD,F-350 SD,2022,POWER TRAIN,2022-02-10,22V087000,0,,,,,,,,,144,0
FORD,F-350 SD,2022,POWER TRAIN,2023-11-09,23V758000,1,2023-09-07,63,0.020954,1.0,2.166667,1.0,0.0,0.0,557,0
HONDA,PILOT,2018,LATCHES/LOCKS/LINKAGES,2021-11-25,21V932000,0,,,,,,,,,297,0
BMW,X3,2022,STRUCTURE,2024-07-11,24V534000,0,,,,,,,,,130,0
BMW,X3,2022,STRUCTURE,2024-10-10,24V764000,1,2024-09-12,28,0.013191,1.0,4.333333,1.0,0.0,0.0,137,0
JEEP,GRAND CHEROKEE 4XE,2022,ELECTRICAL SYSTEM,2024-09-26,24V720000,1,2024-04-04,175,0.019818,2.0,1.733333,0.0,0.0,0.5,263,0
SUBARU,IMPREZA,2022,VISIBILITY,2022-09-22,22V712000,1,2022-03-31,175,0.012911,1.0,4.333333,0.0,0.0,0.0,97,0
HONDA,RIDGELINE,2022,SERVICE BRAKES,2023-06-29,23V458000,0,,,,,,,,,284,0
HONDA,ACCORD,2022,SERVICE BRAKES,2023-06-15,23V430000,1,2023-04-06,70,0.020954,1.0,2.166667,1.0,0.0,0.0,277,0
MERCEDES-BENZ,GLC 300,2020,BACK OVER PREVENTION,2022-04-07,22V232000,1,2022-02-24,42,0.013191,1.0,4.333333,1.0,0.0,0.0,183,0
MERCEDES-BENZ,GLC 300,2020,ELECTRICAL SYSTEM,2022-05-19,22V365000,1,2022-02-24,84,0.013191,1.0,4.333333,1.0,0.0,0.0,179,0
KIA,SORENTO,2022,POWER TRAIN,2022-10-06,22V760000,1,2022-04-14,175,0.012911,1.0,4.333333,0.0,0.0,0.0,187,0
CHEVROLET,SILVERADO 1500,2022,POWER TRAIN,2024-10-24,24V797000,1,2024-05-02,175,0.027025,1.0,0.866667,0.0,0.0,0.0,325,0
BMW,X3,2022,POWER TRAIN,2022-02-03,22V070000,0,,,,,,,,,47,0
FORD,C-MAX,2016,BACK OVER PREVENTION,2025-10-09,25V695000,0,,,,,,,,,470,0
GMC,SIERRA 3500,2021,POWER TRAIN,2024-10-24,24V797000,1,2024-09-26,28,0.013191,1.0,4.333333,1.0,0.0,0.0,152,0
PORSCHE,PANAMERA,2018,ELECTRICAL SYSTEM,2023-01-26,23V033000,0,,,,,,,,,10,0
CHRYSLER,PACIFICA,2022,ELECTRICAL SYSTEM,2023-01-12,23V010000,1,2022-08-25,140,0.020954,1.0,2.166667,1.0,0.0,0.0,35,0
VOLKSWAGEN,TIGUAN,2022,SERVICE BRAKES,2021-10-28,21V853000,0,,,,,,,,,53,0
HONDA,RIDGELINE,2021,SERVICE BRAKES,2023-06-29,23V458000,0,,,,,,,,,308,0
RAM,2500,2019,AIR BAGS,2025-01-16,25V010000,1,2024-07-25,175,0.020512,1.0,2.166667,0.0,0.0,0.0,125,0
RAM,2500,2019,AIR BAGS,2025-11-27,25V824000,1,2025-08-28,91,0.009409,1.0,4.333333,1.0,0.0,1.0,132,0
PORSCHE,TAYCAN,2022,POWER TRAIN,2022-06-02,22V404000,1,2022-03-03,91,0.009409,1.0,4.333333,1.0,0.0,1.0,27,0
KIA,NIRO,2017,FUEL/PROPULSION SYSTEM,2022-11-10,22V836000,1,2022-05-19,175,0.012911,1.0,4.333333,0.0,0.0,0.0,188,0
LINCOLN,AVIATOR,2021,ENGINE,2024-08-22,24V635000,0,,,,,,,,,36,0
TOYOTA,SUPRA,2020,ELECTRICAL SYSTEM,2025-09-18,25V636000,1,2025-03-27,175,0.012911,1.0,4.333333,0.0,0.0,0.0,279,0
LINCOLN,CORSAIR,2021,BACK OVER PREVENTION,2021-09-16,21V735000,0,,,,,,,,,24,0
LINCOLN,CORSAIR,2021,BACK OVER PREVENTION,2023-01-19,23V022000,0,,,,,,,,,45,0
LINCOLN,CORSAIR,2021,BACK OVER PREVENTION,2023-05-11,23V342000,1,2023-02-23,77,0.020954,1.0,2.166667,1.0,0.0,0.0,70,0
LINCOLN,CORSAIR,2021,BACK OVER PREVENTION,2025-01-30,25V048000,0,,,,,,,,,52,0
LINCOLN,CORSAIR,2021,BACK OVER PREVENTION,2025-03-13,25V159000,0,,,,,,,,,53,0
LINCOLN,CORSAIR,2021,BACK OVER PREVENTION,2025-06-26,25V442000,0,,,,,,,,,67,0
LINCOLN,CORSAIR,2021,BACK OVER PREVENTION,2025-08-07,25V510000,0,,,,,,,,,73,0
MERCEDES-BENZ,S 500,2022,STRUCTURE,2022-12-15,22V935000,0,,,,,,,,,110,0
RAM,2500,2022,ENGINE,2022-08-25,22V642000,1,2022-03-03,175,0.013191,1.0,4.333333,1.0,0.0,0.0,66,0
MERCEDES-BENZ,GLE 350,2020,BACK OVER PREVENTION,2022-04-07,22V232000,1,2022-03-03,35,0.013191,1.0,4.333333,1.0,0.0,0.0,183,0
CADILLAC,ESCALADE ESV,2021,POWER TRAIN,2022-01-27,22V036000,0,,,,,,,,,32,0
CADILLAC,ESCALADE ESV,2021,POWER TRAIN,2024-10-24,24V797000,1,2024-05-02,175,0.026805,1.0,1.444444,0.0,1.0,1.0,50,0
AUDI,Q5,2021,BACK OVER PREVENTION,2022-09-29,22V742000,1,2022-04-07,175,0.009208,1.0,4.333333,0.0,0.0,1.0,96,0
MERCEDES-BENZ,GLB 250,2021,ELECTRICAL SYSTEM,2022-05-19,22V365000,1,2022-03-03,77,0.013191,1.0,4.333333,1.0,0.0,0.0,133,0
MERCEDES-BENZ,GLB 250,2021,BACK OVER PREVENTION,2022-04-07,22V232000,1,2022-03-03,35,0.013191,1.0,4.333333,1.0,0.0,0.0,132,0
INDIAN,SUPER CHIEF,2022,FUEL/PROPULSION SYSTEM,2022-11-10,22V837000,1,2022-05-19,175,0.012911,1.0,4.333333,0.0,0.0,0.0,10,0
TESLA,MODEL S,2022,ELECTRICAL SYSTEM,2022-01-27,22V045000;22V050000,0,,,,,,,,,73,0
TESLA,MODEL S,2022,ELECTRICAL SYSTEM,2022-02-03,22V063000,0,,,,,,,,,75,0
TESLA,MODEL S,2022,ELECTRICAL SYSTEM,2022-04-07,22V235000,1,2022-03-03,35,0.013191,1.0,4.333333,1.0,0.0,0.0,96,0
TESLA,MODEL S,2022,ELECTRICAL SYSTEM,2023-12-07,23V838000,1,2023-07-20,140,0.029084,1.0,0.619048,1.0,0.0,0.0,187,0
TESLA,MODEL S,2022,ELECTRICAL SYSTEM,2023-12-14,23V862000,1,2023-07-20,147,0.029084,1.0,0.619048,1.0,0.0,0.0,188,0
TESLA,MODEL S,2022,ELECTRICAL SYSTEM,2024-01-25,24V051000,1,2023-08-03,175,0.027863,1.0,0.722222,0.0,0.0,0.0,193,0
TESLA,MODEL S,2022,ELECTRICAL SYSTEM,2024-07-18,24V554000,1,2024-05-23,56,0.024426,1.0,1.444444,1.0,0.0,0.0,189,0
TESLA,MODEL S,2022,ELECTRICAL SYSTEM,2025-03-13,25V172000,1,2024-11-14,119,0.01498,1.0,2.166667,1.0,0.0,1.0,163,0
PETERBILT,389,2019,STEERING,2022-04-21,22V277000,1,2022-03-03,49,0.010666,3.0,4.333333,3.0,0.0,1.0,0,0
HONDA,PASSPORT,2022,SERVICE BRAKES,2023-06-29,23V458000,1,2023-01-05,175,0.020512,1.0,2.166667,0.0,0.0,0.0,283,0
TESLA,MODEL X,2022,SERVICE BRAKES,2023-10-05,23V679000,1,2023-04-13,175,0.038105,1.0,1.444444,1.0,1.0,0.0,180,0
TESLA,MODEL X,2022,ELECTRICAL SYSTEM,2022-01-27,22V045000;22V050000,0,,,,,,,,,73,0
TESLA,MODEL X,2022,ELECTRICAL SYSTEM,2022-02-03,22V063000,0,,,,,,,,,75,0
TESLA,MODEL X,2022,ELECTRICAL SYSTEM,2022-04-07,22V235000,1,2022-03-10,28,0.009409,1.0,4.333333,1.0,0.0,1.0,96,0
TESLA,MODEL X,2022,ELECTRICAL SYSTEM,2023-10-05,23V679000,1,2023-04-13,175,0.026367,1.0,1.083333,1.0,0.0,0.0,180,0
TESLA,MODEL X,2022,ELECTRICAL SYSTEM,2023-12-07,23V838000,1,2023-06-15,175,0.023913,1.0,1.444444,0.0,0.0,0.0,187,0
TESLA,MODEL X,2022,ELECTRICAL SYSTEM,2023-12-14,23V862000,1,2023-06-22,175,0.023913,1.0,1.444444,0.0,0.0,0.0,188,0
TESLA,MODEL X,2022,ELECTRICAL SYSTEM,2024-01-25,24V051000,1,2023-08-03,175,0.026805,1.0,1.444444,0.0,1.0,1.0,193,0
TESLA,MODEL X,2022,ELECTRICAL SYSTEM,2024-07-18,24V554000,1,2024-01-25,175,0.026805,1.0,1.444444,0.0,1.0,1.0,189,0
TESLA,MODEL X,2022,ELECTRICAL SYSTEM,2025-03-13,25V172000,1,2024-11-14,119,0.026367,1.0,1.083333,1.0,0.0,0.0,163,0
RAM,3500,2022,ELECTRICAL SYSTEM,2021-10-14,21V798000,0,,,,,,,,,37,0
RAM,3500,2022,ELECTRICAL SYSTEM,2023-02-09,23V060000,1,2022-12-08,63,0.023496,1.0,2.166667,1.0,1.0,1.0,90,0
RAM,3500,2022,ENGINE,2022-08-25,22V642000,1,2022-03-10,168,0.013191,1.0,4.333333,1.0,0.0,0.0,66,0
TESLA,MODEL S,2022,SEAT BELTS,2022-01-27,22V045000,0,,,,,,,,,73,0
TESLA,MODEL S,2022,SEAT BELTS,2023-07-13,23V488000,0,,,,,,,,,170,0
TESLA,MODEL S,2022,SEAT BELTS,2024-05-23,24V376000,0,,,,,,,,,189,0
AUDI,A4,2020,SUSPENSION,2022-01-20,22V034000,0,,,,,,,,,82,0
AIRSTREAM,BASECAMP,2017,VISIBILITY,2022-12-15,22V932000,0,,,,,,,,,1,0
BMW,X5,2020,ENGINE,2024-08-01,24V576000,1,2024-02-08,175,0.020512,1.0,2.166667,0.0,0.0,0.0,123,0
LINCOLN,AVIATOR,2022,ELECTRICAL SYSTEM,2023-09-07,23V626000,0,,,,,,,,,68,0
CHEVROLET,SILVERADO 1500,2022,ENGINE,2025-04-24,25V274000,1,2024-11-14,161,0.029562,1.0,0.541667,1.0,0.0,0.0,367,0
KIA,TELLURIDE,2022,SEATS,2024-05-30,24V407000,0,,,,,,,,,302,0
MERCEDES-BENZ,AMG CLA45,2015,STRUCTURE,2023-12-14,23V854000,0,,,,,,,,,152,0
JEEP,GRAND CHEROKEE 4XE,2022,STEERING,2022-03-10,22V154000,1,2022-03-10,0,0.013191,1.0,4.333333,1.0,0.0,0.0,84,0
JEEP,GRAND CHEROKEE 4XE,2022,STEERING,2023-05-18,23V352000,1,2022-11-24,175,0.020069,2.0,0.787879,-1.0,0.0,1.0,189,0
KENWORTH,T440,2021,SERVICE BRAKES,2024-02-22,24V145000,0,,,,,,,,,0,0
KENWORTH,T440,2021,SERVICE BRAKES,2024-12-05,24V915000,0,,,,,,,,,1,0
MERCEDES-BENZ,R350,2011,SERVICE BRAKES,2022-05-05,22V315000,1,2022-03-10,56,0.013191,1.0,4.333333,1.0,0.0,0.0,75,0
MERCEDES-BENZ,R350,2011,SERVICE BRAKES,2024-04-25,24V298000,1,2023-11-02,175,0.020512,1.0,2.166667,0.0,0.0,0.0,82,0
CHEVROLET,SILVERADO 2500,2021,POWER TRAIN,2024-10-24,24V797000,1,2024-05-02,175,0.025815,1.0,1.083333,0.0,0.0,0.0,321,0
VOLKSWAGEN,ATLAS,2021,BACK OVER PREVENTION,2022-07-14,22V514000,1,2022-03-10,126,0.009409,1.0,4.333333,1.0,0.0,1.0,154,0
ACURA,RDX,2022,AIR BAGS,2024-02-01,24V064000,0,,,,,,,,,62,0
FORD,EDGE,2021,BACK OVER PREVENTION,2022-03-10,22V151000,0,,,,,,,,,271,0
FORD,EDGE,2021,BACK OVER PREVENTION,2025-03-13,25V160000,1,2024-09-19,175,0.020512,1.0,2.166667,0.0,0.0,0.0,603,0
FORD,EDGE,2021,BACK OVER PREVENTION,2025-05-08,25V315000,1,2024-12-26,133,0.022293,2.0,2.166667,2.0,0.0,0.0,595,0
TESLA,MODEL 3,2021,TIRES,2024-12-12,24V935000,0,,,,,,,,,151,0
JEEP,WRANGLER,2022,ELECTRICAL SYSTEM,2022-10-13,22V768000,1,2022-04-21,175,0.014251,2.0,4.333333,0.0,0.5,0.5,128,0
JEEP,WRANGLER,2022,ELECTRICAL SYSTEM,2023-04-27,23V303000,1,2022-11-03,175,0.023995,7.0,2.527778,4.0,0.0,0.285714,185,0
JEEP,WRANGLER,2022,ELECTRICAL SYSTEM,2023-11-16,23V787000,1,2023-05-25,175,0.027139,5.0,1.083333,1.0,0.0,0.4,245,0
JEEP,WRANGLER,2022,ELECTRICAL SYSTEM,2024-09-05,24V652000,1,2024-03-14,175,0.02689,9.0,1.857143,-1.0,0.111111,0.444444,266,0
JEEP,WRANGLER,2022,ELECTRICAL SYSTEM,2025-10-30,25V741000,1,2025-05-08,175,0.034419,7.0,0.619048,-1.0,0.142857,0.285714,276,0
JEEP,WRANGLER,2022,ENGINE,2022-10-13,22V767000,1,2022-04-21,175,0.014565,3.0,4.333333,0.0,0.333333,0.333333,128,0
JEEP,WRANGLER,2022,ENGINE,2022-11-17,22V865000,1,2022-05-26,175,0.014868,5.0,4.333333,1.0,0.2,0.4,134,0
JEEP,WRANGLER,2022,FUEL/PROPULSION SYSTEM,2022-10-13,22V767000,1,2022-04-21,175,0.012911,1.0,4.333333,0.0,0.0,0.0,128,0
JEEP,WRANGLER,2022,FUEL/PROPULSION SYSTEM,2023-04-13,23V263000,1,2022-10-20,175,0.016749,1.0,1.444444,-1.0,0.0,1.0,180,0
DODGE,DURANGO,2021,SERVICE BRAKES,2022-03-10,22V140000,0,,,,,,,,,35,0
DODGE,DURANGO,2021,ELECTRONIC STABILITY CONTROL (ESC),2022-03-10,22V140000,0,,,,,,,,,35,0
FORD,E-450,2022,STEERING,2022-02-10,22V089000,0,,,,,,,,,144,0
FORD,E-450,2022,STEERING,2024-02-08,24V097000,1,2023-11-30,70,0.024426,1.0,1.444444,1.0,0.0,0.0,608,0
DODGE,DURANGO,2021,BACK OVER PREVENTION,2024-06-13,24V436000,0,,,,,,,,,43,0
NEWMAR,BAY STAR,2019,STRUCTURE,2021-07-22,21V571000,0,,,,,,,,,20,0
CHEVROLET,TAHOE,2022,ENGINE,2025-04-24,25V274000,1,2024-11-07,168,0.020681,2.0,1.733333,2.0,0.0,0.5,367,0
GMC,YUKON XL,2022,ENGINE,2025-04-24,25V274000,1,2024-10-31,175,0.016758,2.0,1.733333,0.0,0.0,1.0,203,0
VOLKSWAGEN,ATLAS CROSS SPORT,2022,AIR BAGS,2022-03-24,22V152000,1,2022-03-24,0,0.013191,1.0,4.333333,1.0,0.0,0.0,114,0
VOLKSWAGEN,ATLAS CROSS SPORT,2022,AIR BAGS,2024-06-20,24V464000,0,,,,,,,,,206,0
GMC,SIERRA 1500,2022,ENGINE,2025-04-24,25V274000,1,2024-10-31,175,0.023344,2.0,0.962963,0.0,0.0,0.5,203,0
FORD,ESCAPE,2021,BACK OVER PREVENTION,2025-06-26,25V442000,0,,,,,,,,,595,0
TESLA,MODEL 3,2022,BACK OVER PREVENTION,2022-04-28,22V296000,1,2022-03-24,35,0.020711,1.0,4.333333,1.0,1.0,0.0,98,0
MERCEDES-BENZ,AMG GLE63,2021,VISIBILITY,2023-03-16,23V177000,0,,,,,,,,,195,0
ACURA,MDX,2020,EXTERIOR LIGHTING,2025-04-17,25V259000,0,,,,,,,,,89,0
TESLA,MODEL X,2022,FORWARD COLLISION AVOIDANCE,2022-02-03,22V063000,0,,,,,,,,,75,0
TESLA,MODEL X,2022,FORWARD COLLISION AVOIDANCE,2022-04-07,22V235000,1,2022-03-24,14,0.009409,1.0,4.333333,1.0,0.0,1.0,96,0
CHRYSLER,PACIFICA,2022,BACK OVER PREVENTION,2024-06-13,24V436000,0,,,,,,,,,60,0
MERCEDES-BENZ,CLA 250,2020,BACK OVER PREVENTION,2022-04-07,22V232000,1,2022-03-24,14,0.013191,1.0,4.333333,1.0,0.0,0.0,183,0
FORD,EDGE,2020,BACK OVER PREVENTION,2025-06-26,25V442000,1,2025-05-22,35,0.013191,1.0,4.333333,1.0,0.0,0.0,533,0
VOLVO,XC70,2007,AIR BAGS,2021-10-14,21V800000,0,,,,,,,,,14,0
FORD,F-450 SD,2022,ELECTRICAL SYSTEM,2022-03-24,22V193000,1,2022-03-24,0,0.009409,1.0,4.333333,1.0,0.0,1.0,163,0
FORD,F-450 SD,2022,ELECTRICAL SYSTEM,2025-02-27,25V132000,1,2024-10-10,140,0.021442,2.0,2.888889,2.0,1.0,1.0,634,0
GENESIS,GV80,2022,SEAT BELTS,2023-02-16,23V094000,0,,,,,,,,,38,0
FORD,F-250 SD,2022,ELECTRICAL SYSTEM,2022-03-24,22V193000,1,2022-03-24,0,0.013191,1.0,4.333333,1.0,0.0,0.0,163,0
FORD,F-250 SD,2022,ELECTRICAL SYSTEM,2025-02-27,25V132000,1,2024-09-05,175,0.026459,1.0,0.866667,-1.0,0.0,0.0,634,0
FORD,BRONCO,2022,VISIBILITY,2022-06-23,22V451000,1,2022-03-24,91,0.013191,1.0,4.333333,1.0,0.0,0.0,246,0
DODGE,CHARGER,2021,VISIBILITY,2021-07-08,21V516000,0,,,,,,,,,28,0
FORD,ESCAPE PHEV,2021,ELECTRICAL SYSTEM,2025-11-13,25V789000,1,2025-05-22,175,0.020293,3.0,2.6,0.0,0.0,0.0,586,0
RAM,1500,2022,STRUCTURE,2022-12-08,22V904000,1,2022-06-16,175,0.02008,1.0,2.166667,-1.0,0.0,0.0,77,0
VOLKSWAGEN,ID.4,2021,AIR BAGS,2022-10-27,22V858000,1,2022-05-05,175,0.012911,1.0,4.333333,0.0,0.0,0.0,163,0
TESLA,MODEL S,2022,FORWARD COLLISION AVOIDANCE,2022-02-03,22V063000,0,,,,,,,,,75,0
TESLA,MODEL S,2022,FORWARD COLLISION AVOIDANCE,2022-04-07,22V235000,1,2022-03-31,7,0.013191,1.0,4.333333,1.0,0.0,0.0,96,0
TESLA,MODEL X,2022,AIR BAGS,2022-04-07,22V233000,1,2022-03-31,7,0.013191,1.0,4.333333,1.0,0.0,0.0,96,0
TESLA,MODEL X,2022,AIR BAGS,2022-11-10,22V843000,1,2022-05-19,175,0.012911,1.0,4.333333,0.0,0.0,0.0,122,0
TESLA,MODEL X,2022,AIR BAGS,2023-11-02,23V743000,0,,,,,,,,,184,0
TESLA,MODEL X,2022,AIR BAGS,2024-12-19,24V967000,1,2024-06-27,175,0.014662,1.0,2.166667,0.0,0.0,1.0,176,0
TESLA,MODEL X,2022,AIR BAGS,2025-03-13,25V172000,1,2024-12-05,98,0.01748,1.0,1.444444,1.0,0.0,1.0,163,0
TESLA,MODEL X,2022,SEAT BELTS,2022-01-27,22V045000,0,,,,,,,,,73,0
TESLA,MODEL X,2022,SEAT BELTS,2023-07-13,23V488000,0,,,,,,,,,170,0
TESLA,MODEL X,2022,SEAT BELTS,2024-05-23,24V376000,1,2023-11-30,175,0.012911,1.0,4.333333,0.0,0.0,0.0,188,0
FORD,F-350 SD,2022,FUEL/PROPULSION SYSTEM,2024-12-19,24V957000,0,,,,,,,,,622,0
FORD,F-350 SD,2022,FUEL/PROPULSION SYSTEM,2025-07-03,25V455000,1,2025-02-06,147,0.013191,1.0,4.333333,1.0,0.0,0.0,610,0
FORD,F-350 SD,2022,ELECTRICAL SYSTEM,2022-03-24,22V193000,0,,,,,,,,,164,0
FORD,F-350 SD,2022,ELECTRICAL SYSTEM,2025-02-27,25V132000,1,2025-01-23,35,0.018879,1.0,1.083333,1.0,0.0,1.0,634,0
FORD,E-350,2021,SERVICE BRAKES,2022-02-10,22V089000,0,,,,,,,,,264,0
FORD,E-350,2021,SERVICE BRAKES,2024-02-08,24V097000,1,2023-08-17,175,0.009596,2.0,4.333333,0.0,0.0,1.0,603,0
FORD,F-150,2022,VISIBILITY,2022-11-10,22V842000,1,2022-05-19,175,0.013743,2.0,4.333333,1.0,0.0,0.0,348,0
FORD,F-150,2022,VISIBILITY,2025-10-23,25V729000,1,2025-05-01,175,0.028476,1.0,0.619048,0.0,0.0,0.0,631,0
OLIVER TRAVEL TRAILERS,LEGACY ELITE II,2019,EQUIPMENT,2024-11-14,24V876000,1,2024-05-23,175,0.015098,2.0,4.333333,0.0,1.0,1.0,2,0
HYUNDAI,SANTA CRUZ,2022,ENGINE,2022-03-24,22V197000,0,,,,,,,,,136,0
KIA,EV6,2022,ELECTRICAL SYSTEM,2024-03-14,24V200000,1,2023-09-21,175,0.038543,18.0,1.95,1.0,0.055556,0.444444,309,0
KIA,EV6,2022,ELECTRICAL SYSTEM,2024-11-14,24V867000,1,2024-05-23,175,0.044698,17.0,1.151042,-1.0,0.0,0.176471,285,0
CHEVROLET,CORVETTE,2022,POWER TRAIN,2022-02-17,22V091000,0,,,,,,,,,116,0
LAND ROVER,RANGE ROVER SPORT,2022,ENGINE,2023-02-02,23V044000,0,,,,,,,,,25,0
JEEP,WRANGLER,2021,STRUCTURE,2023-03-23,23V191000,1,2023-03-02,21,0.038105,1.0,1.444444,1.0,1.0,0.0,217,0
TOYOTA,SEQUOIA,2012,STEERING,2021-11-18,21V920000,0,,,,,,,,,189,0
TOYOTA,SEQUOIA,2012,STEERING,2021-12-23,21E103000,0,,,,,,,,,182,0
HONDA,INSIGHT,2022,FUEL/PROPULSION SYSTEM,2023-12-14,23V858000,0,,,,,,,,,358,0
NEWMAR,BAY STAR,2019,EQUIPMENT,2021-07-22,21V571000,0,,,,,,,,,20,0
LINCOLN,AVIATOR,2022,EQUIPMENT,2024-11-07,24V852000,0,,,,,,,,,29,0
HYUNDAI,IONIQ 5,2022,ELECTRICAL SYSTEM,2024-03-14,24V204000,1,2023-09-21,175,0.074282,34.0,1.444444,-3.0,0.0,0.352941,389,0
HYUNDAI,IONIQ 5,2022,ELECTRICAL SYSTEM,2024-11-14,24V868000,1,2024-05-23,175,0.042783,13.0,0.489855,0.0,0.0,0.307692,352,0
AUDI,A6,2021,ELECTRICAL SYSTEM,2022-03-10,22V155000,0,,,,,,,,,72,0
AUDI,A6,2021,ELECTRICAL SYSTEM,2022-11-17,22V861000,1,2022-05-26,175,0.012911,1.0,4.333333,0.0,0.0,0.0,101,0
AUDI,A6,2021,ELECTRICAL SYSTEM,2025-03-27,25V201000,1,2025-01-23,63,0.01498,1.0,2.166667,1.0,0.0,1.0,92,0
FORD,EXPLORER,2021,FUEL/PROPULSION SYSTEM,2025-07-03,25V455000,1,2025-01-09,175,0.021075,2.0,1.444444,0.0,0.0,0.5,598,0
FORD,TRANSIT,2021,SEAT BELTS,2021-07-29,21V592000,0,,,,,,,,,210,0
HONDA,RIDGELINE,2019,LATCHES/LOCKS/LINKAGES,2021-11-25,21V932000,0,,,,,,,,,305,0
FORD,F-250 SD,2022,POWER TRAIN,2022-02-10,22V087000,0,,,,,,,,,144,0
FORD,F-250 SD,2022,STRUCTURE,2022-02-10,22V087000,0,,,,,,,,,144,0
GMC,SIERRA 3500,2017,EQUIPMENT,2021-07-01,21V496000,0,,,,,,,,,175,0
MERCEDES-BENZ,GLC 350,2019,ELECTRICAL SYSTEM,2022-05-19,22V365000,1,2022-04-07,42,0.013191,1.0,4.333333,1.0,0.0,0.0,151,0
TESLA,MODEL Y,2022,SEAT BELTS,2022-01-27,22V045000,0,,,,,,,,,73,0
TESLA,MODEL Y,2022,SEAT BELTS,2023-02-23,23V130000,1,2022-09-01,175,0.025815,1.0,1.083333,0.0,0.0,0.0,143,0
TESLA,MODEL Y,2022,SEAT BELTS,2024-05-23,24V376000,1,2023-11-30,175,0.027863,1.0,0.722222,0.0,0.0,0.0,188,0
KIA,K900,2016,SERVICE BRAKES,2022-01-27,22V051000,0,,,,,,,,,175,0
KIA,K900,2016,SERVICE BRAKES,2023-09-21,23V652000,0,,,,,,,,,225,0
GMC,TERRAIN,2011,EXTERIOR LIGHTING,2022-03-03,22V137000,0,,,,,,,,,76,0
KIA,SPORTAGE,2014,SERVICE BRAKES,2022-01-27,22V051000,0,,,,,,,,,160,0
LINCOLN,MKZ,2018,SERVICE BRAKES,2023-03-09,23V162000,0,,,,,,,,,47,0
VOLVO,V70,2006,AIR BAGS,2021-10-14,21V800000,0,,,,,,,,,7,0
JEEP,COMPASS,2022,ELECTRICAL SYSTEM,2023-02-09,23V058000,1,2022-10-27,105,0.020954,1.0,2.166667,1.0,0.0,0.0,159,0
JEEP,COMPASS,2022,ELECTRICAL SYSTEM,2023-08-10,23V576000,1,2023-02-16,175,0.019035,10.0,3.611111,0.0,0.0,0.4,225,0
FORD,E-450,2022,SERVICE BRAKES,2022-02-10,22V089000,0,,,,,,,,,144,0
FORD,E-450,2022,SERVICE BRAKES,2024-02-08,24V097000,1,2023-11-30,70,0.024426,1.0,1.444444,1.0,0.0,0.0,608,0
HYUNDAI,ACCENT,2014,SERVICE BRAKES,2023-09-21,23V651000,0,,,,,,,,,205,0
LINCOLN,AVIATOR,2021,STRUCTURE,2025-06-12,25V407000,0,,,,,,,,,62,0
KEYSTONE,PASSPORT,2022,WHEELS,2022-03-24,22V206000,0,,,,,,,,,8,0
HOLIDAY RAMBLER,VACATIONER,2021,SUSPENSION,2022-08-25,22V655000,1,2022-04-14,133,0.013191,1.0,4.333333,1.0,0.0,0.0,5,0
VOLKSWAGEN,ID.4,2021,SEAT BELTS,2021-07-29,21V607000,0,,,,,,,,,50,0
VOLKSWAGEN,ID.4,2021,SEAT BELTS,2021-08-05,21V606000,0,,,,,,,,,55,0
KIA,SPORTAGE,2023,AIR BAGS,2022-11-24,22V878000,1,2022-06-02,175,0.009208,1.0,4.333333,0.0,0.0,1.0,118,0
BRIDGESTONE,TURANZA EL440,9999,TIRES,2021-08-12,21T012000,0,,,,,,,,,10,0
BRIDGESTONE,TURANZA EL440,9999,TIRES,2022-11-03,22T021000,1,2022-05-12,175,0.012911,1.0,4.333333,0.0,0.0,0.0,18,0
ALUMA,ALUMA,2021,STRUCTURE,2021-09-30,21V777000,0,,,,,,,,,0,0
FORD,EXPLORER,2022,POWER TRAIN,2023-02-09,23V069000;23V070000,1,2022-08-18,175,0.023913,1.0,1.444444,0.0,0.0,0.0,385,0
FORD,EXPLORER,2022,POWER TRAIN,2023-03-23,23V199000,1,2022-09-29,175,0.023913,1.0,1.444444,0.0,0.0,0.0,402,0
FORD,EXPLORER,2022,POWER TRAIN,2023-10-05,23V675000,1,2023-04-13,175,0.029558,4.0,1.444444,-1.0,0.25,0.0,539,0
FORD,EXPLORER,2022,POWER TRAIN,2025-03-13,25V166000,1,2024-09-19,175,0.02197,1.0,0.270833,0.0,0.0,1.0,637,0
MERCEDES-BENZ,GLE 450,2021,EXTERIOR LIGHTING,2021-07-01,21V509000,0,,,,,,,,,89,0
HONDA,CR-V,2022,EQUIPMENT,2023-07-27,23V524000,0,,,,,,,,,313,0
DODGE,DURANGO,2022,POWER TRAIN,2022-11-17,22V866000,1,2022-05-26,175,0.011363,2.0,4.333333,0.0,0.0,0.5,17,0
FORD,EDGE,2019,BACK OVER PREVENTION,2025-06-26,25V442000,0,,,,,,,,,493,0
RAM,2500,2019,ELECTRONIC STABILITY CONTROL (ESC),2022-03-10,22V140000,0,,,,,,,,,124,0
MERCEDES-BENZ,SPRINTER 3500,2021,SUSPENSION,2022-03-03,22V131000,0,,,,,,,,,135,0
NISSAN,LEAF,2022,ELECTRICAL SYSTEM,2025-09-25,25V655000,1,2025-04-03,175,0.023913,1.0,1.444444,0.0,0.0,0.0,236,0
TESLA,MODEL S,2020,LATCHES/LOCKS/LINKAGES,2021-12-16,21V00B000,0,,,,,,,,,124,0
CYBEX,SIRONA M,9999,CHILD SEAT,2022-04-07,22C001000,0,,,,,,,,,2,0
HEARTLAND,NORTH TRAIL,2022,EQUIPMENT,2022-03-24,22V199000,0,,,,,,,,,4,0
HEARTLAND,NORTH TRAIL,2022,EQUIPMENT,2022-06-16,22V432000,1,2022-04-21,56,0.013191,1.0,4.333333,1.0,0.0,0.0,2,0
HEARTLAND,NORTH TRAIL,2022,EQUIPMENT,2022-08-04,22V591000,1,2022-04-21,105,0.013191,1.0,4.333333,1.0,0.0,0.0,2,0
MERCEDES-BENZ,SPRINTER (VS30),2019,ELECTRICAL SYSTEM,2023-02-16,23V100000,0,,,,,,,,,197,0
RAM,3500,2021,ELECTRICAL SYSTEM,2021-10-14,21V798000,0,,,,,,,,,76,0
RAM,3500,2021,ELECTRICAL SYSTEM,2023-02-09,23V060000,1,2022-08-18,175,0.020512,1.0,2.166667,0.0,0.0,0.0,126,0
GMC,SIERRA 2500,2021,TIRES,2021-07-29,21V578000,0,,,,,,,,,99,0
FORD,EXPLORER,2022,FUEL/PROPULSION SYSTEM,2022-02-10,22V088000,0,,,,,,,,,144,0
FORD,EXPLORER,2022,FUEL/PROPULSION SYSTEM,2022-09-08,22V685000,1,2022-04-28,133,0.009409,1.0,4.333333,1.0,0.0,1.0,316,0
FORD,EXPLORER,2022,FUEL/PROPULSION SYSTEM,2025-07-03,25V455000,1,2025-01-09,175,0.01498,1.0,2.166667,1.0,0.0,1.0,610,0
TESLA,MODEL S,2022,AIR BAGS,2022-02-17,22V104000,0,,,,,,,,,81,0
TESLA,MODEL S,2022,AIR BAGS,2022-07-21,22V526000,1,2022-04-28,84,0.013191,1.0,4.333333,1.0,0.0,0.0,109,0
TESLA,MODEL S,2022,AIR BAGS,2023-11-02,23V743000,1,2023-10-26,7,0.009409,1.0,4.333333,1.0,0.0,1.0,183,0
TESLA,MODEL S,2022,AIR BAGS,2024-12-19,24V967000,0,,,,,,,,,177,0
TESLA,MODEL S,2022,AIR BAGS,2025-03-13,25V172000,0,,,,,,,,,164,0
GENESIS,G70,2019,ELECTRICAL SYSTEM,2024-02-08,24V107000,0,,,,,,,,,5,0
FORD,BRONCO SPORT,2022,SERVICE BRAKES,2021-11-18,21V922000,0,,,,,,,,,106,0
TESLA,MODEL X,2022,BACK OVER PREVENTION,2022-04-28,22V296000,1,2022-04-28,0,0.010018,2.0,4.333333,2.0,0.0,1.0,98,0
HONDA,HR-V,2022,AIR BAGS,2024-02-01,24V064000,1,2023-11-16,77,0.014805,1.0,4.333333,1.0,1.0,1.0,344,0
FORD,EXPEDITION,2020,BACK OVER PREVENTION,2025-06-26,25V442000,0,,,,,,,,,534,0
LINCOLN,NAVIGATOR,2020,VISIBILITY,2022-04-14,22V250000,0,,,,,,,,,43,0
CHEVROLET,CAMARO,2020,POWER TRAIN,2025-03-06,25V148000,1,2025-03-06,0,0.013191,1.0,4.333333,1.0,0.0,0.0,362,0
FORD,F-450 SD,2022,WHEELS,2023-11-09,23V758000,0,,,,,,,,,558,0
GMC,TERRAIN,2016,EXTERIOR LIGHTING,2022-03-03,22V137000,0,,,,,,,,,163,0
FORD,BRONCO,2022,ENGINE,2024-08-22,24V635000,1,2024-02-29,175,0.029958,5.0,1.666667,1.0,0.2,0.0,628,0
FORD,BRONCO,2022,POWER TRAIN,2023-02-09,23V070000,1,2022-08-18,175,0.014662,1.0,2.166667,0.0,0.0,1.0,385,0
VOLKSWAGEN,ATLAS,2022,AIR BAGS,2022-03-24,22V152000,0,,,,,,,,,115,0
VOLKSWAGEN,ATLAS,2022,AIR BAGS,2024-06-20,24V464000,1,2024-05-02,49,0.013191,1.0,4.333333,1.0,0.0,0.0,205,0
GRAND DESIGN,TRANSCEND,2022,ELECTRICAL SYSTEM,2022-03-24,22V203000,0,,,,,,,,,4,0
EAST TO WEST,DELLA TERRA,2022,STRUCTURE,2023-08-31,23V612000,0,,,,,,,,,1,0
RAM,3500,2020,VISIBILITY,2022-01-27,22V035000,0,,,,,,,,,117,0
THOR MOTOR COACH,WINDSPORT,2019,EQUIPMENT,2023-02-23,23V121000,0,,,,,,,,,8,0
FORD,ESCAPE,2022,ENGINE,2022-03-24,22V191000,0,,,,,,,,,164,0
FORD,ESCAPE,2022,ENGINE,2022-07-07,22V484000,1,2022-05-05,63,0.013191,1.0,4.333333,1.0,0.0,0.0,265,0
FORD,ESCAPE,2022,ENGINE,2023-05-25,23V380000,1,2022-12-01,175,0.018319,2.0,2.888889,0.0,0.0,0.0,428,0
FORD,ESCAPE,2022,ENGINE,2025-05-22,25V345000,1,2024-11-28,175,0.018358,3.0,3.25,0.0,0.333333,0.333333,617,0
THOR MOTOR COACH,ARIA,2020,STRUCTURE,2021-07-08,21V522000,0,,,,,,,,,19,0
JAYCO,MELBOURNE PRESTIGE,2021,ELECTRICAL SYSTEM,2023-06-01,23V390000,0,,,,,,,,,9,0
JAYCO,MELBOURNE PRESTIGE,2021,ELECTRICAL SYSTEM,2023-07-13,23V486000,0,,,,,,,,,8,0
FOREST RIVER,CEDAR CREEK,2022,EQUIPMENT,2022-04-07,22V243000,0,,,,,,,,,40,0
FOREST RIVER,CEDAR CREEK,2022,EQUIPMENT,2022-07-28,22V556000,1,2022-05-05,84,0.014805,1.0,4.333333,1.0,1.0,1.0,53,0
FOREST RIVER,CEDAR CREEK,2022,EQUIPMENT,2024-05-30,24V395000,0,,,,,,,,,33,0
FORD,MAVERICK,2022,SERVICE BRAKES,2022-09-29,22V730000,1,2022-05-05,147,0.020711,1.0,4.333333,1.0,1.0,0.0,333,0
FORD,MAVERICK,2022,SERVICE BRAKES,2025-02-27,25V124000,1,2024-09-05,175,0.013452,2.0,4.333333,0.0,0.0,0.0,634,0
GRAND DESIGN,MOMENTUM,2017,EQUIPMENT,2022-01-27,22V038000,0,,,,,,,,,8,0
HYUNDAI,SANTA FE XL,2019,SERVICE BRAKES,2022-02-03,22V056000,0,,,,,,,,,182,0
LINCOLN,NAUTILUS,2021,BACK OVER PREVENTION,2025-05-08,25V315000,0,,,,,,,,,64,0
TESLA,MODEL 3,2022,EQUIPMENT,2022-04-28,22V296000,0,,,,,,,,,99,0
PORSCHE,CAYMAN,2015,POWER TRAIN,2021-08-26,21V679000,0,,,,,,,,,15,0
MERCEDES-BENZ,R350,2008,SERVICE BRAKES,2022-05-05,22V315000,0,,,,,,,,,9,0
MERCEDES-BENZ,R350,2008,SERVICE BRAKES,2024-04-25,24V298000,0,,,,,,,,,9,0
CAN-AM,RYKER,2022,ELECTRICAL SYSTEM,2022-10-20,22V799000,1,2022-05-12,161,0.013191,1.0,4.333333,1.0,0.0,0.0,21,0
LINCOLN,CORSAIR,2022,BACK OVER PREVENTION,2023-01-19,23V022000,1,2022-07-28,175,0.012911,1.0,4.333333,0.0,0.0,0.0,35,0
LINCOLN,CORSAIR,2022,BACK OVER PREVENTION,2023-05-11,23V342000,0,,,,,,,,,51,0
LINCOLN,CORSAIR,2022,BACK OVER PREVENTION,2025-01-30,25V048000,1,2024-08-29,154,0.013191,1.0,4.333333,1.0,0.0,0.0,34,0
LINCOLN,CORSAIR,2022,BACK OVER PREVENTION,2025-03-13,25V159000,1,2024-09-19,175,0.012911,1.0,4.333333,0.0,0.0,0.0,42,0
LINCOLN,CORSAIR,2022,BACK OVER PREVENTION,2025-06-26,25V442000,0,,,,,,,,,58,0
LINCOLN,CORSAIR,2022,BACK OVER PREVENTION,2025-08-07,25V510000,0,,,,,,,,,66,0
AUDI,Q5,2020,STRUCTURE,2021-12-02,21V947000,0,,,,,,,,,97,0
FORD,F-250 SD,2022,VISIBILITY,2022-04-14,22V250000,0,,,,,,,,,185,0
FORD,F-250 SD,2022,VISIBILITY,2025-10-23,25V729000,0,,,,,,,,,632,0
MERCEDES-BENZ,GL350,2011,SERVICE BRAKES,2022-05-05,22V315000,0,,,,,,,,,76,0
MERCEDES-BENZ,GL350,2011,SERVICE BRAKES,2024-04-25,24V298000,1,2023-11-02,175,0.012911,1.0,4.333333,0.0,0.0,0.0,82,0
FOREST RIVER,XLR TOYHAULER,2022,STRUCTURE,2021-10-21,21V830000,0,,,,,,,,,43,0
FOREST RIVER,XLR TOYHAULER,2022,ELECTRICAL SYSTEM,2021-10-21,21V829000,0,,,,,,,,,43,0
FOREST RIVER,XLR TOYHAULER,2022,ELECTRICAL SYSTEM,2022-03-03,22V135000,0,,,,,,,,,43,0
SUBARU,ASCENT,2022,ELECTRICAL SYSTEM,2022-12-08,22V907000,1,2022-06-16,175,0.009208,1.0,4.333333,0.0,0.0,1.0,113,0
LAND ROVER,DISCOVERY,2020,SEAT BELTS,2021-08-26,21V668000,0,,,,,,,,,40,0
MERCEDES-BENZ,ML550,2011,SERVICE BRAKES,2022-05-05,22V315000,0,,,,,,,,,76,0
MERCEDES-BENZ,ML550,2011,SERVICE BRAKES,2024-04-25,24V298000,0,,,,,,,,,83,0
FIAT,124 SPIDER,2019,FUEL/PROPULSION SYSTEM,2021-11-11,21V879000,0,,,,,,,,,5,0
AUDI,A7,2019,BACK OVER PREVENTION,2025-12-18,25V900000,0,,,,,,,,,144,0
EVENFLO,EVERYFIT,9999,CHILD SEAT,2025-03-13,25C003000,1,2024-10-31,133,0.013191,1.0,4.333333,1.0,0.0,0.0,20,0
LAND ROVER,LR4,2014,FUEL/PROPULSION SYSTEM,2021-08-12,21V635000,0,,,,,,,,,26,0
JEEP,WRANGLER,2022,STRUCTURE,2023-03-23,23V191000,1,2022-10-27,147,0.020954,1.0,2.166667,1.0,0.0,0.0,173,0
AUDI,Q5 SPORTBACK,2022,ELECTRICAL SYSTEM,2021-12-02,21V947000,0,,,,,,,,,43,0
KEYSTONE,MONTANA,2022,EQUIPMENT,2022-03-10,22V144000,0,,,,,,,,,9,0
KEYSTONE,MONTANA,2022,EQUIPMENT,2022-08-04,22V604000,1,2022-05-19,77,0.010018,2.0,4.333333,2.0,0.0,1.0,20,0
KEYSTONE,MONTANA,2022,EQUIPMENT,2024-03-21,24V234000,1,2023-09-28,175,0.014492,1.0,4.333333,0.0,1.0,1.0,20,0
HYUNDAI,ELANTRA,2022,SEAT BELTS,2022-03-03,22V123000,0,,,,,,,,,131,0
HYUNDAI,ELANTRA,2022,SEAT BELTS,2022-03-31,22V218000,0,,,,,,,,,139,0
HYUNDAI,ELANTRA,2022,SEAT BELTS,2022-05-19,22V354000,1,2022-05-19,0,0.013191,1.0,4.333333,1.0,0.0,0.0,149,0
HEARTLAND,ROAD WARRIOR,2022,EQUIPMENT,2022-06-16,22V432000,1,2022-05-19,28,0.014041,2.0,4.333333,2.0,0.0,0.0,2,0
HEARTLAND,ROAD WARRIOR,2022,EQUIPMENT,2022-08-04,22V591000,1,2022-05-19,77,0.014041,2.0,4.333333,2.0,0.0,0.0,2,0
MERCEDES-BENZ,GLS450,2021,POWER TRAIN,2024-02-15,24V118000,0,,,,,,,,,207,0
MERCEDES-BENZ,GLS450,2021,ELECTRICAL SYSTEM,2022-04-07,22V231000,0,,,,,,,,,133,0
MERCEDES-BENZ,GLS450,2021,ELECTRICAL SYSTEM,2022-05-19,22V365000,1,2022-05-19,0,0.009409,1.0,4.333333,1.0,0.0,1.0,133,0
MERCEDES-BENZ,GLS450,2021,ELECTRICAL SYSTEM,2024-03-14,24V207000,1,2023-12-21,84,0.020954,1.0,2.166667,1.0,0.0,0.0,212,0
HYUNDAI,ELANTRA,2021,SEAT BELTS,2021-10-07,21V796000,0,,,,,,,,,164,0
HYUNDAI,ELANTRA,2021,SEAT BELTS,2022-03-31,22V218000,0,,,,,,,,,210,0
HYUNDAI,ELANTRA,2021,SEAT BELTS,2022-05-19,22V354000,1,2022-05-19,0,0.013191,1.0,4.333333,1.0,0.0,0.0,220,0
JEEP,GLADIATOR,2022,POWER TRAIN,2022-08-25,22V639000,1,2022-05-19,98,0.009409,1.0,4.333333,1.0,0.0,1.0,122,0
JEEP,GLADIATOR,2022,POWER TRAIN,2023-02-23,23V116000,1,2022-10-13,133,0.020954,1.0,2.166667,1.0,0.0,0.0,160,0
JEEP,GLADIATOR,2022,POWER TRAIN,2023-09-14,23V641000,1,2023-04-13,154,0.024426,1.0,1.444444,1.0,0.0,0.0,232,0
SPARTAN,K3,2023,STEERING,2022-07-21,22V531000,1,2022-05-19,63,0.009409,1.0,4.333333,1.0,0.0,1.0,0,0
SPARTAN,K3,2023,STEERING,2024-01-25,24V052000,0,,,,,,,,,1,0
FORD,EXPEDITION,2020,ENGINE,2025-09-18,25V628000,1,2025-03-27,175,0.025852,2.0,0.481481,0.0,0.0,0.5,573,0
HYUNDAI,ELANTRA HYBRID,2022,SEAT BELTS,2022-03-03,22V123000,0,,,,,,,,,131,0
HYUNDAI,ELANTRA HYBRID,2022,SEAT BELTS,2022-05-19,22V354000,1,2022-05-19,0,0.014041,2.0,4.333333,2.0,0.0,0.0,149,0
MAZDA,CX-50,2023,SERVICE BRAKES,2023-04-13,23V275000,1,2023-03-09,35,0.024426,1.0,1.444444,1.0,0.0,0.0,41,0
GMC,YUKON,2021,FUEL/PROPULSION SYSTEM,2021-09-23,21V739000,0,,,,,,,,,97,0
FORD,EDGE,2015,BACK OVER PREVENTION,2025-08-28,25V572000,1,2025-05-22,98,0.013191,1.0,4.333333,1.0,0.0,0.0,471,0
FOREST RIVER,VENGEANCE,2021,EQUIPMENT,2022-04-07,22V243000,0,,,,,,,,,53,0
CHEVROLET,EQUINOX,2022,FUEL/PROPULSION SYSTEM,2023-01-19,23V013000,1,2022-07-28,175,0.011363,2.0,4.333333,0.0,0.0,0.5,196,0
MERCEDES-BENZ,AMG C43,2017,STRUCTURE,2023-12-14,23V854000,1,2023-06-22,175,0.009208,1.0,4.333333,0.0,0.0,1.0,166,0
FORD,ESCAPE,2022,SERVICE BRAKES,2021-11-18,21V922000,0,,,,,,,,,106,0
FORD,E-450,2021,ENGINE,2025-11-13,25V793000,1,2025-09-18,56,0.018879,1.0,1.083333,1.0,0.0,1.0,586,0
JEEP,GRAND CHEROKEE,2019,FUEL/PROPULSION SYSTEM,2022-06-09,22V406000,1,2022-05-26,14,0.009409,1.0,4.333333,1.0,0.0,1.0,165,0
AUDI,A4,2019,AIR BAGS,2021-11-04,21V874000,0,,,,,,,,,89,0
RAM,1500,2022,BACK OVER PREVENTION,2022-06-09,22V407000,1,2022-05-26,14,0.013191,1.0,4.333333,1.0,0.0,0.0,64,0
RAM,1500,2022,BACK OVER PREVENTION,2023-02-09,23V059000,1,2022-08-18,175,0.014352,1.0,2.166667,-1.0,0.0,1.0,90,0
RAM,1500,2022,BACK OVER PREVENTION,2023-09-28,23V654000,1,2023-04-06,175,0.042096,1.0,0.866667,0.0,1.0,0.0,123,0
RAM,1500,2022,BACK OVER PREVENTION,2024-06-13,24V436000;24V437000,1,2024-06-13,0,0.013191,1.0,4.333333,1.0,0.0,0.0,120,0
TOYOTA,TACOMA,2022,POWER TRAIN,2024-02-22,24V152000,0,,,,,,,,,366,0
MERCEDES BENZ,GL450,2007,SERVICE BRAKES,2022-05-05,22V315000,0,,,,,,,,,55,0
MERCEDES BENZ,GL450,2007,SERVICE BRAKES,2024-04-25,24V298000,1,2023-11-02,175,0.014492,1.0,4.333333,0.0,1.0,1.0,39,0
GMC,SIERRA 1500,2022,POWER TRAIN,2024-10-24,24V797000,1,2024-05-02,175,0.021365,2.0,2.166667,0.0,0.0,0.0,171,0
AUDI,Q3,2022,VISIBILITY,2022-09-15,22V701000,1,2022-05-26,112,0.020711,1.0,4.333333,1.0,1.0,0.0,62,0
MERCEDES BENZ,ML550,2008,SERVICE BRAKES,2022-05-05,22V315000,0,,,,,,,,,48,0
MERCEDES BENZ,ML550,2008,SERVICE BRAKES,2024-04-25,24V298000,0,,,,,,,,,34,0
FOREST RIVER,WILDWOOD,2022,EQUIPMENT,2021-09-23,21V745000,0,,,,,,,,,41,0
FOREST RIVER,WILDWOOD,2022,EQUIPMENT,2022-04-07,22V243000,0,,,,,,,,,40,0
FOREST RIVER,WILDWOOD,2022,EQUIPMENT,2022-07-07,22V486000,1,2022-05-26,42,0.011937,3.0,4.333333,3.0,0.0,0.666667,53,0
FOREST RIVER,WILDWOOD,2022,EQUIPMENT,2022-07-28,22V556000;22V562000,1,2022-05-26,63,0.011937,3.0,4.333333,3.0,0.0,0.666667,53,0
FOREST RIVER,WILDWOOD,2022,EQUIPMENT,2022-09-29,22V729000,1,2022-05-26,126,0.011937,3.0,4.333333,3.0,0.0,0.666667,64,0
FOREST RIVER,WILDWOOD,2022,STRUCTURE,2022-07-28,22V562000,1,2022-05-26,63,0.009409,1.0,4.333333,1.0,0.0,1.0,53,0
JEEP,GRAND CHEROKEE 4XE,2022,EXTERIOR LIGHTING,2022-04-14,22V249000,0,,,,,,,,,98,0
JEEP,GRAND CHEROKEE 4XE,2022,EXTERIOR LIGHTING,2022-05-12,22V327000,0,,,,,,,,,99,0
JEEP,GRAND CHEROKEE 4XE,2022,EXTERIOR LIGHTING,2022-07-28,22V544000,1,2022-05-26,63,0.009409,1.0,4.333333,1.0,0.0,1.0,122,0
RAM,4500,2020,VISIBILITY,2022-01-27,22V035000,0,,,,,,,,,117,0
LINCOLN,AVIATOR,2022,BACK OVER PREVENTION,2023-01-19,23V022000,1,2022-07-28,175,0.012911,1.0,4.333333,0.0,0.0,0.0,35,0
LINCOLN,AVIATOR,2022,BACK OVER PREVENTION,2023-05-11,23V342000,1,2022-11-17,175,0.020512,1.0,2.166667,0.0,0.0,0.0,50,0
LINCOLN,AVIATOR,2022,BACK OVER PREVENTION,2023-08-24,23V598000,1,2023-06-08,77,0.020954,1.0,2.166667,1.0,0.0,0.0,68,0
LINCOLN,AVIATOR,2022,BACK OVER PREVENTION,2024-05-23,24V368000,0,,,,,,,,,37,0
LINCOLN,AVIATOR,2022,BACK OVER PREVENTION,2025-03-13,25V159000,1,2024-09-19,175,0.014492,1.0,4.333333,0.0,1.0,1.0,42,0
LINCOLN,AVIATOR,2022,BACK OVER PREVENTION,2025-06-26,25V442000,1,2025-01-02,175,0.020512,1.0,2.166667,0.0,0.0,0.0,57,0
FORD,EXPEDITION,2021,VISIBILITY,2022-04-14,22V250000,0,,,,,,,,,299,0
FORD,EXPEDITION,2021,VISIBILITY,2025-10-23,25V729000,1,2025-05-01,175,0.018319,2.0,2.888889,0.0,0.0,0.0,614,0
BMW,128I,2012,ENGINE,2022-02-24,22V119000,0,,,,,,,,,129,0
LINCOLN,NAVIGATOR,2021,ENGINE,2022-05-12,22V346000,0,,,,,,,,,44,0
RAM,1500,2022,AIR BAGS,2023-04-13,23V264000,1,2023-03-09,35,0.023496,1.0,2.166667,1.0,1.0,1.0,100,0
RAM,1500,2022,AIR BAGS,2025-05-08,25V298000,1,2024-11-14,175,0.016862,2.0,4.333333,0.0,0.5,0.0,126,0
RAM,1500,2022,AIR BAGS,2025-11-06,25V765000,1,2025-05-15,175,0.027863,1.0,0.722222,0.0,0.0,0.0,123,0
MERCEDES-BENZ,C 300,2019,BACK OVER PREVENTION,2022-04-07,22V232000,0,,,,,,,,,156,0
FORD,MAVERICK,2022,POWER TRAIN,2024-04-11,24V267000,1,2024-01-11,91,0.013191,1.0,4.333333,1.0,0.0,0.0,625,0
FORD,MAVERICK,2022,POWER TRAIN,2024-05-09,24V330000,1,2024-01-11,119,0.013191,1.0,4.333333,1.0,0.0,0.0,626,0
FORD,MAVERICK,2022,POWER TRAIN,2024-08-08,24V590000,1,2024-02-15,175,0.012911,1.0,4.333333,0.0,0.0,0.0,629,0
FORD,MAVERICK,2022,POWER TRAIN,2025-02-27,25V127000;25V133000,1,2024-09-05,175,0.024903,2.0,1.444444,0.0,0.0,0.0,634,0
FORD,MAVERICK,2022,POWER TRAIN,2025-03-13,25V158000,1,2024-09-19,175,0.024903,2.0,1.444444,0.0,0.0,0.0,637,0
TESLA,MODEL X,2022,STRUCTURE,2022-04-14,22V264000,0,,,,,,,,,96,0
TOYOTA,HIGHLANDER,2022,STRUCTURE,2023-10-26,23V720000,1,2023-05-04,175,0.027863,1.0,0.722222,0.0,0.0,0.0,332,0
SUBARU,OUTBACK,2022,AIR BAGS,2024-03-21,24V227000,0,,,,,,,,,135,0
NISSAN,FRONTIER,2022,POWER TRAIN,2022-06-23,22V457000,1,2022-06-02,21,0.013191,1.0,4.333333,1.0,0.0,0.0,100,0
NISSAN,FRONTIER,2022,POWER TRAIN,2022-09-01,22V671000,1,2022-06-02,91,0.013191,1.0,4.333333,1.0,0.0,0.0,116,0
RAM,2500,2021,POWER TRAIN,2022-11-10,22V835000,1,2022-06-02,161,0.009409,1.0,4.333333,1.0,0.0,1.0,118,0
RAM,2500,2021,SERVICE BRAKES,2022-03-10,22V140000,0,,,,,,,,,100,0
RAM,2500,2021,STEERING,2025-11-06,25V765000,0,,,,,,,,,126,0
KIA,SORENTO,2022,ENGINE,2022-03-24,22V202000,0,,,,,,,,,119,0
MERCEDES-BENZ,CLA 250,2019,ELECTRICAL SYSTEM,2022-05-19,22V365000,0,,,,,,,,,152,0
MERCEDES-BENZ,CLA 250,2019,COMMUNICATION,2022-05-19,22V365000,0,,,,,,,,,152,0
KIA,SORENTO,2022,ELECTRICAL SYSTEM,2025-09-25,25V649000,1,2025-06-19,98,0.024426,1.0,1.444444,1.0,0.0,0.0,312,0
FORD,F-150,2022,BACK OVER PREVENTION,2025-05-08,25V315000,1,2024-11-14,175,0.020512,1.0,2.166667,0.0,0.0,0.0,627,0
MERCEDES-BENZ,GL350,2012,SERVICE BRAKES,2022-05-05,22V315000,0,,,,,,,,,91,0
MERCEDES-BENZ,GL350,2012,SERVICE BRAKES,2024-04-25,24V298000,0,,,,,,,,,106,0
FCCC,XCM,2022,TIRES,2021-11-18,21V921000,0,,,,,,,,,1,0
LINCOLN,NAVIGATOR,2021,VISIBILITY,2022-04-14,22V250000,0,,,,,,,,,39,0
LINCOLN,NAVIGATOR,2021,VISIBILITY,2025-10-23,25V729000,0,,,,,,,,,74,0
CHEVROLET,BOLT EV,2022,STRUCTURE,2022-12-15,22V930000,1,2022-06-23,175,0.012911,1.0,4.333333,0.0,0.0,0.0,175,0
CHEVROLET,BOLT EV,2022,STRUCTURE,2023-12-14,23V845000,1,2023-06-22,175,0.012911,1.0,4.333333,0.0,0.0,0.0,337,0
MERCEDES-BENZ,GLC 300,2019,COMMUNICATION,2022-05-19,22V365000,0,,,,,,,,,152,0
TOYOTA,SUPRA,2021,ENGINE,2021-07-29,21V598000,0,,,,,,,,,197,0
MERCEDES BENZ,ML320,2007,SERVICE BRAKES,2022-05-05,22V315000,0,,,,,,,,,55,0
MERCEDES BENZ,ML320,2007,SERVICE BRAKES,2024-04-25,24V298000,0,,,,,,,,,40,0
COACHMEN,MIRADA,2017,STRUCTURE,2021-07-08,21V523000,0,,,,,,,,,5,0
FORD,EXPLORER,2022,STRUCTURE,2022-06-23,22V454000,1,2022-06-09,14,0.013191,1.0,4.333333,1.0,0.0,0.0,246,0
FORD,F-150,2022,STRUCTURE,2021-12-16,21V986000,0,,,,,,,,,117,0
FORD,F-150,2022,STRUCTURE,2022-08-11,22V623000,1,2022-06-09,63,0.013191,1.0,4.333333,1.0,0.0,0.0,298,0
TESLA,MODEL Y,2022,SUSPENSION,2021-11-18,21V912000,0,,,,,,,,,49,0
FORD,MAVERICK,2022,BACK OVER PREVENTION,2024-09-12,24V684000,1,2024-05-02,133,0.013191,1.0,4.333333,1.0,0.0,0.0,622,0
FORD,MAVERICK,2022,BACK OVER PREVENTION,2025-06-26,25V442000,1,2025-01-02,175,0.021365,2.0,2.166667,0.0,0.0,0.0,607,0
VOLKSWAGEN,ATLAS,2022,ENGINE,2022-10-06,22V753000,1,2022-06-09,119,0.009409,1.0,4.333333,1.0,0.0,1.0,132,0
LINCOLN,CORSAIR,2021,POWER TRAIN,2024-05-09,24V330000,0,,,,,,,,,43,0
LINCOLN,CORSAIR,2021,POWER TRAIN,2025-02-27,25V133000,0,,,,,,,,,51,0
JEEP,GRAND CHEROKEE 4XE,2022,SEATS,2022-03-24,22V180000,0,,,,,,,,,92,0
MERCEDES-BENZ,C 300,2020,BACK OVER PREVENTION,2022-04-07,22V232000,0,,,,,,,,,184,0
KZRV,SONIC,2018,EQUIPMENT,2021-08-26,21V670000,0,,,,,,,,,1,0
VOLVO,XC60,2022,ENGINE,2022-10-20,22V793000,1,2022-06-09,133,0.013191,1.0,4.333333,1.0,0.0,0.0,46,0
MERCEDES-BENZ,S550,2017,STRUCTURE,2023-12-14,23V854000,0,,,,,,,,,167,0
MERCEDES-BENZ,A 220,2020,STEERING,2021-12-16,21V990000,0,,,,,,,,,177,0
MERCEDES-BENZ,A 220,2020,SUSPENSION,2021-12-16,21V990000,0,,,,,,,,,177,0
ISUZU,N-SERIES,2022,ENGINE,2022-06-16,22V434000,1,2022-06-09,7,0.009409,1.0,4.333333,1.0,0.0,1.0,0,0
RAM,1500,2022,SERVICE BRAKES,2024-09-05,24V653000,1,2024-03-14,175,0.026881,2.0,1.083333,0.0,0.0,0.0,120,0
MERCEDES-BENZ,E 450,2022,STEERING,2022-03-24,22V189000,0,,,,,,,,,78,0
HYUNDAI,ELANTRA,2021,VISIBILITY,2021-12-23,21V00M000,0,,,,,,,,,180,0
FORD,ECOSPORT,2021,ENGINE,2023-12-21,23V905000,1,2023-07-06,168,0.01748,1.0,1.444444,1.0,0.0,1.0,578,0
MERCEDES-BENZ,GLC 300,2019,FUEL/PROPULSION SYSTEM,2021-12-09,21V961000,0,,,,,,,,,171,0
FORD,BRONCO SPORT,2022,POWER TRAIN,2024-04-11,24V267000,1,2023-10-19,175,0.012911,1.0,4.333333,0.0,0.0,0.0,625,0
FORD,BRONCO SPORT,2022,POWER TRAIN,2025-03-13,25V158000,1,2024-09-19,175,0.029262,8.0,1.733333,1.0,0.0,0.125,637,0
CHEVROLET,SILVERADO 2500,2020,TIRES,2021-07-29,21V578000,0,,,,,,,,,289,0
WINNEBAGO,MICRO MINNIE,2022,STRUCTURE,2023-04-13,23V270000,0,,,,,,,,,31,0
WINNEBAGO,MICRO MINNIE,2022,STRUCTURE,2023-04-27,23V311000,0,,,,,,,,,32,0
MERCEDES-BENZ,SPRINTER 1500,2019,ELECTRICAL SYSTEM,2021-12-09,21V972000,0,,,,,,,,,171,0
MERCEDES-BENZ,SPRINTER 1500,2019,ELECTRICAL SYSTEM,2022-05-19,22V360000,0,,,,,,,,,152,0
MERCEDES-BENZ,SPRINTER 1500,2019,ELECTRICAL SYSTEM,2023-03-23,23V204000,0,,,,,,,,,196,0
MERCEDES-BENZ,SPRINTER 1500,2019,ELECTRICAL SYSTEM,2024-12-12,24V930000,0,,,,,,,,,165,0
HYUNDAI,NEXO,2019,FUEL/PROPULSION SYSTEM,2022-04-07,22V228000,0,,,,,,,,,174,0
HYUNDAI,NEXO,2019,FUEL/PROPULSION SYSTEM,2022-04-14,22V258000,0,,,,,,,,,174,0
HYUNDAI,NEXO,2019,FUEL/PROPULSION SYSTEM,2024-10-10,24V761000,0,,,,,,,,,214,0
AUDI,A5,2019,SEATS,2021-11-04,21V874000,0,,,,,,,,,89,0
AUDI,A5,2019,AIR BAGS,2021-11-04,21V874000,0,,,,,,,,,89,0
AUDI,Q8,2021,BACK OVER PREVENTION,2022-09-29,22V742000,1,2022-06-16,105,0.013191,1.0,4.333333,1.0,0.0,0.0,96,0
AUDI,Q8,2021,BACK OVER PREVENTION,2025-12-18,25V900000,0,,,,,,,,,148,0
FOREST RIVER,SALEM,2020,ELECTRICAL SYSTEM,2025-10-09,25V682000,0,,,,,,,,,22,0
FORD,BRONCO,2021,FUEL/PROPULSION SYSTEM,2025-07-03,25V455000,1,2025-01-30,154,0.019771,1.0,0.866667,1.0,0.0,1.0,598,0
HONDA,PILOT,2022,BACK OVER PREVENTION,2023-06-15,23V431000,0,,,,,,,,,278,0
HYUNDAI,ELANTRA HYBRID,2022,ELECTRICAL SYSTEM,2023-08-17,23V589000,1,2023-06-29,49,0.013191,1.0,4.333333,1.0,0.0,0.0,390,0
TESLA,MODEL X,2021,STEERING,2022-01-27,22V037000,0,,,,,,,,,121,0
TESLA,MODEL X,2021,STEERING,2022-10-27,22V818000,1,2022-06-23,126,0.009409,1.0,4.333333,1.0,0.0,1.0,168,0
TESLA,MODEL X,2021,STEERING,2023-02-09,23V085000,1,2022-08-18,175,0.009208,1.0,4.333333,0.0,0.0,1.0,161,0
TESLA,MODEL X,2021,STEERING,2023-11-02,23V743000,1,2023-07-27,98,0.009409,1.0,4.333333,1.0,0.0,1.0,174,0
MERCEDES-BENZ,GLB 250,2020,BACK OVER PREVENTION,2022-04-07,22V232000,0,,,,,,,,,184,0
TRIUMPH,ROCKET 3 R,2021,SERVICE BRAKES,2023-10-26,23V730000,0,,,,,,,,,14,0
CAN-AM,SPYDER RT,2018,POWER TRAIN,2022-05-12,22V352000,0,,,,,,,,,8,0
CAN-AM,SPYDER RT,2018,POWER TRAIN,2024-09-26,24V728000,0,,,,,,,,,6,0
KIA,K900,2019,ENGINE,2024-02-29,24V169000,0,,,,,,,,,226,0
MERCEDES-BENZ,AMG GLC43,2018,STRUCTURE,2023-12-14,23V854000,1,2023-08-10,126,0.009409,1.0,4.333333,1.0,0.0,1.0,162,0
JEEP,GRAND CHEROKEE 4XE,2022,ENGINE,2022-04-28,22V284000,0,,,,,,,,,99,0
JEEP,GRAND CHEROKEE 4XE,2022,ENGINE,2023-06-08,23V412000,1,2023-03-02,98,0.026367,1.0,1.083333,1.0,0.0,0.0,199,0
BMW,840I,2022,ELECTRICAL SYSTEM,2025-09-25,25V644000,0,,,,,,,,,130,0
URAL,TOURIST-T,2012,WHEELS,2022-06-16,22V431000,0,,,,,,,,,0,0
EVENFLO,TRIBUTE,9999,CHILD SEAT,2025-03-13,25C003000,1,2024-12-26,77,0.013191,1.0,4.333333,1.0,0.0,0.0,20,0
FREIGHTLINER,CASCADIA,2021,STEERING,2021-09-02,21V689000,0,,,,,,,,,6,0
WINNEBAGO,SOLIS,2022,EQUIPMENT,2023-02-02,23V049000,1,2022-08-11,175,0.009208,1.0,4.333333,0.0,0.0,1.0,31,0
HYUNDAI,IONIQ 5,2022,PARKING BRAKE,2022-05-05,22V324000,0,,,,,,,,,149,0
MERCEDES-BENZ,AMG GLA45,2015,STRUCTURE,2023-12-14,23V854000,0,,,,,,,,,152,0
FORD,BRONCO,2021,FORWARD COLLISION AVOIDANCE,2021-12-16,21V982000,0,,,,,,,,,245,0
ALFA ROMEO,GIULIA,2021,FUEL/PROPULSION SYSTEM,2021-11-11,21V878000,0,,,,,,,,,6,0
ALFA ROMEO,GIULIA,2021,FUEL/PROPULSION SYSTEM,2024-04-25,24V306000,0,,,,,,,,,14,0
FORD,EXPLORER,2022,ENGINE,2022-06-23,22V454000,1,2022-06-23,0,0.009409,1.0,4.333333,1.0,0.0,1.0,246,0
FORD,EXPLORER,2022,ENGINE,2024-08-08,24V598000,1,2024-02-15,175,0.021556,2.0,1.238095,-1.0,0.0,0.5,629,0
FORD,EXPLORER,2022,ENGINE,2024-08-22,24V635000,1,2024-02-29,175,0.020402,1.0,0.619048,0.0,0.0,1.0,628,0
CAN-AM,SPYDER F3,2018,POWER TRAIN,2022-05-12,22V352000,0,,,,,,,,,8,0
CAN-AM,SPYDER F3,2018,POWER TRAIN,2024-09-26,24V728000,1,2024-07-11,77,0.009409,1.0,4.333333,1.0,0.0,1.0,5,0
JEEP,GLADIATOR,2022,SEAT BELTS,2022-10-13,22V766000,1,2022-06-23,112,0.014805,1.0,4.333333,1.0,1.0,1.0,128,0
FREIGHTLINER,CASCADIA,2021,TIRES,2022-12-08,22V919000,1,2022-06-23,168,0.009409,1.0,4.333333,1.0,0.0,1.0,13,0
NISSAN,TITAN,2022,POWER TRAIN,2022-06-23,22V457000,1,2022-06-23,0,0.013191,1.0,4.333333,1.0,0.0,0.0,100,0
NISSAN,TITAN,2022,POWER TRAIN,2022-09-01,22V671000,1,2022-06-23,70,0.013191,1.0,4.333333,1.0,0.0,0.0,116,0
CAN-AM,SPYDER F3,2019,POWER TRAIN,2022-05-12,22V352000,0,,,,,,,,,12,0
CAN-AM,SPYDER F3,2019,POWER TRAIN,2024-09-26,24V728000,1,2024-04-04,175,0.012911,1.0,4.333333,0.0,0.0,0.0,7,0
VOLVO,V70,2007,AIR BAGS,2021-10-14,21V800000,0,,,,,,,,,14,0
NEWMAR,KOUNTRY STAR,2022,STEERING,2021-07-15,21V542000,0,,,,,,,,,6,0
NEWMAR,KOUNTRY STAR,2022,STEERING,2022-03-17,22V166000,0,,,,,,,,,14,0
MERCEDES-BENZ,AMG GLC43,2020,BACK OVER PREVENTION,2022-04-07,22V232000,0,,,,,,,,,184,0
KIA,SORENTO PHEV,2022,SEAT BELTS,2022-03-03,22V127000,0,,,,,,,,,108,0
KIA,SORENTO PHEV,2022,SEAT BELTS,2022-06-23,22V447000,0,,,,,,,,,149,0
KIA,CARNIVAL,2023,STRUCTURE,2023-03-30,23V236000,1,2023-01-12,77,0.023496,1.0,2.166667,1.0,1.0,1.0,178,0
KIA,CARNIVAL,2023,STRUCTURE,2024-01-18,24V025000,0,,,,,,,,,271,0
MITSUBISHI,OUTLANDER SPORT,2019,POWER TRAIN,2022-07-28,22V563000,1,2022-06-30,28,0.013191,1.0,4.333333,1.0,0.0,0.0,15,0
HYUNDAI,VENUE,2022,SEAT BELTS,2022-06-23,22V458000,0,,,,,,,,,163,0
VOLKSWAGEN,GTI,2022,ENGINE,2022-03-10,22V163000,0,,,,,,,,,103,0
VOLKSWAGEN,GTI,2022,ENGINE,2022-09-15,22V707000,1,2022-06-30,77,0.011862,2.0,4.333333,2.0,0.0,0.5,133,0
HYUNDAI,VENUE,2021,SEAT BELTS,2021-10-07,21V796000,0,,,,,,,,,164,0
HYUNDAI,VENUE,2021,SEAT BELTS,2022-06-23,22V458000,0,,,,,,,,,232,0
LINCOLN,CORSAIR,2022,STRUCTURE,2022-07-07,22V484000,1,2022-06-30,7,0.009409,1.0,4.333333,1.0,0.0,1.0,36,0
AUDI,RS 6 AVANT,2021,ELECTRICAL SYSTEM,2022-03-10,22V155000,0,,,,,,,,,72,0
AUDI,RS 6 AVANT,2021,ELECTRICAL SYSTEM,2022-11-17,22V861000,1,2022-06-30,140,0.013191,1.0,4.333333,1.0,0.0,0.0,101,0
AUDI,RS 6 AVANT,2021,ELECTRICAL SYSTEM,2025-03-27,25V201000,0,,,,,,,,,93,0
HONDA,GL1800,2019,ENGINE,2024-10-31,24V820000,1,2024-08-15,77,0.013191,1.0,4.333333,1.0,0.0,0.0,399,0
FORD,MAVERICK HYBRID,2022,POWER TRAIN,2025-12-18,25V881000,1,2025-06-26,175,0.037881,10.0,1.083333,1.0,0.0,0.0,581,0
TESLA,MODEL Y,2022,BACK OVER PREVENTION,2022-04-28,22V296000,0,,,,,,,,,99,0
TESLA,MODEL Y,2022,EQUIPMENT,2022-04-28,22V296000,0,,,,,,,,,99,0
URAL,GEAR-UP,2013,WHEELS,2022-06-16,22V431000,0,,,,,,,,,0,0
FORD,F-150,2021,AIR BAGS,2021-10-14,21V805000,0,,,,,,,,,221,0
URAL,GEAR-UP,2012,WHEELS,2022-06-16,22V431000,0,,,,,,,,,0,0
JAYCO TRAVEL TRAILER,EAGLE,2018,EQUIPMENT,2021-09-02,21V685000,0,,,,,,,,,11,0
MERCEDES-BENZ,R350,2012,SERVICE BRAKES,2022-05-05,22V315000,0,,,,,,,,,91,0
MERCEDES-BENZ,R350,2012,SERVICE BRAKES,2024-04-25,24V298000,0,,,,,,,,,106,0
FORD,MUSTANG MACH E,2022,ELECTRICAL SYSTEM,2022-06-09,22V412000,0,,,,,,,,,230,0
FORD,MUSTANG MACH E,2022,ELECTRICAL SYSTEM,2023-10-12,23V687000,1,2023-04-20,175,0.02511,2.0,0.619048,0.0,0.0,0.5,539,0
FORD,MUSTANG MACH E,2022,ELECTRICAL SYSTEM,2025-02-27,25V130000,1,2024-09-05,175,0.032138,4.0,0.619048,0.0,0.0,0.0,634,0
FORD,MUSTANG MACH E,2022,ELECTRICAL SYSTEM,2025-06-12,25V404000,1,2024-12-19,175,0.025525,2.0,0.541667,0.0,0.0,0.5,613,0
FORD,MUSTANG MACH E,2022,ELECTRICAL SYSTEM,2025-06-26,25V441000,1,2025-01-02,175,0.024858,2.0,0.666667,0.0,0.0,0.5,607,0
TESLA,MODEL 3,2021,SUSPENSION,2021-10-21,21V835000,0,,,,,,,,,92,0
KIA,NIRO PHEV,2022,POWER TRAIN,2023-07-27,23V534000,0,,,,,,,,,296,0
CAN-AM,RYKER,2022,STEERING,2022-07-07,22V503000,1,2022-07-07,0,0.013191,1.0,4.333333,1.0,0.0,0.0,12,0
HYUNDAI,VENUE,2020,SEAT BELTS,2022-06-23,22V458000,0,,,,,,,,,189,0
AUDI,E-TRON,2019,SERVICE BRAKES,2024-08-15,24V621000,1,2024-05-23,84,0.020954,1.0,2.166667,1.0,0.0,0.0,149,0
VOLVO,S60,2022,ELECTRICAL SYSTEM,2025-03-20,25V179000,1,2024-09-26,175,0.020512,1.0,2.166667,0.0,0.0,0.0,61,0
TOYOTA,TUNDRA,2022,ELECTRICAL SYSTEM,2022-04-28,22V285000,0,,,,,,,,,180,0
TOYOTA,TUNDRA,2022,ELECTRICAL SYSTEM,2022-07-07,22V501000,1,2022-07-07,0,0.009409,1.0,4.333333,1.0,0.0,1.0,208,0
TOYOTA,TUNDRA,2022,ELECTRICAL SYSTEM,2023-02-16,23V111000,1,2022-08-25,175,0.011363,2.0,4.333333,0.0,0.0,0.5,280,0
FORD,RANGER,2019,BACK OVER PREVENTION,2025-06-26,25V442000,1,2025-04-03,84,0.013191,1.0,4.333333,1.0,0.0,0.0,492,0
FORD,RANGER,2019,BACK OVER PREVENTION,2025-08-28,25V572000,1,2025-04-03,147,0.013191,1.0,4.333333,1.0,0.0,0.0,515,0
RAM,2500,2020,AIR BAGS,2025-01-16,25V010000,0,,,,,,,,,115,0
HOLIDAY RAMBLER,INVICTA,2020,STRUCTURE,2024-08-08,24V607000,0,,,,,,,,,0,0
AUDI,Q5 SPORTBACK,2022,ENGINE,2022-05-19,22V368000,0,,,,,,,,,53,0
AUDI,Q5 SPORTBACK,2022,ENGINE,2022-10-06,22V753000,1,2022-07-07,91,0.013191,1.0,4.333333,1.0,0.0,0.0,68,0
AUDI,Q5 SPORTBACK,2022,ENGINE,2025-05-01,25V294000,0,,,,,,,,,116,0
INDIAN,FTR1200,2022,FUEL/PROPULSION SYSTEM,2024-11-14,24V860000,0,,,,,,,,,8,0
INDIAN,FTR1200,2022,ENGINE,2022-08-18,22V636000,1,2022-07-07,42,0.009409,1.0,4.333333,1.0,0.0,1.0,9,0
ENTEGRA,ASPIRE,2020,ELECTRICAL SYSTEM,2021-09-23,21V769000,0,,,,,,,,,12,0
TESLA,MODEL X,2022,STEERING,2022-01-27,22V037000,0,,,,,,,,,73,0
TESLA,MODEL X,2022,STEERING,2023-02-09,23V085000,1,2022-08-18,175,0.011363,2.0,4.333333,0.0,0.0,0.5,144,0
TESLA,MODEL X,2022,STEERING,2023-11-02,23V743000,1,2023-05-11,175,0.027581,3.0,1.857143,0.0,0.333333,0.0,183,0
NISSAN,LEAF,2019,EQUIPMENT,2023-02-02,23V048000,1,2022-08-11,175,0.012911,1.0,4.333333,0.0,0.0,0.0,236,0
HONDA,CRF1100,2021,ELECTRICAL SYSTEM,2024-11-21,24V882000,0,,,,,,,,,347,0
HONDA,CRF1100,2021,ELECTRICAL SYSTEM,2025-09-04,25V583000,0,,,,,,,,,362,0
TOYOTA,TUNDRA,2022,SERVICE BRAKES,2022-09-01,22V661000,1,2022-07-14,49,0.014041,2.0,4.333333,2.0,0.0,0.0,236,0
LAND ROVER,DEFENDER,2023,ENGINE,2023-02-02,23V044000,1,2022-08-11,175,0.012911,1.0,4.333333,0.0,0.0,0.0,17,0
LAND ROVER,DEFENDER,2023,ENGINE,2024-06-13,24V450000,0,,,,,,,,,34,0
GRAND DESIGN,REFLECTION,2022,EQUIPMENT,2022-03-24,22V203000,0,,,,,,,,,4,0
GRAND DESIGN,REFLECTION,2022,EQUIPMENT,2022-05-05,22V308000,0,,,,,,,,,3,0
GRAND DESIGN,REFLECTION,2022,EQUIPMENT,2022-08-04,22V603000,1,2022-07-14,21,0.020711,1.0,4.333333,1.0,1.0,0.0,8,0
GRAND DESIGN,REFLECTION,2022,EQUIPMENT,2024-11-14,24V861000,1,2024-06-13,154,0.010018,2.0,4.333333,2.0,0.0,1.0,41,0
HYUNDAI,NEXO,2021,ELECTRICAL SYSTEM,2022-04-14,22V258000,0,,,,,,,,,210,0
TESLA,MODEL 3,2022,SEAT BELTS,2022-01-27,22V045000,0,,,,,,,,,73,0
TESLA,MODEL 3,2022,SEAT BELTS,2022-10-20,22V798000,1,2022-07-14,98,0.013191,1.0,4.333333,1.0,0.0,0.0,117,0
TESLA,MODEL 3,2022,SEAT BELTS,2024-05-23,24V376000,1,2023-12-07,168,0.013191,1.0,4.333333,1.0,0.0,0.0,188,0
VOLKSWAGEN,TAOS,2022,SUSPENSION,2022-03-17,22V176000,0,,,,,,,,,109,0
MERCEDES-BENZ,SLC 300,2020,ELECTRICAL SYSTEM,2022-05-19,22V365000,0,,,,,,,,,180,0
RAM,2500,2022,STEERING,2025-11-06,25V765000,1,2025-10-16,21,0.013191,1.0,4.333333,1.0,0.0,0.0,123,0
HOLIDAY RAMBLER,INVICTA,2021,STRUCTURE,2024-08-08,24V607000,0,,,,,,,,,0,0
LINCOLN,MKC,2015,BACK OVER PREVENTION,2025-04-17,25V270000,0,,,,,,,,,43,0
LINCOLN,MKC,2015,BACK OVER PREVENTION,2025-08-28,25V572000,1,2025-07-17,42,0.013191,1.0,4.333333,1.0,0.0,0.0,49,0
MERCEDES-BENZ,GLE 400,2019,ELECTRICAL SYSTEM,2022-05-19,22V365000,0,,,,,,,,,152,0
FORD,ESCAPE,2022,STRUCTURE,2022-07-07,22V484000,0,,,,,,,,,266,0
FORD,ESCAPE,2022,STRUCTURE,2025-11-27,25V829000,1,2025-06-05,175,0.01711,1.0,1.444444,0.0,0.0,1.0,605,0
MERCEDES BENZ,ML500,2006,SERVICE BRAKES,2022-05-05,22V315000,0,,,,,,,,,39,0
MERCEDES BENZ,ML500,2006,SERVICE BRAKES,2024-04-25,24V298000,1,2024-01-11,105,0.020954,1.0,2.166667,1.0,0.0,0.0,35,0
FORD,RANGER,2022,EQUIPMENT,2023-05-25,23V379000,0,,,,,,,,,429,0
FORD,RANGER,2022,EQUIPMENT,2025-10-09,25V685000,0,,,,,,,,,634,0
FORD,BRONCO,2022,SEAT BELTS,2023-05-18,23V358000,1,2022-11-24,175,0.020512,1.0,2.166667,0.0,0.0,0.0,423,0
NISSAN,FRONTIER,2022,SEAT BELTS,2021-12-09,21V958000,0,,,,,,,,,70,0
FORD,BRONCO SPORT,2022,FUEL/PROPULSION SYSTEM,2021-08-05,21V625000,0,,,,,,,,,68,0
FORD,BRONCO SPORT,2022,FUEL/PROPULSION SYSTEM,2022-10-20,22V787000,1,2022-07-14,98,0.013191,1.0,4.333333,1.0,0.0,0.0,345,0
FORD,BRONCO SPORT,2022,FUEL/PROPULSION SYSTEM,2022-11-17,22V859000,1,2022-07-14,126,0.013191,1.0,4.333333,1.0,0.0,0.0,348,0
FORD,BRONCO SPORT,2022,FUEL/PROPULSION SYSTEM,2024-03-07,24V187000,1,2023-09-14,175,0.0314,2.0,0.346667,0.0,0.0,0.0,607,0
FORD,BRONCO SPORT,2022,FUEL/PROPULSION SYSTEM,2025-03-13,25V165000,1,2024-09-19,175,0.027025,1.0,0.866667,0.0,0.0,0.0,637,0
FORD,BRONCO SPORT,2022,FUEL/PROPULSION SYSTEM,2025-07-10,25V467000,1,2025-01-16,175,0.031216,1.0,0.722222,0.0,1.0,1.0,623,0
HARLEY-DAVIDSON,RA1250,2021,ELECTRICAL SYSTEM,2022-01-20,22V030000,0,,,,,,,,,15,0
JEEP,WRANGLER,2022,POWER TRAIN,2023-02-23,23V116000,1,2022-09-01,175,0.009208,1.0,4.333333,0.0,0.0,1.0,160,0
JEEP,WRANGLER,2022,POWER TRAIN,2023-09-14,23V641000,1,2023-03-23,175,0.019147,3.0,1.3,0.0,0.0,1.0,232,0
BMW,540D,2018,ENGINE,2022-08-04,22V614000,1,2022-07-14,21,0.013191,1.0,4.333333,1.0,0.0,0.0,100,0
BMW,540D,2018,ENGINE,2024-08-08,24V588000,1,2024-07-11,28,0.009409,1.0,4.333333,1.0,0.0,1.0,159,0
CADILLAC,CT5,2022,AIR BAGS,2021-08-05,21V611000,0,,,,,,,,,11,0
GMC,YUKON,2022,ENGINE,2025-04-24,25V274000,1,2024-10-31,175,0.018481,1.0,1.083333,0.0,0.0,1.0,203,0
MITSUBISHI,OUTLANDER,2022,BACK OVER PREVENTION,2022-07-07,22V470000,0,,,,,,,,,16,0
MITSUBISHI,OUTLANDER,2022,BACK OVER PREVENTION,2023-06-01,23V345000,1,2022-12-22,161,0.027603,1.0,0.866667,1.0,0.0,0.0,25,0
MITSUBISHI,OUTLANDER,2022,BACK OVER PREVENTION,2025-05-29,25V369000,1,2025-01-23,126,0.026367,1.0,1.083333,1.0,0.0,0.0,33,0
MERCEDES-BENZ,S 580,2021,COMMUNICATION,2022-05-19,22V365000,0,,,,,,,,,134,0
MERCEDES-BENZ,S 580,2021,COMMUNICATION,2024-10-24,24V807000,0,,,,,,,,,172,0
BMW,IX,2022,ELECTRICAL SYSTEM,2022-07-07,22V483000,0,,,,,,,,,60,0
BMW,IX,2022,ELECTRICAL SYSTEM,2022-07-21,22V541000,1,2022-07-14,7,0.013191,1.0,4.333333,1.0,0.0,0.0,63,0
BMW,IX,2022,ELECTRICAL SYSTEM,2022-12-15,22V944000,1,2022-07-14,154,0.013191,1.0,4.333333,1.0,0.0,0.0,70,0
BMW,IX,2022,ELECTRICAL SYSTEM,2023-04-20,23V295000,1,2022-10-27,175,0.01807,2.0,2.166667,0.0,0.0,0.5,113,0
BMW,IX,2022,ELECTRICAL SYSTEM,2023-06-22,23V449000,1,2022-12-29,175,0.025981,2.0,1.444444,2.0,0.0,0.0,125,0
BMW,IX,2022,ELECTRICAL SYSTEM,2025-07-10,25V470000,1,2025-05-22,49,0.013191,1.0,4.333333,1.0,0.0,0.0,114,0
BMW,IX,2022,ELECTRICAL SYSTEM,2025-07-17,25V395000,1,2025-05-22,56,0.013191,1.0,4.333333,1.0,0.0,0.0,115,0
JEEP,GRAND WAGONEER,2022,STRUCTURE,2023-08-03,23V545000,1,2023-04-06,119,0.01498,1.0,2.166667,1.0,0.0,1.0,222,0
JEEP,GRAND WAGONEER,2022,STRUCTURE,2025-09-11,25V593000,0,,,,,,,,,291,0
JEEP,GRAND WAGONEER,2022,STRUCTURE,2025-09-25,25V642000,0,,,,,,,,,285,0
AUDI,A6,2020,SERVICE BRAKES,2023-08-24,23V601000,0,,,,,,,,,141,0
HYUNDAI,TUCSON,2022,ELECTRICAL SYSTEM,2021-12-02,21V938000,0,,,,,,,,,95,0
FORD,ESCAPE PHEV,2022,ELECTRICAL SYSTEM,2025-11-13,25V789000,1,2025-05-22,175,0.02373,10.0,2.888889,0.0,0.0,0.2,608,0
MERCEDES-BENZ,GLC 350,2020,ELECTRICAL SYSTEM,2022-05-19,22V365000,0,,,,,,,,,180,0
RAM,3500,2021,SERVICE BRAKES,2022-03-10,22V140000,0,,,,,,,,,100,0
MERCEDES BENZ,GL320,2008,SERVICE BRAKES,2022-05-05,22V315000,0,,,,,,,,,48,0
MERCEDES BENZ,GL320,2008,SERVICE BRAKES,2024-04-25,24V298000,0,,,,,,,,,34,0
KEYSTONE,HIDEOUT,2021,EQUIPMENT,2021-09-09,21V708000,0,,,,,,,,,11,0
KZRV,SPORTSMEN,2019,EQUIPMENT,2021-08-26,21V670000,0,,,,,,,,,1,0
CAN-AM,RYKER,2022,EXTERIOR LIGHTING,2023-03-16,23V175000,1,2022-09-22,175,0.014492,1.0,4.333333,0.0,1.0,1.0,22,0
MERCEDES BENZ,ML550,2009,SERVICE BRAKES,2022-05-05,22V315000,0,,,,,,,,,33,0
MERCEDES BENZ,ML550,2009,SERVICE BRAKES,2024-04-25,24V298000,1,2024-04-04,21,0.013191,1.0,4.333333,1.0,0.0,0.0,25,0
TOYOTA,PRIUS PRIME,2022,FUEL/PROPULSION SYSTEM,2021-09-16,21V734000,0,,,,,,,,,115,0
FORD,F-150,2022,FUEL/PROPULSION SYSTEM,2025-07-03,25V455000,1,2025-01-09,175,0.018481,1.0,1.083333,0.0,0.0,1.0,610,0
VOLKSWAGEN,TIGUAN,2021,EQUIPMENT,2022-07-14,22V514000,0,,,,,,,,,155,0
HONDA,INSIGHT,2020,FUEL/PROPULSION SYSTEM,2023-12-14,23V858000,0,,,,,,,,,339,0
MERCEDES-BENZ,GLA 250,2019,STRUCTURE,2023-12-14,23V854000,0,,,,,,,,,164,0
FOREST RIVER,FLAGSTAFF,2021,EQUIPMENT,2022-04-07,22V243000,0,,,,,,,,,53,0
BMW,IX,2022,VEHICLE SPEED CONTROL,2023-06-01,23V409000,1,2022-12-08,175,0.018091,1.0,1.083333,-1.0,0.0,1.0,123,0
BMW,IX,2022,FORWARD COLLISION AVOIDANCE,2023-01-19,23V026000,1,2022-07-28,175,0.013191,1.0,4.333333,1.0,0.0,0.0,81,0
PALOMINO,PUMA,2022,EQUIPMENT,2022-04-07,22V243000,0,,,,,,,,,0,0
HYUNDAI,SONATA,2021,POWER TRAIN,2022-10-06,22V746000,1,2022-07-28,70,0.013191,1.0,4.333333,1.0,0.0,0.0,306,0
MERCEDES-BENZ,AMG CLA45,2014,STRUCTURE,2023-12-14,23V854000,0,,,,,,,,,135,0
KEYSTONE,SPRINGDALE,2020,EQUIPMENT,2021-09-09,21V708000,0,,,,,,,,,20,0
FORD,EDGE,2021,ENGINE,2024-08-22,24V635000,1,2024-02-29,175,0.009208,1.0,4.333333,0.0,0.0,1.0,616,0
PORSCHE,TAYCAN,2022,SERVICE BRAKES,2023-05-11,23V347000,0,,,,,,,,,20,0
PORSCHE,TAYCAN,2022,SERVICE BRAKES,2024-06-13,24V455000,1,2024-02-01,133,0.009409,1.0,4.333333,1.0,0.0,1.0,31,0
JEEP,WAGONEER,2022,SEATS,2021-11-18,21V919000,0,,,,,,,,,62,0
HONDA,CR-V HYBRID,2022,ELECTRICAL SYSTEM,2023-12-07,23V844000,1,2023-08-03,126,0.020954,1.0,2.166667,1.0,0.0,0.0,359,0
ENERCO,PROPANE REGULATOR,9999,EQUIPMENT,2021-07-29,21E071000,0,,,,,,,,,0,0
HYUNDAI,ELANTRA HYBRID,2022,VEHICLE SPEED CONTROL,2023-08-17,23V589000,1,2023-02-23,175,0.020512,1.0,2.166667,0.0,0.0,0.0,390,0
HYUNDAI,ACCENT,2021,SEAT BELTS,2022-02-03,22V069000,0,,,,,,,,,200,0
HYUNDAI,ACCENT,2021,SEAT BELTS,2022-05-19,22V354000,0,,,,,,,,,221,0
MERCEDES-BENZ,EQS 450,2022,STRUCTURE,2022-02-24,22V112000,0,,,,,,,,,72,0
MERCEDES-BENZ,EQS 450,2022,STRUCTURE,2022-06-30,22V467000,0,,,,,,,,,87,0
CAN-AM,RYKER,2021,FUEL/PROPULSION SYSTEM,2023-12-14,23V855000,1,2023-07-13,154,0.024426,1.0,1.444444,1.0,0.0,0.0,24,0
AUDI,Q7,2021,FUEL/PROPULSION SYSTEM,2022-07-14,22V516000,0,,,,,,,,,86,0
GMC,ACADIA,2020,BACK OVER PREVENTION,2022-09-22,22V709000,1,2022-07-28,56,0.013191,1.0,4.333333,1.0,0.0,0.0,131,0
TESLA,MODEL S,2021,VISIBILITY,2022-01-27,22V050000,0,,,,,,,,,121,0
TESLA,MODEL S,2021,VISIBILITY,2022-09-15,22V702000,1,2022-07-28,49,0.013191,1.0,4.333333,1.0,0.0,0.0,165,0
TESLA,MODEL S,2021,VISIBILITY,2022-10-27,22E092000,1,2022-07-28,91,0.013191,1.0,4.333333,1.0,0.0,0.0,168,0
BENTLEY,BENTAYGA,2017,FUEL/PROPULSION SYSTEM,2023-08-17,23V592000,0,,,,,,,,,1,0
JEEP,WRANGLER,2019,EXTERIOR LIGHTING,2024-09-12,24V676000,0,,,,,,,,,206,0
MERCEDES-BENZ,GL550,2012,SERVICE BRAKES,2022-05-05,22V315000,0,,,,,,,,,91,0
MERCEDES-BENZ,GL550,2012,SERVICE BRAKES,2024-04-25,24V298000,0,,,,,,,,,106,0
HYUNDAI,SANTA FE,2022,FUEL/PROPULSION SYSTEM,2021-07-08,21V524000,0,,,,,,,,,39,0
GMC,SIERRA 2500,2020,TIRES,2021-07-29,21V578000,0,,,,,,,,,124,0
MERCEDES-BENZ,EQS 450,2022,ELECTRICAL SYSTEM,2021-11-25,21V931000,0,,,,,,,,,52,0
MERCEDES-BENZ,EQS 450,2022,ELECTRICAL SYSTEM,2021-12-23,21V00J000,0,,,,,,,,,63,0
MERCEDES-BENZ,EQS 450,2022,ELECTRICAL SYSTEM,2022-02-24,22V112000,0,,,,,,,,,72,0
MERCEDES-BENZ,EQS 450,2022,ELECTRICAL SYSTEM,2022-03-24,22V190000,0,,,,,,,,,78,0
MERCEDES-BENZ,EQS 450,2022,ELECTRICAL SYSTEM,2023-04-27,23V309000,1,2022-12-08,140,0.01498,1.0,2.166667,1.0,0.0,1.0,142,0
MERCEDES-BENZ,EQS 450,2022,ELECTRICAL SYSTEM,2023-06-01,23V405000,1,2022-12-08,175,0.01498,1.0,2.166667,1.0,0.0,1.0,145,0
SUBARU,FORESTER,2022,POWER TRAIN,2023-11-09,23V755000,0,,,,,,,,,134,0
EVENFLO,ALL4ONE,9999,CHILD SEAT,2025-12-18,25C011000,1,2025-08-14,126,0.019118,2.0,2.888889,2.0,0.0,0.0,19,0
JEEP,GLADIATOR,2022,ELECTRICAL SYSTEM,2024-09-05,24V652000,1,2024-03-14,175,0.027911,2.0,1.444444,0.0,1.0,1.0,266,0
MERCEDES-BENZ,C 300,2018,EXTERIOR LIGHTING,2021-07-01,21V509000,0,,,,,,,,,167,0
MERCEDES-BENZ,C 300,2022,ELECTRICAL SYSTEM,2022-09-08,22V678000,1,2022-08-04,35,0.013191,1.0,4.333333,1.0,0.0,0.0,100,0
MERCEDES-BENZ,C 300,2022,ELECTRICAL SYSTEM,2023-06-29,23V462000;23V463000,1,2023-01-05,175,0.023411,1.0,1.444444,-1.0,0.0,0.0,153,0
MERCEDES-BENZ,C 300,2022,ELECTRICAL SYSTEM,2024-06-13,24V446000,1,2023-12-21,175,0.01711,1.0,1.444444,0.0,0.0,1.0,221,0
MAZDA,CX-30,2022,SERVICE BRAKES,2023-04-13,23V275000,1,2022-10-20,175,0.014492,1.0,4.333333,0.0,1.0,1.0,77,0
VOLKSWAGEN,ATLAS CROSS SPORT,2020,TIRES,2022-10-27,22V815000,1,2022-08-04,84,0.009409,1.0,4.333333,1.0,0.0,1.0,153,0
CONTINENTAL,CONTIGO!,9999,TIRES,2022-05-05,22T006000,0,,,,,,,,,19,0
RIVIAN,R1T,2022,VISIBILITY,2023-11-16,23V783000,0,,,,,,,,,32,0
FORD,F-350 SD,2022,STRUCTURE,2022-02-10,22V087000,0,,,,,,,,,144,0
HYUNDAI,NEXO,2021,FUEL/PROPULSION SYSTEM,2022-04-14,22V258000,0,,,,,,,,,210,0
HYUNDAI,NEXO,2021,FUEL/PROPULSION SYSTEM,2024-10-10,24V761000,1,2024-04-18,175,0.013191,1.0,4.333333,1.0,0.0,0.0,276,0
KIA,SOUL EV,2017,ELECTRICAL SYSTEM,2023-03-23,23V218000,1,2022-09-29,175,0.012911,1.0,4.333333,0.0,0.0,0.0,211,0
KIA,SOUL EV,2017,ELECTRICAL SYSTEM,2023-10-26,23V724000,1,2023-05-18,161,0.023496,1.0,2.166667,1.0,1.0,1.0,220,0
TESLA,MODEL 3,2021,SEAT BELTS,2022-01-27,22V045000,0,,,,,,,,,121,0
TESLA,MODEL 3,2021,SEAT BELTS,2022-10-20,22V798000,1,2022-08-11,70,0.009409,1.0,4.333333,1.0,0.0,1.0,168,0
TESLA,MODEL 3,2021,SEAT BELTS,2024-05-23,24V376000,1,2023-11-30,175,0.014662,1.0,2.166667,0.0,0.0,1.0,165,0
VOLKSWAGEN,ID.4,2022,ELECTRICAL SYSTEM,2024-05-09,24V344000,1,2023-11-16,175,0.021403,1.0,0.393939,0.0,0.0,1.0,195,0
TOYOTA,RAV4,2022,AIR BAGS,2022-07-21,22V519000,0,,,,,,,,,225,0
ALFA ROMEO,GIULIA,2018,AIR BAGS,2024-06-27,24V510000,0,,,,,,,,,23,0
FORD,F-150,2022,PARKING BRAKE,2023-07-20,23V509000,0,,,,,,,,,476,0
TESLA,MODEL X,2022,SEATS,2022-04-14,22V264000,0,,,,,,,,,96,0
THOMAS BUILT BUSES,SAF-T-LINER HDX,2019,ELECTRICAL SYSTEM,2022-04-21,22V271000;22V272000,0,,,,,,,,,1,0
MERCEDES-BENZ,AMG CLS53,2021,ELECTRICAL SYSTEM,2022-05-19,22V365000,0,,,,,,,,,134,0
MERCEDES-BENZ,AMG CLS53,2021,ELECTRICAL SYSTEM,2022-07-21,22V533000,0,,,,,,,,,169,0
MERCEDES-BENZ,AMG CLS53,2021,ELECTRICAL SYSTEM,2022-09-29,22V733000,1,2022-08-11,49,0.013191,1.0,4.333333,1.0,0.0,0.0,198,0
MERCEDES-BENZ,AMG CLS53,2021,ELECTRICAL SYSTEM,2024-02-08,24V100000,0,,,,,,,,,203,0
MERCEDES-BENZ,AMG CLS53,2021,ELECTRICAL SYSTEM,2024-06-13,24V445000,0,,,,,,,,,192,0
AUDI,S6,2022,ELECTRICAL SYSTEM,2022-03-10,22V155000,0,,,,,,,,,50,0
AUDI,S6,2022,ELECTRICAL SYSTEM,2022-11-17,22V861000,1,2022-08-18,91,0.014041,2.0,4.333333,2.0,0.0,0.0,70,0
FOREST RIVER,AURORA,2021,ELECTRICAL SYSTEM,2022-06-30,22V477000,0,,,,,,,,,64,0
KIA,RIO,2021,STEERING,2022-05-05,22V304000,0,,,,,,,,,186,0
MERCEDES-BENZ,E 450,2022,ELECTRICAL SYSTEM,2022-09-29,22V733000,1,2022-08-18,42,0.013191,1.0,4.333333,1.0,0.0,0.0,115,0
MERCEDES-BENZ,E 450,2022,ELECTRICAL SYSTEM,2024-02-08,24V100000,0,,,,,,,,,219,0
FORD,EXPLORER,2022,BACK OVER PREVENTION,2023-01-19,23V022000,1,2022-08-18,154,0.013358,3.0,4.333333,3.0,0.0,0.333333,379,0
FORD,EXPLORER,2022,BACK OVER PREVENTION,2023-04-27,23V305000,1,2022-11-03,175,0.012525,3.0,4.333333,0.0,0.0,0.333333,408,0
FORD,EXPLORER,2022,BACK OVER PREVENTION,2023-05-11,23V342000,1,2023-01-26,105,0.027393,2.0,1.733333,2.0,1.0,1.0,419,0
FORD,EXPLORER,2022,BACK OVER PREVENTION,2025-03-13,25V159000,1,2024-09-19,175,0.025981,2.0,1.444444,2.0,0.0,0.0,637,0
FORD,EXPLORER,2022,BACK OVER PREVENTION,2025-06-26,25V442000,1,2025-04-10,77,0.026367,1.0,1.083333,1.0,0.0,0.0,607,0
FORD,EXPLORER,2022,ELECTRICAL SYSTEM,2023-09-07,23V626000,1,2023-03-16,175,0.018481,1.0,1.083333,0.0,0.0,1.0,517,0
FOREST RIVER,OZARK,2021,EQUIPMENT,2022-04-07,22V243000,0,,,,,,,,,53,0
FOREST RIVER,OZARK,2021,EQUIPMENT,2022-09-29,22V729000,1,2022-08-18,42,0.014041,2.0,4.333333,2.0,0.0,0.0,82,0
GENESIS,GV80,2022,FUEL/PROPULSION SYSTEM,2023-09-07,23V630000,1,2023-03-16,175,0.019354,1.0,0.866667,0.0,0.0,1.0,63,0
GENESIS,GV80,2022,FUEL/PROPULSION SYSTEM,2024-04-18,24V282000,1,2023-10-26,175,0.014769,6.0,3.714286,1.0,0.0,0.666667,67,0
FORD,EXPEDITION,2022,VISIBILITY,2025-10-23,25V729000,1,2025-05-01,175,0.013452,2.0,4.333333,0.0,0.0,0.0,631,0
VOLKSWAGEN,GOLF SPORTWAGEN,2019,ELECTRICAL SYSTEM,2023-08-24,23V604000,0,,,,,,,,,130,0
BMW,X3,2019,AIR BAGS,2021-07-08,21V521000,0,,,,,,,,,100,0
VOLVO,XC90,2022,ELECTRICAL SYSTEM,2025-03-20,25V179000,0,,,,,,,,,62,0
VOLVO,XC90,2022,ENGINE,2022-10-20,22V793000,1,2022-08-18,63,0.009409,1.0,4.333333,1.0,0.0,1.0,46,0
FORD,RANGER,2021,SEATS,2021-09-30,21V765000,0,,,,,,,,,217,0
RAM,1500,2022,STEERING,2025-11-06,25V765000,1,2025-05-15,175,0.018393,5.0,2.708333,1.0,0.2,0.8,123,0
HYUNDAI,PALISADE,2022,SEAT BELTS,2025-09-11,25V607000,1,2025-03-20,175,0.029472,15.0,2.826087,-1.0,0.0,0.133333,356,0
CHRYSLER,PACIFICA,2022,SEATS,2022-03-24,22V181000,0,,,,,,,,,18,0
HYUNDAI,PALISADE,2021,TRAILER HITCHES,2022-08-18,22V633000,0,,,,,,,,,276,0
NISSAN,SENTRA,2022,STEERING,2023-08-10,23V581000,0,,,,,,,,,190,0
EVENFLO,GOTIME SPORT BOOSTER,9999,CHILD SEAT,2025-03-13,25C003000,1,2025-03-13,0,0.014945,3.0,4.333333,3.0,0.0,0.0,20,0
MERCEDES-BENZ,GLS 450,2022,ELECTRICAL SYSTEM,2022-04-07,22V231000,0,,,,,,,,,77,0
MERCEDES-BENZ,GLS 450,2022,ELECTRICAL SYSTEM,2022-05-19,22V365000,0,,,,,,,,,75,0
MERCEDES-BENZ,GLS 450,2022,ELECTRICAL SYSTEM,2024-03-14,24V207000,0,,,,,,,,,231,0
FOREST RIVER,ROCKWOOD,2022,EQUIPMENT,2022-04-07,22V243000,0,,,,,,,,,40,0
FOREST RIVER,ROCKWOOD,2022,EQUIPMENT,2022-07-07,22V486000,0,,,,,,,,,54,0
FOREST RIVER,ROCKWOOD,2022,EQUIPMENT,2022-07-28,22V556000;22V558000,0,,,,,,,,,54,0
HYUNDAI,SANTA FE,2022,POWER TRAIN,2022-10-06,22V746000,1,2022-08-25,42,0.009409,1.0,4.333333,1.0,0.0,1.0,240,0
CADILLAC,ESCALADE ESV,2021,SEAT BELTS,2022-08-11,22V617000,0,,,,,,,,,24,0
TESLA,MODEL 3,2017,ELECTRICAL SYSTEM,2021-12-16,21V00D000,0,,,,,,,,,97,0
TESLA,MODEL 3,2017,ELECTRICAL SYSTEM,2022-01-27,22V045000,0,,,,,,,,,98,0
TESLA,MODEL 3,2017,ELECTRICAL SYSTEM,2022-02-03,22V063000,0,,,,,,,,,101,0
TESLA,MODEL 3,2017,ELECTRICAL SYSTEM,2022-04-07,22V235000,0,,,,,,,,,105,0
TESLA,MODEL 3,2017,ELECTRICAL SYSTEM,2023-12-07,23V838000,0,,,,,,,,,97,0
TESLA,MODEL 3,2017,ELECTRICAL SYSTEM,2024-01-25,24V051000,0,,,,,,,,,97,0
TESLA,MODEL 3,2017,BACK OVER PREVENTION,2021-12-16,21V00D000,0,,,,,,,,,97,0
TESLA,MODEL 3,2017,BACK OVER PREVENTION,2022-03-17,22V169000,0,,,,,,,,,104,0
HYUNDAI,ACCENT,2020,SEAT BELTS,2022-02-03,22V069000,0,,,,,,,,,205,0
HYUNDAI,ACCENT,2020,SEAT BELTS,2022-03-31,22V218000,0,,,,,,,,,198,0
HYUNDAI,ACCENT,2020,SEAT BELTS,2022-05-19,22V354000,0,,,,,,,,,192,0
FOREST RIVER,GEORGETOWN,2020,STRUCTURE,2021-07-08,21V523000,0,,,,,,,,,70,0
AUDI,A6 ALLROAD,2021,ELECTRICAL SYSTEM,2022-11-17,22V861000,1,2022-09-01,77,0.013191,1.0,4.333333,1.0,0.0,0.0,101,0
AUDI,A6 ALLROAD,2021,ELECTRICAL SYSTEM,2025-03-27,25V201000,0,,,,,,,,,93,0
FOREST RIVER,CHEROKEE,2022,ELECTRICAL SYSTEM,2022-03-03,22V135000,0,,,,,,,,,43,0
FORD,MUSTANG MACH E,2022,POWER TRAIN,2022-08-25,22V646000,0,,,,,,,,,304,0
THOR MOTOR COACH,MAGNITUDE,2022,EQUIPMENT,2021-09-23,21V754000,0,,,,,,,,,16,0
THOR MOTOR COACH,MAGNITUDE,2022,EQUIPMENT,2022-05-05,22V300000,0,,,,,,,,,20,0
TOYOTA,CAMRY,2022,AIR BAGS,2023-12-14,23V865000,1,2023-06-22,175,0.023002,1.0,2.166667,0.0,1.0,1.0,350,0
LAND ROVER,RANGE ROVER VELAR,2022,ELECTRICAL SYSTEM,2022-08-04,22V581000,0,,,,,,,,,25,0
FORD,BRONCO,2022,FUEL/PROPULSION SYSTEM,2025-07-03,25V455000,1,2025-01-09,175,0.016405,2.0,2.888889,0.0,0.5,1.0,610,0
INDIAN,CHIEFTAIN LIMITED,2018,EXTERIOR LIGHTING,2022-08-18,22V635000,0,,,,,,,,,4,0
FOREST RIVER,SALEM,2022,STRUCTURE,2022-07-28,22V562000,0,,,,,,,,,54,0
FORD,F-150,2022,EQUIPMENT,2024-11-07,24V852000,1,2024-05-16,175,0.022396,1.0,0.180556,0.0,0.0,1.0,632,0
MERCEDES-BENZ,GLE 450,2022,ELECTRICAL SYSTEM,2022-04-07,22V231000,0,,,,,,,,,77,0
MERCEDES-BENZ,GLE 450,2022,ELECTRICAL SYSTEM,2022-05-19,22V365000,0,,,,,,,,,75,0
MERCEDES-BENZ,GLE 450,2022,ELECTRICAL SYSTEM,2023-12-07,23V835000,0,,,,,,,,,206,0
MERCEDES-BENZ,GLE 450,2022,ELECTRICAL SYSTEM,2024-03-14,24V207000,0,,,,,,,,,231,0
MERCEDES-BENZ,GLE 450,2022,ELECTRICAL SYSTEM,2024-09-26,24V724000,1,2024-08-22,35,0.009409,1.0,4.333333,1.0,0.0,1.0,238,0
MERCEDES-BENZ,R350,2007,SERVICE BRAKES,2022-05-05,22V315000,0,,,,,,,,,10,0
MERCEDES-BENZ,R350,2007,SERVICE BRAKES,2024-04-25,24V298000,0,,,,,,,,,11,0
CAN-AM,RYKER,2020,ELECTRICAL SYSTEM,2022-10-20,22V799000,1,2022-09-08,42,0.013191,1.0,4.333333,1.0,0.0,0.0,29,0
BMW,535D,2015,FUEL/PROPULSION SYSTEM,2021-07-29,21V586000,0,,,,,,,,,140,0
BMW,535D,2015,FUEL/PROPULSION SYSTEM,2021-11-18,21V907000,0,,,,,,,,,118,0
SUBARU,IMPREZA,2017,EXTERIOR LIGHTING,2022-08-11,22V624000,0,,,,,,,,,135,0
FOREST RIVER,WILDWOOD,2020,EQUIPMENT,2021-08-05,21V621000,0,,,,,,,,,76,0
MERCEDES-BENZ,SPRINTER 3500,2020,COMMUNICATION,2022-05-19,22V360000,0,,,,,,,,,180,0
KIA,SPORTAGE,2023,ELECTRICAL SYSTEM,2022-08-25,22V651000,0,,,,,,,,,94,0
KIA,SPORTAGE,2023,ELECTRICAL SYSTEM,2023-04-20,23V298000,1,2022-10-27,175,0.009208,1.0,4.333333,0.0,0.0,1.0,191,0
GENESIS,G70,2019,ENGINE,2024-03-07,24V191000,0,,,,,,,,,7,0
FORD,BRONCO,2022,AIR BAGS,2022-12-08,22V928000,1,2022-09-08,91,0.013191,1.0,4.333333,1.0,0.0,0.0,361,0
CONTINENTAL,TKC80,9999,TIRES,2022-05-05,22T006000,0,,,,,,,,,19,0
MITSUBISHI,OUTLANDER SPORT,2022,POWER TRAIN,2022-07-28,22V563000,0,,,,,,,,,18,0
FORD,BRONCO,2021,SUSPENSION,2025-01-16,25V025000,1,2024-07-25,175,0.020954,1.0,2.166667,1.0,0.0,0.0,582,0
JAGUAR,I-PACE,2022,ELECTRICAL SYSTEM,2023-01-26,23V030000,1,2022-09-08,140,0.009409,1.0,4.333333,1.0,0.0,1.0,6,0
JAGUAR,I-PACE,2022,ELECTRICAL SYSTEM,2023-05-25,23V369000,0,,,,,,,,,5,0
JAGUAR,I-PACE,2022,ELECTRICAL SYSTEM,2023-10-19,23V709000,1,2023-07-27,84,0.01498,1.0,2.166667,1.0,0.0,1.0,3,0
HYUNDAI,SANTA FE,2021,BACK OVER PREVENTION,2024-11-21,24V879000,0,,,,,,,,,280,0
BMW,K 1600 GT,2019,SUSPENSION,2022-01-20,22V023000,0,,,,,,,,,86,0
HYUNDAI,PALISADE,2023,SERVICE BRAKES,2023-06-08,23V415000,1,2023-06-08,0,0.01498,1.0,2.166667,1.0,0.0,1.0,251,0
LINCOLN,CORSAIR PHEV,2021,ELECTRICAL SYSTEM,2025-11-13,25V789000,1,2025-05-22,175,0.025815,1.0,1.083333,0.0,0.0,0.0,72,0
CADILLAC,XT5,2020,BACK OVER PREVENTION,2022-09-22,22V709000,1,2022-09-08,14,0.013191,1.0,4.333333,1.0,0.0,0.0,27,0
THOR MOTOR COACH,OMNI,2022,EQUIPMENT,2021-09-23,21V754000,0,,,,,,,,,16,0
HYUNDAI,SONATA,2021,FUEL/PROPULSION SYSTEM,2021-07-08,21V524000,0,,,,,,,,,125,0
HYUNDAI,SONATA,2021,FUEL/PROPULSION SYSTEM,2025-11-13,25V796000,1,2025-05-22,175,0.016749,1.0,1.444444,-1.0,0.0,1.0,315,0
CHEVROLET,EQUINOX,2021,TIRES,2021-08-05,21V612000,0,,,,,,,,,181,0
LUCID,AIR,2022,ELECTRICAL SYSTEM,2022-05-12,22V351000,0,,,,,,,,,0,0
LUCID,AIR,2022,ELECTRICAL SYSTEM,2023-02-16,23V110000,1,2022-09-15,154,0.014041,2.0,4.333333,2.0,0.0,0.0,7,0
LUCID,AIR,2022,ELECTRICAL SYSTEM,2023-07-27,23V523000,1,2023-02-02,175,0.019354,1.0,0.866667,0.0,0.0,1.0,17,0
LUCID,AIR,2022,ELECTRICAL SYSTEM,2024-06-27,24V497000,0,,,,,,,,,10,0
CHEVROLET,TRAVERSE,2022,AIR BAGS,2022-03-31,22V210000,0,,,,,,,,,117,0
VOLKSWAGEN,ID.4,2022,BACK OVER PREVENTION,2022-10-06,22V764000,1,2022-09-15,21,0.013191,1.0,4.333333,1.0,0.0,0.0,132,0
VOLKSWAGEN,ID.4,2022,BACK OVER PREVENTION,2022-10-27,22V823000,1,2022-09-15,42,0.013191,1.0,4.333333,1.0,0.0,0.0,135,0
VOLKSWAGEN,ID.4,2022,BACK OVER PREVENTION,2023-06-15,23V436000,1,2023-03-23,84,0.01498,1.0,2.166667,1.0,0.0,1.0,175,0
VOLKSWAGEN,ID.4,2022,BACK OVER PREVENTION,2024-05-09,24V344000,0,,,,,,,,,196,0
JEEP,WRANGLER,2022,BACK OVER PREVENTION,2024-09-12,24V676000,1,2024-04-04,161,0.013191,1.0,4.333333,1.0,0.0,0.0,266,0
HONDA,PILOT,2021,FUEL/PROPULSION SYSTEM,2023-12-14,23V858000,1,2023-08-17,119,0.01498,1.0,2.166667,1.0,0.0,1.0,330,0
VOLVO,S60,2022,ENGINE,2022-10-20,22V793000,1,2022-09-15,35,0.009409,1.0,4.333333,1.0,0.0,1.0,46,0
BUICK,REGAL,2013,SUSPENSION,2021-08-12,21V633000,0,,,,,,,,,63,0
BUICK,REGAL,2013,SUSPENSION,2021-12-16,21V00F000,0,,,,,,,,,64,0
MERCEDES-BENZ,SPRINTER 2500,2021,FUEL/PROPULSION SYSTEM,2023-06-22,23V444000,1,2023-03-30,84,0.024426,1.0,1.444444,1.0,0.0,0.0,175,0
MERCEDES-BENZ,SPRINTER 2500,2021,POWER TRAIN,2022-10-20,22V796000,1,2022-09-15,35,0.014041,2.0,4.333333,2.0,0.0,0.0,200,0
FREIGHTLINER,CASCADIA,2021,FORWARD COLLISION AVOIDANCE,2022-10-27,22V817000,1,2022-09-15,42,0.010018,2.0,4.333333,2.0,0.0,1.0,13,0
MERCEDES-BENZ,GLE 450,2021,VISIBILITY,2023-03-16,23V177000,1,2022-09-22,175,0.012911,1.0,4.333333,0.0,0.0,0.0,194,0
LINCOLN,NAVIGATOR,2022,SERVICE BRAKES,2025-05-08,25V314000,0,,,,,,,,,53,0
LINCOLN,NAVIGATOR,2022,ELECTRICAL SYSTEM,2022-03-24,22V193000,0,,,,,,,,,21,0
LINCOLN,NAVIGATOR,2022,ELECTRICAL SYSTEM,2025-02-27,25V132000,0,,,,,,,,,41,0
INFINITI,QX60,2022,EXTERIOR LIGHTING,2023-11-30,23V814000,0,,,,,,,,,27,0
HONDA,CR-V HYBRID,2020,FUEL/PROPULSION SYSTEM,2023-12-14,23V858000,1,2023-08-24,112,0.01498,1.0,2.166667,1.0,0.0,1.0,338,0
MERCEDES-BENZ,G 550,2021,FUEL/PROPULSION SYSTEM,2023-06-22,23V445000,0,,,,,,,,,176,0
ALFA ROMEO,GIULIA,2021,AIR BAGS,2024-06-27,24V510000,0,,,,,,,,,13,0
XTREME OUTDOORS,LITTLE GUY MAX,2022,SUSPENSION,2022-07-28,22V565000,0,,,,,,,,,0,0
FORD,EXPEDITION,2022,SERVICE BRAKES,2025-05-08,25V314000,1,2024-12-19,140,0.013191,1.0,4.333333,1.0,0.0,0.0,627,0
CHEVROLET,SILVERADO 2500,2022,POWER TRAIN,2024-10-24,24V797000,1,2024-05-02,175,0.015461,3.0,3.25,-1.0,0.0,0.333333,325,0
CHEVROLET,BOLT EUV,2022,AIR BAGS,2021-07-08,21V517000,0,,,,,,,,,83,0
RIVIAN,R1T,2022,VEHICLE SPEED CONTROL,2023-12-21,23V883000,0,,,,,,,,,40,0
KIA,SOUL,2023,ELECTRICAL SYSTEM,2023-04-20,23V298000,1,2022-10-27,175,0.012911,1.0,4.333333,0.0,0.0,0.0,191,0
JEEP,GLADIATOR,2022,ENGINE,2022-10-13,22V767000,1,2022-09-22,21,0.009409,1.0,4.333333,1.0,0.0,1.0,128,0
WINNEBAGO,NAVION,2021,EQUIPMENT,2022-10-20,22V795000,1,2022-09-22,28,0.013191,1.0,4.333333,1.0,0.0,0.0,23,0
WINNEBAGO,NAVION,2021,EQUIPMENT,2023-09-14,23V637000,0,,,,,,,,,36,0
WINNEBAGO,NAVION,2021,EQUIPMENT,2023-10-12,23V694000,0,,,,,,,,,36,0
INFINITI,Q50,2016,POWER TRAIN,2024-06-20,24V470000,1,2023-12-28,175,0.009208,1.0,4.333333,0.0,0.0,1.0,46,0
CONTINENTAL,PURECONTACT LS,9999,TIRES,2022-12-01,22T022000,1,2022-09-22,70,0.009409,1.0,4.333333,1.0,0.0,1.0,19,0
KEYSTONE,PASSPORT,2020,EQUIPMENT,2021-09-09,21V708000,0,,,,,,,,,20,0
WINNEBAGO,VIEW,2021,STRUCTURE,2022-09-15,22V695000,0,,,,,,,,,12,0
WINNEBAGO,VIEW,2021,STRUCTURE,2023-10-12,23V694000,0,,,,,,,,,36,0
WINNEBAGO,VIEW,2021,STRUCTURE,2024-12-26,24V824000,0,,,,,,,,,33,0
WINNEBAGO,VIEW,2021,EQUIPMENT,2022-09-15,22V695000,0,,,,,,,,,12,0
WINNEBAGO,VIEW,2021,EQUIPMENT,2022-10-20,22V795000,1,2022-09-22,28,0.013191,1.0,4.333333,1.0,0.0,0.0,23,0
WINNEBAGO,VIEW,2021,EQUIPMENT,2023-09-14,23V637000,0,,,,,,,,,36,0
WINNEBAGO,VIEW,2021,EQUIPMENT,2023-10-12,23V694000,0,,,,,,,,,36,0
FORD,MAVERICK,2022,AIR BAGS,2022-08-04,22V594000,0,,,,,,,,,292,0
WINNEBAGO,VIEW,2020,EQUIPMENT,2022-09-15,22V695000,0,,,,,,,,,3,0
WINNEBAGO,VIEW,2020,EQUIPMENT,2022-10-20,22V795000,1,2022-09-22,28,0.014041,2.0,4.333333,2.0,0.0,0.0,11,0
WINNEBAGO,VIEW,2020,EQUIPMENT,2023-09-14,23V637000,0,,,,,,,,,20,0
WINNEBAGO,VIEW,2020,EQUIPMENT,2023-10-12,23V694000,0,,,,,,,,,22,0
WINNEBAGO,VIEW,2023,ELECTRICAL SYSTEM,2024-05-02,24V318000,0,,,,,,,,,19,0
WINNEBAGO,VIEW,2023,EQUIPMENT,2022-09-15,22V695000,0,,,,,,,,,9,0
WINNEBAGO,VIEW,2023,EQUIPMENT,2022-10-20,22V795000,1,2022-09-22,28,0.013191,1.0,4.333333,1.0,0.0,0.0,13,0
WINNEBAGO,VIEW,2023,EQUIPMENT,2023-10-12,23V694000,0,,,,,,,,,30,0
MERCEDES-BENZ,METRIS,2018,SERVICE BRAKES,2022-02-03,22V066000,0,,,,,,,,,154,0
AUDI,S3,2022,SEAT BELTS,2021-08-05,21V606000,0,,,,,,,,,24,0
AUDI,S3,2022,SEAT BELTS,2022-07-14,22V515000,0,,,,,,,,,58,0
AUDI,S3,2022,AIR BAGS,2022-08-25,22V652000,0,,,,,,,,,61,0
WINNEBAGO,VIEW,2022,EQUIPMENT,2022-09-15,22V695000,0,,,,,,,,,12,0
WINNEBAGO,VIEW,2022,EQUIPMENT,2022-10-20,22V795000,1,2022-09-22,28,0.014041,2.0,4.333333,2.0,0.0,0.0,22,0
WINNEBAGO,VIEW,2022,EQUIPMENT,2023-09-14,23V637000,0,,,,,,,,,44,0
WINNEBAGO,VIEW,2022,EQUIPMENT,2023-10-12,23V694000,0,,,,,,,,,48,0
KIA,OPTIMA HYBRID,2018,ENGINE,2021-10-28,21V844000,0,,,,,,,,,165,0
HYUNDAI,ELANTRA,2022,AIR BAGS,2022-08-18,22V632000,0,,,,,,,,,203,0
MERCEDES-BENZ,METRIS,2016,TIRES,2022-07-07,22V482000,0,,,,,,,,,157,0
NEWMAR,DUTCH STAR,2021,STEERING,2022-03-17,22V166000,0,,,,,,,,,14,0
VOLKSWAGEN,ID.4,2022,POWER TRAIN,2025-02-27,25V120000,1,2024-11-14,105,0.013191,1.0,4.333333,1.0,0.0,0.0,214,0
SUBARU,WRX,2017,EXTERIOR LIGHTING,2022-07-21,22V522000,0,,,,,,,,,133,0
FORD,F-150,2022,EXTERIOR LIGHTING,2022-09-08,22V686000,0,,,,,,,,,317,0
FORD,F-150,2022,EXTERIOR LIGHTING,2023-11-23,23V802000,1,2023-09-07,77,0.02994,1.0,0.481481,1.0,0.0,0.0,563,0
FORD,F-150,2022,EXTERIOR LIGHTING,2024-09-12,24V682000,1,2024-03-21,175,0.021365,2.0,2.166667,0.0,0.0,0.0,622,0
FORD,F-150,2022,EXTERIOR LIGHTING,2025-08-07,25V515000;25V517000,1,2025-02-13,175,0.023389,8.0,2.888889,0.0,0.0,0.0,631,0
MASERATI,LEVANTE,2022,FUEL/PROPULSION SYSTEM,2021-11-04,21V872000,0,,,,,,,,,1,0
AUDI,A3,2022,SEAT BELTS,2022-07-14,22V515000,0,,,,,,,,,58,0
AUDI,A3,2022,AIR BAGS,2022-08-25,22V652000,0,,,,,,,,,61,0
MERCEDES-BENZ,GLC 300,2020,FUEL/PROPULSION SYSTEM,2021-12-09,21V961000,0,,,,,,,,,175,0
THOR MOTOR COACH,WINDSPORT,2020,EQUIPMENT,2023-02-23,23V121000,1,2022-09-29,147,0.010018,2.0,4.333333,2.0,0.0,1.0,16,0
THOR MOTOR COACH,WINDSPORT,2020,STRUCTURE,2023-02-23,23V121000,1,2022-09-29,147,0.009409,1.0,4.333333,1.0,0.0,1.0,16,0
HYUNDAI,PALISADE,2023,VISIBILITY,2023-03-16,23V180000,1,2022-09-29,168,0.014041,2.0,4.333333,2.0,0.0,0.0,222,0
WINNEBAGO,REVEL,2021,STRUCTURE,2022-11-17,22V863000,1,2022-09-29,49,0.013191,1.0,4.333333,1.0,0.0,0.0,26,0
CADILLAC,XT6,2023,POWER TRAIN,2023-03-16,23V172000,1,2022-09-29,168,0.013191,1.0,4.333333,1.0,0.0,0.0,37,0
BMW,X4,2018,ENGINE,2024-08-08,24V608000,0,,,,,,,,,160,0
JEEP,GRAND CHEROKEE 4XE,2022,SUSPENSION,2023-06-08,23V413000,1,2022-12-15,175,0.012911,1.0,4.333333,0.0,0.0,0.0,199,0
FORD,F-150 LIGHTNING BEV,2022,ELECTRICAL SYSTEM,2025-02-27,25V131000,1,2024-09-05,175,0.028022,5.0,1.354167,1.0,0.2,0.4,634,0
FORD,F-150 LIGHTNING BEV,2022,ELECTRICAL SYSTEM,2025-04-17,25V272000,1,2024-10-24,175,0.02544,4.0,1.333333,0.0,0.0,0.25,629,0
TIFFIN,ALLEGRO,2023,EQUIPMENT,2022-07-14,22V511000,0,,,,,,,,,4,0
TIFFIN,ALLEGRO,2023,EQUIPMENT,2022-10-27,22V814000,1,2022-09-29,28,0.013191,1.0,4.333333,1.0,0.0,0.0,7,0
FOREST RIVER,SALEM,2022,ELECTRICAL SYSTEM,2025-10-09,25V682000,0,,,,,,,,,35,0
TESLA,MODEL 3,2017,SEAT BELTS,2022-01-27,22V045000,0,,,,,,,,,98,0
TESLA,MODEL 3,2017,SEAT BELTS,2022-10-20,22V798000,1,2022-10-06,14,0.013191,1.0,4.333333,1.0,0.0,0.0,110,0
TESLA,MODEL 3,2017,SEAT BELTS,2024-05-23,24V376000,0,,,,,,,,,98,0
ACURA,ILX,2016,FUEL/PROPULSION SYSTEM,2023-12-14,23V858000,0,,,,,,,,,58,0
FREIGHTLINER,114SD,2022,EXTERIOR LIGHTING,2024-09-05,24V668000,0,,,,,,,,,5,0
RAM,PROMASTER,2021,EQUIPMENT,2024-06-06,24V416000,0,,,,,,,,,134,0
AUDI,E-TRON,2021,SERVICE BRAKES,2021-07-22,21V569000,0,,,,,,,,,40,0
AUDI,E-TRON,2021,SERVICE BRAKES,2021-09-09,21V707000,0,,,,,,,,,50,0
MITSUBISHI,OUTLANDER SPORT,2021,POWER TRAIN,2022-07-28,22V563000,0,,,,,,,,,20,0
CHEVROLET,TAHOE,2022,SEAT BELTS,2022-08-11,22V617000,0,,,,,,,,,128,0
CAN-AM,SPYDER RT,2021,EXTERIOR LIGHTING,2023-03-16,23V175000,1,2022-10-06,161,0.013191,1.0,4.333333,1.0,0.0,0.0,27,0
HYUNDAI,VELOSTER N,2021,POWER TRAIN,2022-10-06,22V746000,0,,,,,,,,,307,0
RAM,PROMASTER,2022,STRUCTURE,2024-06-06,24V416000,1,2023-12-14,175,0.012911,1.0,4.333333,0.0,0.0,0.0,119,0
GMC,YUKON,2022,SEAT BELTS,2022-08-11,22V617000,0,,,,,,,,,82,0
FOREST RIVER,PUMA,2022,STRUCTURE,2021-10-07,21V784000,0,,,,,,,,,42,0
FOREST RIVER,PUMA,2022,EQUIPMENT,2021-10-07,21V784000,0,,,,,,,,,42,0
FOREST RIVER,PUMA,2022,EQUIPMENT,2022-03-24,22V184000,0,,,,,,,,,40,0
FOREST RIVER,PUMA,2022,EQUIPMENT,2022-07-28,22V556000,0,,,,,,,,,54,0
FOREST RIVER,PUMA,2022,EQUIPMENT,2024-05-30,24V395000,0,,,,,,,,,33,0
HYUNDAI,SANTA FE HYBRID,2021,BACK OVER PREVENTION,2024-11-21,24V879000,0,,,,,,,,,280,0
HYUNDAI,ELANTRA N,2022,POWER TRAIN,2022-10-06,22V746000,0,,,,,,,,,241,0
MERCEDES-BENZ,AMG GLE53,2022,STEERING,2022-12-15,22V936000,1,2022-10-13,63,0.013191,1.0,4.333333,1.0,0.0,0.0,109,0
AUDI,Q3,2021,FUEL/PROPULSION SYSTEM,2022-09-08,22V673000,0,,,,,,,,,95,0
WINNEBAGO,VIEW,2022,STRUCTURE,2022-09-15,22V695000,0,,,,,,,,,12,0
WINNEBAGO,VIEW,2022,STRUCTURE,2023-10-12,23V694000,0,,,,,,,,,48,0
WINNEBAGO,VIEW,2022,STRUCTURE,2024-12-26,24V824000,1,2024-08-15,133,0.013191,1.0,4.333333,1.0,0.0,0.0,37,0
MANDO,ANTI-LOCK BRAKE SYSTEM,9999,SERVICE BRAKES,2023-09-28,23E073000,0,,,,,,,,,0,0
AUDI,A6,2019,BACK OVER PREVENTION,2025-12-18,25V900000,0,,,,,,,,,144,0
VOLVO,XC60,2023,ENGINE,2022-10-20,22V793000,1,2022-10-13,7,0.009409,1.0,4.333333,1.0,0.0,1.0,26,0
HONDA,CRF1100 AFRICA TWIN,2021,ENGINE,2022-09-01,22V662000,0,,,,,,,,,277,0
LINCOLN,NAVIGATOR,2015,VISIBILITY,2022-08-25,22V648000,0,,,,,,,,,55,0
LINCOLN,NAVIGATOR,2015,VISIBILITY,2025-02-13,25V091000,0,,,,,,,,,41,0
LINCOLN,CONTINENTAL,2019,BACK OVER PREVENTION,2022-08-25,22V644000,0,,,,,,,,,27,0
LINCOLN,CONTINENTAL,2019,BACK OVER PREVENTION,2025-06-26,25V442000,0,,,,,,,,,71,0
HONDA,PASSPORT,2021,VISIBILITY,2023-03-16,23V174000,1,2022-10-13,154,0.013191,1.0,4.333333,1.0,0.0,0.0,265,0
FORD,MAVERICK,2022,STRUCTURE,2022-07-07,22V484000,0,,,,,,,,,266,0
FORD,MAVERICK,2022,FUEL/PROPULSION SYSTEM,2021-12-16,21V976000,0,,,,,,,,,117,0
GENESIS,GV70,2023,FUEL/PROPULSION SYSTEM,2024-04-18,24V282000,1,2023-10-26,175,0.015146,5.0,3.095238,0.0,0.0,0.8,54,0
MERCEDES-BENZ,AMG C43,2020,BACK OVER PREVENTION,2022-04-07,22V232000,0,,,,,,,,,184,0
TOYOTA,SUPRA,2021,ELECTRICAL SYSTEM,2025-09-18,25V636000,1,2025-05-22,119,0.020954,1.0,2.166667,1.0,0.0,0.0,291,0
BMW,540I,2021,SEAT BELTS,2021-07-15,21V554000,0,,,,,,,,,59,0
FORD,ESCAPE,2022,POWER TRAIN,2024-05-09,24V330000,1,2024-03-14,56,0.018879,1.0,1.083333,1.0,0.0,1.0,626,0
FORD,ESCAPE,2022,POWER TRAIN,2025-02-27,25V133000,1,2024-09-05,175,0.023913,1.0,1.444444,0.0,0.0,0.0,634,0
KTM,690 ENDURO R,2022,TIRES,2022-08-04,22V588000,0,,,,,,,,,9,0
JEEP,RENEGADE,2021,AIR BAGS,2024-06-27,24V510000,0,,,,,,,,,234,0
PORSCHE,PANAMERA,2016,EXTERIOR LIGHTING,2022-08-25,22V656000,0,,,,,,,,,21,0
FORD,SERVICE STEERING GEAR,9999,STEERING,2024-06-27,24E055000,0,,,,,,,,,3,0
TESLA,MODEL Y,2022,TIRES,2024-12-12,24V935000,0,,,,,,,,,177,0
JEEP,GRAND CHEROKEE,2023,ELECTRICAL SYSTEM,2024-02-22,24V130000,1,2023-08-31,175,0.024656,5.0,1.444444,-1.0,0.2,0.6,213,0
JEEP,GRAND CHEROKEE,2023,ELECTRICAL SYSTEM,2025-09-04,25V576000,1,2025-03-13,175,0.020998,3.0,0.866667,0.0,0.0,1.0,289,0
JEEP,GRAND CHEROKEE,2023,ELECTRICAL SYSTEM,2025-10-30,25V741000,1,2025-05-08,175,0.027567,11.0,1.986111,3.0,0.0,0.636364,280,0
GMC,SIERRA 2500,2017,FUEL/PROPULSION SYSTEM,2023-02-02,23V047000,1,2022-10-20,105,0.013191,1.0,4.333333,1.0,0.0,0.0,168,0
LUCID,AIR,2022,FORWARD COLLISION AVOIDANCE,2024-02-01,24V076000,1,2023-08-10,175,0.027378,1.0,1.444444,1.0,1.0,1.0,15,0
MERCEDES BENZ,R320,2008,SERVICE BRAKES,2022-05-05,22V315000,0,,,,,,,,,48,0
MERCEDES BENZ,R320,2008,SERVICE BRAKES,2024-04-25,24V298000,0,,,,,,,,,34,0
JAYCO TRAVEL TRAILER,JAY FLIGHT,2021,EQUIPMENT,2021-09-02,21V685000,0,,,,,,,,,7,0
JAYCO TRAVEL TRAILER,JAY FLIGHT,2021,EQUIPMENT,2022-10-13,22V773000,0,,,,,,,,,7,0
MERCEDES-BENZ,E 300,2019,COMMUNICATION,2022-05-19,22V365000,0,,,,,,,,,152,0
THOR MOTOR COACH,SCOPE,2021,EQUIPMENT,2023-02-09,23V068000,1,2022-10-27,105,0.009409,1.0,4.333333,1.0,0.0,1.0,40,0
THOR MOTOR COACH,SCOPE,2021,EQUIPMENT,2023-11-09,23V759000,0,,,,,,,,,28,0
MERCEDES-BENZ,GLS580,2021,VISIBILITY,2021-10-21,21V832000,0,,,,,,,,,109,0
MERCEDES-BENZ,GLS580,2021,VISIBILITY,2023-03-16,23V177000,1,2022-10-27,140,0.013191,1.0,4.333333,1.0,0.0,0.0,194,0
KIA,SOUL,2023,ENGINE,2025-02-13,25V099000,1,2024-09-19,147,0.018879,1.0,1.083333,1.0,0.0,1.0,314,0
RAM,PROMASTER,2021,ENGINE,2025-10-23,25V720000,1,2025-05-01,175,0.014492,1.0,4.333333,0.0,1.0,1.0,124,0
HYUNDAI,ACCENT,2022,STEERING,2022-05-05,22V311000,0,,,,,,,,,149,0
KIA,TELLURIDE,2022,TIRES,2022-07-14,22V509000,0,,,,,,,,,159,0
CHEVROLET,BOLT EUV,2022,ELECTRICAL SYSTEM,2021-08-19,21V650000,0,,,,,,,,,91,0
CHEVROLET,BOLT EUV,2022,ELECTRICAL SYSTEM,2024-06-27,24V481000,0,,,,,,,,,315,0
CHEVROLET,BOLT EUV,2022,ELECTRICAL SYSTEM,2024-10-31,24V812000,0,,,,,,,,,327,0
VOLVO,XC90,2021,SEAT BELTS,2021-08-26,21V682000,0,,,,,,,,,38,0
VOLVO,XC90,2021,SEAT BELTS,2023-12-07,23V827000,0,,,,,,,,,46,0
BRIDGESTONE,ALENZA SPORT A/S,9999,TIRES,2022-11-03,22T021000,1,2022-10-27,7,0.009409,1.0,4.333333,1.0,0.0,1.0,18,0
TOYOTA,HIGHLANDER,2022,TIRES,2024-06-06,24V419000,0,,,,,,,,,380,0
TOYOTA,HIGHLANDER,2022,TIRES,2024-06-13,24V452000,0,,,,,,,,,376,0
TESLA,MODEL S,2014,SEAT BELTS,2024-05-23,24V376000,0,,,,,,,,,35,0
FORD,BRONCO SPORT,2022,ELECTRICAL SYSTEM,2024-04-11,24V267000,1,2023-10-19,175,0.013856,5.0,3.611111,1.0,0.0,0.8,625,0
FORD,BRONCO SPORT,2022,ELECTRICAL SYSTEM,2025-01-16,25V019000,1,2024-07-25,175,0.027883,7.0,1.596491,-2.0,0.285714,0.428571,611,0
FORD,BRONCO SPORT,2022,ELECTRICAL SYSTEM,2025-03-13,25V158000,1,2024-09-19,175,0.028114,7.0,1.378788,0.0,0.0,0.285714,637,0
HYUNDAI,KONA,2023,POWER TRAIN,2023-07-27,23V526000,1,2023-06-08,49,0.020954,1.0,2.166667,1.0,0.0,0.0,285,0
FORD,EXPEDITION,2021,AIR BAGS,2021-10-14,21V805000,0,,,,,,,,,221,0
HYUNDAI,PALISADE,2022,TRAILER HITCHES,2022-08-18,22V633000,0,,,,,,,,,203,0
BMW,I4,2022,FORWARD COLLISION AVOIDANCE,2023-01-19,23V026000,1,2022-11-03,77,0.013191,1.0,4.333333,1.0,0.0,0.0,81,0
BMW,I4,2022,BACK OVER PREVENTION,2023-01-19,23V026000,1,2022-11-03,77,0.013191,1.0,4.333333,1.0,0.0,0.0,81,0
CHEVROLET,BOLT EV,2019,SEAT BELTS,2022-12-15,22V930000,1,2022-11-03,42,0.013191,1.0,4.333333,1.0,0.0,0.0,307,0
CHEVROLET,BOLT EV,2019,SEAT BELTS,2023-12-14,23V845000,0,,,,,,,,,354,0
CAN-AM,SPYDER RT,2017,POWER TRAIN,2022-05-12,22V352000,0,,,,,,,,,0,0
CAN-AM,SPYDER RT,2017,POWER TRAIN,2024-09-26,24V728000,0,,,,,,,,,4,0
TRI-ACE,PIONEER A/T III,9999,TIRES,2022-01-13,22T001000,0,,,,,,,,,0,0
GENESIS,G70,2019,FUEL/PROPULSION SYSTEM,2024-07-11,24V528000,1,2024-04-25,77,0.009409,1.0,4.333333,1.0,0.0,1.0,21,0
RAM,PROMASTER,2022,ENGINE,2025-10-23,25V720000,1,2025-06-12,133,0.013191,1.0,4.333333,1.0,0.0,0.0,125,0
MERCEDES-BENZ,R350,2010,SERVICE BRAKES,2022-05-05,22V315000,0,,,,,,,,,48,0
MERCEDES-BENZ,R350,2010,SERVICE BRAKES,2024-04-25,24V298000,0,,,,,,,,,52,0
PORSCHE,MACAN S,2015,EXTERIOR LIGHTING,2022-08-25,22V656000,0,,,,,,,,,14,0
MERCEDES-BENZ,METRIS,2017,BACK OVER PREVENTION,2022-02-17,22V099000,0,,,,,,,,,147,0
CHEVROLET,SILVERADO 1500,2021,TIRES,2021-12-16,21V985000,0,,,,,,,,,198,0
TESLA,MODEL S,2022,VISIBILITY,2022-01-27,22V050000,0,,,,,,,,,73,0
TESLA,MODEL S,2022,VISIBILITY,2022-09-15,22V702000,0,,,,,,,,,113,0
TIFFIN,WAYFARER,2018,EQUIPMENT,2021-09-23,21V753000,0,,,,,,,,,14,0
VOLKSWAGEN,GOLF SPORTWAGEN,2015,FUEL/PROPULSION SYSTEM,2024-02-08,24V110000,1,2023-08-17,175,0.020512,1.0,2.166667,0.0,0.0,0.0,143,0
HONDA,ODYSSEY,2022,AIR BAGS,2024-02-01,24V064000,1,2023-08-10,175,0.023002,1.0,2.166667,0.0,1.0,1.0,344,0
TESLA,MODEL X,2018,STEERING,2022-01-27,22V037000,0,,,,,,,,,92,0
TESLA,MODEL X,2018,STEERING,2022-10-27,22V818000,0,,,,,,,,,105,0
TESLA,MODEL X,2018,STEERING,2023-02-09,23V085000,1,2022-11-10,91,0.013191,1.0,4.333333,1.0,0.0,0.0,107,0
AUDI,A3,2022,BACK OVER PREVENTION,2021-10-14,21V825000,0,,,,,,,,,32,0
AUDI,A3,2022,BACK OVER PREVENTION,2022-10-20,22V806000,0,,,,,,,,,75,0
AUDI,A3,2022,BACK OVER PREVENTION,2022-10-27,22V823000,0,,,,,,,,,75,0
VOLVO,XC60,2018,SEATS,2025-11-20,25V818000,0,,,,,,,,,38,0
MAZDA,MAZDA3,2017,BACK OVER PREVENTION,2023-07-13,23V487000,1,2023-01-19,175,0.013452,2.0,4.333333,0.0,0.0,0.0,84,0
HONDA,CR-V HYBRID,2022,POWER TRAIN,2021-12-02,21V939000,0,,,,,,,,,95,0
JEEP,WRANGLER,2023,VISIBILITY,2024-02-15,24V111000,1,2023-08-24,175,0.01711,1.0,1.444444,0.0,0.0,1.0,202,0
PORSCHE,CAYENNE,2013,EXTERIOR LIGHTING,2022-08-25,22V656000,0,,,,,,,,,5,0
PORSCHE,PANAMERA,2012,EXTERIOR LIGHTING,2022-08-25,22V656000,0,,,,,,,,,8,0
MERCEDES-BENZ,AMG ML63,2008,SERVICE BRAKES,2022-05-05,22V315000,0,,,,,,,,,9,0
MERCEDES-BENZ,AMG ML63,2008,SERVICE BRAKES,2024-04-25,24V298000,0,,,,,,,,,9,0
BMW,X7,2021,SEATS,2022-09-01,22V670000,0,,,,,,,,,86,0
LUCID,AIR,2022,SEATS,2023-10-19,23V708000,1,2023-06-22,119,0.020954,1.0,2.166667,1.0,0.0,0.0,18,0
HYUNDAI,SONATA,2022,POWER TRAIN,2022-10-06,22V746000,0,,,,,,,,,241,0
BMW,IX,2022,BACK OVER PREVENTION,2023-01-19,23V026000,1,2022-11-17,63,0.014805,1.0,4.333333,1.0,1.0,1.0,81,0
TESLA,MODEL Y,2023,FORWARD COLLISION AVOIDANCE,2023-07-13,23V489000,1,2023-01-19,175,0.030317,22.0,4.333333,3.0,0.090909,0.318182,121,0
MERCEDES-BENZ,METRIS,2018,TIRES,2022-07-07,22V482000,0,,,,,,,,,135,0
HYUNDAI,PALISADE,2020,TRAILER HITCHES,2022-08-18,22V633000,0,,,,,,,,,217,0
VOLKSWAGEN,ID.4,2023,POWER TRAIN,2025-02-27,25V120000,1,2024-09-05,175,0.017369,3.0,1.857143,1.0,0.0,1.0,224,0
NISSAN,ROGUE SPORT,2020,ELECTRICAL SYSTEM,2023-02-16,23V093000,1,2022-11-24,84,0.009409,1.0,4.333333,1.0,0.0,1.0,207,0
CHEVROLET,BOLT EV,2023,ELECTRICAL SYSTEM,2023-08-10,23V567000,1,2023-06-29,42,0.020954,1.0,2.166667,1.0,0.0,0.0,205,0
AUDI,Q5 SPORTBACK,2023,ENGINE,2022-10-06,22V753000,0,,,,,,,,,32,0
AUDI,Q5 SPORTBACK,2023,ENGINE,2025-05-01,25V294000,0,,,,,,,,,106,0
LINCOLN,AVIATOR,2021,ELECTRICAL SYSTEM,2021-07-15,21V534000,0,,,,,,,,,19,0
LINCOLN,AVIATOR,2021,ELECTRICAL SYSTEM,2023-09-07,23V626000,1,2023-03-16,175,0.014662,1.0,2.166667,0.0,0.0,1.0,78,0
LINCOLN,AVIATOR,2021,ELECTRICAL SYSTEM,2025-05-22,25V349000,0,,,,,,,,,60,0
TESLA,MODEL S,2013,FORWARD COLLISION AVOIDANCE,2024-02-22,24V153000,0,,,,,,,,,18,0
RIVIAN,R1T,2022,SEATS,2022-05-05,22V319000,0,,,,,,,,,0,0
FOREST RIVER,CHEROKEE,2022,TIRES,2022-01-13,22V012000,0,,,,,,,,,47,0
TESLA,MODEL Y,2023,ELECTRICAL SYSTEM,2023-06-15,23V434000,1,2022-12-22,175,0.012911,1.0,4.333333,0.0,0.0,0.0,117,0
TESLA,MODEL Y,2023,ELECTRICAL SYSTEM,2023-12-07,23V838000,1,2023-06-15,175,0.026665,6.0,1.625,0.0,0.0,0.166667,131,0
TESLA,MODEL Y,2023,ELECTRICAL SYSTEM,2024-01-25,24V051000,1,2023-08-03,175,0.029628,9.0,1.772727,1.0,0.111111,0.333333,136,0
TESLA,MODEL Y,2023,ELECTRICAL SYSTEM,2024-07-18,24V554000,1,2024-01-25,175,0.031882,5.0,0.541667,-1.0,0.2,0.4,186,0
TESLA,MODEL Y,2023,ELECTRICAL SYSTEM,2025-01-02,25V002000,1,2024-07-11,175,0.034966,11.0,1.083333,0.0,0.181818,0.545455,180,0
VOLKSWAGEN,ATLAS,2023,ENGINE,2022-10-06,22V753000,0,,,,,,,,,61,0
CHEVROLET,SPARK,2015,LATCHES/LOCKS/LINKAGES,2022-08-25,22V640000,0,,,,,,,,,359,0
KIA,SORENTO PHEV,2022,TRAILER HITCHES,2022-09-15,22V703000,0,,,,,,,,,180,0
KIA,SORENTO,2021,TRAILER HITCHES,2022-09-15,22V703000,0,,,,,,,,,222,0
SUBARU,OUTBACK,2023,POWER TRAIN,2023-09-21,23V647000,1,2023-07-27,56,0.020954,1.0,2.166667,1.0,0.0,0.0,102,0
SUBARU,OUTBACK,2023,POWER TRAIN,2023-11-09,23V755000,1,2023-07-27,105,0.020954,1.0,2.166667,1.0,0.0,0.0,104,0
JEEP,WRANGLER,2022,EXTERIOR LIGHTING,2022-05-12,22V326000,0,,,,,,,,,99,0
JEEP,WRANGLER,2022,EXTERIOR LIGHTING,2024-09-12,24V676000,1,2024-03-21,175,0.023913,1.0,1.444444,0.0,0.0,0.0,266,0
JEEP,WRANGLER,2022,VISIBILITY,2024-02-15,24V111000,1,2024-01-11,35,0.013191,1.0,4.333333,1.0,0.0,0.0,258,0
AUDI,Q8,2021,FUEL/PROPULSION SYSTEM,2022-07-14,22V516000,0,,,,,,,,,86,0
KIA,SPORTAGE,2018,TRAILER HITCHES,2022-09-15,22V703000,0,,,,,,,,,176,0
HONDA,PILOT,2019,LATCHES/LOCKS/LINKAGES,2021-11-25,21V932000,0,,,,,,,,,305,0
WINNEBAGO,TRAVATO,2021,EQUIPMENT,2022-09-15,22V696000,0,,,,,,,,,12,0
WINNEBAGO,TRAVATO,2021,EQUIPMENT,2023-02-02,23V049000,1,2022-11-24,70,0.013191,1.0,4.333333,1.0,0.0,0.0,32,0
WINNEBAGO,TRAVATO,2021,EQUIPMENT,2023-09-07,23V627000,0,,,,,,,,,36,0
FORD,F-150,2018,EQUIPMENT,2024-11-07,24V852000,0,,,,,,,,,499,0
AUDI,Q3,2022,BACK OVER PREVENTION,2021-10-14,21V825000,0,,,,,,,,,32,0
AUDI,Q3,2022,BACK OVER PREVENTION,2022-02-03,22V064000,0,,,,,,,,,44,0
AUDI,Q3,2022,BACK OVER PREVENTION,2022-10-20,22V806000,0,,,,,,,,,75,0
VOLVO,XC60,2023,ELECTRICAL SYSTEM,2023-03-16,23V188000,1,2022-11-24,112,0.009409,1.0,4.333333,1.0,0.0,1.0,55,0
AIRSTREAM,BASECAMP,2021,VISIBILITY,2022-12-15,22V932000,1,2022-12-01,14,0.013191,1.0,4.333333,1.0,0.0,0.0,4,0
CHEVROLET,SILVERADO 2500,2017,FUEL/PROPULSION SYSTEM,2023-02-02,23V047000,1,2022-12-01,63,0.013191,1.0,4.333333,1.0,0.0,0.0,343,0
JEEP,GLADIATOR,2021,BACK OVER PREVENTION,2022-08-25,22V638000,0,,,,,,,,,184,0
VOLVO,XC40,2021,STRUCTURE,2021-11-11,21V881000,0,,,,,,,,,47,0
PORSCHE,PANAMERA,2014,EXTERIOR LIGHTING,2022-08-25,22V656000,0,,,,,,,,,8,0
AUDI,Q7,2021,SUSPENSION,2022-01-20,22V034000,0,,,,,,,,,66,0
THOR MOTOR COACH,RIZE,2021,EQUIPMENT,2023-02-09,23V068000,1,2022-12-01,70,0.013191,1.0,4.333333,1.0,0.0,0.0,40,0
THOR MOTOR COACH,RIZE,2021,EQUIPMENT,2023-11-09,23V759000,1,2023-05-18,175,0.025815,1.0,1.083333,0.0,0.0,0.0,27,0
VOLKSWAGEN,ID.4,2022,SERVICE BRAKES,2025-02-27,25V120000,1,2024-09-05,175,0.01711,1.0,1.444444,0.0,0.0,1.0,214,0
BLUE BIRD,ALL AMERICAN SCHOOL BUS,2022,ELECTRICAL SYSTEM,2022-07-14,22V505000,0,,,,,,,,,0,0
BLUE BIRD,ALL AMERICAN SCHOOL BUS,2022,ELECTRICAL SYSTEM,2023-06-08,23V425000,1,2022-12-15,175,0.014492,1.0,4.333333,0.0,1.0,1.0,1,0
KIA,TELLURIDE,2020,TRAILER HITCHES,2022-08-11,22V626000,0,,,,,,,,,184,0
BMW,X5,2023,POWER TRAIN,2023-11-30,23V821000,0,,,,,,,,,119,0
AUDI,Q3,2022,EQUIPMENT,2022-10-20,22V806000,0,,,,,,,,,75,0
KIA,SPORTAGE,2022,TRAILER HITCHES,2022-09-15,22V703000,0,,,,,,,,,180,0
TOYOTA,BZ4X,2023,WHEELS,2022-06-23,22V444000,0,,,,,,,,,73,0
MERCEDES-BENZ,CLA 250,2020,STEERING,2021-12-16,21V989000,0,,,,,,,,,177,0
KIA,SORENTO,2017,TRAILER HITCHES,2022-09-15,22V703000,0,,,,,,,,,177,0
THOR MOTOR COACH,FOUR WINDS,2022,EQUIPMENT,2022-05-05,22V300000,0,,,,,,,,,20,0
THOR MOTOR COACH,FOUR WINDS,2022,EQUIPMENT,2022-08-04,22V611000,0,,,,,,,,,25,0
NISSAN,ROGUE,2023,AIR BAGS,2024-02-22,24V154000,0,,,,,,,,,150,0
FORD,MUSTANG,2019,BACK OVER PREVENTION,2025-06-26,25V442000,0,,,,,,,,,493,0
FORD,MUSTANG,2019,BACK OVER PREVENTION,2025-08-28,25V572000,0,,,,,,,,,516,0
TOYOTA,TUNDRA,2021,STEERING,2021-11-18,21V920000,0,,,,,,,,,211,0
TOYOTA,TUNDRA,2021,STEERING,2021-12-23,21E103000,0,,,,,,,,,211,0
HONDA,RIDGELINE,2009,STRUCTURE,2022-06-16,22V430000,0,,,,,,,,,87,0
KIA,SORENTO,2022,TRAILER HITCHES,2022-09-15,22V703000,0,,,,,,,,,180,0
KIA,SORENTO,2016,TRAILER HITCHES,2022-09-15,22V703000,0,,,,,,,,,201,0
INDIAN,SCOUT BOBBER,2022,FUEL/PROPULSION SYSTEM,2022-11-10,22V837000,0,,,,,,,,,11,0
FORD,EXPEDITION,2022,ELECTRICAL SYSTEM,2022-03-24,22V193000,0,,,,,,,,,164,0
FORD,EXPEDITION,2022,ELECTRICAL SYSTEM,2025-02-27,25V132000,1,2024-09-05,175,0.027581,3.0,1.857143,0.0,0.333333,0.0,634,0
KTM,890 ADVENTURE R,2022,TIRES,2022-08-04,22V588000,0,,,,,,,,,9,0
CHEVROLET,MALIBU,2019,SEAT BELTS,2021-08-19,21V649000,0,,,,,,,,,330,0
LINCOLN,NAVIGATOR,2022,VISIBILITY,2025-10-23,25V729000,0,,,,,,,,,65,0
MERCEDES-BENZ,AMG C43,2020,FUEL/PROPULSION SYSTEM,2021-12-09,21V961000,0,,,,,,,,,175,0
FORD,ECOSPORT,2020,ENGINE,2023-12-21,23V905000,1,2023-06-29,175,0.026366,2.0,1.444444,0.0,0.5,0.5,518,0
MERCEDES-BENZ,GLC 350,2019,COMMUNICATION,2022-05-19,22V365000,0,,,,,,,,,152,0
KIA,SORENTO,2019,TRAILER HITCHES,2022-09-15,22V703000,0,,,,,,,,,159,0
FORD,EDGE,2022,ENGINE,2024-08-22,24V635000,0,,,,,,,,,629,0
TESLA,MODEL 3,2023,ELECTRICAL SYSTEM,2023-06-15,23V434000,1,2022-12-22,175,0.009208,1.0,4.333333,0.0,0.0,1.0,117,0
TESLA,MODEL 3,2023,ELECTRICAL SYSTEM,2023-12-07,23V838000,1,2023-06-15,175,0.022408,4.0,2.166667,1.0,0.25,0.5,131,0
TESLA,MODEL 3,2023,ELECTRICAL SYSTEM,2024-01-25,24V051000,1,2023-08-03,175,0.01929,6.0,2.363636,0.0,0.0,0.666667,136,0
TESLA,MODEL 3,2023,ELECTRICAL SYSTEM,2024-07-18,24V554000,1,2024-01-25,175,0.029238,6.0,1.368421,0.0,0.333333,0.5,186,0
AUDI,SQ5,2021,BACK OVER PREVENTION,2022-09-29,22V742000,0,,,,,,,,,97,0
KIA,SORENTO,2020,TRAILER HITCHES,2022-09-15,22V703000,0,,,,,,,,,193,0
CADILLAC,ESCALADE,2022,ENGINE,2025-04-24,25V274000,1,2024-11-28,147,0.01748,1.0,1.444444,1.0,0.0,1.0,81,0
BUICK,ENVISION,2022,EXTERIOR LIGHTING,2022-12-08,22V903000,0,,,,,,,,,18,0
THULE,CAMBER 4 BIKE CARRIER,9999,EQUIPMENT,2022-10-20,22E091000,0,,,,,,,,,0,0
LINCOLN,CONTINENTAL,2017,BACK OVER PREVENTION,2022-08-25,22V644000,0,,,,,,,,,53,0
JEEP,CHEROKEE,2022,EXTERIOR LIGHTING,2024-03-28,24V239000,0,,,,,,,,,267,0
KIA,TELLURIDE,2023,ELECTRICAL SYSTEM,2023-04-20,23V298000,1,2022-12-15,126,0.014805,1.0,4.333333,1.0,1.0,1.0,191,0
VOLVO,VNL,2023,ELECTRICAL SYSTEM,2023-06-01,23V403000,1,2022-12-15,168,0.009409,1.0,4.333333,1.0,0.0,1.0,59,0
GENESIS,G70,2022,FUEL/PROPULSION SYSTEM,2024-07-11,24V528000,0,,,,,,,,,59,0
TRIUMPH,ROCKET 3 GT,2022,SERVICE BRAKES,2023-10-26,23V730000,1,2023-07-13,105,0.01498,1.0,2.166667,1.0,0.0,1.0,12,0
KIA,SPORTAGE,2017,TRAILER HITCHES,2022-09-15,22V703000,0,,,,,,,,,177,0
KENWORTH,T280,2023,POWER TRAIN,2022-06-09,22V425000,0,,,,,,,,,0,0
KENWORTH,T280,2023,POWER TRAIN,2023-07-20,23V504000,1,2023-01-26,175,0.012911,1.0,4.333333,0.0,0.0,0.0,7,0
KENWORTH,T280,2023,POWER TRAIN,2024-03-14,24V190000,0,,,,,,,,,0,0
MERCEDES-BENZ,S 500,2022,SERVICE BRAKES,2025-02-20,25V116000,0,,,,,,,,,204,0
CAN-AM,SPYDER F3,2015,POWER TRAIN,2022-05-12,22V352000,0,,,,,,,,,0,0
ENTEGRA,ANTHEM,2019,STRUCTURE,2021-07-08,21V529000,0,,,,,,,,,10,0
SUBARU,SOLTERRA,2023,VISIBILITY,2025-09-04,25V577000,1,2025-03-13,175,0.020512,1.0,2.166667,0.0,0.0,0.0,144,0
SUBARU,SOLTERRA,2023,BACK OVER PREVENTION,2025-10-30,25V744000,1,2025-05-08,175,0.009208,1.0,4.333333,0.0,0.0,1.0,133,0
FORD,F-150 LIGHTNING BEV,2022,TIRES,2022-06-23,22V453000,0,,,,,,,,,247,0
FORD,F-150 LIGHTNING BEV,2022,TIRES,2025-05-22,25V340000,0,,,,,,,,,618,0
ACURA,INTEGRA,2023,STEERING,2024-10-03,24V744000,1,2024-04-11,175,0.201563,58.0,1.600849,2.0,0.0,0.137931,43,0
TESLA,MODEL S,2019,LATCHES/LOCKS/LINKAGES,2021-12-16,21V00B000,0,,,,,,,,,105,0
FORD,EXPLORER,2020,PARKING BRAKE,2023-03-23,23V199000,1,2022-12-22,91,0.013191,1.0,4.333333,1.0,0.0,0.0,505,0
MERCEDES-BENZ,AMG GLE43,2019,ELECTRICAL SYSTEM,2022-05-19,22V365000,0,,,,,,,,,152,0
MERCEDES-BENZ,AMG GLE43,2019,COMMUNICATION,2022-05-19,22V365000,0,,,,,,,,,152,0
TOYOTA,TUNDRA,2022,STRUCTURE,2023-03-02,23V142000,1,2022-12-22,70,0.013191,1.0,4.333333,1.0,0.0,0.0,281,0
LINCOLN,CORSAIR,2022,ENGINE,2022-07-07,22V484000,0,,,,,,,,,37,0
LINCOLN,CORSAIR,2022,ENGINE,2023-05-25,23V380000,1,2022-12-22,154,0.009409,1.0,4.333333,1.0,0.0,1.0,52,0
LINCOLN,CORSAIR,2022,ENGINE,2025-05-22,25V345000,0,,,,,,,,,53,0
LINCOLN,CORSAIR,2022,ELECTRICAL SYSTEM,2022-03-10,22V149000,0,,,,,,,,,18,0
LINCOLN,CORSAIR,2022,ELECTRICAL SYSTEM,2024-12-19,24V954000,0,,,,,,,,,27,0
LINCOLN,CORSAIR,2022,FUEL/PROPULSION SYSTEM,2022-03-10,22V149000,0,,,,,,,,,18,0
JEEP,WRANGLER,2023,ENGINE,2022-11-17,22V865000,0,,,,,,,,,68,0
JEEP,WRANGLER,2023,ELECTRICAL SYSTEM,2022-10-13,22V768000,0,,,,,,,,,63,0
JEEP,WRANGLER,2023,ELECTRICAL SYSTEM,2023-04-27,23V303000,1,2022-12-22,126,0.013191,1.0,4.333333,1.0,0.0,0.0,119,0
JEEP,WRANGLER,2023,ELECTRICAL SYSTEM,2023-11-16,23V787000,1,2023-05-25,175,0.018469,5.0,2.166667,0.0,0.0,0.8,184,0
JEEP,WRANGLER,2023,ELECTRICAL SYSTEM,2024-09-05,24V652000,1,2024-03-14,175,0.024283,4.0,0.866667,1.0,0.0,0.75,240,0
JEEP,WRANGLER,2023,ELECTRICAL SYSTEM,2025-10-30,25V741000,1,2025-05-08,175,0.031367,1.0,0.060185,-1.0,0.0,0.0,280,0
TESLA,MODEL Y,2023,BACK OVER PREVENTION,2024-01-18,24V035000,1,2023-07-27,175,0.030998,4.0,0.825397,-1.0,0.25,0.25,135,0
TESLA,MODEL Y,2023,BACK OVER PREVENTION,2025-01-02,25V002000,1,2024-10-10,84,0.029084,1.0,0.619048,1.0,0.0,0.0,180,0
JEEP,COMPASS,2022,BACK OVER PREVENTION,2024-06-13,24V436000,0,,,,,,,,,264,0
KIA,SORENTO PHEV,2022,FUEL/PROPULSION SYSTEM,2023-01-19,23V027000,1,2022-12-22,28,0.013191,1.0,4.333333,1.0,0.0,0.0,213,0
FORD,EXPLORER,2021,PARKING BRAKE,2023-03-23,23V199000,1,2022-12-22,91,0.013191,1.0,4.333333,1.0,0.0,0.0,538,0
JEEP,WRANGLER,2023,STEERING,2024-03-14,24V199000,1,2023-09-21,175,0.022239,6.0,1.857143,-1.0,0.0,0.5,212,0
RAM,2500,2022,SERVICE BRAKES,2022-03-10,22V140000,0,,,,,,,,,61,0
RAM,2500,2022,SERVICE BRAKES,2024-06-06,24V415000,1,2023-12-14,175,0.045037,1.0,0.541667,0.0,1.0,0.0,119,0
AUDI,S7,2021,ELECTRICAL SYSTEM,2022-03-10,22V155000,0,,,,,,,,,72,0
AUDI,S7,2021,ELECTRICAL SYSTEM,2022-11-17,22V861000,0,,,,,,,,,102,0
AUDI,S7,2021,ELECTRICAL SYSTEM,2025-03-27,25V201000,1,2024-10-10,168,0.020954,1.0,2.166667,1.0,0.0,0.0,92,0
SEATS,SEAT,9999,SEATS,2023-07-06,23E053000,1,2023-01-12,175,0.013452,2.0,4.333333,0.0,0.0,0.0,1,0
HONDA,CR-V,2023,SEATS,2023-02-16,23V092000,1,2022-12-22,56,0.013191,1.0,4.333333,1.0,0.0,0.0,110,0
HYUNDAI,ELANTRA N,2022,FUEL/PROPULSION SYSTEM,2024-07-11,24V528000,0,,,,,,,,,361,0
MERCEDES-BENZ,GLC 300,2021,AIR BAGS,2021-07-08,21V527000,0,,,,,,,,,91,0
NISSAN,REDUNDANT ROGUE,2022,BACK OVER PREVENTION,2022-07-21,22V527000,0,,,,,,,,,115,0
NISSAN,REDUNDANT ROGUE,2022,BACK OVER PREVENTION,2022-10-13,22V772000,0,,,,,,,,,114,0
TOYOTA,RAV4,2023,ELECTRICAL SYSTEM,2025-09-11,25V595000,1,2025-03-20,175,0.019551,1.0,0.619048,-2.0,0.0,1.0,407,0
KIA,SPORTAGE,2023,POWER TRAIN,2023-07-27,23V531000,1,2023-02-02,175,0.012911,1.0,4.333333,0.0,0.0,0.0,236,0
KENWORTH,T680,2023,POWER TRAIN,2024-03-14,24V190000,0,,,,,,,,,0,0
HYUNDAI,TUCSON,2023,POWER TRAIN,2023-07-27,23V526000,1,2023-02-02,175,0.011192,3.0,4.333333,0.0,0.0,0.666667,285,0
FOREST RIVER,AMERA-LITE,2016,EQUIPMENT,2023-01-19,23V015000,1,2022-12-29,21,0.014805,1.0,4.333333,1.0,1.0,1.0,8,0
NISSAN,REDUNDANT ROGUE,2022,FUEL/PROPULSION SYSTEM,2022-04-14,22V259000,0,,,,,,,,,100,0
NISSAN,REDUNDANT ROGUE,2022,FUEL/PROPULSION SYSTEM,2022-08-25,22V660000,0,,,,,,,,,115,0
MERCEDES-BENZ,A 220,2019,FUEL/PROPULSION SYSTEM,2021-12-09,21V961000,0,,,,,,,,,171,0
FORD,BRONCO,2023,VISIBILITY,2024-02-22,24V142000,1,2023-08-31,175,0.034935,2.0,0.108333,0.0,0.5,0.5,419,0
AUDI,S8,2021,ELECTRICAL SYSTEM,2025-03-27,25V201000,0,,,,,,,,,93,0
RAM,3500,2022,SERVICE BRAKES,2022-03-10,22V140000,0,,,,,,,,,61,0
RAM,3500,2022,SERVICE BRAKES,2024-06-06,24V415000,1,2024-01-04,154,0.026367,1.0,1.083333,1.0,0.0,0.0,119,0
VOLKSWAGEN,ID.4,2023,ELECTRICAL SYSTEM,2022-11-03,22V830000,0,,,,,,,,,67,0
VOLKSWAGEN,ID.4,2023,ELECTRICAL SYSTEM,2022-12-29,22V956000,1,2022-12-29,0,0.013191,1.0,4.333333,1.0,0.0,0.0,80,0
VOLKSWAGEN,ID.4,2023,ELECTRICAL SYSTEM,2024-05-09,24V344000,1,2023-11-16,175,0.035349,10.0,0.942029,1.0,0.0,0.3,160,0
VOLKSWAGEN,ID.4,2023,ELECTRICAL SYSTEM,2025-11-27,25V836000,1,2025-06-05,175,0.035487,5.0,0.238095,-1.0,0.0,0.0,202,0
WINNEBAGO,TRAVATO,2022,STRUCTURE,2022-09-15,22V696000,0,,,,,,,,,12,0
WINNEBAGO,TRAVATO,2022,STRUCTURE,2023-09-07,23V627000,1,2023-03-16,175,0.012911,1.0,4.333333,0.0,0.0,0.0,43,0
WINNEBAGO,TRAVATO,2022,EQUIPMENT,2022-09-15,22V696000,0,,,,,,,,,12,0
WINNEBAGO,TRAVATO,2022,EQUIPMENT,2023-02-02,23V049000,1,2022-12-29,35,0.013191,1.0,4.333333,1.0,0.0,0.0,31,0
WINNEBAGO,TRAVATO,2022,EQUIPMENT,2023-09-07,23V627000,1,2023-03-16,175,0.012911,1.0,4.333333,0.0,0.0,0.0,43,0
GMC,SIERRA 2500,2020,POWER TRAIN,2024-10-24,24V797000,0,,,,,,,,,160,0
FORD,BRONCO,2021,BACK OVER PREVENTION,2022-11-03,22V825000,0,,,,,,,,,500,0
FORD,BRONCO,2021,BACK OVER PREVENTION,2023-03-09,23V165000,1,2022-12-29,70,0.009409,1.0,4.333333,1.0,0.0,1.0,538,0
FORD,BRONCO,2021,BACK OVER PREVENTION,2023-08-24,23V598000,1,2023-03-02,175,0.009208,1.0,4.333333,0.0,0.0,1.0,571,0
FORD,BRONCO,2021,BACK OVER PREVENTION,2025-05-08,25V312000;25V315000,1,2024-12-26,133,0.018879,1.0,1.083333,1.0,0.0,1.0,595,0
FORD,BRONCO,2021,BACK OVER PREVENTION,2025-12-18,25V888000,1,2025-06-26,175,0.023424,2.0,1.733333,0.0,0.0,0.0,575,0
FORD,TRANSIT,2022,ELECTRICAL SYSTEM,2022-06-09,22V415000,0,,,,,,,,,230,0
FORD,TRANSIT,2022,ELECTRICAL SYSTEM,2022-10-20,22V791000,0,,,,,,,,,346,0
FORD,TRANSIT,2022,ELECTRICAL SYSTEM,2025-05-22,25V339000,1,2025-02-13,98,0.024426,1.0,1.444444,1.0,0.0,0.0,617,0
FORD,TRANSIT,2022,VISIBILITY,2022-10-20,22V791000,0,,,,,,,,,346,0
FORD,TRANSIT,2022,VISIBILITY,2025-03-13,25V168000,1,2024-09-19,175,0.020512,1.0,2.166667,0.0,0.0,0.0,637,0
TESLA,MODEL Y,2023,SEAT BELTS,2023-02-23,23V130000,1,2022-12-29,56,0.013191,1.0,4.333333,1.0,0.0,0.0,93,0
TESLA,MODEL Y,2023,SEAT BELTS,2024-05-23,24V376000,1,2024-02-01,112,0.028457,1.0,0.722222,1.0,0.0,0.0,174,0
AUDI,Q7,2020,FUEL/PROPULSION SYSTEM,2022-07-14,22V516000,0,,,,,,,,,96,0
FORD,F-150,2022,WHEELS,2022-09-08,22V675000,0,,,,,,,,,317,0
CHEVROLET,SILVERADO 3500,2022,SERVICE BRAKES,2021-09-23,21V758000,0,,,,,,,,,98,0
NISSAN,ROGUE,2023,ENGINE,2025-06-26,25V437000,1,2025-01-02,175,0.038314,15.0,1.666667,2.0,0.0,0.266667,214,0
WINNEBAGO,VOYAGE!,2022,EQUIPMENT,2022-03-10,22V157000,0,,,,,,,,,10,0
WINNEBAGO,VOYAGE!,2022,EQUIPMENT,2022-05-05,22V309000,0,,,,,,,,,10,0
WINNEBAGO,VOYAGE!,2022,EQUIPMENT,2022-07-28,22V545000,0,,,,,,,,,14,0
WINNEBAGO,VOYAGE!,2022,EQUIPMENT,2022-11-24,22V884000,0,,,,,,,,,28,0
MERCEDES BENZ,C230,2003,VISIBILITY,2022-12-22,22V954000,0,,,,,,,,,29,0
MERCEDES BENZ,C230,2003,VISIBILITY,2024-11-14,24V874000,0,,,,,,,,,17,0
FORD,F-150 LIGHTNING BEV,2022,EXTERIOR LIGHTING,2023-06-08,23V418000,1,2023-01-05,154,0.013191,1.0,4.333333,1.0,0.0,0.0,441,0
FORD,F-150 LIGHTNING BEV,2022,EXTERIOR LIGHTING,2025-10-23,25V731000,1,2025-05-01,175,0.02209,9.0,3.0,0.0,0.0,0.222222,631,0
TOYOTA,COROLLA CROSS,2023,STEERING,2023-07-06,23V480000,1,2023-01-12,175,0.012911,1.0,4.333333,0.0,0.0,0.0,203,0
TOYOTA,COROLLA CROSS,2023,STEERING,2025-01-23,25V040000,0,,,,,,,,,437,0
VOLKSWAGEN,ATLAS CROSS SPORT,2021,WHEELS,2021-10-14,21V812000,0,,,,,,,,,78,0
VOLVO,XC60,2023,SERVICE BRAKES,2023-01-19,23V012000,1,2023-01-05,14,0.009409,1.0,4.333333,1.0,0.0,1.0,42,0
FORD,TRANSIT CONNECT,2021,POWER TRAIN,2022-06-09,22V413000,0,,,,,,,,,359,0
CHEVROLET,BOLT EV,2022,AIR BAGS,2021-07-08,21V517000,0,,,,,,,,,83,0
CHEVROLET,BOLT EV,2022,AIR BAGS,2023-08-10,23V567000,1,2023-02-16,175,0.012911,1.0,4.333333,0.0,0.0,0.0,302,0
ENTEGRA,ODYSSEY,2021,SERVICE BRAKES,2024-03-28,24V245000,0,,,,,,,,,5,0
KIA,SORENTO,2018,TRAILER HITCHES,2022-09-15,22V703000,0,,,,,,,,,176,0
MERCEDES-BENZ,CLA 250,2020,FUEL/PROPULSION SYSTEM,2021-12-09,21V961000,0,,,,,,,,,175,0
TESLA,MODEL S,2023,STEERING,2023-02-09,23V085000,1,2023-01-05,35,0.013191,1.0,4.333333,1.0,0.0,0.0,91,0
TESLA,MODEL S,2023,STEERING,2023-11-02,23V743000,1,2023-08-24,70,0.020954,1.0,2.166667,1.0,0.0,0.0,129,0
KIA,NIRO EV,2020,ELECTRICAL SYSTEM,2022-12-01,22V899000,0,,,,,,,,,184,0
MERCEDES-BENZ,EQS450,2023,ELECTRICAL SYSTEM,2023-04-27,23V309000,1,2023-01-05,112,0.014805,1.0,4.333333,1.0,1.0,1.0,88,0
MERCEDES-BENZ,EQS450,2023,ELECTRICAL SYSTEM,2023-06-01,23V405000,1,2023-01-05,147,0.014805,1.0,4.333333,1.0,1.0,1.0,95,0
AUDI,A4,2022,EQUIPMENT,2022-10-20,22V806000,0,,,,,,,,,75,0
AUDI,A4,2022,BACK OVER PREVENTION,2021-10-14,21V825000,0,,,,,,,,,32,0
AUDI,A4,2022,BACK OVER PREVENTION,2022-10-20,22V806000,0,,,,,,,,,75,0
GRAND DESIGN,IMAGINE,2022,EQUIPMENT,2022-05-05,22V308000,0,,,,,,,,,3,0
GRAND DESIGN,IMAGINE,2022,EQUIPMENT,2022-08-04,22V603000,0,,,,,,,,,9,0
GRAND DESIGN,IMAGINE,2022,EQUIPMENT,2024-11-14,24V861000,0,,,,,,,,,42,0
TESLA,MODEL X,2023,SEAT BELTS,2023-07-13,23V488000,1,2023-01-19,175,0.009208,1.0,4.333333,0.0,0.0,1.0,121,0
TESLA,MODEL X,2023,SEAT BELTS,2024-05-23,24V376000,1,2024-02-22,91,0.013191,1.0,4.333333,1.0,0.0,0.0,174,0
BMW,IX,2023,VEHICLE SPEED CONTROL,2023-06-01,23V409000,1,2023-01-05,147,0.014805,1.0,4.333333,1.0,1.0,1.0,90,0
KTM,690 ENDURO R,2019,TIRES,2022-08-04,22V588000,0,,,,,,,,,13,0
VOLKSWAGEN,JETTA,2019,TIRES,2022-10-27,22V815000,0,,,,,,,,,121,0
MERCEDES-BENZ,SPRINTER 3500,2021,SERVICE BRAKES,2021-11-25,21V933000,0,,,,,,,,,119,0
FORD,EXPLORER HYBRID,2021,POWER TRAIN,2022-04-14,22V255000,0,,,,,,,,,299,0
FORD,ESCAPE,2022,FUEL/PROPULSION SYSTEM,2022-03-10,22V149000,0,,,,,,,,,155,0
FORD,ESCAPE,2022,FUEL/PROPULSION SYSTEM,2022-11-17,22V859000,0,,,,,,,,,349,0
FORD,ESCAPE,2022,FUEL/PROPULSION SYSTEM,2024-03-07,24V187000,1,2023-09-14,175,0.030922,1.0,0.22807,0.0,0.0,0.0,607,0
FORD,ESCAPE,2022,FUEL/PROPULSION SYSTEM,2025-03-13,25V165000,1,2024-09-19,175,0.013452,2.0,4.333333,0.0,0.0,0.0,637,0
FORD,ESCAPE,2022,FUEL/PROPULSION SYSTEM,2025-07-10,25V467000,1,2025-01-16,175,0.021365,2.0,2.166667,0.0,0.0,0.0,623,0
TESLA,MODEL 3,2020,TIRES,2024-12-12,24V935000,0,,,,,,,,,125,0
FORD,BRONCO,2021,SEAT BELTS,2023-05-18,23V358000,1,2023-01-12,126,0.014805,1.0,4.333333,1.0,1.0,1.0,532,0
CHEVROLET,SILVERADO 6500,2021,SERVICE BRAKES,2025-06-12,25V390000,1,2025-03-27,77,0.013191,1.0,4.333333,1.0,0.0,0.0,386,0
PETERBILT,579,2021,ELECTRICAL SYSTEM,2021-11-18,21V906000,0,,,,,,,,,5,0
PETERBILT,579,2021,ELECTRICAL SYSTEM,2021-12-23,21V00N000,0,,,,,,,,,4,0
PETERBILT,579,2021,ELECTRICAL SYSTEM,2023-06-08,23V423000,1,2023-01-12,147,0.013191,1.0,4.333333,1.0,0.0,0.0,5,0
PETERBILT,579,2021,ELECTRICAL SYSTEM,2024-12-05,24V915000,0,,,,,,,,,0,0
JEEP,WRANGLER,2023,POWER TRAIN,2023-02-23,23V116000,1,2023-01-12,42,0.009409,1.0,4.333333,1.0,0.0,1.0,95,0
JEEP,WRANGLER,2023,POWER TRAIN,2023-09-14,23V641000,1,2023-03-23,175,0.011338,4.0,4.333333,0.0,0.0,0.75,165,0
KIA,K900,2017,SERVICE BRAKES,2022-01-27,22V051000,0,,,,,,,,,161,0
KIA,K900,2017,SERVICE BRAKES,2023-09-21,23V652000,1,2023-03-30,175,0.012911,1.0,4.333333,0.0,0.0,0.0,217,0
DODGE,CHALLENGER,2020,VISIBILITY,2021-07-08,21V516000,0,,,,,,,,,68,0
MOOG,BALL JOINT,9999,SUSPENSION,2024-09-19,24E079000,0,,,,,,,,,0,0
VOLKSWAGEN,ID.4,2023,SERVICE BRAKES,2025-02-27,25V120000,1,2024-09-05,175,0.024799,7.0,2.527778,1.0,0.428571,0.571429,224,0
VOLKSWAGEN,ID.4,2023,SERVICE BRAKES,2025-06-26,25V434000,1,2025-01-02,175,0.036559,2.0,0.577778,-1.0,0.5,0.0,207,0
CADILLAC,XT5,2023,POWER TRAIN,2023-02-02,23V043000,1,2023-01-12,21,0.009409,1.0,4.333333,1.0,0.0,1.0,24,0
CADILLAC,XT5,2023,POWER TRAIN,2023-03-16,23V172000,1,2023-01-12,63,0.009409,1.0,4.333333,1.0,0.0,1.0,37,0
FORD,ECOSPORT,2021,POWER TRAIN,2025-02-27,25V126000,1,2025-01-30,28,0.020389,1.0,0.722222,1.0,0.0,1.0,604,0
NISSAN,ROGUE,2022,ENGINE,2025-06-26,25V437000,1,2025-01-02,175,0.026739,7.0,1.166667,0.0,0.0,0.571429,208,0
AUDI,E-TRON GT,2022,ELECTRICAL SYSTEM,2023-12-07,23V842000,0,,,,,,,,,99,0
AUDI,E-TRON GT,2022,ELECTRICAL SYSTEM,2024-03-21,24V228000;24V229000,0,,,,,,,,,108,0
AUDI,E-TRON GT,2022,ELECTRICAL SYSTEM,2024-09-26,24V726000,0,,,,,,,,,110,0
FORD,BRONCO SPORT,2021,BACK OVER PREVENTION,2025-06-26,25V442000,1,2025-01-02,175,0.012911,1.0,4.333333,0.0,0.0,0.0,594,0
KIA,K5,2023,POWER TRAIN,2022-10-06,22V760000,0,,,,,,,,,114,0
MERCEDES-BENZ,SPRINTER 3500,2023,SUSPENSION,2023-12-14,23V849000,0,,,,,,,,,166,0
MERCEDES-BENZ,SPRINTER 3500,2023,SUSPENSION,2024-07-04,24V517000,0,,,,,,,,,209,0
KIA,TELLURIDE,2022,TRAILER HITCHES,2022-08-11,22V626000,0,,,,,,,,,173,0
PORSCHE,CAYENNE,2006,EXTERIOR LIGHTING,2022-08-25,22V656000,0,,,,,,,,,0,0
TOYOTA,TUNDRA,2023,ENGINE,2024-05-30,24V381000,1,2023-12-14,168,0.029084,1.0,0.619048,1.0,0.0,0.0,332,0
TOYOTA,TUNDRA,2023,ENGINE,2025-11-06,25V767000,1,2025-05-15,175,0.039175,11.0,0.768817,-2.0,0.181818,0.272727,422,0
TOYOTA,TUNDRA,2023,ELECTRICAL SYSTEM,2023-02-16,23V111000,1,2023-01-19,28,0.009409,1.0,4.333333,1.0,0.0,1.0,158,0
AUDI,RS Q8,2021,ELECTRICAL SYSTEM,2025-03-27,25V201000,0,,,,,,,,,93,0
AUDI,Q8,2021,ELECTRICAL SYSTEM,2025-03-27,25V201000,1,2024-10-03,175,0.027025,1.0,0.866667,0.0,0.0,0.0,92,0
VOLKSWAGEN,ID.4,2023,STRUCTURE,2023-12-07,23V750000,1,2023-06-15,175,0.027991,3.0,1.083333,0.0,0.0,0.0,141,0
VOLKSWAGEN,ID.4,2023,STRUCTURE,2024-08-29,24V651000,1,2024-03-07,175,0.024441,3.0,1.3,1.0,0.0,0.333333,220,0
FREIGHTLINER,CASCADIA,2022,SERVICE BRAKES,2022-02-17,22V101000,0,,,,,,,,,3,0
FREIGHTLINER,CASCADIA,2022,SERVICE BRAKES,2022-05-12,22V339000,0,,,,,,,,,3,0
FREIGHTLINER,CASCADIA,2022,SERVICE BRAKES,2022-05-19,22V374000,0,,,,,,,,,3,0
FREIGHTLINER,CASCADIA,2022,SERVICE BRAKES,2022-06-16,22V443000,0,,,,,,,,,5,0
FREIGHTLINER,CASCADIA,2022,SERVICE BRAKES,2022-06-23,22V456000,0,,,,,,,,,8,0
FREIGHTLINER,CASCADIA,2022,SERVICE BRAKES,2022-10-27,22V817000,0,,,,,,,,,9,0
FREIGHTLINER,CASCADIA,2022,SERVICE BRAKES,2023-02-09,23V073000,1,2023-01-19,21,0.014805,1.0,4.333333,1.0,1.0,1.0,10,0
GRAND DESIGN,SOLITUDE,2021,STRUCTURE,2025-02-06,25V061000,1,2024-08-15,175,0.020512,1.0,2.166667,0.0,0.0,0.0,50,0
FORD,F-150 LIGHTNING BEV,2022,POWER TRAIN,2025-12-11,25V863000,0,,,,,,,,,588,0
MERCEDES-BENZ,GLS450,2021,STRUCTURE,2022-09-08,22V680000,0,,,,,,,,,178,0
FORD,BRONCO,2022,SUSPENSION,2025-01-16,25V025000,0,,,,,,,,,612,0
GENUINE SCOOTER,NIU MQIGT EVO,2022,ELECTRICAL SYSTEM,2022-08-04,22V597000,0,,,,,,,,,1,0
HONDA,CIVIC,2023,STEERING,2023-10-19,23V704000,1,2023-04-27,175,0.020354,6.0,3.25,0.0,0.166667,0.166667,255,0
HONDA,CIVIC,2023,STEERING,2024-10-03,24V744000,1,2024-04-11,175,0.129647,48.0,1.444444,-6.0,0.020833,0.083333,331,0
VOLKSWAGEN,ID.4,2021,STRUCTURE,2023-04-27,23V312000,1,2023-01-19,98,0.013191,1.0,4.333333,1.0,0.0,0.0,149,0
VOLKSWAGEN,ID.4,2021,STRUCTURE,2024-08-29,24V651000,1,2024-03-07,175,0.027546,6.0,1.733333,0.0,0.0,0.0,195,0
BMW,IX,2023,BACK OVER PREVENTION,2023-01-19,23V026000,1,2023-01-19,0,0.014805,1.0,4.333333,1.0,1.0,1.0,53,0
JEEP,GRAND CHEROKEE,2023,EXTERIOR LIGHTING,2024-02-22,24V130000,0,,,,,,,,,214,0
AUDI,A6 ALLROAD,2020,ELECTRICAL SYSTEM,2022-11-17,22V861000,0,,,,,,,,,102,0
RIVIAN,R1T,2022,STEERING,2022-10-06,22V744000,0,,,,,,,,,6,0
MERCEDES-BENZ,METRIS,2018,FUEL/PROPULSION SYSTEM,2022-03-03,22V134000,0,,,,,,,,,151,0
HARLEY-DAVIDSON,FLTRK,2021,EXTERIOR LIGHTING,2022-10-13,22V781000,0,,,,,,,,,13,0
TOYOTA,COROLLA CROSS,2023,ELECTRICAL SYSTEM,2023-05-25,23V384000,1,2023-01-19,126,0.013191,1.0,4.333333,1.0,0.0,0.0,178,0
TOYOTA,COROLLA CROSS,2023,ELECTRICAL SYSTEM,2023-12-14,23V864000,1,2023-06-22,175,0.037445,24.0,2.888889,0.0,0.041667,0.583333,252,0
CHRYSLER,PACIFICA PLUG-IN HYBRID,2021,FUEL/PROPULSION SYSTEM,2024-07-18,24V538000,0,,,,,,,,,63,0
HONDA,RIDGELINE,2021,VISIBILITY,2023-03-16,23V174000,1,2023-01-26,49,0.013191,1.0,4.333333,1.0,0.0,0.0,265,0
CHEVROLET,BOLT EV,2021,STRUCTURE,2022-12-15,22V930000,0,,,,,,,,,259,0
CHEVROLET,BOLT EV,2021,STRUCTURE,2023-12-14,23V845000,0,,,,,,,,,317,0
CHEVROLET,BOLT EV,2021,SEAT BELTS,2022-12-15,22V930000,0,,,,,,,,,259,0
CHEVROLET,BOLT EV,2021,SEAT BELTS,2023-12-14,23V845000,0,,,,,,,,,317,0
LINCOLN,CONTINENTAL,2018,BACK OVER PREVENTION,2022-08-25,22V644000,0,,,,,,,,,43,0
THOR MOTOR COACH,RIZE,2022,EQUIPMENT,2021-09-23,21V755000,0,,,,,,,,,16,0
THOR MOTOR COACH,RIZE,2022,EQUIPMENT,2022-05-05,22V300000,0,,,,,,,,,20,0
THOR MOTOR COACH,RIZE,2022,EQUIPMENT,2023-02-09,23V068000,1,2023-01-26,14,0.011862,2.0,4.333333,2.0,0.0,0.5,38,0
FORD,MUSTANG MACH E,2023,ELECTRICAL SYSTEM,2025-06-12,25V404000,1,2024-12-19,175,0.029018,3.0,0.8125,-1.0,0.0,0.0,614,0
KIA,TELLURIDE,2023,POWER TRAIN,2024-03-14,24V214000,1,2023-09-21,175,0.021528,2.0,1.444444,1.0,0.0,0.5,290,0
TESLA,MODEL 3,2023,AIR BAGS,2021-10-21,21V834000,0,,,,,,,,,0,0
GRAND DESIGN,IMAGINE,2021,POWER TRAIN,2021-08-12,21V636000,0,,,,,,,,,11,0
MERCEDES-BENZ,GLE 350,2018,FUEL/PROPULSION SYSTEM,2022-12-22,22V955000,0,,,,,,,,,144,0
HYUNDAI,SONATA,2023,FUEL/PROPULSION SYSTEM,2025-11-13,25V796000,1,2025-05-22,175,0.021553,1.0,0.361111,0.0,0.0,1.0,402,0
FIRESTONE,DESTINATION LE3,9999,TIRES,2021-08-12,21T012000,0,,,,,,,,,2,0
FIRESTONE,DESTINATION LE3,9999,TIRES,2025-12-04,25T021000,0,,,,,,,,,6,0
BLUE BIRD,VISION SCHOOL BUS,2021,SERVICE BRAKES,2023-06-08,23V425000,1,2023-01-26,133,0.013191,1.0,4.333333,1.0,0.0,0.0,1,0
TESLA,MODEL Y,2023,STEERING,2023-02-09,23V085000,1,2023-01-26,14,0.013191,1.0,4.333333,1.0,0.0,0.0,91,0
TESLA,MODEL Y,2023,STEERING,2023-05-25,23V385000,1,2023-01-26,119,0.013191,1.0,4.333333,1.0,0.0,0.0,111,0
TESLA,MODEL Y,2023,STEERING,2025-02-13,25V092000,1,2024-08-22,175,0.027732,2.0,0.149425,0.0,0.0,0.5,179,0
GMC,SIERRA 1500,2022,STRUCTURE,2025-02-06,25V060000,1,2024-08-15,175,0.027267,4.0,1.333333,-2.0,0.25,0.25,188,0
BMW,I4,2023,ELECTRICAL SYSTEM,2022-12-15,22V944000,0,,,,,,,,,42,0
BMW,I4,2023,ELECTRICAL SYSTEM,2023-02-23,23V118000,1,2023-01-26,28,0.009409,1.0,4.333333,1.0,0.0,1.0,59,0
BMW,I4,2023,ELECTRICAL SYSTEM,2023-04-20,23V295000,1,2023-01-26,84,0.009409,1.0,4.333333,1.0,0.0,1.0,82,0
BMW,I4,2023,ELECTRICAL SYSTEM,2023-06-22,23V449000,1,2023-01-26,147,0.009409,1.0,4.333333,1.0,0.0,1.0,95,0
BMW,I4,2023,ELECTRICAL SYSTEM,2025-07-10,25V470000,1,2025-04-10,91,0.020954,1.0,2.166667,1.0,0.0,0.0,159,0
BMW,I4,2023,ELECTRICAL SYSTEM,2025-07-17,25V395000,1,2025-04-10,98,0.020954,1.0,2.166667,1.0,0.0,0.0,159,0
HEARTLAND,TRAIL RUNNER,2022,ELECTRICAL SYSTEM,2022-03-17,22V170000,0,,,,,,,,,5,0
JAYCO TRAVEL TRAILER,JAY FLIGHT SLX,2022,EQUIPMENT,2021-09-02,21V685000,0,,,,,,,,,3,0
JAYCO TRAVEL TRAILER,JAY FLIGHT SLX,2022,EQUIPMENT,2021-09-30,21V762000,0,,,,,,,,,3,0
JAYCO TRAVEL TRAILER,JAY FLIGHT SLX,2022,EQUIPMENT,2022-10-13,22V773000,0,,,,,,,,,4,0
AUDI,Q3,2022,FUEL/PROPULSION SYSTEM,2022-09-08,22V673000,0,,,,,,,,,64,0
TESLA,MODEL Y,2022,LATCHES/LOCKS/LINKAGES,2024-07-18,24V554000,0,,,,,,,,,190,0
FORD,F-150,2021,FUEL/PROPULSION SYSTEM,2022-06-09,22V414000,0,,,,,,,,,359,0
FORD,F-150,2021,FUEL/PROPULSION SYSTEM,2025-07-03,25V455000,1,2025-01-09,175,0.020988,2.0,1.733333,0.0,0.5,1.0,598,0
FORD,MUSTANG,2022,POWER TRAIN,2023-02-09,23V070000,1,2023-02-02,7,0.009409,1.0,4.333333,1.0,0.0,1.0,385,0
FORD,MUSTANG,2022,FUEL/PROPULSION SYSTEM,2025-07-03,25V455000,0,,,,,,,,,611,0
TOYOTA,GR86,2022,EXTERIOR LIGHTING,2023-08-31,23V609000,1,2023-03-09,175,0.012911,1.0,4.333333,0.0,0.0,0.0,334,0
FORD,TRANSIT CONNECT,2020,VISIBILITY,2022-03-24,22V192000,0,,,,,,,,,367,0
GMC,YUKON,2022,EXTERIOR LIGHTING,2022-12-08,22V903000,0,,,,,,,,,88,0
SUBARU,BRZ,2022,EXTERIOR LIGHTING,2023-08-31,23V609000,1,2023-03-09,175,0.013452,2.0,4.333333,0.0,0.0,0.0,144,0
FORD,BRONCO,2023,BACK OVER PREVENTION,2025-05-08,25V273000;25V315000,1,2025-05-01,7,0.020711,1.0,4.333333,1.0,1.0,0.0,627,0
MERCEDES-BENZ,S 580,2022,SERVICE BRAKES,2025-02-20,25V116000,1,2024-11-14,98,0.009409,1.0,4.333333,1.0,0.0,1.0,203,0
MERCEDES-BENZ,S 580,2022,ELECTRICAL SYSTEM,2021-12-23,21V00J000,0,,,,,,,,,63,0
LINCOLN,AVIATOR,2021,SEATS,2025-06-12,25V393000,0,,,,,,,,,62,0
CHEVROLET,BOLT EV,2020,STRUCTURE,2022-12-15,22V930000,0,,,,,,,,,275,0
CHEVROLET,BOLT EV,2020,STRUCTURE,2023-12-14,23V845000,1,2023-06-22,175,0.025815,1.0,1.083333,0.0,0.0,0.0,337,0
CHEVROLET,BOLT EV,2020,SEAT BELTS,2022-12-15,22V930000,0,,,,,,,,,275,0
CHEVROLET,BOLT EV,2020,SEAT BELTS,2023-12-14,23V845000,1,2023-06-22,175,0.027025,1.0,0.866667,0.0,0.0,0.0,337,0
CADILLAC,ESCALADE,2023,EXTERIOR LIGHTING,2022-12-08,22V903000,0,,,,,,,,,19,0
CHEVROLET,SUBURBAN,2021,FUEL/PROPULSION SYSTEM,2021-09-23,21V739000,0,,,,,,,,,194,0
CHEVROLET,EQUINOX,2021,FUEL/PROPULSION SYSTEM,2023-01-19,23V013000,0,,,,,,,,,276,0
RAM,PROMASTER,2021,SEATS,2024-06-06,24V416000,0,,,,,,,,,134,0
HONDA,FIT,2020,AIR BAGS,2024-02-01,24V064000,1,2024-02-01,0,0.020954,1.0,2.166667,1.0,0.0,0.0,337,0
AUDI,Q3,2021,SEAT BELTS,2021-08-05,21V606000,0,,,,,,,,,43,0
NISSAN,FRONTIER,2022,FUEL/PROPULSION SYSTEM,2021-11-18,21V917000,0,,,,,,,,,64,0
CADILLAC,XT5,2021,BACK OVER PREVENTION,2022-09-22,22V709000,0,,,,,,,,,26,0
MERCEDES-BENZ,SPRINTER 2500,2022,STRUCTURE,2023-11-30,23V806000,0,,,,,,,,,201,0
MERCEDES-BENZ,SPRINTER 2500,2022,STRUCTURE,2023-12-21,23V876000,0,,,,,,,,,208,0
AIRSTREAM,BASECAMP,2020,EQUIPMENT,2022-12-15,22V932000,0,,,,,,,,,6,0
CHEVROLET,TAHOE,2023,EXTERIOR LIGHTING,2022-12-08,22V903000,0,,,,,,,,,95,0
CHEVROLET,SILVERADO 1500,2023,SERVICE BRAKES,2024-09-12,24V674000,1,2024-03-21,175,0.013086,2.0,2.888889,0.0,0.0,1.0,325,0
HONDA,ODYSSEY,2023,STEERING,2024-02-15,24V114000,0,,,,,,,,,329,0
TOYOTA,COROLLA,2023,STEERING,2023-07-06,23V480000,1,2023-02-09,147,0.011862,2.0,4.333333,2.0,0.0,0.5,203,0
TOYOTA,COROLLA,2023,STEERING,2024-11-21,24V878000,1,2024-05-30,175,0.04432,1.0,0.619048,0.0,1.0,0.0,423,0
TOYOTA,COROLLA,2023,STEERING,2025-01-23,25V040000,1,2024-10-31,84,0.029546,1.0,1.083333,1.0,1.0,1.0,436,0
KIA,SELTOS,2023,ENGINE,2025-02-13,25V099000,1,2024-09-26,140,0.024426,1.0,1.444444,1.0,0.0,0.0,314,0
FORD,F-150 LIGHTNING BEV,2023,ELECTRICAL SYSTEM,2023-03-09,23V168000,1,2023-02-16,21,0.009409,1.0,4.333333,1.0,0.0,1.0,206,0
FORD,F-150 LIGHTNING BEV,2023,ELECTRICAL SYSTEM,2024-02-22,24V144000,1,2023-08-31,175,0.014662,1.0,2.166667,0.0,0.0,1.0,419,0
FORD,F-150 LIGHTNING BEV,2023,ELECTRICAL SYSTEM,2025-02-27,25V131000,1,2024-09-05,175,0.03588,9.0,0.95122,-1.0,0.0,0.0,602,0
FORD,F-150 LIGHTNING BEV,2023,ELECTRICAL SYSTEM,2025-04-17,25V272000,1,2024-10-24,175,0.03549,6.0,0.619048,0.0,0.166667,0.166667,627,0
RAM,2500,2021,ELECTRONIC STABILITY CONTROL (ESC),2022-03-10,22V140000,0,,,,,,,,,100,0
FORD,BRONCO,2023,POWER TRAIN,2023-02-09,23V070000,0,,,,,,,,,192,0
FORD,BRONCO,2023,POWER TRAIN,2023-08-03,23V546000,1,2023-02-16,168,0.009409,1.0,4.333333,1.0,0.0,1.0,294,0
JEEP,GRAND CHEROKEE,2023,SUSPENSION,2023-06-08,23V413000,1,2023-02-16,112,0.009409,1.0,4.333333,1.0,0.0,1.0,132,0
JEEP,GRAND CHEROKEE,2023,SUSPENSION,2024-02-22,24V132000,1,2023-08-31,175,0.023614,7.0,2.527778,1.0,0.0,0.142857,213,0
SUBARU,ASCENT,2023,TIRES,2023-04-06,23V258000,1,2023-02-16,49,0.013191,1.0,4.333333,1.0,0.0,0.0,74,0
CADILLAC,ESCALADE ESV,2022,ENGINE,2025-04-24,25V274000,1,2025-01-16,98,0.013191,1.0,4.333333,1.0,0.0,0.0,81,0
RAM,5500,2022,STEERING,2025-11-06,25V765000,0,,,,,,,,,124,0
PETERBILT,579,2022,POWER TRAIN,2024-03-14,24V190000,0,,,,,,,,,0,0
HYUNDAI,SANTA FE HYBRID,2022,SEAT BELTS,2022-10-27,22V816000,0,,,,,,,,,253,0
FORD,F-250,2015,BACK OVER PREVENTION,2025-04-17,25V270000,0,,,,,,,,,437,0
FORD,EXPLORER,2021,EQUIPMENT,2024-11-07,24V852000,0,,,,,,,,,599,0
FORD,EXPLORER,2021,EQUIPMENT,2025-10-09,25V685000,0,,,,,,,,,617,0
BMW,I4,2022,ELECTRICAL SYSTEM,2022-07-07,22V483000,0,,,,,,,,,60,0
BMW,I4,2022,ELECTRICAL SYSTEM,2022-07-21,22V541000,0,,,,,,,,,64,0
BMW,I4,2022,ELECTRICAL SYSTEM,2022-12-15,22V944000,0,,,,,,,,,71,0
BMW,I4,2022,ELECTRICAL SYSTEM,2023-02-23,23V118000,1,2023-02-16,7,0.013191,1.0,4.333333,1.0,0.0,0.0,87,0
BMW,I4,2022,ELECTRICAL SYSTEM,2023-06-22,23V449000,1,2023-02-16,126,0.013191,1.0,4.333333,1.0,0.0,0.0,125,0
BMW,I4,2022,ELECTRICAL SYSTEM,2025-07-10,25V470000,0,,,,,,,,,115,0
BMW,I4,2022,ELECTRICAL SYSTEM,2025-07-17,25V395000,0,,,,,,,,,116,0
CYBEX,ATON 2,9999,CHILD SEAT,2023-02-09,23C001000,0,,,,,,,,,4,0
JEEP,GRAND CHEROKEE,2023,AIR BAGS,2024-03-14,24V199000,1,2023-09-21,175,0.01711,1.0,1.444444,0.0,0.0,1.0,212,0
JEEP,GRAND CHEROKEE,2023,AIR BAGS,2024-11-21,24V897000,1,2024-05-30,175,0.01676,2.0,2.888889,1.0,0.5,1.0,238,0
LINCOLN,AVIATOR,2023,BACK OVER PREVENTION,2023-01-19,23V022000,0,,,,,,,,,22,0
LINCOLN,AVIATOR,2023,BACK OVER PREVENTION,2023-05-11,23V342000,1,2023-02-16,84,0.013191,1.0,4.333333,1.0,0.0,0.0,30,0
LINCOLN,AVIATOR,2023,BACK OVER PREVENTION,2023-08-24,23V598000,1,2023-03-02,175,0.012911,1.0,4.333333,0.0,0.0,0.0,50,0
LINCOLN,AVIATOR,2023,BACK OVER PREVENTION,2024-05-23,24V368000,1,2023-11-30,175,0.014662,1.0,2.166667,0.0,0.0,1.0,31,0
LINCOLN,AVIATOR,2023,BACK OVER PREVENTION,2025-03-13,25V159000,0,,,,,,,,,47,0
LINCOLN,AVIATOR,2023,BACK OVER PREVENTION,2025-06-26,25V442000,0,,,,,,,,,62,0
FLEETWOOD,DISCOVERY,2021,SUSPENSION,2022-08-25,22V655000,0,,,,,,,,,3,0
GENESIS,GV70,2022,SEAT BELTS,2021-10-07,21V796000,0,,,,,,,,,8,0
GENESIS,GV70,2022,SEAT BELTS,2023-02-16,23V094000,1,2023-02-16,0,0.009409,1.0,4.333333,1.0,0.0,1.0,37,0
GENESIS,GV80,2021,SEAT BELTS,2021-10-07,21V796000,0,,,,,,,,,9,0
GENESIS,GV80,2021,SEAT BELTS,2023-02-16,23V094000,1,2023-02-16,0,0.013191,1.0,4.333333,1.0,0.0,0.0,35,0
GMC,TERRAIN NA,2022,FUEL/PROPULSION SYSTEM,2023-01-19,23V013000,0,,,,,,,,,86,0
KIA,K5,2022,FUEL/PROPULSION SYSTEM,2021-07-08,21V519000,0,,,,,,,,,66,0
KIA,K5,2022,FUEL/PROPULSION SYSTEM,2025-11-13,25V794000,1,2025-05-22,175,0.023206,3.0,1.444444,0.0,0.0,0.333333,308,0
MERCEDES-BENZ,AMG GLE53,2022,ELECTRICAL SYSTEM,2022-04-07,22V231000,0,,,,,,,,,77,0
MERCEDES-BENZ,AMG GLE53,2022,ELECTRICAL SYSTEM,2022-05-19,22V365000,0,,,,,,,,,75,0
MERCEDES-BENZ,AMG GLE53,2022,ELECTRICAL SYSTEM,2024-03-14,24V207000,1,2023-09-21,175,0.020512,1.0,2.166667,0.0,0.0,0.0,230,0
FORD,BRONCO SPORT,2022,BACK OVER PREVENTION,2025-06-26,25V442000,1,2025-03-27,91,0.020711,1.0,4.333333,1.0,1.0,0.0,607,0
HYUNDAI,SONATA,2023,POWER TRAIN,2023-07-27,23V526000,1,2023-02-16,161,0.009409,1.0,4.333333,1.0,0.0,1.0,285,0
MERCEDES BENZ,C320,2003,VISIBILITY,2022-12-22,22V954000,0,,,,,,,,,29,0
MERCEDES BENZ,C320,2003,VISIBILITY,2024-11-14,24V874000,0,,,,,,,,,17,0
GMC,SIERRA 1500,2023,ENGINE,2025-04-24,25V274000,1,2024-11-07,168,0.020389,1.0,0.722222,1.0,0.0,1.0,233,0
CHRYSLER,300,2019,AIR BAGS,2024-03-14,24V198000,0,,,,,,,,,70,0
HYUNDAI,PALISADE,2023,POWER TRAIN,2023-07-27,23V526000,1,2023-02-23,154,0.013191,1.0,4.333333,1.0,0.0,0.0,285,0
MERCEDES-BENZ,E350,2010,EXTERIOR LIGHTING,2022-03-17,22V168000,0,,,,,,,,,47,0
FORD,RANGER,2022,FUEL/PROPULSION SYSTEM,2022-09-08,22V685000,0,,,,,,,,,317,0
KIA,SPORTAGE HYBRID,2023,ELECTRICAL SYSTEM,2023-04-20,23V298000,1,2023-02-23,56,0.009409,1.0,4.333333,1.0,0.0,1.0,191,0
CHRYSLER,300,2021,AIR BAGS,2024-03-14,24V198000,1,2023-09-21,175,0.020512,1.0,2.166667,0.0,0.0,0.0,57,0
JEEP,GRAND WAGONEER,2022,AIR BAGS,2021-11-04,21V873000,0,,,,,,,,,59,0
FORD,TRANSIT,2020,BACK OVER PREVENTION,2025-06-26,25V442000,0,,,,,,,,,534,0
FORD,BRONCO SPORT,2023,VISIBILITY,2024-08-08,24V594000,1,2024-02-15,175,0.027574,2.0,0.962963,0.0,0.0,0.0,506,0
HYUNDAI,TUCSON,2022,STRUCTURE,2023-01-26,23V038000,0,,,,,,,,,303,0
FOREST RIVER,IBEX,2022,EQUIPMENT,2022-07-07,22V486000,0,,,,,,,,,54,0
FOREST RIVER,IBEX,2022,EQUIPMENT,2022-07-28,22V556000,0,,,,,,,,,54,0
FOREST RIVER,IBEX,2022,EQUIPMENT,2024-04-11,24V272000,0,,,,,,,,,35,0
VOLKSWAGEN,ATLAS,2023,AIR BAGS,2022-03-24,22V152000,0,,,,,,,,,39,0
VOLKSWAGEN,ATLAS,2023,AIR BAGS,2024-06-20,24V464000,0,,,,,,,,,180,0
MERCEDES-MAYBACH,S 580,2022,SERVICE BRAKES,2025-02-20,25V116000,0,,,,,,,,,0,0
KIA,STINGER,2020,ENGINE,2024-02-29,24V169000,1,2023-12-28,63,0.01498,1.0,2.166667,1.0,0.0,1.0,223,0
FLEETWOOD,FLAIR,2022,SUSPENSION,2022-08-25,22V655000,0,,,,,,,,,1,0
CHEVROLET,SUBURBAN,2022,SEAT BELTS,2022-08-11,22V617000,0,,,,,,,,,128,0
HYUNDAI,IONIQ 5,2023,ELECTRICAL SYSTEM,2024-03-14,24V204000,1,2023-09-21,175,0.027737,15.0,1.969697,-3.0,0.0,0.733333,354,0
HYUNDAI,IONIQ 5,2023,ELECTRICAL SYSTEM,2024-11-14,24V868000,1,2024-05-23,175,0.036859,13.0,1.083333,0.0,0.0,0.384615,402,0
TESLA,REARVIEW MIRROR,9999,VISIBILITY,2022-10-27,22E092000,0,,,,,,,,,4,0
FORD,BRONCO,2023,EQUIPMENT,2023-05-25,23V379000,1,2023-03-02,84,0.013191,1.0,4.333333,1.0,0.0,0.0,249,0
FORD,BRONCO,2023,EQUIPMENT,2025-10-09,25V685000,0,,,,,,,,,636,0
KIA,SOUL,2022,ENGINE,2025-02-13,25V099000,1,2024-11-07,98,0.013191,1.0,4.333333,1.0,0.0,0.0,267,0
LUCID,AIR,2023,FORWARD COLLISION AVOIDANCE,2024-02-01,24V076000,1,2023-08-17,168,0.021442,2.0,2.888889,2.0,1.0,1.0,15,0
VOLKSWAGEN,ID.4,2023,BACK OVER PREVENTION,2022-10-27,22V823000,0,,,,,,,,,66,0
VOLKSWAGEN,ID.4,2023,BACK OVER PREVENTION,2024-05-09,24V344000,1,2024-01-04,126,0.018879,1.0,1.083333,1.0,0.0,1.0,160,0
VOLKSWAGEN,ID.4,2023,BACK OVER PREVENTION,2024-11-14,24V875000,1,2024-05-23,175,0.040239,1.0,1.083333,0.0,1.0,0.0,229,0
TESLA,MODEL Y,2023,EXTERIOR LIGHTING,2022-11-10,22V844000,0,,,,,,,,,69,0
VOLVO,XC90,2020,STEERING,2023-01-05,23V001000,0,,,,,,,,,56,0
MAXI-COSI,CORAL XP,9999,CHILD SEAT,2023-03-02,23C002000,0,,,,,,,,,4,0
MAXI-COSI,CORAL XP,9999,CHILD SEAT,2023-03-09,23C003000,1,2023-03-09,0,0.013191,1.0,4.333333,1.0,0.0,0.0,4,0
INDIAN,SCOUT,2021,FUEL/PROPULSION SYSTEM,2022-11-10,22V837000,0,,,,,,,,,12,0
MERCEDES-BENZ,GLE 450,2023,POWER TRAIN,2024-02-15,24V118000,1,2023-08-31,168,0.020954,1.0,2.166667,1.0,0.0,0.0,186,0
SAFETY 1ST,ONBOARD 35 SECURETECH,9999,CHILD SEAT,2023-03-02,23C002000,0,,,,,,,,,4,0
KEYSTONE,HIDEOUT,2020,EQUIPMENT,2021-09-09,21V708000,0,,,,,,,,,20,0
NISSAN,FRONTIER,2021,POWER TRAIN,2022-06-23,22V457000,0,,,,,,,,,168,0
NISSAN,FRONTIER,2021,POWER TRAIN,2022-09-01,22V671000,0,,,,,,,,,184,0
AUDI,A4,2018,AIR BAGS,2021-11-04,21V874000,0,,,,,,,,,104,0
KIA,SORENTO HYBRID,2021,TRAILER HITCHES,2022-09-15,22V703000,0,,,,,,,,,222,0
CADILLAC,XT6,2022,FUEL/PROPULSION SYSTEM,2022-06-23,22V446000,0,,,,,,,,,11,0
MERCEDES-BENZ,SPRINTER 1500,2019,STRUCTURE,2023-12-21,23V875000;23V876000,0,,,,,,,,,169,0
LINCOLN,CORSAIR,2022,SEAT BELTS,2022-12-22,22V953000,0,,,,,,,,,41,0
LINCOLN,CORSAIR,2022,SEAT BELTS,2025-05-22,25V338000,0,,,,,,,,,53,0
JAYCO,PRECEPT,2020,EQUIPMENT,2022-04-28,22V297000,0,,,,,,,,,7,0
JAYCO,PRECEPT,2020,STRUCTURE,2022-04-28,22V297000,0,,,,,,,,,7,0
RIVIAN,R1T,2022,AIR BAGS,2022-05-05,22V319000,0,,,,,,,,,0,0
RIVIAN,R1T,2022,AIR BAGS,2023-02-16,23V109000,0,,,,,,,,,12,0
RIVIAN,R1T,2022,AIR BAGS,2024-05-30,24V408000,1,2023-12-07,175,0.023913,1.0,1.444444,0.0,0.0,0.0,41,0
ACURA,RDX,2021,AIR BAGS,2024-02-01,24V064000,0,,,,,,,,,61,0
VOLVO,XC90,2021,STEERING,2023-01-05,23V001000,0,,,,,,,,,73,0
TESLA,MODEL 3,2023,TIRES,2024-12-12,24V935000,0,,,,,,,,,187,0
CHEVROLET,SUBURBAN,2022,ENGINE,2025-04-24,25V274000,1,2024-10-31,175,0.020741,1.0,0.541667,0.0,0.0,1.0,367,0
TOYOTA,HIGHLANDER,2023,ELECTRICAL SYSTEM,2025-09-11,25V595000,1,2025-05-15,119,0.020954,1.0,2.166667,1.0,0.0,0.0,407,0
VOLVO,XC40,2023,ELECTRICAL SYSTEM,2023-03-16,23V188000,1,2023-03-09,7,0.013191,1.0,4.333333,1.0,0.0,0.0,55,0
GMC,YUKON XL,2021,EXTERIOR LIGHTING,2022-11-03,22V827000,0,,,,,,,,,133,0
PORSCHE,PANAMERA,2020,ELECTRICAL SYSTEM,2023-01-26,23V033000,0,,,,,,,,,25,0
CADILLAC,LYRIQ,2023,SERVICE BRAKES,2024-08-08,24V589000,1,2024-02-15,175,0.022624,2.0,2.166667,0.0,0.5,0.5,65,0
CADILLAC,LYRIQ,2023,ELECTRICAL SYSTEM,2022-09-22,22V710000,0,,,,,,,,,4,0
CADILLAC,LYRIQ,2023,ELECTRICAL SYSTEM,2023-05-25,23V367000,1,2023-03-09,77,0.013191,1.0,4.333333,1.0,0.0,0.0,44,0
CADILLAC,LYRIQ,2023,ELECTRICAL SYSTEM,2023-10-12,23V682000,1,2023-04-20,175,0.012911,1.0,4.333333,0.0,0.0,0.0,54,0
CADILLAC,LYRIQ,2023,ELECTRICAL SYSTEM,2025-05-29,25V356000,1,2024-12-05,175,0.013191,1.0,4.333333,1.0,0.0,0.0,103,0
FORD,TRANSIT,2023,ELECTRICAL SYSTEM,2022-10-20,22V791000,0,,,,,,,,,153,0
FORD,TRANSIT,2023,ELECTRICAL SYSTEM,2025-05-22,25V339000,1,2025-03-13,70,0.020954,1.0,2.166667,1.0,0.0,0.0,620,0
PETERBILT,389,2022,STEERING,2022-07-28,22V547000,0,,,,,,,,,0,0
HEHR WINDOWS,6400 SERIES,9999,EQUIPMENT,2021-08-19,21E077000,0,,,,,,,,,0,0
KIA,SPORTAGE,2020,TRAILER HITCHES,2022-09-15,22V703000,0,,,,,,,,,193,0
VOLVO,V60,2021,ELECTRICAL SYSTEM,2025-03-20,25V179000,0,,,,,,,,,62,0
MERCEDES-BENZ,AMG GLE53,2021,FUEL/PROPULSION SYSTEM,2023-06-22,23V445000,1,2023-03-16,98,0.013191,1.0,4.333333,1.0,0.0,0.0,175,0
LINCOLN,CORSAIR PHEV,2022,ELECTRICAL SYSTEM,2025-11-13,25V789000,1,2025-05-22,175,0.018884,6.0,3.25,0.0,0.0,0.166667,61,0
HONDA,HR-V,2023,STEERING,2024-10-03,24V744000,1,2024-04-11,175,0.041104,13.0,1.024242,1.0,0.0,0.153846,331,0
GENESIS,GV80,2023,SEAT BELTS,2023-02-16,23V094000,0,,,,,,,,,27,0
LUCID,AIR,2023,ELECTRICAL SYSTEM,2023-02-16,23V110000,0,,,,,,,,,8,0
LUCID,AIR,2023,ELECTRICAL SYSTEM,2023-07-27,23V523000,1,2023-03-16,133,0.009409,1.0,4.333333,1.0,0.0,1.0,17,0
LUCID,AIR,2023,ELECTRICAL SYSTEM,2024-06-27,24V497000,1,2024-01-04,175,0.024802,2.0,1.733333,0.0,0.5,0.5,9,0
GENESIS,GV70,2022,FUEL/PROPULSION SYSTEM,2023-09-07,23V630000,1,2023-03-16,175,0.013191,1.0,4.333333,1.0,0.0,0.0,63,0
GENESIS,GV70,2022,FUEL/PROPULSION SYSTEM,2024-04-18,24V282000,1,2023-10-26,175,0.020828,15.0,3.421053,-2.0,0.0,0.733333,67,0
FORD,BRONCO,2022,STEERING,2023-03-02,23V155000,0,,,,,,,,,392,0
MERCEDES-BENZ,EQB 350 4MATIC,2022,ELECTRICAL SYSTEM,2024-05-09,24V331000,0,,,,,,,,,215,0
MERCEDES-BENZ,EQB 350 4MATIC,2022,ELECTRICAL SYSTEM,2025-02-06,25V050000,0,,,,,,,,,214,0
MERCEDES-BENZ,EQB 350 4MATIC,2022,ELECTRICAL SYSTEM,2025-07-24,25V487000,0,,,,,,,,,187,0
MERCEDES-BENZ,EQB 350 4MATIC,2022,ELECTRICAL SYSTEM,2025-12-18,25V894000,0,,,,,,,,,197,0
VOLKSWAGEN,BEETLE CONVERTIBLE,2015,AIR BAGS,2022-12-15,22V945000,0,,,,,,,,,128,0
BMW,X1,2023,AIR BAGS,2023-02-09,23V079000,0,,,,,,,,,58,0
LINCOLN,CORSAIR,2021,STRUCTURE,2022-07-07,22V484000,0,,,,,,,,,49,0
KENWORTH,T680,2023,STRUCTURE,2022-08-04,22V582000,0,,,,,,,,,1,0
PORSCHE,PANAMERA,2017,ELECTRICAL SYSTEM,2023-01-26,23V033000,0,,,,,,,,,12,0
CADILLAC,ESCALADE,2023,SERVICE BRAKES,2024-09-12,24V674000,0,,,,,,,,,64,0
SUBARU,WRX,2018,EXTERIOR LIGHTING,2022-07-21,22V522000,0,,,,,,,,,149,0
DODGE,CHARGER,2021,AIR BAGS,2024-03-14,24V198000,0,,,,,,,,,43,0
ACURA,MDX,2023,SERVICE BRAKES,2025-06-12,25V391000,0,,,,,,,,,69,0
JAYCO TRAVEL TRAILER,JAY FLIGHT,2022,EQUIPMENT,2021-09-02,21V685000,0,,,,,,,,,3,0
JAYCO TRAVEL TRAILER,JAY FLIGHT,2022,EQUIPMENT,2022-10-13,22V773000,0,,,,,,,,,4,0
JEEP,GRAND CHEROKEE 4XE,2023,ELECTRICAL SYSTEM,2024-09-26,24V720000,1,2024-04-04,175,0.023424,2.0,1.733333,0.0,0.0,0.0,242,0
JEEP,GRAND CHEROKEE 4XE,2023,ENGINE,2025-11-06,25V766000,1,2025-05-15,175,0.022373,2.0,0.962963,-2.0,0.0,0.5,277,0
VOLKSWAGEN,BEETLE CONVERTIBLE,2016,AIR BAGS,2022-12-15,22V945000,0,,,,,,,,,129,0
FORD,EXPLORER,2023,ENGINE,2023-08-24,23V597000,1,2023-03-23,154,0.013191,1.0,4.333333,1.0,0.0,0.0,309,0
FORD,EXPLORER,2023,POWER TRAIN,2023-02-09,23V070000,0,,,,,,,,,192,0
JEEP,COMPASS,2023,ELECTRICAL SYSTEM,2023-08-10,23V576000,1,2023-03-23,140,0.009409,1.0,4.333333,1.0,0.0,1.0,159,0
JEEP,WAGONEER,2022,AIR BAGS,2021-11-04,21V873000,0,,,,,,,,,59,0
FORD,EXPEDITION,2022,BACK OVER PREVENTION,2025-05-08,25V315000,1,2024-11-14,175,0.024426,1.0,1.444444,1.0,0.0,0.0,627,0
NISSAN,ALTIMA,2019,BACK OVER PREVENTION,2023-09-07,23V628000,1,2023-03-23,168,0.010018,2.0,4.333333,2.0,0.0,1.0,277,0
TESLA,MODEL Y,2021,SEAT BELTS,2022-01-27,22V045000,0,,,,,,,,,121,0
TESLA,MODEL Y,2021,SEAT BELTS,2024-05-23,24V376000,1,2023-12-14,161,0.028457,1.0,0.722222,1.0,0.0,0.0,165,0
KIA,NIRO EV,2022,ELECTRICAL SYSTEM,2024-05-16,24V358000,1,2023-11-23,175,0.01711,1.0,1.444444,0.0,0.0,1.0,297,0
FORD,BRONCO,2023,WHEELS,2023-04-20,23V283000,1,2023-03-23,28,0.020711,1.0,4.333333,1.0,1.0,0.0,226,0
RAM,2500,2022,AIR BAGS,2021-11-18,21V925000,0,,,,,,,,,38,0
RAM,2500,2022,AIR BAGS,2025-11-06,25V765000,1,2025-10-16,21,0.020954,1.0,2.166667,1.0,0.0,0.0,123,0
GMC,SAVANA,2019,ELECTRICAL SYSTEM,2023-04-06,23V247000,1,2023-03-30,7,0.009409,1.0,4.333333,1.0,0.0,1.0,134,0
FORD,F-150,2023,POWER TRAIN,2023-02-09,23V070000,0,,,,,,,,,192,0
FORD,F-150,2023,POWER TRAIN,2023-02-23,23V128000,0,,,,,,,,,200,0
FORD,F-150,2023,POWER TRAIN,2023-12-21,23V896000,1,2023-06-29,175,0.018319,2.0,2.888889,0.0,0.0,0.0,394,0
FORD,F-150,2023,POWER TRAIN,2025-08-07,25V512000,1,2025-02-13,175,0.026311,5.0,1.444444,0.0,0.0,0.2,632,0
BMW,X7,2023,SERVICE BRAKES,2024-02-08,24V104000,1,2023-08-17,175,0.026805,1.0,1.444444,0.0,1.0,1.0,126,0
BMW,X7,2023,SERVICE BRAKES,2024-09-12,24V697000,1,2024-03-28,168,0.024426,1.0,1.444444,1.0,0.0,0.0,178,0
BMW,X7,2023,SERVICE BRAKES,2024-09-26,24V739000,1,2024-04-04,175,0.021824,2.0,2.166667,1.0,0.0,0.0,180,0
INTERNATIONAL,LT,2021,SERVICE BRAKES,2023-05-25,23V370000,1,2023-03-30,56,0.014805,1.0,4.333333,1.0,1.0,1.0,1,0
INTERNATIONAL,LT,2021,SERVICE BRAKES,2024-10-31,24V818000,0,,,,,,,,,0,0
INTERNATIONAL,LT,2021,SERVICE BRAKES,2025-11-20,25V817000,0,,,,,,,,,3,0
MAZDA,CX-30,2023,SERVICE BRAKES,2023-04-13,23V275000,1,2023-03-30,14,0.009409,1.0,4.333333,1.0,0.0,1.0,41,0
JEEP,GRAND CHEROKEE,2023,STEERING,2023-05-18,23V352000,1,2023-03-30,49,0.009409,1.0,4.333333,1.0,0.0,1.0,122,0
JEEP,GRAND CHEROKEE,2023,STEERING,2024-02-22,24V132000,1,2023-08-31,175,0.019959,4.0,2.47619,0.0,0.0,0.25,213,0
JEEP,GRAND CHEROKEE,2023,STEERING,2024-03-14,24V199000,1,2023-09-21,175,0.021776,4.0,2.166667,1.0,0.0,0.25,212,0
AUDI,Q7,2021,TIRES,2022-01-20,22V034000,0,,,,,,,,,66,0
CHRYSLER,300,2020,AIR BAGS,2024-03-14,24V198000,0,,,,,,,,,62,0
VOLVO,S60,2019,AIR BAGS,2023-11-16,23V780000,1,2023-05-25,175,0.012911,1.0,4.333333,0.0,0.0,0.0,37,0
TOYOTA,COROLLA CROSS,2022,ELECTRICAL SYSTEM,2023-05-25,23V384000,1,2023-03-30,56,0.009409,1.0,4.333333,1.0,0.0,1.0,282,0
TOYOTA,COROLLA CROSS,2022,ELECTRICAL SYSTEM,2023-12-14,23V864000,1,2023-06-22,175,0.02008,1.0,2.166667,-1.0,0.0,0.0,350,0
NISSAN,LEAF,2021,VISIBILITY,2023-02-02,23V048000,0,,,,,,,,,196,0
FOREST RIVER,CHEROKEE,2023,EQUIPMENT,2023-03-30,23V226000,1,2023-03-30,0,0.013191,1.0,4.333333,1.0,0.0,0.0,30,0
MERCEDES-BENZ,SPRINTER 2500,2022,FUEL/PROPULSION SYSTEM,2023-06-22,23V444000,1,2023-03-30,84,0.013191,1.0,4.333333,1.0,0.0,0.0,148,0
JEEP,GRAND CHEROKEE,2023,BACK OVER PREVENTION,2023-08-10,23V577000,1,2023-03-30,133,0.013191,1.0,4.333333,1.0,0.0,0.0,159,0
JEEP,GRAND CHEROKEE,2023,BACK OVER PREVENTION,2024-04-25,24V289000;24V291000,1,2023-11-02,175,0.030281,1.0,0.866667,0.0,1.0,1.0,213,0
JEEP,GRAND CHEROKEE,2023,BACK OVER PREVENTION,2024-06-13,24V436000,1,2023-12-21,175,0.030281,1.0,0.866667,0.0,1.0,1.0,224,0
BMW,X5,2023,VISIBILITY,2022-10-27,22V820000,0,,,,,,,,,40,0
RAM,PROMASTER,2022,EQUIPMENT ADAPTIVE/MOBILITY,2025-12-11,25V876000,0,,,,,,,,,124,0
LINCOLN,NAVIGATOR,2017,VISIBILITY,2022-08-25,22V648000,0,,,,,,,,,53,0
LINCOLN,NAVIGATOR,2017,VISIBILITY,2025-02-13,25V091000,0,,,,,,,,,53,0
VOLKSWAGEN,ATLAS,2023,SERVICE BRAKES,2022-09-22,22V718000,0,,,,,,,,,61,0
VOLKSWAGEN,ATLAS,2023,SERVICE BRAKES,2025-06-26,25V434000,1,2025-02-20,126,0.024426,1.0,1.444444,1.0,0.0,0.0,207,0
CADILLAC,XT6,2021,BACK OVER PREVENTION,2022-09-22,22V709000,0,,,,,,,,,26,0
NISSAN,LEAF,2023,VISIBILITY,2023-02-02,23V048000,0,,,,,,,,,88,0
TOYOTA,TUNDRA,2023,POWER TRAIN,2024-02-15,24V125000,1,2023-08-24,175,0.024167,3.0,1.857143,-1.0,0.333333,0.333333,279,0
TOYOTA,TUNDRA,2023,FUEL/PROPULSION SYSTEM,2023-08-10,23V566000,1,2023-03-30,133,0.013191,1.0,4.333333,1.0,0.0,0.0,221,0
TESLA,MODEL X,2023,SERVICE BRAKES,2023-10-05,23V679000,1,2023-04-13,175,0.009208,1.0,4.333333,0.0,0.0,1.0,127,0
TESLA,MODEL X,2023,FORWARD COLLISION AVOIDANCE,2023-07-13,23V489000,1,2023-03-30,105,0.009409,1.0,4.333333,1.0,0.0,1.0,121,0
PETERBILT,389,2022,ELECTRICAL SYSTEM,2021-11-18,21V906000,0,,,,,,,,,3,0
PETERBILT,389,2022,ELECTRICAL SYSTEM,2022-10-13,22V779000,0,,,,,,,,,0,0
PETERBILT,389,2022,ELECTRICAL SYSTEM,2024-12-05,24V915000,0,,,,,,,,,1,0
HONDA,FIT,2018,BACK OVER PREVENTION,2023-02-02,23V046000,0,,,,,,,,,291,0
HONDA,FIT,2018,BACK OVER PREVENTION,2024-05-30,24V384000,0,,,,,,,,,328,0
MERCEDES-BENZ,GLE 350,2023,STRUCTURE,2023-03-16,23V178000,0,,,,,,,,,71,0
KENWORTH,W900,2022,STEERING,2022-07-28,22V547000,0,,,,,,,,,2,0
CHEVROLET,SUBURBAN,2023,ENGINE,2025-04-24,25V274000,1,2025-01-16,98,0.01498,1.0,2.166667,1.0,0.0,1.0,400,0
KIA,SORENTO,2019,BACK OVER PREVENTION,2023-09-14,23V639000,1,2023-04-06,161,0.013191,1.0,4.333333,1.0,0.0,0.0,215,0
THOR MOTOR COACH,OUTLAW,2021,STRUCTURE,2021-07-08,21V522000,0,,,,,,,,,16,0
HONDA,PASSPORT,2021,BACK OVER PREVENTION,2023-06-15,23V431000,1,2023-04-06,70,0.014805,1.0,4.333333,1.0,1.0,1.0,306,0
FORD,ESCAPE,2021,STRUCTURE,2022-07-07,22V484000,0,,,,,,,,,402,0
FORD,ESCAPE,2021,STRUCTURE,2025-11-27,25V829000,1,2025-06-05,175,0.024083,5.0,1.547619,0.0,0.0,0.4,581,0
TOYOTA,TUNDRA,2023,EQUIPMENT,2022-11-17,22V854000,0,,,,,,,,,112,0
TOYOTA,TUNDRA,2023,EQUIPMENT,2023-09-07,23V633000,1,2023-04-06,154,0.013191,1.0,4.333333,1.0,0.0,0.0,229,0
TOYOTA,TUNDRA,2023,EQUIPMENT,2023-11-09,23V757000,1,2023-05-18,175,0.012911,1.0,4.333333,0.0,0.0,0.0,235,0
TOYOTA,TUNDRA,2023,EQUIPMENT,2024-07-18,24V548000,0,,,,,,,,,361,0
FREIGHTLINER,CASCADIA,2023,FORWARD COLLISION AVOIDANCE,2022-10-27,22V817000,0,,,,,,,,,2,0
HONDA,RIDGELINE,2020,VISIBILITY,2023-03-16,23V174000,0,,,,,,,,,284,0
MERCEDES-BENZ,SPRINTER 2500,2022,POWER TRAIN,2022-10-20,22V796000,0,,,,,,,,,112,0
VOLKSWAGEN,ID.4,2023,AIR BAGS,2024-08-22,24V643000,1,2024-02-29,175,0.026805,1.0,1.444444,0.0,1.0,1.0,217,0
LINCOLN,CONTINENTAL,2020,BACK OVER PREVENTION,2022-08-25,22V644000,0,,,,,,,,,33,0
LINCOLN,CONTINENTAL,2020,BACK OVER PREVENTION,2025-06-26,25V442000,0,,,,,,,,,76,0
TESLA,MODEL X,2023,ELECTRICAL SYSTEM,2023-10-05,23V679000,1,2023-04-13,175,0.013743,2.0,4.333333,1.0,0.0,0.0,127,0
TESLA,MODEL X,2023,ELECTRICAL SYSTEM,2023-12-07,23V838000,1,2023-06-15,175,0.013713,4.0,4.333333,1.0,0.0,0.25,131,0
TESLA,MODEL X,2023,ELECTRICAL SYSTEM,2023-12-14,23V862000,1,2023-06-22,175,0.013422,4.0,4.333333,0.0,0.0,0.25,132,0
TESLA,MODEL X,2023,ELECTRICAL SYSTEM,2024-01-25,24V051000,1,2023-08-03,175,0.01807,2.0,2.166667,0.0,0.0,0.5,136,0
TESLA,MODEL X,2023,ELECTRICAL SYSTEM,2024-07-18,24V554000,1,2024-01-25,175,0.024104,3.0,1.625,0.0,0.666667,1.0,186,0
TESLA,MODEL X,2023,ELECTRICAL SYSTEM,2025-01-02,25V002000,1,2024-07-11,175,0.023929,3.0,1.3,0.0,0.0,0.333333,180,0
TESLA,MODEL X,2023,ELECTRICAL SYSTEM,2025-03-13,25V172000,1,2024-09-19,175,0.028995,1.0,0.433333,-1.0,0.0,0.0,179,0
EVENFLO,EVERYKID,9999,CHILD SEAT,2025-03-13,25C003000,1,2025-03-13,0,0.024426,1.0,1.444444,1.0,0.0,0.0,20,0
ELECTRAMECCANICA,SOLO G3,2021,ELECTRICAL SYSTEM,2022-05-05,22V307000,0,,,,,,,,,0,0
ELECTRAMECCANICA,SOLO G3,2021,ELECTRICAL SYSTEM,2023-02-16,23V095000,0,,,,,,,,,0,0
CHEVROLET,BOLT EV,2022,SEAT BELTS,2022-12-15,22V930000,0,,,,,,,,,176,0
CHEVROLET,BOLT EV,2022,SEAT BELTS,2023-12-14,23V845000,1,2023-06-22,175,0.012911,1.0,4.333333,0.0,0.0,0.0,337,0
KIA,RIO,2022,STEERING,2022-05-05,22V304000,0,,,,,,,,,131,0
FORD,MUSTANG,2022,ELECTRICAL SYSTEM,2023-10-26,23V727000,1,2023-05-04,175,0.013452,2.0,4.333333,0.0,0.0,0.0,550,0
FORD,MUSTANG,2022,ELECTRICAL SYSTEM,2025-10-09,25V689000,1,2025-04-17,175,0.012911,1.0,4.333333,0.0,0.0,0.0,633,0
CAN-AM,SPYDER RT,2019,POWER TRAIN,2022-05-12,22V352000,0,,,,,,,,,12,0
CAN-AM,SPYDER RT,2019,POWER TRAIN,2024-09-26,24V728000,0,,,,,,,,,8,0
TESLA,MODEL X,2019,SEAT BELTS,2024-05-23,24V376000,0,,,,,,,,,123,0
TRIUMPH,ROCKET 3 TFC,2020,SERVICE BRAKES,2023-10-26,23V730000,1,2023-05-04,175,0.009208,1.0,4.333333,0.0,0.0,1.0,2,0
POLARIS,SLINGSHOT SL,2023,ELECTRICAL SYSTEM,2023-02-16,23V106000,0,,,,,,,,,0,0
FORD,EXPLORER,2023,STEERING,2024-02-08,24V091000,1,2023-08-17,175,0.020512,1.0,2.166667,0.0,0.0,0.0,423,0
AUDI,A7,2021,ELECTRICAL SYSTEM,2022-03-10,22V155000,0,,,,,,,,,72,0
AUDI,A7,2021,ELECTRICAL SYSTEM,2022-11-17,22V861000,0,,,,,,,,,102,0
AUDI,A7,2021,ELECTRICAL SYSTEM,2023-12-07,23V842000,1,2023-06-15,175,0.012911,1.0,4.333333,0.0,0.0,0.0,97,0
AUDI,A7,2021,ELECTRICAL SYSTEM,2025-03-27,25V201000,0,,,,,,,,,93,0
AUDI,A7,2021,BACK OVER PREVENTION,2022-09-29,22V742000,0,,,,,,,,,97,0
AUDI,A7,2021,BACK OVER PREVENTION,2025-12-18,25V900000,0,,,,,,,,,148,0
TOYOTA,HIGHLANDER,2023,TIRES,2024-06-06,24V419000,0,,,,,,,,,344,0
TOYOTA,HIGHLANDER,2023,TIRES,2024-06-13,24V452000,0,,,,,,,,,348,0
CHRYSLER,PACIFICA,2022,AIR BAGS,2024-10-24,24V793000,0,,,,,,,,,66,0
CHRYSLER,PACIFICA,2022,AIR BAGS,2025-05-08,25V302000,0,,,,,,,,,74,0
GENESIS,GV60,2023,ELECTRICAL SYSTEM,2024-03-14,24V204000,1,2023-09-21,175,0.020326,7.0,3.033333,-1.0,0.0,0.142857,57,0
GENESIS,GV60,2023,ELECTRICAL SYSTEM,2024-11-14,24V868000,1,2024-05-23,175,0.021863,1.0,0.393939,1.0,0.0,1.0,55,0
GENESIS,GV60,2023,ELECTRICAL SYSTEM,2025-07-17,25V474000,1,2025-01-23,175,0.024095,9.0,3.0,0.0,0.111111,0.111111,66,0
FORD,F-150,2022,STEERING,2022-04-14,22V253000,0,,,,,,,,,185,0
SUBURBAN,2 BURNER DROP IN COOKTOP,9999,EQUIPMENT,2022-04-28,22E035000,0,,,,,,,,,1,0
SUBURBAN,2 BURNER DROP IN COOKTOP,9999,EQUIPMENT,2023-01-12,23E002000,0,,,,,,,,,0,0
MERCEDES-BENZ,AMG E53,2022,STEERING,2022-03-24,22V189000,0,,,,,,,,,78,0
GENESIS,G80,2023,FUEL/PROPULSION SYSTEM,2024-04-18,24V282000,0,,,,,,,,,55,0
TOYOTA,TUNDRA,2023,TIRES,2023-07-06,23V468000,1,2023-04-13,84,0.009409,1.0,4.333333,1.0,0.0,1.0,203,0
DODGE,DURANGO,2021,STEERING,2022-03-10,22V154000,0,,,,,,,,,35,0
BMW,M340I,2020,ENGINE,2021-07-29,21V598000,0,,,,,,,,,93,0
BMW,M340I,2020,ENGINE,2024-08-01,24V576000,1,2024-02-08,175,0.028476,1.0,0.619048,0.0,0.0,0.0,123,0
ENTEGRA,EXPANSE,2023,FUEL/PROPULSION SYSTEM,2023-05-04,23V325000,1,2023-04-13,21,0.013191,1.0,4.333333,1.0,0.0,0.0,4,0
BMW,IX,2023,AIR BAGS,2022-04-07,22V240000,0,,,,,,,,,20,0
BMW,IX,2023,AIR BAGS,2023-02-09,23V079000,0,,,,,,,,,58,0
FORD,F-150,2023,VISIBILITY,2025-10-23,25V729000,1,2025-06-12,133,0.027603,1.0,0.866667,1.0,0.0,0.0,627,0
HONDA,ODYSSEY,2021,BACK OVER PREVENTION,2023-06-15,23V431000,1,2023-04-20,56,0.013191,1.0,4.333333,1.0,0.0,0.0,306,0
MERCEDES-BENZ,AMG GLE53,2023,STRUCTURE,2023-03-16,23V178000,0,,,,,,,,,71,0
RAM,1500,2023,FUEL/PROPULSION SYSTEM,2023-04-13,23V263000,0,,,,,,,,,56,0
JEEP,WRANGLER,2023,FUEL/PROPULSION SYSTEM,2023-04-13,23V263000,0,,,,,,,,,116,0
RAM,5500,2022,ELECTRICAL SYSTEM,2021-10-14,21V798000,0,,,,,,,,,37,0
RAM,5500,2022,ELECTRICAL SYSTEM,2023-02-09,23V060000,0,,,,,,,,,91,0
BMW,I4,2023,FORWARD COLLISION AVOIDANCE,2023-01-19,23V026000,0,,,,,,,,,54,0
FOREST RIVER,PUMA,2021,EQUIPMENT,2021-10-07,21V784000,0,,,,,,,,,61,0
FOREST RIVER,PUMA,2021,EQUIPMENT,2024-05-30,24V395000,0,,,,,,,,,33,0
FORD,BRONCO SPORT,2022,EXTERIOR LIGHTING,2022-09-08,22V686000,0,,,,,,,,,317,0
LINCOLN,MKZ,2016,LATCHES/LOCKS/LINKAGES,2023-11-16,23V775000,1,2023-05-25,175,0.012911,1.0,4.333333,0.0,0.0,0.0,72,0
FOREST RIVER,WILDWOOD,2021,STRUCTURE,2022-07-28,22V562000,0,,,,,,,,,71,0
BMW,IX,2022,AIR BAGS,2022-04-07,22V240000,0,,,,,,,,,63,0
BMW,IX,2022,AIR BAGS,2023-02-09,23V079000,0,,,,,,,,,82,0
KENWORTH,T680,2018,ELECTRICAL SYSTEM,2021-12-23,21V00N000,0,,,,,,,,,6,0
LINCOLN,CORSAIR,2021,SEAT BELTS,2022-12-22,22V953000,0,,,,,,,,,52,0
LINCOLN,CORSAIR,2021,SEAT BELTS,2025-05-22,25V338000,0,,,,,,,,,60,0
INDIAN,CHIEF DARK HORSE,2022,FUEL/PROPULSION SYSTEM,2022-11-10,22V837000,0,,,,,,,,,11,0
THOR MOTOR COACH,SCOPE,2023,FUEL/PROPULSION SYSTEM,2023-04-20,23V285000,1,2023-04-20,0,0.009409,1.0,4.333333,1.0,0.0,1.0,29,0
GENESIS,G80,2023,ELECTRICAL SYSTEM,2025-02-13,25V105000,0,,,,,,,,,72,0
MERCEDES-BENZ,REDUNDANT EQE 350 4MATIC,2023,ELECTRICAL SYSTEM,2023-04-27,23V309000,1,2023-04-20,7,0.009409,1.0,4.333333,1.0,0.0,1.0,88,0
MERCEDES-BENZ,REDUNDANT EQE 350 4MATIC,2023,ELECTRICAL SYSTEM,2024-02-15,24V115000,1,2024-01-18,28,0.020954,1.0,2.166667,1.0,0.0,0.0,186,0
CHEVROLET,TAHOE,2022,EXTERIOR LIGHTING,2022-12-08,22V903000,0,,,,,,,,,167,0
CAN-AM,SPYDER RT,2020,EXTERIOR LIGHTING,2023-03-16,23V175000,0,,,,,,,,,25,0
FORD,EXPEDITION,2020,SEAT BELTS,2024-02-08,24V099000,0,,,,,,,,,544,0
FORD,EXPEDITION,2020,SEAT BELTS,2025-05-22,25V197000,1,2024-11-28,175,0.027025,1.0,0.866667,0.0,0.0,0.0,537,0
TOYOTA,TACOMA,2023,AIR BAGS,2023-07-06,23V480000,1,2023-04-27,70,0.014805,1.0,4.333333,1.0,1.0,1.0,203,0
TOYOTA,TACOMA,2023,AIR BAGS,2025-01-23,25V040000,0,,,,,,,,,437,0
MERCEDES-MAYBACH,S 580,2023,ELECTRICAL SYSTEM,2023-08-03,23V554000,1,2023-04-27,98,0.009409,1.0,4.333333,1.0,0.0,1.0,5,0
MERCEDES-MAYBACH,S 580,2023,ELECTRICAL SYSTEM,2024-02-15,24V115000,0,,,,,,,,,1,0
TESLA,MODEL S,2023,ELECTRICAL SYSTEM,2023-12-07,23V838000,1,2023-06-15,175,0.012911,1.0,4.333333,0.0,0.0,0.0,131,0
TESLA,MODEL S,2023,ELECTRICAL SYSTEM,2023-12-14,23V862000,1,2023-06-22,175,0.012911,1.0,4.333333,0.0,0.0,0.0,132,0
TESLA,MODEL S,2023,ELECTRICAL SYSTEM,2024-01-25,24V051000,1,2024-01-11,14,0.020954,1.0,2.166667,1.0,0.0,0.0,136,0
TESLA,MODEL S,2023,ELECTRICAL SYSTEM,2024-07-18,24V554000,1,2024-01-25,175,0.020512,1.0,2.166667,0.0,0.0,0.0,186,0
TESLA,MODEL S,2023,ELECTRICAL SYSTEM,2025-03-13,25V172000,1,2024-09-19,175,0.019818,2.0,1.733333,0.0,0.0,0.5,179,0
TESLA,MODEL S,2023,FORWARD COLLISION AVOIDANCE,2023-07-13,23V489000,1,2023-04-27,77,0.013191,1.0,4.333333,1.0,0.0,0.0,121,0
HONDA,ODYSSEY,2022,BACK OVER PREVENTION,2023-06-15,23V431000,1,2023-04-27,49,0.013191,1.0,4.333333,1.0,0.0,0.0,277,0
KEYSTONE,AVALANCHE,2021,EQUIPMENT,2022-09-29,22V726000,0,,,,,,,,,32,0
HYUNDAI,SANTA FE,2019,TRAILER HITCHES,2023-03-16,23V181000,0,,,,,,,,,201,0
CHEVROLET,BOLT EV,2017,STRUCTURE,2022-12-15,22V930000,0,,,,,,,,,340,0
CHEVROLET,BOLT EV,2017,STRUCTURE,2023-12-14,23V845000,1,2023-06-22,175,0.012911,1.0,4.333333,0.0,0.0,0.0,401,0
RAM,1500,2023,AIR BAGS,2024-03-14,24V199000,0,,,,,,,,,81,0
RAM,1500,2023,AIR BAGS,2025-05-08,25V298000,1,2024-12-26,133,0.014805,1.0,4.333333,1.0,1.0,1.0,117,0
EVENFLO,REVOLVE360 SLIM,9999,CHILD SEAT,2025-09-25,25C010000,1,2025-04-03,175,0.017294,3.0,3.25,-1.0,0.0,0.0,30,0
TESLA,MODEL Y,2023,SUSPENSION,2022-12-01,22V895000,0,,,,,,,,,76,0
HONDA,ACCORD HYBRID,2018,SEAT BELTS,2023-03-09,23V158000,0,,,,,,,,,304,0
CHEVROLET,SILVERADO 4500,2021,SERVICE BRAKES,2025-06-12,25V390000,0,,,,,,,,,387,0
TESLA,MODEL Y,2023,SEATS,2023-02-23,23V130000,0,,,,,,,,,94,0
TESLA,MODEL 3,2023,STEERING,2023-02-09,23V085000,0,,,,,,,,,92,0
TESLA,MODEL 3,2023,STEERING,2025-02-13,25V092000,1,2024-08-22,175,0.032495,6.0,0.604651,0.0,0.333333,0.666667,179,0
CAN-AM,SPYDER RT,2015,POWER TRAIN,2022-05-12,22V352000,0,,,,,,,,,0,0
BMW,Z4,2022,VISIBILITY,2023-02-16,23V099000,0,,,,,,,,,84,0
BMW,Z4,2022,ELECTRICAL SYSTEM,2023-02-16,23V099000,0,,,,,,,,,84,0
BMW,Z4,2022,ELECTRICAL SYSTEM,2025-09-18,25V636000,0,,,,,,,,,126,0
JEEP,GLADIATOR,2022,FUEL/PROPULSION SYSTEM,2022-10-13,22V767000,0,,,,,,,,,129,0
JEEP,GLADIATOR,2022,FUEL/PROPULSION SYSTEM,2023-04-13,23V263000,0,,,,,,,,,181,0
FLEETWOOD,BOUNDER,2020,SUSPENSION,2022-08-25,22V655000,0,,,,,,,,,2,0
VOLVO,XC40,2023,SERVICE BRAKES,2023-01-19,23V012000,0,,,,,,,,,43,0
HONDA,ACCORD HYBRID,2023,ELECTRICAL SYSTEM,2025-11-13,25V785000,1,2025-05-22,175,0.028972,5.0,0.77381,1.0,0.0,0.4,386,0
FORD,F-350 SD,2023,ELECTRICAL SYSTEM,2023-07-20,23V506000,1,2023-05-04,77,0.010018,2.0,4.333333,2.0,0.0,1.0,284,0
TESLA,MODEL S,2021,SEAT BELTS,2022-01-27,22V045000,0,,,,,,,,,121,0
TESLA,MODEL S,2021,SEAT BELTS,2023-07-13,23V488000,1,2023-05-04,70,0.014805,1.0,4.333333,1.0,1.0,1.0,159,0
TESLA,MODEL S,2021,SEAT BELTS,2024-05-23,24V376000,1,2023-11-30,175,0.023913,1.0,1.444444,0.0,0.0,0.0,165,0
HONDA,RIDGELINE,2021,BACK OVER PREVENTION,2024-05-09,24V321000,0,,,,,,,,,325,0
KIA,SPORTAGE,2021,TRAILER HITCHES,2022-09-15,22V703000,0,,,,,,,,,222,0
KIA,FORTE,2023,STEERING,2022-12-08,22V906000,0,,,,,,,,,122,0
FORD,BRONCO,2023,SUSPENSION,2025-01-16,25V025000,0,,,,,,,,,577,0
KIA,SPORTAGE,2023,SERVICE BRAKES,2023-06-01,23V410000,1,2023-05-04,28,0.013191,1.0,4.333333,1.0,0.0,0.0,210,0
FREIGHTLINER,SPRINTER 2500,2019,ELECTRICAL SYSTEM,2021-12-09,21V972000,0,,,,,,,,,10,0
FREIGHTLINER,SPRINTER 2500,2019,ELECTRICAL SYSTEM,2022-05-19,22V360000,0,,,,,,,,,11,0
FREIGHTLINER,SPRINTER 2500,2019,ELECTRICAL SYSTEM,2023-03-23,23V204000,0,,,,,,,,,17,0
GENESIS,GV80,2023,ELECTRICAL SYSTEM,2025-02-13,25V105000,1,2024-08-22,175,0.009208,1.0,4.333333,0.0,0.0,1.0,71,0
LAND ROVER,RANGE ROVER,2023,EXTERIOR LIGHTING,2023-06-01,23V394000,1,2023-05-04,28,0.013191,1.0,4.333333,1.0,0.0,0.0,21,0
GMC,SIERRA 1500,2022,EXTERIOR LIGHTING,2022-06-30,22V463000,0,,,,,,,,,74,0
GMC,SIERRA 1500,2022,EXTERIOR LIGHTING,2022-12-08,22V903000,0,,,,,,,,,88,0
GMC,ACADIA,2023,POWER TRAIN,2023-02-02,23V043000,0,,,,,,,,,39,0
GMC,ACADIA,2023,POWER TRAIN,2023-03-16,23V172000,0,,,,,,,,,62,0
WINNEBAGO,MICRO MINNIE,2021,STRUCTURE,2022-11-24,22V883000,0,,,,,,,,,29,0
WINNEBAGO,MICRO MINNIE,2021,STRUCTURE,2023-04-13,23V270000,0,,,,,,,,,31,0
WINNEBAGO,MICRO MINNIE,2021,EQUIPMENT,2022-05-05,22V309000,0,,,,,,,,,11,0
WINNEBAGO,MICRO MINNIE,2021,EQUIPMENT,2022-11-24,22V883000,0,,,,,,,,,29,0
MAZDA,CX-90,2024,ELECTRICAL SYSTEM,2024-10-31,24V814000;24V816000;24V817000,1,2024-05-09,175,0.025815,1.0,1.083333,0.0,0.0,0.0,78,0
MAZDA,CX-90,2024,ELECTRICAL SYSTEM,2025-08-28,25V568000,1,2025-03-06,175,0.018049,3.0,3.25,1.0,0.0,0.0,130,0
MAZDA,CX-90,2024,FORWARD COLLISION AVOIDANCE,2023-08-03,23V553000,1,2023-05-11,84,0.013191,1.0,4.333333,1.0,0.0,0.0,33,0
MAZDA,CX-90,2024,FORWARD COLLISION AVOIDANCE,2023-10-26,23V718000,1,2023-05-11,168,0.013191,1.0,4.333333,1.0,0.0,0.0,46,0
MAZDA,CX-90,2024,FORWARD COLLISION AVOIDANCE,2024-05-16,24V349000,1,2023-11-23,175,0.030386,22.0,4.144928,1.0,0.0,0.181818,73,0
MERCEDES-BENZ,S 580,2022,ENGINE,2024-09-19,24V704000,0,,,,,,,,,239,0
MERCEDES-BENZ,S 580,2022,POWER TRAIN,2022-03-24,22V194000,0,,,,,,,,,78,0
AUDI,E-TRON,2022,BACK OVER PREVENTION,2021-10-14,21V825000,0,,,,,,,,,32,0
AUDI,E-TRON,2022,BACK OVER PREVENTION,2022-10-20,22V806000,0,,,,,,,,,75,0
AUDI,E-TRON,2022,BACK OVER PREVENTION,2025-12-18,25V900000,1,2025-11-20,28,0.013191,1.0,4.333333,1.0,0.0,0.0,127,0
SPARTAN,K2,2020,ELECTRICAL SYSTEM,2021-07-29,21V589000,0,,,,,,,,,1,0
NISSAN,SENTRA,2021,BACK OVER PREVENTION,2023-09-07,23V628000,1,2023-05-11,119,0.013191,1.0,4.333333,1.0,0.0,0.0,231,0
BMW,X7,2023,ENGINE,2023-04-20,23V294000,0,,,,,,,,,83,0
WINNEBAGO,EKKO,2022,LANE DEPARTURE,2024-01-18,24V024000,1,2023-07-27,175,0.017948,8.0,4.333333,2.0,0.0,0.0,38,0
TOYOTA,TUNDRA,2023,STRUCTURE,2023-03-02,23V142000,0,,,,,,,,,164,0
PORSCHE,CAYENNE,2011,EXTERIOR LIGHTING,2022-08-25,22V656000,0,,,,,,,,,7,0
KIA,SPORTAGE,2019,TRAILER HITCHES,2022-09-15,22V703000,0,,,,,,,,,159,0
HONDA,CIVIC,2023,SERVICE BRAKES,2023-06-15,23V430000,1,2023-05-11,35,0.009409,1.0,4.333333,1.0,0.0,1.0,179,0
ROYAL ENFIELD,HIMALAYAN,2020,SERVICE BRAKES,2023-02-23,23V129000,0,,,,,,,,,0,0
STARCRAFT RV TT,AUTUMN RIDGE OUTFITTER,2019,EQUIPMENT,2021-09-02,21V687000,0,,,,,,,,,2,0
STARCRAFT RV TT,AUTUMN RIDGE OUTFITTER,2019,EQUIPMENT,2021-09-30,21V763000,0,,,,,,,,,2,0
STARCRAFT RV TT,AUTUMN RIDGE OUTFITTER,2019,EQUIPMENT,2022-10-13,22V774000,0,,,,,,,,,0,0
FORD,MUSTANG,2021,ELECTRICAL SYSTEM,2023-10-26,23V727000,1,2023-05-18,161,0.014805,1.0,4.333333,1.0,1.0,1.0,572,0
FORD,MUSTANG,2021,ELECTRICAL SYSTEM,2025-10-09,25V689000,1,2025-09-18,21,0.013191,1.0,4.333333,1.0,0.0,0.0,616,0
HONDA,RIDGELINE,2020,BACK OVER PREVENTION,2024-05-09,24V321000,1,2024-02-15,84,0.024426,1.0,1.444444,1.0,0.0,0.0,355,0
HARLEY-DAVIDSON,RH1250S,2022,STEERING,2025-09-04,25V590000,0,,,,,,,,,27,0
KEYSTONE,SPRINTER,2019,EQUIPMENT,2021-09-09,21V708000,0,,,,,,,,,20,0
PORSCHE,MACAN,2018,SEAT BELTS,2023-06-22,23V443000,1,2023-05-18,35,0.014041,2.0,4.333333,2.0,0.0,0.0,20,0
CHEVROLET,SILVERADO 1500,2023,ENGINE,2025-04-24,25V274000,1,2024-10-31,175,0.022277,2.0,1.083333,-1.0,0.0,0.5,400,0
HONDA,PILOT,2023,ELECTRICAL SYSTEM,2025-01-23,25V031000,1,2024-08-01,175,0.023206,3.0,1.444444,0.0,0.0,0.333333,358,0
MERCEDES-BENZ,C 300,2023,ELECTRICAL SYSTEM,2023-06-29,23V462000;23V463000,1,2023-05-18,42,0.013191,1.0,4.333333,1.0,0.0,0.0,104,0
MERCEDES-BENZ,C 300,2023,ELECTRICAL SYSTEM,2024-02-15,24V115000,1,2023-09-07,161,0.01748,1.0,1.444444,1.0,0.0,1.0,186,0
MERCEDES-BENZ,C 300,2023,ELECTRICAL SYSTEM,2024-06-13,24V446000,1,2023-12-21,175,0.018481,1.0,1.083333,0.0,0.0,1.0,199,0
MERCEDES-BENZ,C 300,2023,ELECTRICAL SYSTEM,2025-05-08,25V255000,0,,,,,,,,,186,0
AMERICAN COACH,AMERICAN EAGLE,2017,STRUCTURE,2023-12-07,23V833000,1,2023-06-15,175,0.009208,1.0,4.333333,0.0,0.0,1.0,0,0
PETERBILT,579,2023,POWER TRAIN,2024-03-14,24V190000,0,,,,,,,,,0,0
LEXUS,RX,2021,AIR BAGS,2023-12-14,23V865000,1,2023-06-22,175,0.014492,1.0,4.333333,0.0,1.0,1.0,34,0
KIA,TELLURIDE,2023,STRUCTURE,2025-07-24,25V494000,1,2025-05-15,70,0.01498,1.0,2.166667,1.0,0.0,1.0,332,0
FOREST RIVER,AVENGER,2021,EQUIPMENT,2022-04-07,22V243000,0,,,,,,,,,53,0
STARCRAFT RV FW,TELLURIDE,2021,EQUIPMENT,2021-09-02,21V687000,0,,,,,,,,,0,0
GENESIS,GV70,2023,SEAT BELTS,2023-02-16,23V094000,0,,,,,,,,,27,0
HOLT INDUSTRIES,EXTRACTOR AND DISPENSER,9999,EQUIPMENT,2023-02-02,23E006000,0,,,,,,,,,0,0
TIFFIN,ALLEGRO,2022,EQUIPMENT,2022-04-21,22V273000,0,,,,,,,,,13,0
TIFFIN,ALLEGRO,2022,EQUIPMENT,2022-07-14,22V511000,0,,,,,,,,,14,0
TIFFIN,ALLEGRO,2022,STRUCTURE,2022-04-21,22V273000,0,,,,,,,,,13,0
FORD,MAVERICK,2022,EXTERIOR LIGHTING,2022-09-29,22V730000,0,,,,,,,,,334,0
FORD,MAVERICK,2022,EXTERIOR LIGHTING,2023-12-14,23V848000,1,2023-06-22,175,0.012911,1.0,4.333333,0.0,0.0,0.0,575,0
FORD,MAVERICK,2022,EXTERIOR LIGHTING,2024-04-25,24V293000,1,2024-03-14,42,0.020954,1.0,2.166667,1.0,0.0,0.0,621,0
FORD,MAVERICK,2022,EXTERIOR LIGHTING,2025-02-13,25V094000;25V095000,1,2024-08-22,175,0.020512,1.0,2.166667,0.0,0.0,0.0,627,0
HONDA,CR-V,2022,FUEL/PROPULSION SYSTEM,2023-12-14,23V858000,1,2023-06-22,175,0.012911,1.0,4.333333,0.0,0.0,0.0,357,0
WINNEBAGO,EKKO,2023,LANE DEPARTURE,2024-01-18,24V024000,1,2023-07-27,175,0.01622,5.0,4.333333,3.0,0.0,0.0,23,0
HYUNDAI,IONIQ 5,2023,POWER TRAIN,2024-02-01,24V065000,1,2023-08-10,175,0.014221,5.0,4.333333,0.0,0.0,0.2,357,0
BMW,X3,2023,STRUCTURE,2024-07-11,24V534000,0,,,,,,,,,155,0
RAM,PROMASTER,2021,POWER TRAIN,2023-04-27,23V301000,0,,,,,,,,,135,0
AUDI,Q5,2023,ENGINE,2025-05-01,25V294000,0,,,,,,,,,106,0
TESLA,MODEL 3,2023,SEAT BELTS,2024-05-23,24V376000,1,2023-12-14,161,0.020954,1.0,2.166667,1.0,0.0,0.0,174,0
FOREST RIVER,GEORGETOWN,2020,EQUIPMENT,2021-07-08,21V523000,0,,,,,,,,,70,0
FOREST RIVER,GEORGETOWN,2020,EQUIPMENT,2024-02-08,24V103000,1,2023-11-16,84,0.019771,1.0,0.866667,1.0,0.0,1.0,36,0
JEEP,GLADIATOR,2023,ELECTRICAL SYSTEM,2024-09-05,24V652000,1,2024-03-14,175,0.018714,2.0,2.888889,1.0,0.0,0.0,240,0
JEEP,GLADIATOR,2023,STEERING,2024-03-14,24V199000,1,2023-10-26,140,0.020954,1.0,2.166667,1.0,0.0,0.0,212,0
JEEP,GLADIATOR,2023,POWER TRAIN,2023-02-23,23V116000,0,,,,,,,,,96,0
JEEP,GLADIATOR,2023,POWER TRAIN,2023-09-14,23V641000,1,2023-05-25,112,0.009409,1.0,4.333333,1.0,0.0,1.0,165,0
LINCOLN,AVIATOR,2021,BACK OVER PREVENTION,2021-09-16,21V735000,0,,,,,,,,,24,0
LINCOLN,AVIATOR,2021,BACK OVER PREVENTION,2023-01-19,23V022000,0,,,,,,,,,45,0
LINCOLN,AVIATOR,2021,BACK OVER PREVENTION,2023-05-11,23V342000,0,,,,,,,,,71,0
LINCOLN,AVIATOR,2021,BACK OVER PREVENTION,2023-08-24,23V598000,1,2023-05-25,91,0.013191,1.0,4.333333,1.0,0.0,0.0,79,0
LINCOLN,AVIATOR,2021,BACK OVER PREVENTION,2024-05-23,24V368000,1,2023-11-30,175,0.020512,1.0,2.166667,0.0,0.0,0.0,40,0
LINCOLN,AVIATOR,2021,BACK OVER PREVENTION,2025-03-13,25V159000,0,,,,,,,,,53,0
LINCOLN,AVIATOR,2021,BACK OVER PREVENTION,2025-06-26,25V442000,0,,,,,,,,,67,0
FORD,EDGE,2016,BACK OVER PREVENTION,2025-08-28,25V572000,1,2025-05-01,119,0.020954,1.0,2.166667,1.0,0.0,0.0,481,0
HONDA,CR-V,2023,STEERING,2024-10-03,24V744000,1,2024-04-11,175,0.574446,101.0,1.980392,0.0,0.009901,0.108911,331,0
FORD,E-350,2022,FUEL/PROPULSION SYSTEM,2022-12-08,22V925000,0,,,,,,,,,362,0
WINNEBAGO,REVEL,2023,STRUCTURE,2022-11-17,22V863000,0,,,,,,,,,17,0
KIA,SOUL EV,2018,ELECTRICAL SYSTEM,2023-03-23,23V218000,0,,,,,,,,,199,0
KIA,SOUL EV,2018,ELECTRICAL SYSTEM,2023-10-26,23V724000,1,2023-05-25,154,0.013191,1.0,4.333333,1.0,0.0,0.0,220,0
MERCEDES-BENZ,GLS 450,2020,AIR BAGS,2022-06-30,22V466000,0,,,,,,,,,186,0
CYBEX,CLOUD Q,9999,CHILD SEAT,2023-02-09,23C001000,0,,,,,,,,,4,0
HONDA,PILOT,2023,STEERING,2023-11-02,23V735000,1,2023-06-01,154,0.013191,1.0,4.333333,1.0,0.0,0.0,260,0
TESLA,MODEL Y,2023,TIRES,2024-12-12,24V935000,1,2024-06-27,168,0.01366,2.0,2.888889,2.0,0.0,1.0,186,0
FORD,TAURUS,2018,BACK OVER PREVENTION,2025-10-09,25V695000,1,2025-05-29,133,0.019118,2.0,2.888889,2.0,0.0,0.0,501,0
FORD,RANGER,2021,BACK OVER PREVENTION,2025-06-26,25V442000,1,2025-01-02,175,0.009208,1.0,4.333333,0.0,0.0,1.0,594,0
FORD,MUSTANG MACH E,2023,BACK OVER PREVENTION,2025-05-08,25V315000,1,2025-01-30,98,0.013191,1.0,4.333333,1.0,0.0,0.0,627,0
NEWMAR,KOUNTRY STAR,2020,STRUCTURE,2021-07-22,21V571000,0,,,,,,,,,19,0
HEHR WINDOWS,6400 SERIES,9999,STRUCTURE,2021-08-19,21E077000,0,,,,,,,,,0,0
RAM,2500,2022,ELECTRONIC STABILITY CONTROL (ESC),2022-03-10,22V140000,0,,,,,,,,,61,0
RAM,2500,2022,ELECTRONIC STABILITY CONTROL (ESC),2024-06-06,24V415000,0,,,,,,,,,120,0
MIDWEST AUTOMOTIVE DESIGN,PASSAGE,2019,ELECTRICAL SYSTEM,2022-03-03,22V126000,0,,,,,,,,,0,0
MERCEDES-BENZ,GLC 300,2023,ELECTRICAL SYSTEM,2024-02-15,24V115000,1,2023-08-24,175,0.017877,12.0,4.0,0.0,0.0,0.583333,186,0
MERCEDES-BENZ,GLC 300,2023,ELECTRICAL SYSTEM,2025-05-08,25V255000,1,2024-11-14,175,0.024857,3.0,1.3,0.0,0.333333,0.666667,185,0
FORD,BRONCO,2023,STEERING,2023-03-02,23V155000,0,,,,,,,,,202,0
CLEK,LIING,9999,CHILD SEAT,2021-11-25,21C006000,0,,,,,,,,,0,0
CLEK,LIING,9999,CHILD SEAT,2021-12-16,21C007000,0,,,,,,,,,0,0
HYUNDAI,SANTA FE,2021,TRAILER HITCHES,2023-03-16,23V181000,0,,,,,,,,,340,0
HYUNDAI,SANTA FE,2020,TRAILER HITCHES,2023-03-16,23V181000,0,,,,,,,,,246,0
CHEVROLET,TRAVERSE,2023,POWER TRAIN,2023-02-02,23V042000,0,,,,,,,,,115,0
CHEVROLET,TRAVERSE,2023,POWER TRAIN,2023-03-16,23V172000,0,,,,,,,,,134,0
TESLA,MODEL X,2023,AIR BAGS,2022-11-10,22V843000,0,,,,,,,,,69,0
TESLA,MODEL X,2023,AIR BAGS,2023-11-02,23V743000,1,2023-06-01,154,0.009409,1.0,4.333333,1.0,0.0,1.0,129,0
TESLA,MODEL X,2023,AIR BAGS,2024-12-19,24V967000,1,2024-07-04,168,0.013191,1.0,4.333333,1.0,0.0,0.0,185,0
TESLA,MODEL X,2023,AIR BAGS,2025-03-13,25V172000,1,2024-09-19,175,0.014251,2.0,4.333333,0.0,0.5,0.5,179,0
URAL,GEAR-UP,2017,WHEELS,2022-06-16,22V431000,0,,,,,,,,,0,0
LINCOLN,MKC,2018,BACK OVER PREVENTION,2025-08-28,25V572000,0,,,,,,,,,81,0
FREIGHTLINER,CASCADIA,2018,FORWARD COLLISION AVOIDANCE,2022-10-27,22V817000,0,,,,,,,,,5,0
HYUNDAI,SANTA CRUZ,2023,TRAILER HITCHES,2023-03-16,23V181000,0,,,,,,,,,223,0
HIGHLAND RIDGE FW,OPEN RANGE ROAMER,2022,EQUIPMENT,2022-05-05,22V303000,0,,,,,,,,,0,0
HIGHLAND RIDGE FW,OPEN RANGE ROAMER,2022,EQUIPMENT,2024-04-25,24V299000,0,,,,,,,,,0,0
KIA,K5,2023,AIR BAGS,2023-03-02,23V149000,0,,,,,,,,,159,0
KIA,K5,2023,STRUCTURE,2025-07-24,25V493000,1,2025-02-27,147,0.01498,1.0,2.166667,1.0,0.0,1.0,332,0
RIVIAN,R1T,2022,SEAT BELTS,2022-08-25,22V641000,0,,,,,,,,,1,0
RIVIAN,R1T,2022,SEAT BELTS,2023-02-16,23V109000,0,,,,,,,,,12,0
RIVIAN,R1T,2022,SEAT BELTS,2025-05-29,25V370000,0,,,,,,,,,28,0
TOYOTA,PRIUS,2023,ELECTRICAL SYSTEM,2024-04-11,24V274000,0,,,,,,,,,321,0
FOREST RIVER,CEDAR CREEK,2007,EQUIPMENT,2024-05-30,24V395000,0,,,,,,,,,0,0
LEXUS,RX350,2023,AIR BAGS,2023-07-06,23V480000,1,2023-06-08,28,0.014805,1.0,4.333333,1.0,1.0,1.0,31,0
VOLVO,C40BEV,2023,SERVICE BRAKES,2023-01-19,23V012000,0,,,,,,,,,43,0
VOLVO,C40BEV,2023,SERVICE BRAKES,2025-06-19,25V392000,0,,,,,,,,,55,0
VOLVO,C40BEV,2023,ELECTRICAL SYSTEM,2023-03-16,23V188000,0,,,,,,,,,56,0
BMW,IX,2023,ELECTRICAL SYSTEM,2022-07-07,22V483000,0,,,,,,,,,26,0
BMW,IX,2023,ELECTRICAL SYSTEM,2022-07-21,22V541000,0,,,,,,,,,29,0
BMW,IX,2023,ELECTRICAL SYSTEM,2022-09-29,22V741000,0,,,,,,,,,37,0
BMW,IX,2023,ELECTRICAL SYSTEM,2022-12-15,22V944000,0,,,,,,,,,42,0
BMW,IX,2023,ELECTRICAL SYSTEM,2023-04-20,23V295000,0,,,,,,,,,83,0
BMW,IX,2023,ELECTRICAL SYSTEM,2023-06-22,23V449000,1,2023-06-08,14,0.013191,1.0,4.333333,1.0,0.0,0.0,95,0
BMW,IX,2023,ELECTRICAL SYSTEM,2025-07-10,25V470000,0,,,,,,,,,160,0
BMW,IX,2023,ELECTRICAL SYSTEM,2025-07-17,25V395000,0,,,,,,,,,160,0
GMC,SIERRA 2500,2021,POWER TRAIN,2024-10-24,24V797000,1,2024-08-15,70,0.013191,1.0,4.333333,1.0,0.0,0.0,152,0
KIA,SORENTO,2023,ELECTRICAL SYSTEM,2025-09-25,25V649000,1,2025-04-03,175,0.028,3.0,1.181818,1.0,0.0,0.0,346,0
FORD,BRONCO SPORT,2023,SERVICE BRAKES,2023-01-19,23V021000,0,,,,,,,,,184,0
HYUNDAI,ELANTRA HYBRID,2023,ELECTRICAL SYSTEM,2023-08-17,23V589000,1,2023-06-08,70,0.020711,1.0,4.333333,1.0,1.0,0.0,296,0
GMC,YUKON,2021,SEAT BELTS,2022-08-11,22V617000,0,,,,,,,,,122,0
HONDA,PASSPORT,2023,SERVICE BRAKES,2023-06-29,23V458000,1,2023-06-08,21,0.013191,1.0,4.333333,1.0,0.0,0.0,187,0
FLEETWOOD,BOUNDER,2021,TRAILER HITCHES,2023-05-18,23V351000,0,,,,,,,,,6,0
KEYSTONE,OUTBACK,2022,EQUIPMENT,2022-03-10,22V144000,0,,,,,,,,,9,0
KEYSTONE,OUTBACK,2022,EQUIPMENT,2022-03-24,22V195000,0,,,,,,,,,8,0
KEYSTONE,OUTBACK,2022,EQUIPMENT,2022-08-04,22V604000,0,,,,,,,,,21,0
CADILLAC,ESCALADE,2023,ENGINE,2025-04-24,25V274000,1,2024-10-31,175,0.018481,1.0,1.083333,0.0,0.0,1.0,100,0
GENESIS,G80,2019,ELECTRICAL SYSTEM,2024-02-08,24V107000,1,2023-08-17,175,0.012911,1.0,4.333333,0.0,0.0,0.0,4,0
KIA,EV6,2023,ELECTRICAL SYSTEM,2024-03-14,24V200000,1,2023-09-21,175,0.018529,5.0,3.095238,0.0,0.0,0.2,290,0
KIA,EV6,2023,ELECTRICAL SYSTEM,2024-11-14,24V867000,1,2024-05-23,175,0.026136,9.0,1.857143,0.0,0.0,0.444444,328,0
HARLEY-DAVIDSON,FXLRST,2022,SUSPENSION,2023-08-17,23V591000,1,2023-06-15,63,0.013191,1.0,4.333333,1.0,0.0,0.0,16,0
HARLEY-DAVIDSON,FXLRST,2022,SUSPENSION,2025-06-05,25V375000,0,,,,,,,,,26,0
LINCOLN,MKC,2017,BACK OVER PREVENTION,2025-08-28,25V572000,1,2025-08-21,7,0.014041,2.0,4.333333,2.0,0.0,0.0,69,0
MERCEDES-BENZ,GLE 350,2022,ELECTRICAL SYSTEM,2022-05-19,22V365000,0,,,,,,,,,75,0
MERCEDES-BENZ,GLE 350,2022,ELECTRICAL SYSTEM,2023-12-07,23V835000,1,2023-06-15,175,0.013191,1.0,4.333333,1.0,0.0,0.0,205,0
MERCEDES-BENZ,GLE 350,2022,ELECTRICAL SYSTEM,2024-09-26,24V724000,0,,,,,,,,,239,0
JEEP,GRAND CHEROKEE,2022,BACK OVER PREVENTION,2023-08-10,23V577000,1,2023-06-15,56,0.013191,1.0,4.333333,1.0,0.0,0.0,225,0
JEEP,GRAND CHEROKEE,2022,BACK OVER PREVENTION,2024-04-25,24V289000,0,,,,,,,,,259,0
JEEP,GRAND CHEROKEE,2022,BACK OVER PREVENTION,2024-06-13,24V436000,1,2024-06-06,7,0.026367,1.0,1.083333,1.0,0.0,0.0,263,0
JEEP,GRAND CHEROKEE,2022,BACK OVER PREVENTION,2025-02-13,25V083000,1,2024-08-22,175,0.013452,2.0,4.333333,0.0,0.0,0.0,272,0
RAM,PROMASTER,2022,ELECTRICAL SYSTEM,2024-03-14,24V197000,1,2023-11-30,105,0.023496,1.0,2.166667,1.0,1.0,1.0,114,0
JEEP,GRAND CHEROKEE,2022,ELECTRICAL SYSTEM,2025-09-04,25V576000,1,2025-03-13,175,0.018539,3.0,2.6,1.0,0.0,0.333333,294,0
JEEP,GRAND CHEROKEE,2022,ELECTRICAL SYSTEM,2025-10-30,25V741000,1,2025-05-08,175,0.020334,7.0,2.757576,3.0,0.0,0.571429,276,0
TESLA,MODEL Y,2023,LATCHES/LOCKS/LINKAGES,2024-07-18,24V554000,1,2024-01-25,175,0.032071,1.0,2.166667,0.0,1.0,0.0,186,0
LINCOLN,AVIATOR,2023,SEAT BELTS,2022-12-22,22V953000,0,,,,,,,,,26,0
LINCOLN,AVIATOR,2023,SEAT BELTS,2025-05-22,25V338000,0,,,,,,,,,57,0
FOREST RIVER,FORESTER,2022,EQUIPMENT,2022-07-28,22V556000,0,,,,,,,,,54,0
HONDA,ACCORD,2023,SEAT BELTS,2023-11-16,23V782000,1,2023-06-15,154,0.009409,1.0,4.333333,1.0,0.0,1.0,273,0
CHRYSLER,300,2021,VISIBILITY,2021-07-08,21V516000,0,,,,,,,,,20,0
CHEVROLET,BLAZER,2023,POWER TRAIN,2023-02-02,23V042000,0,,,,,,,,,115,0
CHEVROLET,BLAZER,2023,POWER TRAIN,2023-03-16,23V172000,0,,,,,,,,,134,0
NISSAN,ARIYA,2023,ELECTRICAL SYSTEM,2023-09-28,23V657000,1,2023-06-22,98,0.009409,1.0,4.333333,1.0,0.0,1.0,136,0
NISSAN,ARIYA,2023,ELECTRICAL SYSTEM,2024-05-30,24V391000,1,2023-12-07,175,0.019126,4.0,2.47619,-2.0,0.0,0.25,165,0
NISSAN,ARIYA,2023,ELECTRICAL SYSTEM,2024-07-25,24V560000,1,2024-02-01,175,0.021317,4.0,2.166667,0.0,0.0,0.25,177,0
CYBEX,ATON,9999,CHILD SEAT,2023-02-09,23C001000,0,,,,,,,,,4,0
KIA,SORENTO,2023,VISIBILITY,2025-09-25,25V649000,1,2025-06-05,112,0.020954,1.0,2.166667,1.0,0.0,0.0,346,0
MERCEDES-BENZ,GLS 450,2019,ELECTRICAL SYSTEM,2022-05-19,22V365000,0,,,,,,,,,152,0
MERCEDES-BENZ,GLS 450,2019,ELECTRICAL SYSTEM,2024-03-14,24V207000,1,2023-10-05,161,0.01498,1.0,2.166667,1.0,0.0,1.0,183,0
CHEVROLET,TRAX,2024,ELECTRICAL SYSTEM,2023-11-02,23V744000,1,2023-06-22,133,0.013191,1.0,4.333333,1.0,0.0,0.0,135,0
HONDA,CIVIC,2023,SEATS,2024-11-14,24V859000,0,,,,,,,,,339,0
HYUNDAI,SANTA FE,2023,TRAILER HITCHES,2023-03-16,23V181000,0,,,,,,,,,223,0
JEEP,GRAND CHEROKEE,2022,STEERING,2024-02-22,24V132000,1,2023-08-31,175,0.01401,4.0,4.333333,2.0,0.0,0.25,263,0
LINCOLN,AVIATOR,2022,STRUCTURE,2022-06-23,22V454000,0,,,,,,,,,34,0
LINCOLN,AVIATOR,2022,STRUCTURE,2025-06-12,25V407000,0,,,,,,,,,54,0
MERCEDES-BENZ,GLE 450,2023,ELECTRICAL SYSTEM,2024-03-14,24V207000,0,,,,,,,,,193,0
FOREST RIVER,WILDWOOD,2023,ELECTRICAL SYSTEM,2025-10-09,25V682000,0,,,,,,,,,32,0
GENESIS,GV60,2023,POWER TRAIN,2023-04-20,23V300000,0,,,,,,,,,34,0
GENESIS,GV60,2023,POWER TRAIN,2024-02-01,24V065000,1,2023-08-10,175,0.012911,1.0,4.333333,0.0,0.0,0.0,59,0
FORD,MAVERICK,2023,ELECTRICAL SYSTEM,2023-12-14,23V848000,1,2023-06-22,175,0.009409,1.0,4.333333,1.0,0.0,1.0,390,0
FORD,MAVERICK,2023,ELECTRICAL SYSTEM,2024-02-22,24V140000,1,2023-08-31,175,0.011363,2.0,4.333333,0.0,0.0,0.5,419,0
FORD,MAVERICK,2023,ELECTRICAL SYSTEM,2024-04-11,24V267000,1,2024-03-21,21,0.01748,1.0,1.444444,1.0,0.0,1.0,460,0
FORD,MAVERICK,2023,ELECTRICAL SYSTEM,2024-04-25,24V293000,1,2024-03-21,35,0.01748,1.0,1.444444,1.0,0.0,1.0,463,0
FORD,MAVERICK,2023,ELECTRICAL SYSTEM,2025-01-16,25V019000,1,2024-09-26,112,0.01498,1.0,2.166667,1.0,0.0,1.0,576,0
FORD,MAVERICK,2023,ELECTRICAL SYSTEM,2025-02-13,25V094000;25V095000,1,2024-09-26,140,0.01498,1.0,2.166667,1.0,0.0,1.0,596,0
FORD,MAVERICK,2023,ELECTRICAL SYSTEM,2025-02-27,25V123000,1,2024-09-26,154,0.01498,1.0,2.166667,1.0,0.0,1.0,602,0
FORD,MAVERICK,2023,ELECTRICAL SYSTEM,2025-03-13,25V158000,1,2024-09-26,168,0.01498,1.0,2.166667,1.0,0.0,1.0,613,0
WINNEBAGO,NAVION,2023,STRUCTURE,2023-10-12,23V694000,1,2023-06-22,112,0.013191,1.0,4.333333,1.0,0.0,0.0,29,0
WINNEBAGO,NAVION,2023,STRUCTURE,2024-12-26,24V824000,0,,,,,,,,,42,0
FORD,F-150,2022,AIR BAGS,2022-09-08,22V684000,0,,,,,,,,,317,0
BMW,IX,2023,FORWARD COLLISION AVOIDANCE,2023-01-19,23V026000,0,,,,,,,,,54,0
TOYOTA,COROLLA CROSS,2023,AIR BAGS,2023-05-25,23V384000,0,,,,,,,,,179,0
TOYOTA,COROLLA CROSS,2023,AIR BAGS,2023-07-06,23V480000,1,2023-06-22,14,0.013191,1.0,4.333333,1.0,0.0,0.0,203,0
TOYOTA,COROLLA CROSS,2023,AIR BAGS,2023-12-14,23V864000,1,2023-06-22,175,0.013191,1.0,4.333333,1.0,0.0,0.0,252,0
TOYOTA,COROLLA CROSS,2023,AIR BAGS,2025-01-23,25V040000,0,,,,,,,,,437,0
RAM,PROMASTER,2020,POWER TRAIN,2023-04-27,23V301000,0,,,,,,,,,129,0
TOYOTA,TUNDRA,2022,EQUIPMENT,2023-11-09,23V757000,1,2023-06-29,133,0.013191,1.0,4.333333,1.0,0.0,0.0,334,0
FOREST RIVER,XLR TOYHAULER,2022,EQUIPMENT,2021-10-21,21V829000,0,,,,,,,,,43,0
FOREST RIVER,XLR TOYHAULER,2022,EQUIPMENT,2022-03-03,22V135000,0,,,,,,,,,43,0
FOREST RIVER,XLR TOYHAULER,2022,EQUIPMENT,2022-03-10,22V143000,0,,,,,,,,,42,0
FOREST RIVER,XLR TOYHAULER,2022,EQUIPMENT,2022-04-07,22V243000,0,,,,,,,,,40,0
FOREST RIVER,XLR TOYHAULER,2022,EQUIPMENT,2022-07-28,22V556000,0,,,,,,,,,54,0
FOREST RIVER,XLR TOYHAULER,2022,TRAILER HITCHES,2022-03-10,22V143000,0,,,,,,,,,42,0
HONDA,ACCORD,2022,AIR BAGS,2024-02-01,24V064000,1,2023-08-10,175,0.020275,1.0,4.333333,0.0,1.0,0.0,344,0
TESLA,MODEL X,2023,STEERING,2023-02-09,23V085000,0,,,,,,,,,92,0
TESLA,MODEL X,2023,STEERING,2023-11-02,23V743000,1,2023-06-29,126,0.020711,1.0,4.333333,1.0,1.0,0.0,129,0
MERCEDES-BENZ,GLC 300,2023,EXTERIOR LIGHTING,2025-06-05,25V365000,0,,,,,,,,,167,0
MERCEDES-BENZ,GLC 300,2023,ENGINE,2023-12-21,23V878000,1,2023-06-29,175,0.009409,1.0,4.333333,1.0,0.0,1.0,166,0
JEEP,GLADIATOR,2023,FUEL/PROPULSION SYSTEM,2023-04-13,23V263000,0,,,,,,,,,116,0
FORD,BRONCO,2022,BACK OVER PREVENTION,2022-11-03,22V825000,0,,,,,,,,,348,0
FORD,BRONCO,2022,BACK OVER PREVENTION,2023-03-09,23V165000,0,,,,,,,,,396,0
FORD,BRONCO,2022,BACK OVER PREVENTION,2025-05-08,25V273000;25V312000;25V315000,1,2024-12-12,147,0.026367,1.0,1.083333,1.0,0.0,0.0,627,0
FORD,BRONCO,2022,BACK OVER PREVENTION,2025-12-18,25V888000,1,2025-06-26,175,0.020512,1.0,2.166667,0.0,0.0,0.0,581,0
WARN,VR EVO WINCH,9999,EQUIPMENT,2022-12-22,22E101000,0,,,,,,,,,0,0
NISSAN,TITAN,2022,BACK OVER PREVENTION,2022-07-21,22V527000,0,,,,,,,,,115,0
NISSAN,TITAN,2022,BACK OVER PREVENTION,2022-10-13,22V772000,0,,,,,,,,,114,0
AUDI,A6,2020,BACK OVER PREVENTION,2025-12-18,25V900000,0,,,,,,,,,163,0
TOYOTA,TUNDRA,2023,BACK OVER PREVENTION,2025-09-25,25V657000,1,2025-04-03,175,0.009208,1.0,4.333333,0.0,0.0,1.0,409,0
FREIGHTLINER,CASCADIA,2021,SERVICE BRAKES,2022-10-27,22V817000,0,,,,,,,,,14,0
FREIGHTLINER,CASCADIA,2021,SERVICE BRAKES,2023-02-09,23V073000,0,,,,,,,,,20,0
AUDI,Q5,2023,ELECTRICAL SYSTEM,2023-12-07,23V842000,1,2023-06-29,161,0.014805,1.0,4.333333,1.0,1.0,1.0,53,0
AUDI,Q5,2023,ELECTRICAL SYSTEM,2024-11-21,24V898000,1,2024-05-30,175,0.028929,1.0,1.083333,0.0,1.0,1.0,91,0
AUDI,Q5,2023,ELECTRICAL SYSTEM,2025-02-06,25V080000,1,2024-08-15,175,0.025815,1.0,1.083333,0.0,0.0,0.0,97,0
MERCEDES-BENZ,GLE 450,2023,STRUCTURE,2023-03-16,23V178000,0,,,,,,,,,71,0
MERCEDES-BENZ,GLC 300,2023,STRUCTURE,2024-07-04,24V520000,1,2024-03-28,98,0.038105,1.0,1.444444,1.0,1.0,0.0,208,0
MERCEDES-BENZ,GLC 300,2023,STRUCTURE,2025-06-05,25V379000,1,2025-04-10,56,0.020711,1.0,4.333333,1.0,1.0,0.0,166,0
JAYCO TRAVEL TRAILER,JAY FLIGHT,2022,STRUCTURE,2022-08-04,22V571000,0,,,,,,,,,4,0
KIA,NIRO,2023,ELECTRICAL SYSTEM,2023-04-20,23V298000,0,,,,,,,,,192,0
KIA,NIRO,2023,ELECTRICAL SYSTEM,2025-01-16,25V024000,0,,,,,,,,,308,0
FOREST RIVER,SALEM,2023,EQUIPMENT,2022-12-08,22V920000,0,,,,,,,,,33,0
FOREST RIVER,SALEM,2023,EQUIPMENT,2023-05-18,23V359000,0,,,,,,,,,27,0
FOREST RIVER,SALEM,2023,EQUIPMENT,2024-02-01,24V066000,1,2023-08-10,175,0.009208,1.0,4.333333,0.0,0.0,1.0,38,0
LIPPERT,RETRACTABLE AWNING,9999,EQUIPMENT,2022-06-30,22E055000,0,,,,,,,,,0,0
CADILLAC,XT5,2022,FUEL/PROPULSION SYSTEM,2022-06-23,22V446000,0,,,,,,,,,11,0
FORD,FUSION,2020,BACK OVER PREVENTION,2025-06-26,25V442000,0,,,,,,,,,534,0
FORD,BRONCO,2023,SEAT BELTS,2023-05-18,23V358000,0,,,,,,,,,243,0
GMC,YUKON,2023,ENGINE,2025-04-24,25V274000,1,2025-01-16,98,0.023584,11.0,3.666667,11.0,0.0,0.545455,233,0
CHRYSLER,PACIFICA,2023,ELECTRICAL SYSTEM,2023-01-12,23V010000,0,,,,,,,,,23,0
CHRYSLER,PACIFICA,2023,ELECTRICAL SYSTEM,2023-11-09,23V753000,1,2023-07-06,126,0.009409,1.0,4.333333,1.0,0.0,1.0,27,0
HYUNDAI,IONIQ 6,2023,ELECTRICAL SYSTEM,2024-03-14,24V204000,1,2023-09-21,175,0.009999,3.0,4.333333,0.0,0.0,1.0,354,0
HYUNDAI,IONIQ 6,2023,ELECTRICAL SYSTEM,2024-11-14,24V868000,1,2024-05-23,175,0.023424,2.0,1.733333,0.0,0.0,0.0,402,0
HYUNDAI,IONIQ 6,2023,ELECTRICAL SYSTEM,2025-09-11,25V606000,1,2025-03-20,175,0.024388,4.0,1.925926,0.0,0.0,0.0,400,0
TIFFIN,WAYFARER,2020,WHEELS,2022-08-25,22V650000,0,,,,,,,,,10,0
TOYOTA,SEQUOIA HYBRID,2023,POWER TRAIN,2024-02-15,24V125000,1,2023-08-24,175,0.012911,1.0,4.333333,0.0,0.0,0.0,279,0
GRAND DESIGN,IMAGINE,2023,TIRES,2023-03-02,23V151000,0,,,,,,,,,3,0
GRAND DESIGN,IMAGINE,2023,EQUIPMENT,2022-08-04,22V603000,0,,,,,,,,,2,0
KZRV,DURANGO,2022,STRUCTURE,2022-07-28,22V552000,0,,,,,,,,,1,0
RIVIAN,R1T,2022,EQUIPMENT,2023-11-16,23V783000,1,2023-07-06,133,0.009409,1.0,4.333333,1.0,0.0,1.0,31,0
RIVIAN,R1T,2022,EQUIPMENT,2024-06-20,24V458000,0,,,,,,,,,39,0
DYNAMAX,ISATA,2023,EQUIPMENT,2024-04-11,24V272000,0,,,,,,,,,1,0
DYNAMAX,ISATA,2023,EQUIPMENT,2024-11-07,24V771000,0,,,,,,,,,0,0
MAZDA,RX-8,2011,FUEL/PROPULSION SYSTEM,2021-09-23,21V744000,0,,,,,,,,,67,0
HONDA,PILOT,2023,SERVICE BRAKES,2025-06-12,25V391000,1,2025-02-06,126,0.024426,1.0,1.444444,1.0,0.0,0.0,376,0
BMW,X5,2024,AIR BAGS,2023-07-06,23V471000,1,2023-07-06,0,0.013191,1.0,4.333333,1.0,0.0,0.0,47,0
BMW,X5,2024,AIR BAGS,2023-09-07,23V622000,1,2023-07-06,63,0.013191,1.0,4.333333,1.0,0.0,0.0,69,0
BMW,X5,2024,AIR BAGS,2024-02-22,24V138000,1,2023-08-31,175,0.012911,1.0,4.333333,0.0,0.0,0.0,90,0
KEYSTONE,ARCADIA,2022,STRUCTURE,2023-05-25,23V376000,0,,,,,,,,,13,0
JEEP,GRAND CHEROKEE,2023,EQUIPMENT,2023-05-11,23V336000,0,,,,,,,,,121,0
COACHMEN,BEYOND,2023,EQUIPMENT,2022-09-29,22V737000,0,,,,,,,,,0,0
COACHMEN,BEYOND,2023,EQUIPMENT,2023-02-09,23V061000,0,,,,,,,,,0,0
COACHMEN,BEYOND,2023,EQUIPMENT,2024-01-25,24V040000,1,2023-08-03,175,0.012911,1.0,4.333333,0.0,0.0,0.0,9,0
CUMMINS,GENSET,9999,EQUIPMENT,2021-08-12,21E075000,0,,,,,,,,,0,0
HYUNDAI,SANTA FE HYBRID,2023,TRAILER HITCHES,2023-03-16,23V181000,0,,,,,,,,,223,0
HYUNDAI,ELANTRA HYBRID,2023,VEHICLE SPEED CONTROL,2023-08-17,23V589000,1,2023-07-13,35,0.013191,1.0,4.333333,1.0,0.0,0.0,296,0
TOYOTA,COROLLA CROSS,2022,AIR BAGS,2023-05-25,23V384000,0,,,,,,,,,283,0
TOYOTA,COROLLA CROSS,2022,AIR BAGS,2023-12-14,23V864000,1,2023-07-13,154,0.014805,1.0,4.333333,1.0,1.0,1.0,350,0
PJ TRAILERS,LD,2023,TRAILER HITCHES,2023-05-04,23V319000,0,,,,,,,,,0,0
BMW,IX,2024,ELECTRICAL SYSTEM,2023-04-20,23V295000,0,,,,,,,,,33,0
BMW,IX,2024,ELECTRICAL SYSTEM,2025-07-10,25V470000,1,2025-01-30,161,0.032579,1.0,0.619048,1.0,1.0,1.0,177,0
BMW,IX,2024,ELECTRICAL SYSTEM,2025-07-17,25V395000,1,2025-01-30,168,0.032579,1.0,0.619048,1.0,1.0,1.0,176,0
BMW,X7,2023,VISIBILITY,2022-04-14,22V267000,0,,,,,,,,,20,0
BMW,X7,2023,VISIBILITY,2022-10-27,22V820000,0,,,,,,,,,40,0
GRAND DESIGN,SOLITUDE,2022,SUSPENSION,2023-07-13,23V490000,1,2023-07-13,0,0.013191,1.0,4.333333,1.0,0.0,0.0,13,0
MITSUBISHI,OUTLANDER SPORT,2020,POWER TRAIN,2022-07-28,22V563000,0,,,,,,,,,14,0
HYUNDAI,SANTA FE,2022,BACK OVER PREVENTION,2024-11-21,24V879000,0,,,,,,,,,349,0
BMW,530I,2022,POWER TRAIN,2022-02-03,22V070000,0,,,,,,,,,47,0
HONDA,ODYSSEY,2022,FUEL/PROPULSION SYSTEM,2023-12-14,23V858000,1,2023-07-13,154,0.013191,1.0,4.333333,1.0,0.0,0.0,357,0
MAZDA,CX-90,2024,LANE DEPARTURE,2023-10-26,23V718000,1,2023-07-13,105,0.013191,1.0,4.333333,1.0,0.0,0.0,46,0
CADILLAC,LYRIQ,2024,ELECTRICAL SYSTEM,2024-05-09,24V320000,1,2023-11-16,175,0.023913,1.0,1.444444,0.0,0.0,0.0,44,0
CADILLAC,LYRIQ,2024,ELECTRICAL SYSTEM,2025-05-29,25V356000,1,2024-12-05,175,0.028945,1.0,0.541667,0.0,0.0,0.0,96,0
FORD,MAVERICK,2022,SEAT BELTS,2021-12-16,21V979000,0,,,,,,,,,117,0
RIVIAN,R1S,2023,AIR BAGS,2023-03-09,23V159000,0,,,,,,,,,16,0
RIVIAN,R1S,2023,AIR BAGS,2024-05-30,24V408000,1,2023-12-07,175,0.016597,5.0,3.611111,0.0,0.0,0.2,42,0
LINCOLN,NAVIGATOR,2015,BACK OVER PREVENTION,2025-04-17,25V270000,0,,,,,,,,,43,0
LINCOLN,NAVIGATOR,2015,BACK OVER PREVENTION,2025-08-28,25V572000,0,,,,,,,,,50,0
MERCEDES-BENZ,S 580,2022,FUEL/PROPULSION SYSTEM,2023-06-22,23V445000,0,,,,,,,,,149,0
MERCEDES-BENZ,S 580,2022,FUEL/PROPULSION SYSTEM,2023-12-21,23V880000,1,2023-07-20,154,0.009409,1.0,4.333333,1.0,0.0,1.0,207,0
JEEP,CHEROKEE,2022,STEERING,2024-03-28,24V239000,1,2023-10-05,175,0.009208,1.0,4.333333,0.0,0.0,1.0,266,0
HONDA,CIVIC TYPE R,2019,FUEL/PROPULSION SYSTEM,2023-12-14,23V858000,1,2023-07-20,147,0.013191,1.0,4.333333,1.0,0.0,0.0,353,0
JEEP,GRAND CHEROKEE,2022,SUSPENSION,2024-02-22,24V132000,1,2023-08-31,175,0.012911,1.0,4.333333,0.0,0.0,0.0,263,0
KIA,EV6,2023,POWER TRAIN,2024-01-25,24V057000,1,2023-08-03,175,0.012911,1.0,4.333333,0.0,0.0,0.0,269,0
HONDA,CR-V HYBRID,2023,STEERING,2024-10-03,24V744000,1,2024-04-11,175,0.045786,18.0,1.529412,1.0,0.0,0.111111,331,0
CHEVROLET,COLORADO,2023,ELECTRICAL SYSTEM,2024-02-22,24V133000,1,2023-08-31,175,0.013452,2.0,4.333333,0.0,0.0,0.0,257,0
MERCEDES-BENZ,AMG E53,2021,ELECTRICAL SYSTEM,2022-05-19,22V365000,0,,,,,,,,,134,0
MERCEDES-BENZ,AMG E53,2021,ELECTRICAL SYSTEM,2022-07-21,22V533000,0,,,,,,,,,169,0
MERCEDES-BENZ,AMG E53,2021,ELECTRICAL SYSTEM,2022-09-29,22V733000,0,,,,,,,,,199,0
MERCEDES-BENZ,AMG E53,2021,ELECTRICAL SYSTEM,2024-02-08,24V100000,1,2023-08-17,175,0.012911,1.0,4.333333,0.0,0.0,0.0,202,0
MERCEDES-BENZ,AMG E53,2021,ELECTRICAL SYSTEM,2024-06-13,24V445000,0,,,,,,,,,192,0
AUDI,Q7,2021,SEAT BELTS,2021-08-05,21V606000,0,,,,,,,,,43,0
FORD,BRONCO SPORT,2023,POWER TRAIN,2024-04-11,24V267000,1,2024-01-11,91,0.020954,1.0,2.166667,1.0,0.0,0.0,460,0
FORD,BRONCO SPORT,2023,POWER TRAIN,2025-03-13,25V158000,1,2025-01-23,49,0.024426,1.0,1.444444,1.0,0.0,0.0,613,0
BMW,X3,2023,POWER TRAIN,2023-11-30,23V821000,1,2023-07-20,133,0.013191,1.0,4.333333,1.0,0.0,0.0,118,0
NISSAN,ALTIMA,2021,BACK OVER PREVENTION,2023-09-07,23V628000,1,2023-07-20,49,0.009409,1.0,4.333333,1.0,0.0,1.0,231,0
DUTCHMEN,COLEMAN,2022,SUSPENSION,2023-12-07,23V822000,1,2023-07-20,140,0.009409,1.0,4.333333,1.0,0.0,1.0,2,0
FORD,EXPEDITION,2023,POWER TRAIN,2023-02-23,23V128000,0,,,,,,,,,200,0
GENESIS,GV80,2023,FUEL/PROPULSION SYSTEM,2024-04-18,24V282000,1,2023-10-26,175,0.015487,2.0,2.888889,0.0,0.0,0.5,54,0
INFINITI,Q50,2017,POWER TRAIN,2024-06-20,24V470000,0,,,,,,,,,52,0
TESLA,MODEL 3,2023,LATCHES/LOCKS/LINKAGES,2024-07-18,24V554000,0,,,,,,,,,187,0
FORD,EXPEDITION,2022,FUEL/PROPULSION SYSTEM,2025-07-03,25V455000,0,,,,,,,,,611,0
MAZDA,CX-3,2018,BACK OVER PREVENTION,2023-07-13,23V487000,0,,,,,,,,,84,0
RAM,1500,2023,ELECTRICAL SYSTEM,2025-05-08,25V298000,1,2024-11-14,175,0.02168,1.0,0.333333,0.0,0.0,1.0,117,0
JEEP,GRAND CHEROKEE,2023,VISIBILITY,2024-02-15,24V111000,1,2023-08-24,175,0.009208,1.0,4.333333,0.0,0.0,1.0,202,0
JEEP,GRAND CHEROKEE,2023,VISIBILITY,2025-06-26,25V430000,1,2025-05-29,28,0.013191,1.0,4.333333,1.0,0.0,0.0,277,0
HONDA,CRF1100,2022,ELECTRICAL SYSTEM,2024-11-21,24V882000,0,,,,,,,,,340,0
HONDA,CRF1100,2022,ELECTRICAL SYSTEM,2025-09-04,25V583000,0,,,,,,,,,353,0
THOR MOTOR COACH,SEQUENCE,2022,STRUCTURE,2025-11-13,25V791000,0,,,,,,,,,25,0
WINNEBAGO,EKKO,2023,ELECTRICAL SYSTEM,2023-03-30,23V234000,0,,,,,,,,,17,0
HONDA,PILOT,2023,FUEL/PROPULSION SYSTEM,2024-11-21,24V900000,1,2024-07-11,133,0.020954,1.0,2.166667,1.0,0.0,0.0,338,0
HONDA,PILOT,2023,FUEL/PROPULSION SYSTEM,2025-01-23,25V031000,1,2024-08-01,175,0.012911,1.0,4.333333,0.0,0.0,0.0,358,0
LINCOLN,AVIATOR,2023,STRUCTURE,2025-06-12,25V407000,0,,,,,,,,,61,0
BMW,X7,2024,SERVICE BRAKES,2024-02-08,24V104000,1,2023-08-17,175,0.009208,1.0,4.333333,0.0,0.0,1.0,86,0
BMW,X7,2024,SERVICE BRAKES,2024-09-12,24V697000,1,2024-04-11,154,0.019118,2.0,2.888889,2.0,0.0,0.0,154,0
BMW,X7,2024,SERVICE BRAKES,2024-09-26,24V739000,1,2024-04-11,168,0.019118,2.0,2.888889,2.0,0.0,0.0,156,0
LAND ROVER,RANGE ROVER,2017,STEERING,2025-08-07,25V514000,0,,,,,,,,,70,0
DODGE,CHARGER,2022,POWER TRAIN,2022-11-17,22V866000,0,,,,,,,,,18,0
WINNEBAGO,FORZA,2022,SEAT BELTS,2023-05-18,23V365000,0,,,,,,,,,38,0
FORD,TRANSIT,2023,STEERING,2024-07-18,24V542000,1,2024-07-04,14,0.01498,1.0,2.166667,1.0,0.0,1.0,492,0
FORD,TRANSIT,2023,STEERING,2024-08-08,24V591000,1,2024-07-04,35,0.01498,1.0,2.166667,1.0,0.0,1.0,506,0
FORD,TRANSIT,2023,STEERING,2025-09-18,25V623000,1,2025-03-27,175,0.018319,2.0,2.888889,0.0,0.0,0.0,631,0
FORD,TRANSIT,2023,POWER TRAIN,2024-02-08,24V102000,1,2023-08-17,175,0.009208,1.0,4.333333,0.0,0.0,1.0,423,0
FORD,TRANSIT,2023,POWER TRAIN,2024-10-24,24V805000,1,2024-05-02,175,0.023913,1.0,1.444444,0.0,0.0,0.0,535,0
JAYCO FIFTH WHEEL,EAGLE,2021,EQUIPMENT,2021-09-02,21V685000,0,,,,,,,,,4,0
GMC,SIERRA 1500,2023,EXTERIOR LIGHTING,2022-12-08,22V903000,0,,,,,,,,,35,0
TOYOTA,BZ4X,2023,VISIBILITY,2025-09-04,25V577000,0,,,,,,,,,408,0
LAND ROVER,DISCOVERY,2019,LATCHES/LOCKS/LINKAGES,2023-06-01,23V393000,0,,,,,,,,,45,0
HONDA,CR-V HYBRID,2023,ELECTRICAL SYSTEM,2024-10-03,24V745000,1,2024-04-11,175,0.024281,2.0,1.733333,-1.0,0.5,0.5,331,0
VOLVO,XC90,2023,ELECTRICAL SYSTEM,2023-03-16,23V188000,0,,,,,,,,,56,0
TOYOTA,TACOMA,2023,STEERING,2023-07-06,23V480000,0,,,,,,,,,204,0
TOYOTA,TACOMA,2023,STEERING,2025-01-23,25V040000,1,2024-08-01,175,0.01807,2.0,2.166667,0.0,0.0,0.5,436,0
GMC,CANYON,2023,ELECTRICAL SYSTEM,2024-02-22,24V133000,1,2023-08-31,175,0.009208,1.0,4.333333,0.0,0.0,1.0,108,0
LAND ROVER,DISCOVERY,2018,LATCHES/LOCKS/LINKAGES,2023-06-01,23V393000,0,,,,,,,,,36,0
INTERNATIONAL,LT,2022,STEERING,2022-06-16,22V428000,0,,,,,,,,,3,0
KAWASAKI,ZX400,2023,ELECTRICAL SYSTEM,2023-07-20,23V515000,0,,,,,,,,,6,0
TESLA,MODEL X,2023,BACK OVER PREVENTION,2023-03-30,23V244000,0,,,,,,,,,98,0
TESLA,MODEL X,2023,BACK OVER PREVENTION,2024-01-18,24V035000,1,2023-08-03,168,0.013191,1.0,4.333333,1.0,0.0,0.0,135,0
TESLA,MODEL X,2023,BACK OVER PREVENTION,2025-01-02,25V002000,1,2024-09-05,119,0.010018,2.0,4.333333,2.0,0.0,1.0,180,0
TOYOTA,RAV4,2023,TIRES,2023-07-06,23V485000,0,,,,,,,,,204,0
HYUNDAI,ELANTRA,2023,POWER TRAIN,2023-07-27,23V526000,0,,,,,,,,,286,0
FORD,F-350 SD,2023,FUEL/PROPULSION SYSTEM,2025-07-03,25V455000,1,2025-03-20,105,0.020954,1.0,2.166667,1.0,0.0,0.0,607,0
RAM,1500,2021,ELECTRONIC STABILITY CONTROL (ESC),2024-09-05,24V653000,0,,,,,,,,,124,0
MAZDA,MAZDA3,2014,BACK OVER PREVENTION,2023-07-13,23V487000,0,,,,,,,,,52,0
KIA,SOUL EV,2018,POWER TRAIN,2023-10-26,23V724000,1,2023-08-03,84,0.014805,1.0,4.333333,1.0,1.0,1.0,220,0
MERCEDES-BENZ,GLS 450,2023,ELECTRICAL SYSTEM,2024-03-14,24V207000,1,2023-09-21,175,0.009208,1.0,4.333333,0.0,0.0,1.0,192,0
MERCEDES-BENZ,AMG GT43,2022,FUEL/PROPULSION SYSTEM,2023-06-22,23V445000,0,,,,,,,,,149,0
MERCEDES-BENZ,AMG GT43,2022,FUEL/PROPULSION SYSTEM,2023-12-21,23V880000,1,2023-08-10,133,0.009409,1.0,4.333333,1.0,0.0,1.0,207,0
FORD,EXPLORER,2023,BACK OVER PREVENTION,2023-01-19,23V022000,0,,,,,,,,,184,0
FORD,EXPLORER,2023,BACK OVER PREVENTION,2023-05-11,23V342000,0,,,,,,,,,239,0
FORD,EXPLORER,2023,BACK OVER PREVENTION,2023-10-12,23V686000,1,2023-08-10,63,0.014041,2.0,4.333333,2.0,0.0,0.0,357,0
FORD,EXPLORER,2023,BACK OVER PREVENTION,2025-03-13,25V159000,0,,,,,,,,,614,0
FORD,EXPLORER,2023,BACK OVER PREVENTION,2025-06-26,25V442000,0,,,,,,,,,610,0
MERCEDES-BENZ,C 300,2022,FUEL/PROPULSION SYSTEM,2023-06-22,23V445000,0,,,,,,,,,149,0
MERCEDES-BENZ,C 300,2022,FUEL/PROPULSION SYSTEM,2023-12-21,23V880000,1,2023-08-10,133,0.009409,1.0,4.333333,1.0,0.0,1.0,207,0
BMW,328I,2015,AIR BAGS,2024-04-18,24V288000,1,2023-10-26,175,0.012911,1.0,4.333333,0.0,0.0,0.0,129,0
BMW,328I,2015,AIR BAGS,2024-07-11,24V527000,0,,,,,,,,,118,0
LAND ROVER,RANGE ROVER VELAR,2023,ENGINE,2023-02-02,23V044000,0,,,,,,,,,18,0
MERCEDES-BENZ,AMG C43,2018,STRUCTURE,2023-12-14,23V854000,1,2023-08-10,126,0.013191,1.0,4.333333,1.0,0.0,0.0,162,0
FORD,MAVERICK HYBRID,2023,POWER TRAIN,2025-12-18,25V881000,1,2025-06-26,175,0.025614,5.0,0.942029,0.0,0.0,0.6,600,0
JAYCO,PRECEPT,2022,STRUCTURE,2022-04-28,22V297000,0,,,,,,,,,9,0
YAMAHA,MT-09,2021,ENGINE,2022-03-03,22V130000,0,,,,,,,,,0,0
YAMAHA,MT-09,2021,ENGINE,2025-04-10,25V248000,0,,,,,,,,,3,0
MERCEDES-BENZ,AMG G63,2023,FUEL/PROPULSION SYSTEM,2023-06-22,23V445000,0,,,,,,,,,99,0
MERCEDES-BENZ,AMG G63,2023,FUEL/PROPULSION SYSTEM,2023-12-21,23V880000,1,2023-08-10,133,0.009409,1.0,4.333333,1.0,0.0,1.0,166,0
CHRYSLER,PACIFICA,2021,SEATS,2022-03-24,22V181000,0,,,,,,,,,36,0
LAND ROVER,RANGE ROVER VELAR,2024,FORWARD COLLISION AVOIDANCE,2024-09-12,24V678000,0,,,,,,,,,31,0
LAND ROVER,RANGE ROVER VELAR,2024,ENGINE,2024-06-13,24V450000,0,,,,,,,,,29,0
HONDA,PASSPORT,2022,BACK OVER PREVENTION,2023-06-15,23V431000,0,,,,,,,,,278,0
MERCEDES-BENZ,GLC 300,2023,STEERING,2025-08-14,25V533000,0,,,,,,,,,190,0
MERCEDES-BENZ,GLC 300,2023,FUEL/PROPULSION SYSTEM,2023-06-22,23V445000,0,,,,,,,,,99,0
MERCEDES-BENZ,GLC 300,2023,FUEL/PROPULSION SYSTEM,2023-12-21,23V878000;23V880000,1,2023-08-10,133,0.009409,1.0,4.333333,1.0,0.0,1.0,166,0
HONDA,ACCORD HYBRID,2023,FUEL/PROPULSION SYSTEM,2024-10-10,24V763000,1,2024-04-18,175,0.020494,5.0,2.407407,1.0,0.0,0.4,333,0
RAM,1500,2023,POWER TRAIN,2024-06-06,24V413000,1,2023-12-14,175,0.023913,1.0,1.444444,0.0,0.0,0.0,90,0
ACURA,INTEGRA,2024,STEERING,2024-10-03,24V744000,1,2024-04-11,175,0.037547,14.0,1.378788,-3.0,0.0,0.071429,29,0
JEEP,GRAND CHEROKEE,2023,SEATS,2025-07-17,25V472000,0,,,,,,,,,282,0
LINCOLN,AVIATOR,2022,ENGINE,2022-06-23,22V454000,0,,,,,,,,,34,0
LINCOLN,AVIATOR,2022,ENGINE,2024-08-22,24V635000,1,2024-05-09,105,0.020954,1.0,2.166667,1.0,0.0,0.0,23,0
CADILLAC,LYRIQ,2024,SERVICE BRAKES,2024-08-08,24V589000,1,2024-05-09,91,0.01366,2.0,2.888889,2.0,0.0,1.0,51,0
CHEVROLET,COLORADO,2023,FORWARD COLLISION AVOIDANCE,2024-02-22,24V133000,1,2023-08-31,175,0.011363,2.0,4.333333,0.0,0.0,0.5,257,0
RAM,2500,2023,EXTERIOR LIGHTING,2023-11-23,23V799000,1,2023-08-17,98,0.014041,2.0,4.333333,2.0,0.0,0.0,80,0
THOR MOTOR COACH,TIBURON,2023,EQUIPMENT,2022-05-05,22V300000,0,,,,,,,,,8,0
JAYCO,ALANTE,2021,SUSPENSION,2023-03-30,23V217000,0,,,,,,,,,10,0
HYUNDAI,SONATA,2022,FUEL/PROPULSION SYSTEM,2021-07-08,21V524000,0,,,,,,,,,39,0
HYUNDAI,SONATA,2022,FUEL/PROPULSION SYSTEM,2025-11-13,25V796000,1,2025-05-22,175,0.018319,2.0,2.888889,0.0,0.0,0.0,358,0
FORD,ESCAPE,2023,ENGINE,2023-05-25,23V380000,0,,,,,,,,,250,0
FORD,ESCAPE,2023,ENGINE,2025-05-22,25V345000,1,2024-11-28,175,0.030068,1.0,0.361111,0.0,0.0,0.0,620,0
FORD,ESCAPE,2023,ENGINE,2025-05-29,25V372000,1,2024-12-05,175,0.030068,1.0,0.361111,0.0,0.0,0.0,618,0
TOYOTA,SIENNA HYBRID,2023,SEATS,2025-02-13,25V086000,0,,,,,,,,,439,0
LEXUS,NX HYBRID,2024,SEATS,2024-06-27,24V482000,0,,,,,,,,,54,0
FORD,C-MAX,2018,POWER TRAIN,2022-06-09,22V413000,0,,,,,,,,,389,0
GENESIS,G70,2022,ENGINE,2024-03-07,24V191000,1,2023-09-14,175,0.012911,1.0,4.333333,0.0,0.0,0.0,68,0
RAM,2500,2023,ELECTRICAL SYSTEM,2023-02-09,23V060000,0,,,,,,,,,50,0
TESLA,MODEL 3,2023,EXTERIOR LIGHTING,2022-11-10,22V844000,0,,,,,,,,,69,0
NISSAN,TITAN,2023,POWER TRAIN,2022-09-01,22V671000,0,,,,,,,,,54,0
LINCOLN,NAVIGATOR,2020,ENGINE,2025-09-18,25V628000,1,2025-08-28,21,0.009409,1.0,4.333333,1.0,0.0,1.0,89,0
HONDA,CR-V HYBRID,2023,POWER TRAIN,2023-08-17,23V588000,1,2023-08-17,0,0.009409,1.0,4.333333,1.0,0.0,1.0,228,0
MERCEDES-BENZ,SPRINTER 1500,2020,ELECTRICAL SYSTEM,2021-12-09,21V972000,0,,,,,,,,,175,0
MERCEDES-BENZ,SPRINTER 1500,2020,ELECTRICAL SYSTEM,2022-05-19,22V360000,0,,,,,,,,,180,0
MERCEDES-BENZ,SPRINTER 1500,2020,ELECTRICAL SYSTEM,2023-03-23,23V204000,0,,,,,,,,,196,0
MERCEDES-BENZ,SPRINTER 1500,2020,ELECTRICAL SYSTEM,2024-12-12,24V930000,0,,,,,,,,,170,0
MERCEDES-BENZ,ML400,2015,FUEL/PROPULSION SYSTEM,2022-12-22,22V955000,0,,,,,,,,,158,0
GRAND DESIGN,MOMENTUM,2021,SUSPENSION,2023-07-13,23V490000,0,,,,,,,,,12,0
HONDA,REBEL 1100,2021,ENGINE,2021-12-16,21V987000,0,,,,,,,,,171,0
MERCEDES-BENZ,E 350,2022,FUEL/PROPULSION SYSTEM,2023-06-22,23V445000,0,,,,,,,,,149,0
MERCEDES-BENZ,E 350,2022,FUEL/PROPULSION SYSTEM,2023-12-21,23V880000,1,2023-08-17,126,0.013191,1.0,4.333333,1.0,0.0,0.0,207,0
MERCEDES-BENZ,GLC 300,2022,FUEL/PROPULSION SYSTEM,2023-06-22,23V445000,0,,,,,,,,,149,0
LINCOLN,AVIATOR,2020,SEAT BELTS,2022-12-22,22V953000,0,,,,,,,,,37,0
LINCOLN,AVIATOR,2020,SEAT BELTS,2025-02-13,25V093000,0,,,,,,,,,66,0
LINCOLN,AVIATOR,2020,SEAT BELTS,2025-05-22,25V338000,1,2025-05-08,14,0.013191,1.0,4.333333,1.0,0.0,0.0,71,0
HONDA,PASSPORT,2020,VISIBILITY,2023-03-16,23V174000,0,,,,,,,,,284,0
FORD,EXPEDITION,2022,EQUIPMENT,2023-06-08,23V420000,0,,,,,,,,,442,0
FORD,EXPEDITION,2022,EQUIPMENT,2024-11-07,24V852000,1,2024-05-16,175,0.01711,1.0,1.444444,0.0,0.0,1.0,632,0
KIA,NIRO EV,2023,ELECTRICAL SYSTEM,2025-01-16,25V024000,1,2024-07-25,175,0.027025,1.0,0.866667,0.0,0.0,0.0,307,0
FORD,TRANSIT,2022,BACK OVER PREVENTION,2022-03-24,22V183000;22V186000,0,,,,,,,,,164,0
FORD,TRANSIT,2022,BACK OVER PREVENTION,2022-08-11,22V621000,0,,,,,,,,,299,0
FORD,TRANSIT,2022,BACK OVER PREVENTION,2023-08-24,23V598000,1,2023-08-24,0,0.013191,1.0,4.333333,1.0,0.0,0.0,501,0
FORD,TRANSIT,2022,BACK OVER PREVENTION,2025-04-10,25V242000,1,2025-02-13,56,0.026367,1.0,1.083333,1.0,0.0,0.0,634,0
FORD,TRANSIT,2022,BACK OVER PREVENTION,2025-05-08,25V315000,1,2025-02-13,84,0.026367,1.0,1.083333,1.0,0.0,0.0,627,0
FORD,TRANSIT,2022,BACK OVER PREVENTION,2025-06-26,25V442000,1,2025-02-13,133,0.026367,1.0,1.083333,1.0,0.0,0.0,607,0
FORD,TRANSIT,2022,BACK OVER PREVENTION,2025-12-18,25V887000,1,2025-06-26,175,0.020512,1.0,2.166667,0.0,0.0,0.0,581,0
MINI,COOPER CLUBMAN,2014,ELECTRICAL SYSTEM,2023-05-11,23V337000,0,,,,,,,,,14,0
JEEP,WRANGLER,2023,AIR BAGS,2024-03-14,24V199000,1,2023-09-21,175,0.012911,1.0,4.333333,0.0,0.0,0.0,212,0
GMC,ACADIA,2022,FUEL/PROPULSION SYSTEM,2022-06-23,22V446000,0,,,,,,,,,72,0
TOYOTA,GRAND HIGHLANDER,2024,EQUIPMENT,2024-07-18,24V548000,0,,,,,,,,,257,0
MERCEDES-BENZ,AMG GLE53,2022,FUEL/PROPULSION SYSTEM,2023-06-22,23V445000,0,,,,,,,,,149,0
MERCEDES-BENZ,AMG GLE53,2022,FUEL/PROPULSION SYSTEM,2023-12-21,23V880000,1,2023-08-24,119,0.013191,1.0,4.333333,1.0,0.0,0.0,207,0
LINCOLN,NAVIGATOR,2017,BACK OVER PREVENTION,2025-08-28,25V572000,1,2025-05-29,91,0.013191,1.0,4.333333,1.0,0.0,0.0,69,0
CADILLAC,ESCALADE ESV,2023,ENGINE,2025-04-24,25V274000,1,2024-11-28,147,0.024426,1.0,1.444444,1.0,0.0,0.0,100,0
FORD,F53,2021,SUSPENSION,2022-09-29,22V731000,0,,,,,,,,,484,0
WINNEBAGO,TRAVATO,2023,EQUIPMENT,2022-09-15,22V696000,0,,,,,,,,,9,0
WINNEBAGO,TRAVATO,2023,EQUIPMENT,2023-02-02,23V049000,0,,,,,,,,,21,0
WINNEBAGO,TRAVATO,2023,EQUIPMENT,2023-09-07,23V627000,1,2023-08-24,14,0.013191,1.0,4.333333,1.0,0.0,0.0,27,0
MERCEDES-BENZ,AMG GLE43,2019,STRUCTURE,2023-12-14,23V854000,1,2023-08-24,112,0.013191,1.0,4.333333,1.0,0.0,0.0,163,0
GMC,SIERRA 1500,2023,SERVICE BRAKES,2024-09-12,24V674000,1,2024-04-04,161,0.018879,1.0,1.083333,1.0,0.0,1.0,171,0
VOLKSWAGEN,ATLAS CROSS SPORT,2024,SERVICE BRAKES,2024-09-26,24V723000,1,2024-09-26,0,0.013191,1.0,4.333333,1.0,0.0,0.0,132,0
VOLKSWAGEN,ATLAS CROSS SPORT,2024,SERVICE BRAKES,2025-06-26,25V434000,1,2025-01-02,175,0.018319,2.0,2.888889,0.0,0.0,0.0,151,0
HYUNDAI,PALISADE,2024,POWER TRAIN,2023-07-27,23V526000,0,,,,,,,,,130,0
MERCEDES-BENZ,AMG C43,2022,FUEL/PROPULSION SYSTEM,2023-06-22,23V445000,0,,,,,,,,,149,0
MERCEDES-BENZ,S 500,2022,FUEL/PROPULSION SYSTEM,2023-06-22,23V445000,0,,,,,,,,,149,0
MERCEDES-BENZ,S 500,2022,FUEL/PROPULSION SYSTEM,2023-12-21,23V880000,1,2023-08-24,119,0.013191,1.0,4.333333,1.0,0.0,0.0,207,0
FOREST RIVER,R-POD,2022,EQUIPMENT,2022-06-23,22V450000,0,,,,,,,,,48,0
FOREST RIVER,R-POD,2022,EQUIPMENT,2022-07-07,22V486000,0,,,,,,,,,54,0
FOREST RIVER,R-POD,2022,EQUIPMENT,2022-07-28,22V556000,0,,,,,,,,,54,0
BMW,X3,2024,STEERING,2023-11-16,23V770000,1,2023-08-24,84,0.009409,1.0,4.333333,1.0,0.0,1.0,79,0
MERCEDES-BENZ,A 220,2020,FUEL/PROPULSION SYSTEM,2021-12-09,21V961000,0,,,,,,,,,175,0
MERCEDES-BENZ,GLE 450,2023,FUEL/PROPULSION SYSTEM,2023-12-21,23V880000,1,2023-08-31,112,0.013191,1.0,4.333333,1.0,0.0,0.0,166,0
FLEETWOOD,BOUNDER,2022,EQUIPMENT,2022-11-03,22V832000,0,,,,,,,,,1,0
FLEETWOOD,BOUNDER,2022,EQUIPMENT,2022-12-22,22V949000,0,,,,,,,,,1,0
MICHELIN,AGILIS CROSSCLIMATE C-METRIC,9999,TIRES,2023-04-13,23T002000,0,,,,,,,,,20,0
MICHELIN,AGILIS CROSSCLIMATE C-METRIC,9999,TIRES,2025-05-15,25T008000,1,2024-11-21,175,0.020512,1.0,2.166667,0.0,0.0,0.0,11,0
CHEVROLET,MALIBU,2023,STRUCTURE,2022-12-08,22V923000,0,,,,,,,,,95,0
TESLA,MODEL X,2022,VISIBILITY,2022-01-27,22V050000,0,,,,,,,,,73,0
TESLA,MODEL X,2022,VISIBILITY,2022-09-15,22V702000,0,,,,,,,,,113,0
MERCEDES-BENZ,GLE 450,2022,FUEL/PROPULSION SYSTEM,2023-06-22,23V445000,0,,,,,,,,,149,0
MERCEDES-BENZ,GLE 450,2022,FUEL/PROPULSION SYSTEM,2023-12-21,23V880000,1,2023-08-31,112,0.013191,1.0,4.333333,1.0,0.0,0.0,207,0
HYUNDAI,SANTA FE PLUG-IN HYBRID,2022,TRAILER HITCHES,2023-03-16,23V181000,0,,,,,,,,,327,0
ENTEGRA,ODYSSEY,2023,EQUIPMENT,2023-02-16,23V102000,0,,,,,,,,,4,0
TOYOTA,SEQUOIA,2019,STEERING,2021-11-18,21V920000,0,,,,,,,,,268,0
TOYOTA,SEQUOIA,2019,STEERING,2021-12-23,21E103000,0,,,,,,,,,262,0
HONDA,HR-V,2020,BACK OVER PREVENTION,2023-02-02,23V046000,0,,,,,,,,,287,0
HONDA,HR-V,2020,BACK OVER PREVENTION,2024-05-30,24V384000,0,,,,,,,,,358,0
INFINITI,Q70L,2019,POWER TRAIN,2024-06-20,24V470000,0,,,,,,,,,48,0
COACHMEN,NOVA,2021,EQUIPMENT,2022-05-19,22V361000,0,,,,,,,,,9,0
COACHMEN,NOVA,2021,EQUIPMENT,2024-01-25,24V040000,1,2023-08-31,147,0.013191,1.0,4.333333,1.0,0.0,0.0,10,0
HONDA,PASSPORT,2019,BACK OVER PREVENTION,2023-06-15,23V431000,0,,,,,,,,,324,0
GMC,CANYON,2023,FORWARD COLLISION AVOIDANCE,2024-02-22,24V133000,1,2023-08-31,175,0.010018,2.0,4.333333,2.0,0.0,1.0,108,0
RAM,5500,2020,SERVICE BRAKES,2022-10-06,22V759000,0,,,,,,,,,129,0
VOLVO,XC90,2023,BACK OVER PREVENTION,2025-05-08,25V282000,1,2024-11-14,175,0.023424,2.0,1.733333,0.0,0.0,0.0,54,0
VOLVO,XC90,2023,BACK OVER PREVENTION,2025-12-18,25V908000,1,2025-06-26,175,0.01807,2.0,2.166667,0.0,0.0,0.5,102,0
FORD,F-350 SD,2022,WHEELS,2023-11-09,23V758000,1,2023-08-31,70,0.009409,1.0,4.333333,1.0,0.0,1.0,557,0
FORD,F-150 LIGHTNING BEV,2023,POWER TRAIN,2025-12-11,25V863000,1,2025-08-21,112,0.02146,1.0,0.481481,1.0,0.0,1.0,607,0
FORD,EXPLORER,2020,EQUIPMENT,2024-11-07,24V852000,0,,,,,,,,,541,0
FORD,EXPLORER,2020,EQUIPMENT,2025-10-09,25V685000,0,,,,,,,,,564,0
MERCEDES-BENZ,S 580,2023,FUEL/PROPULSION SYSTEM,2023-06-22,23V445000,0,,,,,,,,,99,0
MERCEDES-BENZ,S 580,2023,FUEL/PROPULSION SYSTEM,2023-12-21,23V880000,1,2023-09-07,105,0.014805,1.0,4.333333,1.0,1.0,1.0,166,0
FORD,F-250 SD,2023,STEERING,2023-05-11,23V344000,0,,,,,,,,,239,0
FORD,F-250 SD,2023,STEERING,2023-12-14,23V847000,1,2023-09-07,98,0.009409,1.0,4.333333,1.0,0.0,1.0,390,0
HONDA,HR-V,2019,BACK OVER PREVENTION,2023-02-02,23V046000,0,,,,,,,,,307,0
HONDA,HR-V,2019,BACK OVER PREVENTION,2024-05-30,24V384000,0,,,,,,,,,373,0
KIA,SOUL,2023,AIR BAGS,2023-12-21,23V830000,1,2023-09-07,105,0.020711,1.0,4.333333,1.0,1.0,0.0,272,0
KIA,SOUL,2023,POWER TRAIN,2023-07-27,23V531000,0,,,,,,,,,237,0
HONDA,HR-V,2024,STEERING,2024-10-03,24V744000,1,2024-04-11,175,0.024179,4.0,2.166667,2.0,0.0,0.0,245,0
CADILLAC,ESCALADE ESV,2021,FUEL/PROPULSION SYSTEM,2021-09-23,21V739000,0,,,,,,,,,30,0
FORD,FUSION,2019,BACK OVER PREVENTION,2025-06-26,25V442000,1,2025-05-29,28,0.013191,1.0,4.333333,1.0,0.0,0.0,492,0
RIVIAN,R1T,2022,SUSPENSION,2022-10-06,22V744000,0,,,,,,,,,6,0
FORD,BRONCO SPORT,2023,FUEL/PROPULSION SYSTEM,2022-11-17,22V859000,0,,,,,,,,,164,0
FORD,BRONCO SPORT,2023,FUEL/PROPULSION SYSTEM,2024-03-07,24V187000,1,2023-09-14,175,0.012911,1.0,4.333333,0.0,0.0,0.0,430,0
FORD,BRONCO SPORT,2023,FUEL/PROPULSION SYSTEM,2025-03-13,25V165000,1,2024-09-19,175,0.021365,2.0,2.166667,0.0,0.0,0.0,613,0
FORD,BRONCO SPORT,2023,FUEL/PROPULSION SYSTEM,2025-07-10,25V467000,1,2025-01-16,175,0.01711,1.0,1.444444,0.0,0.0,1.0,618,0
COACHMEN,NOVA,2022,ELECTRICAL SYSTEM,2021-09-02,21V692000,0,,,,,,,,,2,0
COACHMEN,NOVA,2022,ELECTRICAL SYSTEM,2022-09-29,22V737000,0,,,,,,,,,1,0
FORD,MUSTANG,2023,STEERING,2024-06-27,24V493000,0,,,,,,,,,476,0
FORD,MUSTANG,2023,STEERING,2025-02-13,25V096000,1,2024-08-22,175,0.022934,2.0,2.888889,0.0,0.5,0.0,596,0
MERCEDES-BENZ,E 450,2022,FUEL/PROPULSION SYSTEM,2023-06-22,23V445000,0,,,,,,,,,149,0
MERCEDES-BENZ,E 450,2022,FUEL/PROPULSION SYSTEM,2023-12-21,23V880000,1,2023-09-07,105,0.013191,1.0,4.333333,1.0,0.0,0.0,207,0
BMW,X7,2022,SEATS,2022-09-01,22V670000,0,,,,,,,,,69,0
HARLEY-DAVIDSON,FXLRS,2021,SUSPENSION,2023-08-17,23V591000,0,,,,,,,,,15,0
HARLEY-DAVIDSON,FXLRS,2021,SUSPENSION,2025-06-05,25V375000,0,,,,,,,,,17,0
TOYOTA,COROLLA,2023,AIR BAGS,2023-07-06,23V480000,0,,,,,,,,,204,0
TOYOTA,COROLLA,2023,AIR BAGS,2025-01-23,25V040000,1,2024-08-01,175,0.028929,1.0,1.083333,0.0,1.0,1.0,436,0
MAZDA,CX-90,2024,POWER TRAIN,2023-10-26,23V719000,1,2023-09-14,42,0.013191,1.0,4.333333,1.0,0.0,0.0,46,0
MAZDA,CX-90,2024,POWER TRAIN,2024-10-31,24V815000;24V816000,1,2024-05-09,175,0.025815,1.0,1.083333,0.0,0.0,0.0,78,0
NEWMAR,NEW AIRE,2021,FUEL/PROPULSION SYSTEM,2021-07-01,21V506000,0,,,,,,,,,8,0
NEWMAR,NEW AIRE,2021,FUEL/PROPULSION SYSTEM,2021-07-29,21V604000,0,,,,,,,,,9,0
NEWMAR,NEW AIRE,2021,FUEL/PROPULSION SYSTEM,2021-08-12,21V642000,0,,,,,,,,,9,0
AUDI,RS 7,2021,ELECTRICAL SYSTEM,2022-03-10,22V155000,0,,,,,,,,,72,0
AUDI,RS 7,2021,ELECTRICAL SYSTEM,2022-11-17,22V861000,0,,,,,,,,,102,0
AUDI,RS 7,2021,ELECTRICAL SYSTEM,2025-03-27,25V201000,0,,,,,,,,,93,0
BMW,528I,2016,ENGINE,2024-08-08,24V608000,1,2024-02-15,175,0.023913,1.0,1.444444,0.0,0.0,0.0,117,0
KENWORTH,T680,2019,ELECTRICAL SYSTEM,2021-12-23,21V00N000,0,,,,,,,,,9,0
KIA,SPORTAGE PHEV,2023,ELECTRICAL SYSTEM,2023-04-20,23V298000,0,,,,,,,,,192,0
KIA,SPORTAGE PHEV,2023,ELECTRICAL SYSTEM,2025-12-11,25V874000,1,2025-06-19,175,0.020512,1.0,2.166667,0.0,0.0,0.0,354,0
LINCOLN,MKT,2018,STRUCTURE,2025-11-27,25V827000,0,,,,,,,,,93,0
MERCEDES-BENZ,GLS450,2021,VISIBILITY,2021-10-21,21V832000,0,,,,,,,,,109,0
MERCEDES-BENZ,GLS450,2021,VISIBILITY,2023-03-16,23V177000,0,,,,,,,,,195,0
URAL,CT,2015,WHEELS,2022-06-16,22V431000,0,,,,,,,,,2,0
FORD,F-250 SD,2023,ELECTRICAL SYSTEM,2023-07-20,23V506000,0,,,,,,,,,285,0
KIA,SOUL EV,2016,ELECTRICAL SYSTEM,2023-03-23,23V218000,0,,,,,,,,,214,0
KIA,SOUL EV,2016,ELECTRICAL SYSTEM,2023-10-26,23V724000,1,2023-09-14,42,0.013191,1.0,4.333333,1.0,0.0,0.0,217,0
AUDI,S5,2018,AIR BAGS,2021-11-04,21V874000,0,,,,,,,,,104,0
HONDA,HR-V,2023,SEAT BELTS,2023-11-16,23V782000,1,2023-09-14,63,0.009409,1.0,4.333333,1.0,0.0,1.0,273,0
HONDA,HR-V,2023,FUEL/PROPULSION SYSTEM,2023-12-14,23V858000,1,2023-09-14,91,0.014805,1.0,4.333333,1.0,1.0,1.0,296,0
FORD,F-150,2019,EQUIPMENT,2024-11-07,24V852000,0,,,,,,,,,498,0
TESLA,MODEL 3,2020,SEAT BELTS,2022-01-27,22V045000,0,,,,,,,,,124,0
TESLA,MODEL 3,2020,SEAT BELTS,2022-10-20,22V798000,0,,,,,,,,,132,0
TESLA,MODEL 3,2020,SEAT BELTS,2024-05-23,24V376000,1,2023-11-30,175,0.012911,1.0,4.333333,0.0,0.0,0.0,130,0
TESLA,MODEL S,2022,BACK OVER PREVENTION,2022-04-28,22V296000,0,,,,,,,,,99,0
THOR MOTOR COACH,HURRICANE,2022,STRUCTURE,2022-02-10,22V076000,0,,,,,,,,,26,0
CHEVROLET,TAHOE,2023,ENGINE,2025-04-24,25V274000,1,2024-10-31,175,0.028476,1.0,0.619048,0.0,0.0,0.0,400,0
RIVIAN,R1T,2023,AIR BAGS,2024-05-30,24V408000,1,2023-12-07,175,0.013452,2.0,4.333333,0.0,0.0,0.0,42,0
MERCEDES-BENZ,C 300,2022,STEERING,2022-03-24,22V189000,0,,,,,,,,,78,0
IRONMAN 4X4,PRO FORGE,9999,SUSPENSION,2023-07-06,23E051000,0,,,,,,,,,0,0
WINNEBAGO,SOLIS,2021,EQUIPMENT,2023-02-02,23V049000,0,,,,,,,,,33,0
SUBARU,CROSSTREK,2024,ELECTRICAL SYSTEM,2023-08-03,23V551000,0,,,,,,,,,48,0
MERCEDES-BENZ,S 580,2022,SUSPENSION,2022-03-24,22V194000,0,,,,,,,,,78,0
FORD,MAVERICK,2022,ENGINE,2022-07-07,22V484000,0,,,,,,,,,266,0
FORD,MAVERICK,2022,ENGINE,2023-05-25,23V380000,0,,,,,,,,,429,0
FORD,MAVERICK,2022,ENGINE,2025-05-22,25V345000,1,2024-12-12,161,0.019771,1.0,0.866667,1.0,0.0,1.0,617,0
BMW,X7,2022,VISIBILITY,2022-04-14,22V267000,0,,,,,,,,,62,0
JEEP,WAGONEER,2023,STRUCTURE,2023-08-03,23V545000,0,,,,,,,,,158,0
JEEP,WAGONEER,2023,STRUCTURE,2025-09-11,25V593000,0,,,,,,,,,289,0
JEEP,WAGONEER,2023,STRUCTURE,2025-09-25,25V642000,0,,,,,,,,,282,0
VOLKSWAGEN,ATLAS CROSS SPORT,2023,ENGINE,2022-10-06,22V753000,0,,,,,,,,,61,0
CADILLAC,XT5,2022,POWER TRAIN,2023-03-16,23V172000,0,,,,,,,,,49,0
MERCEDES-BENZ,CLS 450,2022,ELECTRICAL SYSTEM,2022-05-19,22V365000,0,,,,,,,,,75,0
MERCEDES-BENZ,CLS 450,2022,ELECTRICAL SYSTEM,2022-09-29,22V733000,0,,,,,,,,,116,0
MERCEDES-BENZ,CLS 450,2022,ELECTRICAL SYSTEM,2024-02-08,24V100000,1,2023-09-21,140,0.013191,1.0,4.333333,1.0,0.0,0.0,218,0
FORD,MUSTANG MACH E,2023,VISIBILITY,2024-08-08,24V594000,0,,,,,,,,,507,0
FOREST RIVER,AMERA-LITE,2016,STRUCTURE,2023-01-19,23V015000,0,,,,,,,,,9,0
KIA,OPTIMA,2016,LATCHES/LOCKS/LINKAGES,2023-08-24,23V594000,0,,,,,,,,,223,0
LINCOLN,NAVIGATOR,2016,ELECTRICAL SYSTEM,2022-08-25,22V648000,0,,,,,,,,,65,0
MERCEDES-BENZ,SPRINTER 3500,2022,POWER TRAIN,2022-10-20,22V796000,0,,,,,,,,,112,0
ALLIANCE RV,PARADIGM,2022,EQUIPMENT,2022-03-17,22V174000,0,,,,,,,,,1,0
ALLIANCE RV,PARADIGM,2022,EQUIPMENT,2022-04-21,22V270000,0,,,,,,,,,1,0
ALLIANCE RV,PARADIGM,2022,EQUIPMENT,2022-07-14,22V512000,0,,,,,,,,,0,0
ALLIANCE RV,PARADIGM,2022,EQUIPMENT,2024-04-18,24V286000,1,2023-10-26,175,0.013452,2.0,4.333333,0.0,0.0,0.0,5,0
FORD,F-150,2021,PARKING BRAKE,2023-07-20,23V509000,0,,,,,,,,,554,0
JAYCO,PRECEPT,2021,STRUCTURE,2022-04-28,22V297000,0,,,,,,,,,10,0
RAM,1500,2023,EXTERIOR LIGHTING,2023-11-23,23V799000,1,2023-09-21,63,0.013191,1.0,4.333333,1.0,0.0,0.0,80,0
RAM,1500,2023,EXTERIOR LIGHTING,2024-09-26,24V729000,1,2024-06-13,105,0.018879,1.0,1.083333,1.0,0.0,1.0,113,0
MAZDA,MAZDA3,2015,BACK OVER PREVENTION,2023-07-13,23V487000,0,,,,,,,,,68,0
DODGE,DURANGO,2022,SERVICE BRAKES,2022-03-10,22V140000,0,,,,,,,,,16,0
DODGE,DURANGO,2022,SERVICE BRAKES,2024-06-06,24V415000,1,2023-12-14,175,0.012911,1.0,4.333333,0.0,0.0,0.0,48,0
GMC,SIERRA 2500,2024,LATCHES/LOCKS/LINKAGES,2024-02-01,24V060000,1,2023-09-28,126,0.013191,1.0,4.333333,1.0,0.0,0.0,62,0
GMC,SIERRA 2500,2024,LATCHES/LOCKS/LINKAGES,2024-11-21,24V894000,1,2024-05-30,175,0.020512,1.0,2.166667,0.0,0.0,0.0,138,0
VOLVO,XC90,2022,SEAT BELTS,2023-12-07,23V827000,1,2023-09-28,70,0.013191,1.0,4.333333,1.0,0.0,0.0,75,0
DODGE,HORNET,2023,ELECTRICAL SYSTEM,2023-09-07,23V623000,0,,,,,,,,,15,0
FORD,F-250 SD,2022,FUEL/PROPULSION SYSTEM,2024-12-19,24V957000,1,2024-08-15,126,0.026367,1.0,1.083333,1.0,0.0,0.0,621,0
FORD,F-250 SD,2022,FUEL/PROPULSION SYSTEM,2025-07-03,25V455000,1,2025-01-09,175,0.020332,3.0,2.166667,1.0,0.0,0.333333,610,0
COACHMEN,NOVA,2022,FUEL/PROPULSION SYSTEM,2023-04-20,23V286000,0,,,,,,,,,1,0
KEYSTONE,ALPINE,2021,EQUIPMENT,2022-09-29,22V726000,0,,,,,,,,,32,0
MERCEDES-BENZ,GLS 450,2023,FUEL/PROPULSION SYSTEM,2023-06-22,23V445000,0,,,,,,,,,99,0
MERCEDES-BENZ,GLS 450,2023,FUEL/PROPULSION SYSTEM,2023-12-21,23V880000,1,2023-09-28,84,0.009409,1.0,4.333333,1.0,0.0,1.0,166,0
FORD,ESCAPE,2023,FUEL/PROPULSION SYSTEM,2022-11-17,22V859000,0,,,,,,,,,164,0
FORD,ESCAPE,2023,FUEL/PROPULSION SYSTEM,2024-08-22,24V634000,0,,,,,,,,,507,0
CHEVROLET,SILVERADO 1500,2023,EXTERIOR LIGHTING,2022-12-08,22V903000,0,,,,,,,,,95,0
RAM,1500,2023,STEERING,2023-11-23,23V799000,1,2023-10-05,49,0.013191,1.0,4.333333,1.0,0.0,0.0,80,0
RAM,1500,2023,STEERING,2024-03-14,24V199000,1,2023-10-05,161,0.013191,1.0,4.333333,1.0,0.0,0.0,80,0
RAM,1500,2023,STEERING,2024-09-26,24V729000,1,2024-06-27,91,0.01748,1.0,1.444444,1.0,0.0,1.0,113,0
FORD,BRONCO SPORT,2023,ELECTRICAL SYSTEM,2024-04-11,24V267000,1,2023-10-19,175,0.009804,2.0,4.333333,1.0,0.0,1.0,460,0
FORD,BRONCO SPORT,2023,ELECTRICAL SYSTEM,2025-01-16,25V019000,1,2024-07-25,175,0.027204,4.0,1.444444,-1.0,0.25,0.25,576,0
FORD,BRONCO SPORT,2023,ELECTRICAL SYSTEM,2025-03-13,25V158000,1,2024-09-19,175,0.028688,3.0,0.866667,-1.0,0.0,0.0,613,0
SUBARU,CROSSTREK,2024,POWER TRAIN,2023-11-09,23V754000,1,2023-10-05,35,0.013191,1.0,4.333333,1.0,0.0,0.0,60,0
FORD,MUSTANG,2021,BACK OVER PREVENTION,2025-06-26,25V442000,0,,,,,,,,,595,0
FORD,ESCAPE,2023,ELECTRICAL SYSTEM,2023-07-20,23V506000,0,,,,,,,,,285,0
FORD,ESCAPE,2023,ELECTRICAL SYSTEM,2024-12-19,24V954000,1,2024-06-27,175,0.027574,2.0,0.962963,0.0,0.0,0.0,564,0
FORD,ESCAPE,2023,ELECTRICAL SYSTEM,2025-05-22,25V343000,1,2024-11-28,175,0.028945,1.0,0.541667,0.0,0.0,0.0,620,0
MERCEDES-BENZ,GLS450,2021,FUEL/PROPULSION SYSTEM,2023-06-22,23V445000,0,,,,,,,,,176,0
MERCEDES-BENZ,GLE 400,2019,FUEL/PROPULSION SYSTEM,2022-12-22,22V955000,0,,,,,,,,,184,0
WINNEBAGO,EKKO,2021,EQUIPMENT,2022-05-05,22V313000,0,,,,,,,,,11,0
WINNEBAGO,EKKO,2021,EQUIPMENT,2024-07-18,24V541000,0,,,,,,,,,18,0
BRITAX,ONE4LIFE SLIM,9999,CHILD SEAT,2024-11-14,24C001000,0,,,,,,,,,1,0
VOLKSWAGEN,ATLAS CROSS SPORT,2024,ENGINE,2023-08-17,23V593000,0,,,,,,,,,59,0
VOLKSWAGEN,ATLAS CROSS SPORT,2024,ENGINE,2025-02-13,25V100000,1,2024-08-22,175,0.018319,2.0,2.888889,0.0,0.0,0.0,150,0
JEEP,COMPASS,2023,BACK OVER PREVENTION,2024-06-13,24V436000,1,2023-12-21,175,0.009208,1.0,4.333333,0.0,0.0,1.0,224,0
VOLKSWAGEN,ATLAS,2024,ENGINE,2023-08-17,23V593000,0,,,,,,,,,59,0
VOLKSWAGEN,ATLAS,2024,ENGINE,2025-02-13,25V100000,1,2024-08-29,168,0.019771,1.0,0.866667,1.0,0.0,1.0,150,0
GENESIS,G90,2021,ENGINE,2024-03-07,24V191000,1,2023-10-05,154,0.009409,1.0,4.333333,1.0,0.0,1.0,35,0
WINNEBAGO,REVEL,2023,ELECTRICAL SYSTEM,2023-09-28,23V663000,0,,,,,,,,,27,0
WINNEBAGO,REVEL,2023,ELECTRICAL SYSTEM,2024-05-02,24V318000,1,2023-11-09,175,0.012911,1.0,4.333333,0.0,0.0,0.0,18,0
BMW,228I,2021,ELECTRICAL SYSTEM,2023-08-10,23V584000,0,,,,,,,,,109,0
LINCOLN,NAVIGATOR,2021,BACK OVER PREVENTION,2023-08-24,23V598000,0,,,,,,,,,80,0
LINCOLN,NAVIGATOR,2021,BACK OVER PREVENTION,2025-06-26,25V442000,0,,,,,,,,,67,0
GENESIS,G90,2017,ENGINE,2024-03-07,24V191000,1,2023-10-05,154,0.009409,1.0,4.333333,1.0,0.0,1.0,9,0
BMW,430I,2021,SEAT BELTS,2021-07-15,21V554000,0,,,,,,,,,59,0
BMW,430I,2021,SEAT BELTS,2023-08-10,23V584000,0,,,,,,,,,109,0
AUDI,S7,2020,ELECTRICAL SYSTEM,2022-03-10,22V155000,0,,,,,,,,,88,0
AUDI,S7,2020,ELECTRICAL SYSTEM,2022-11-17,22V861000,0,,,,,,,,,102,0
KIA,NIRO PHEV,2021,POWER TRAIN,2023-07-27,23V534000,0,,,,,,,,,251,0
FISKER,OCEAN,2023,SERVICE BRAKES,2024-08-15,24V623000,1,2024-02-22,175,0.035153,23.0,3.436782,2.0,0.043478,0.434783,20,0
FISKER,OCEAN,2023,SERVICE BRAKES,2024-11-14,24V865000,1,2024-05-23,175,0.092079,43.0,2.518018,0.0,0.023256,0.302326,19,0
ALFA ROMEO,TONALE PHEV,2024,SERVICE BRAKES,2024-10-03,24V752000,0,,,,,,,,,13,0
ALFA ROMEO,TONALE PHEV,2024,SERVICE BRAKES,2025-12-04,25V846000,1,2025-06-12,175,0.012911,1.0,4.333333,0.0,0.0,0.0,6,0
MERCEDES-BENZ,AMG GLE43,2019,FUEL/PROPULSION SYSTEM,2022-12-22,22V955000,0,,,,,,,,,184,0
WINNEBAGO,EKKO,2023,EQUIPMENT,2022-05-05,22V313000,0,,,,,,,,,6,0
WINNEBAGO,EKKO,2023,EQUIPMENT,2023-02-02,23V049000,0,,,,,,,,,21,0
WINNEBAGO,EKKO,2023,EQUIPMENT,2024-07-18,24V541000,1,2024-02-01,168,0.020954,1.0,2.166667,1.0,0.0,0.0,22,0
WINNEBAGO,EKKO,2023,FUEL/PROPULSION SYSTEM,2023-04-27,23V307000,0,,,,,,,,,20,0
MAZDA,MAZDA3,2016,BACK OVER PREVENTION,2023-07-13,23V487000,0,,,,,,,,,70,0
LINCOLN,AVIATOR,2021,SUSPENSION,2021-11-04,21V870000,0,,,,,,,,,20,0
VOLVO,XC90,2024,BACK OVER PREVENTION,2025-05-08,25V282000,0,,,,,,,,,55,0
VOLVO,XC90,2024,BACK OVER PREVENTION,2025-12-18,25V908000,1,2025-06-26,175,0.020512,1.0,2.166667,0.0,0.0,0.0,120,0
THOR MOTOR COACH,HURRICANE,2018,STRUCTURE,2023-02-23,23V121000,0,,,,,,,,,8,0
FORD,MUSTANG,2024,ELECTRICAL SYSTEM,2024-10-24,24V802000,1,2024-05-02,175,0.023869,2.0,1.444444,-2.0,0.0,0.0,307,0
FORD,MUSTANG,2024,ELECTRICAL SYSTEM,2025-08-07,25V516000,1,2025-02-13,175,0.025053,3.0,1.083333,0.0,0.0,0.333333,502,0
POLESTAR,POLESTAR 2,2023,BACK OVER PREVENTION,2024-06-20,24V477000,1,2023-12-28,175,0.011192,3.0,4.333333,0.0,0.0,0.666667,20,0
POLESTAR,POLESTAR 2,2023,BACK OVER PREVENTION,2025-04-24,25V280000,1,2024-11-28,147,0.029562,1.0,0.541667,1.0,0.0,0.0,16,0
POLESTAR,POLESTAR 2,2023,BACK OVER PREVENTION,2025-09-11,25V615000,1,2025-03-20,175,0.025876,7.0,1.895833,-1.0,0.0,0.142857,26,0
RAM,1500,2024,ELECTRICAL SYSTEM,2025-05-08,25V298000,1,2024-11-14,175,0.028945,1.0,0.541667,0.0,0.0,0.0,82,0
RAM,1500,2024,STEERING,2024-03-14,24V199000,1,2023-10-12,154,0.009409,1.0,4.333333,1.0,0.0,1.0,32,0
RAM,1500,2024,STEERING,2024-09-26,24V729000,1,2024-04-04,175,0.014662,1.0,2.166667,0.0,0.0,1.0,65,0
LAND ROVER,RANGE ROVER EVOQUE,2020,AIR BAGS,2022-02-10,22V080000,0,,,,,,,,,37,0
LAND ROVER,RANGE ROVER EVOQUE,2020,AIR BAGS,2025-02-13,25V088000;25V089000,0,,,,,,,,,54,0
LAND ROVER,RANGE ROVER EVOQUE,2020,AIR BAGS,2025-07-03,25V454000,0,,,,,,,,,59,0
BMW,530I,2020,ELECTRICAL SYSTEM,2025-09-18,25V636000,0,,,,,,,,,168,0
JEEP,GRAND CHEROKEE 4XE,2022,CHILD SEAT,2022-03-24,22V180000,0,,,,,,,,,92,0
MERCEDES-BENZ,SPRINTER 2500,2022,ELECTRICAL SYSTEM,2023-02-16,23V101000,0,,,,,,,,,131,0
MERCEDES-BENZ,SPRINTER 2500,2022,ELECTRICAL SYSTEM,2023-03-23,23V204000,0,,,,,,,,,130,0
MERCEDES-BENZ,SPRINTER 2500,2022,ELECTRICAL SYSTEM,2024-12-12,24V930000,1,2024-06-20,175,0.023913,1.0,1.444444,0.0,0.0,0.0,218,0
FORD,TAURUS,2017,STRUCTURE,2025-09-11,25V611000,0,,,,,,,,,481,0
VOLVO,XC40,2024,BACK OVER PREVENTION,2025-05-08,25V282000,0,,,,,,,,,55,0
VOLVO,XC40,2024,BACK OVER PREVENTION,2025-12-18,25V908000,1,2025-06-26,175,0.012911,1.0,4.333333,0.0,0.0,0.0,120,0
TOYOTA,HIGHLANDER HYBRID,2023,STEERING,2023-07-06,23V480000,0,,,,,,,,,204,0
TOYOTA,HIGHLANDER HYBRID,2023,STEERING,2025-01-23,25V040000,0,,,,,,,,,437,0
JEEP,RENEGADE,2022,SEAT BELTS,2024-06-27,24V510000,1,2024-04-18,70,0.01498,1.0,2.166667,1.0,0.0,1.0,266,0
JEEP,RENEGADE,2022,AIR BAGS,2024-06-27,24V510000,1,2024-04-18,70,0.01498,1.0,2.166667,1.0,0.0,1.0,266,0
LINCOLN,MKZ,2015,BACK OVER PREVENTION,2025-10-09,25V695000,0,,,,,,,,,58,0
BMW,I7,2023,ELECTRICAL SYSTEM,2022-11-17,22V860000,0,,,,,,,,,42,0
BMW,I7,2023,ELECTRICAL SYSTEM,2022-12-15,22V944000,0,,,,,,,,,42,0
BMW,I7,2023,ELECTRICAL SYSTEM,2023-07-06,23V479000,0,,,,,,,,,101,0
BMW,I7,2023,ELECTRICAL SYSTEM,2023-10-12,23V700000,1,2023-10-12,0,0.014805,1.0,4.333333,1.0,1.0,1.0,125,0
BMW,I7,2023,ELECTRICAL SYSTEM,2025-07-10,25V470000,0,,,,,,,,,160,0
BMW,I7,2023,ELECTRICAL SYSTEM,2025-07-17,25V395000,0,,,,,,,,,160,0
RAM,3500,2022,STEERING,2025-11-06,25V765000,1,2025-05-15,175,0.014662,1.0,2.166667,0.0,0.0,1.0,123,0
TOYOTA,RAV4,2023,BACK OVER PREVENTION,2025-10-30,25V744000,0,,,,,,,,,420,0
HONDA,ACCORD,2022,FUEL/PROPULSION SYSTEM,2023-12-14,23V858000,1,2023-10-12,63,0.009409,1.0,4.333333,1.0,0.0,1.0,357,0
CRUISE LLC,ADS SOFTWARE,9999,ELECTRICAL SYSTEM,2022-08-25,22E072000,0,,,,,,,,,0,0
CRUISE LLC,ADS SOFTWARE,9999,ELECTRICAL SYSTEM,2023-03-30,23E029000,0,,,,,,,,,0,0
CRUISE LLC,ADS SOFTWARE,9999,ELECTRICAL SYSTEM,2023-11-02,23E086000,1,2023-10-19,14,0.014041,2.0,4.333333,2.0,0.0,0.0,0,0
CRUISE LLC,ADS SOFTWARE,9999,ELECTRICAL SYSTEM,2024-08-08,24E067000,0,,,,,,,,,0,0
TOYOTA,VENZA,2023,ELECTRICAL SYSTEM,2025-09-11,25V595000,0,,,,,,,,,408,0
JEEP,WAGONEER,2023,BACK OVER PREVENTION,2023-08-10,23V577000,0,,,,,,,,,160,0
JEEP,WAGONEER,2023,BACK OVER PREVENTION,2024-06-13,24V436000,1,2023-12-21,175,0.01204,2.0,4.333333,0.0,0.5,1.0,224,0
THOR MOTOR COACH,RIZE,2023,EQUIPMENT,2023-02-09,23V068000,0,,,,,,,,,30,0
THOR MOTOR COACH,RIZE,2023,EQUIPMENT,2023-11-09,23V759000,1,2023-10-19,21,0.013191,1.0,4.333333,1.0,0.0,0.0,26,0
THOR MOTOR COACH,RIZE,2023,EQUIPMENT,2025-11-13,25V792000,1,2025-05-22,175,0.009208,1.0,4.333333,0.0,0.0,1.0,25,0
CUMMINS,ONAN QG 2800I,9999,EQUIPMENT,2023-03-30,23E030000,0,,,,,,,,,0,0
MERCEDES-BENZ,GLB 250,2021,AIR BAGS,2021-11-04,21V860000,0,,,,,,,,,108,0
MERCEDES-BENZ,GLB 250,2021,AIR BAGS,2022-02-10,22V078000,0,,,,,,,,,119,0
FORD,BRONCO SPORT,2023,TIRES,2024-03-21,24V223000,1,2023-10-19,154,0.013191,1.0,4.333333,1.0,0.0,0.0,442,0
FORD,BRONCO SPORT,2023,EQUIPMENT,2025-10-09,25V685000,0,,,,,,,,,636,0
FORD,F-150,2023,PARKING BRAKE,2023-07-20,23V509000,0,,,,,,,,,285,0
HYUNDAI,AZERA,2014,SERVICE BRAKES,2023-09-21,23V651000,0,,,,,,,,,205,0
RAM,3500,2023,STEERING,2023-11-23,23V799000,1,2023-10-19,35,0.013191,1.0,4.333333,1.0,0.0,0.0,80,0
RAM,3500,2023,STEERING,2024-03-14,24V199000,1,2023-10-19,147,0.013191,1.0,4.333333,1.0,0.0,0.0,80,0
MAZDA,MAZDA3,2018,BACK OVER PREVENTION,2023-07-13,23V487000,0,,,,,,,,,84,0
KIA,OPTIMA,2017,LATCHES/LOCKS/LINKAGES,2023-08-24,23V594000,0,,,,,,,,,218,0
FORD,ESCAPE,2022,ELECTRICAL SYSTEM,2022-03-10,22V149000,0,,,,,,,,,155,0
FORD,ESCAPE,2022,ELECTRICAL SYSTEM,2024-12-19,24V954000,1,2024-10-17,63,0.01498,1.0,2.166667,1.0,0.0,1.0,621,0
MAZDA,CX-90,2024,ENGINE,2024-10-31,24V815000,1,2024-05-09,175,0.026881,2.0,1.083333,0.0,0.0,0.0,78,0
LINCOLN,CORSAIR PHEV,2023,ELECTRICAL SYSTEM,2025-11-13,25V789000,1,2025-05-22,175,0.020512,1.0,2.166667,0.0,0.0,0.0,59,0
TOYOTA,TUNDRA HYBRID,2022,FUEL/PROPULSION SYSTEM,2023-08-10,23V566000,0,,,,,,,,,332,0
JEEP,WRANGLER 4XE,2024,ELECTRICAL SYSTEM,2024-09-26,24V720000,1,2024-04-04,175,0.019221,3.0,1.181818,-1.0,0.0,1.0,141,0
JEEP,WRANGLER 4XE,2024,ELECTRICAL SYSTEM,2025-10-16,25V710000,1,2025-04-24,175,0.033877,2.0,0.254902,0.0,0.5,0.5,243,0
JEEP,GRAND WAGONEER,2023,STEERING,2024-03-14,24V199000,1,2023-10-26,140,0.013191,1.0,4.333333,1.0,0.0,0.0,212,0
RAM,2500,2022,STRUCTURE,2022-12-08,22V904000,0,,,,,,,,,78,0
FORD,F-450 SD,2023,ELECTRICAL SYSTEM,2023-07-20,23V506000,0,,,,,,,,,285,0
KIA,NIRO,2020,POWER TRAIN,2023-07-27,23V534000,0,,,,,,,,,196,0
AUDI,Q7,2014,TIRES,2023-02-09,23V086000,0,,,,,,,,,79,0
NISSAN,LEAF,2023,VEHICLE SPEED CONTROL,2023-07-13,23V494000,0,,,,,,,,,128,0
VOLKSWAGEN,TIGUAN,2022,STRUCTURE,2022-03-31,22V226000,0,,,,,,,,,116,0
KEYSTONE,COUGAR,2020,STRUCTURE,2022-03-31,22V209000,0,,,,,,,,,25,0
STARCRAFT BUS,QUEST,2019,STRUCTURE,2024-05-23,24V370000,1,2023-11-30,175,0.012911,1.0,4.333333,0.0,0.0,0.0,0,0
STARCRAFT BUS,QUEST,2019,STRUCTURE,2024-06-06,24V429000,1,2023-12-14,175,0.012911,1.0,4.333333,0.0,0.0,0.0,0,0
FORD,F-150,2023,BACK OVER PREVENTION,2025-05-08,25V315000,1,2025-02-20,77,0.020954,1.0,2.166667,1.0,0.0,0.0,627,0
VOLVO,V60,2024,BACK OVER PREVENTION,2025-05-08,25V282000,0,,,,,,,,,55,0
VOLVO,V60,2024,BACK OVER PREVENTION,2025-12-18,25V908000,0,,,,,,,,,121,0
KIA,K5,2023,FUEL/PROPULSION SYSTEM,2025-11-13,25V794000,1,2025-05-22,175,0.024227,2.0,0.787879,0.0,0.0,0.5,336,0
FORD,F-53,2023,ELECTRICAL SYSTEM,2023-07-20,23V510000,0,,,,,,,,,285,0
FORD,E-350,2024,POWER TRAIN,2023-09-07,23V625000,0,,,,,,,,,103,0
HONDA,CR-V,2024,STEERING,2024-10-03,24V744000,1,2024-04-11,175,0.045359,19.0,1.751773,-2.0,0.052632,0.0,245,0
RAM,2500,2022,BACK OVER PREVENTION,2022-06-09,22V407000,0,,,,,,,,,65,0
RAM,2500,2022,BACK OVER PREVENTION,2023-09-28,23V654000,0,,,,,,,,,124,0
RAM,2500,2022,BACK OVER PREVENTION,2024-06-13,24V436000,1,2023-12-21,175,0.012911,1.0,4.333333,0.0,0.0,0.0,120,0
LINCOLN,NAVIGATOR,2019,BACK OVER PREVENTION,2023-08-24,23V598000,0,,,,,,,,,62,0
TOYOTA,TUNDRA HYBRID,2023,FUEL/PROPULSION SYSTEM,2023-08-10,23V566000,0,,,,,,,,,222,0
FORD,TRANSIT,2023,FUEL/PROPULSION SYSTEM,2023-02-09,23V071000,0,,,,,,,,,192,0
FORD,TRANSIT,2023,FUEL/PROPULSION SYSTEM,2023-07-13,23V499000,0,,,,,,,,,277,0
CHEVROLET,EQUINOX,2023,AIR BAGS,2022-12-15,22V929000,0,,,,,,,,,100,0
LINCOLN,AVIATOR,2021,FUEL/PROPULSION SYSTEM,2025-07-03,25V455000,1,2025-06-12,21,0.013191,1.0,4.333333,1.0,0.0,0.0,66,0
THOR MOTOR COACH,OMNI,2023,STRUCTURE,2024-06-13,24V441000,1,2023-12-21,175,0.012911,1.0,4.333333,0.0,0.0,0.0,24,0
TOYOTA,RAV4 PRIME,2022,AIR BAGS,2022-07-21,22V519000,0,,,,,,,,,225,0
HONDA,PILOT,2024,ELECTRICAL SYSTEM,2025-01-23,25V031000,1,2024-08-01,175,0.023913,1.0,1.444444,0.0,0.0,0.0,313,0
MERCEDES-BENZ,GLC350E,2019,STRUCTURE,2023-12-14,23V854000,1,2023-11-09,35,0.013191,1.0,4.333333,1.0,0.0,0.0,163,0
ACURA,MDX,2019,EXTERIOR LIGHTING,2025-04-17,25V259000,1,2025-02-27,49,0.01748,1.0,1.444444,1.0,0.0,1.0,94,0
RIVIAN,R1S,2023,EXTERIOR LIGHTING,2023-03-30,23V233000,0,,,,,,,,,16,0
RIVIAN,R1S,2023,EXTERIOR LIGHTING,2024-05-23,24V367000,1,2023-11-30,175,0.012911,1.0,4.333333,0.0,0.0,0.0,42,0
HYUNDAI,IONIQ 5,2024,ELECTRICAL SYSTEM,2024-03-14,24V204000,1,2023-11-09,126,0.013191,1.0,4.333333,1.0,0.0,0.0,217,0
HYUNDAI,IONIQ 5,2024,ELECTRICAL SYSTEM,2024-11-14,24V868000,1,2024-05-23,175,0.023913,1.0,1.444444,0.0,0.0,0.0,277,0
CHEVROLET,BOLT EV,2023,AIR BAGS,2023-08-10,23V567000,0,,,,,,,,,206,0
HONDA,CR-V HYBRID,2024,STEERING,2024-10-03,24V744000,1,2024-04-11,175,0.023862,5.0,1.805556,-1.0,0.0,0.2,245,0
FORD,F-53,2022,SERVICE BRAKES,2023-03-09,23V164000,0,,,,,,,,,396,0
POLESTAR,POLESTAR 2,2023,SUSPENSION,2023-07-06,23V476000,0,,,,,,,,,6,0
ACURA,TLX,2022,TIRES,2022-12-22,22V950000,0,,,,,,,,,36,0
KIA,RIO,2016,SERVICE BRAKES,2023-09-21,23V652000,0,,,,,,,,,225,0
FISKER,OCEAN,2023,ELECTRICAL SYSTEM,2024-05-30,24V404000;24V405000,1,2023-12-07,175,0.017226,2.0,4.333333,1.0,0.5,0.0,19,0
FISKER,OCEAN,2023,ELECTRICAL SYSTEM,2024-06-27,24V499000,1,2024-01-04,175,0.016862,2.0,4.333333,0.0,0.5,0.0,20,0
HYUNDAI,ELANTRA,2023,AIR BAGS,2022-08-18,22V632000,0,,,,,,,,,118,0
TOYOTA,GRAND HIGHLANDER,2024,ELECTRICAL SYSTEM,2025-09-11,25V595000,1,2025-03-20,175,0.029084,1.0,0.619048,1.0,0.0,0.0,426,0
MERCEDES-BENZ,C 300,2023,FUEL/PROPULSION SYSTEM,2023-06-22,23V445000,0,,,,,,,,,99,0
MERCEDES-BENZ,C 300,2023,FUEL/PROPULSION SYSTEM,2023-12-21,23V880000,1,2023-11-16,35,0.009409,1.0,4.333333,1.0,0.0,1.0,166,0
CHEVROLET,CORVETTE,2024,SEAT BELTS,2024-06-06,24V418000,1,2023-12-14,175,0.012911,1.0,4.333333,0.0,0.0,0.0,200,0
MERCEDES-BENZ,AMG GLC43,2022,FUEL/PROPULSION SYSTEM,2023-06-22,23V445000,0,,,,,,,,,149,0
ACURA,MDX TYPE S,2022,ELECTRICAL SYSTEM,2025-01-23,25V031000,0,,,,,,,,,55,0
CHEVROLET,SUBURBAN,2023,EXTERIOR LIGHTING,2022-12-08,22V903000,0,,,,,,,,,95,0
MAZDA,CX-90,2024,STEERING,2023-06-15,23V429000,0,,,,,,,,,25,0
MAZDA,CX-90,2024,STEERING,2024-01-18,24V022000,1,2023-11-16,63,0.013191,1.0,4.333333,1.0,0.0,0.0,57,0
FISKER,OCEAN,2023,STRUCTURE,2024-06-20,24V466000,1,2023-12-28,175,0.011363,2.0,4.333333,0.0,0.0,0.5,20,0
FORD,F-350 SD,2023,BACK OVER PREVENTION,2023-08-10,23V573000,0,,,,,,,,,302,0
FORD,F-350 SD,2023,BACK OVER PREVENTION,2024-10-24,24V806000,1,2024-05-02,175,0.023913,1.0,1.444444,0.0,0.0,0.0,535,0
FORD,F-350 SD,2023,BACK OVER PREVENTION,2025-02-27,25V134000,1,2024-10-03,147,0.026367,1.0,1.083333,1.0,0.0,0.0,602,0
FORD,F-350 SD,2023,BACK OVER PREVENTION,2025-05-08,25V315000,1,2024-11-14,175,0.020512,1.0,2.166667,0.0,0.0,0.0,627,0
HONDA,PILOT,2024,STEERING,2023-11-02,23V735000,0,,,,,,,,,134,0
TESLA,MODEL X,2022,LATCHES/LOCKS/LINKAGES,2023-12-14,23V862000,1,2023-11-23,21,0.013191,1.0,4.333333,1.0,0.0,0.0,188,0
TESLA,MODEL X,2022,LATCHES/LOCKS/LINKAGES,2024-07-18,24V554000,1,2024-01-25,175,0.012911,1.0,4.333333,0.0,0.0,0.0,189,0
HONDA,HR-V,2024,SEAT BELTS,2023-11-16,23V782000,0,,,,,,,,,145,0
FORD,MAVERICK,2023,VISIBILITY,2024-08-08,24V594000,1,2024-03-21,140,0.01498,1.0,2.166667,1.0,0.0,1.0,506,0
BMW,X4,2020,ELECTRICAL SYSTEM,2025-09-18,25V636000,1,2025-09-18,0,0.013191,1.0,4.333333,1.0,0.0,0.0,167,0
TOYOTA,TUNDRA HYBRID,2023,STRUCTURE,2023-03-02,23V142000,0,,,,,,,,,164,0
TOYOTA,HIGHLANDER,2023,STRUCTURE,2023-10-26,23V720000,0,,,,,,,,,236,0
RAM,3500,2023,EXTERIOR LIGHTING,2023-11-23,23V799000,1,2023-11-23,0,0.013191,1.0,4.333333,1.0,0.0,0.0,80,0
GRAND DESIGN,REFLECTION,2023,EQUIPMENT,2022-08-04,22V603000,0,,,,,,,,,2,0
KIA,SPORTAGE,2012,SERVICE BRAKES,2023-09-21,23V652000,0,,,,,,,,,138,0
KIA,RIO,2016,LATCHES/LOCKS/LINKAGES,2023-08-24,23V594000,0,,,,,,,,,223,0
FORD,EXPLORER,2023,ELECTRICAL SYSTEM,2023-10-12,23V686000,0,,,,,,,,,358,0
KIA,SPORTAGE,2024,STRUCTURE,2024-01-18,24V025000,1,2023-11-30,49,0.013191,1.0,4.333333,1.0,0.0,0.0,167,0
HONDA,PASSPORT,2022,VISIBILITY,2023-03-16,23V174000,0,,,,,,,,,203,0
GRAND DESIGN,SOLITUDE,2022,STRUCTURE,2022-08-04,22V603000,0,,,,,,,,,9,0
GRAND DESIGN,SOLITUDE,2022,STRUCTURE,2025-02-06,25V061000,1,2024-08-15,175,0.022334,3.0,1.625,0.0,0.0,0.333333,58,0
CHEVROLET,BLAZER EV,2024,ELECTRICAL SYSTEM,2024-05-09,24V320000,1,2023-11-30,161,0.013191,1.0,4.333333,1.0,0.0,0.0,182,0
CHEVROLET,SILVERADO 2500,2022,SERVICE BRAKES,2021-09-23,21V758000,0,,,,,,,,,98,0
REPLACEMENT,OIL FILTER HOUSING,9999,ENGINE,2022-05-12,22E039000,0,,,,,,,,,0,0
FORD,F-150 LIGHTNING BEV,2023,EXTERIOR LIGHTING,2023-06-08,23V418000,0,,,,,,,,,263,0
FORD,F-150 LIGHTNING BEV,2023,EXTERIOR LIGHTING,2025-10-23,25V731000,1,2025-05-01,175,0.022166,4.0,2.47619,1.0,0.0,0.0,627,0
HONDA,CIVIC,2024,STEERING,2023-10-19,23V704000,0,,,,,,,,,130,0
HONDA,CIVIC,2024,STEERING,2024-10-03,24V744000,1,2024-04-11,175,0.024307,7.0,2.166667,1.0,0.0,0.285714,245,0
HYUNDAI,VERACRUZ,2012,SERVICE BRAKES,2023-09-21,23V651000,0,,,,,,,,,170,0
MERCEDES-BENZ,SPRINTER 3500,2023,STRUCTURE,2023-11-30,23V806000,1,2023-11-30,0,0.013191,1.0,4.333333,1.0,0.0,0.0,160,0
MERCEDES-BENZ,SPRINTER 3500,2023,STRUCTURE,2023-12-21,23V876000,1,2023-11-30,21,0.013191,1.0,4.333333,1.0,0.0,0.0,166,0
CHEVROLET,BLAZER EV,2024,STRUCTURE,2023-12-21,23V869000,1,2023-11-30,21,0.009409,1.0,4.333333,1.0,0.0,1.0,151,0
ALFA ROMEO,STELVIO,2021,FUEL/PROPULSION SYSTEM,2021-11-11,21V878000,0,,,,,,,,,6,0
KIA,NIRO,2022,POWER TRAIN,2023-07-27,23V534000,0,,,,,,,,,296,0
RIVIAN,R1S,2023,SEAT BELTS,2025-05-29,25V370000,0,,,,,,,,,38,0
MERCEDES-BENZ,E 450,2023,ELECTRICAL SYSTEM,2023-08-10,23V574000,0,,,,,,,,,125,0
MERCEDES-BENZ,E 450,2023,ELECTRICAL SYSTEM,2024-02-08,24V100000,1,2023-11-30,70,0.009409,1.0,4.333333,1.0,0.0,1.0,177,0
CHEVROLET,BOLT EV,2023,STRUCTURE,2022-12-15,22V930000,0,,,,,,,,,100,0
CHEVROLET,BOLT EV,2023,STRUCTURE,2023-12-14,23V845000,1,2023-11-30,14,0.014805,1.0,4.333333,1.0,1.0,1.0,251,0
LUCID,AIR,2023,VISIBILITY,2023-07-27,23V521000,0,,,,,,,,,18,0
LUCID,AIR,2023,VISIBILITY,2024-01-04,24V011000,1,2023-11-30,35,0.013191,1.0,4.333333,1.0,0.0,0.0,15,0
LUCID,AIR,2023,VISIBILITY,2024-06-27,24V495000,1,2024-01-04,175,0.012911,1.0,4.333333,0.0,0.0,0.0,9,0
HYUNDAI,EQUUS,2014,SERVICE BRAKES,2023-09-21,23V651000,0,,,,,,,,,205,0
FORD,RANGER,2020,BACK OVER PREVENTION,2025-06-26,25V442000,1,2025-04-10,77,0.020954,1.0,2.166667,1.0,0.0,0.0,533,0
HONDA,CIVIC TYPE R,2023,STEERING,2024-10-03,24V744000,1,2024-09-05,28,0.020954,1.0,2.166667,1.0,0.0,0.0,331,0
HYUNDAI,KONA,2024,ENGINE,2024-04-25,24V308000,1,2023-11-30,147,0.009409,1.0,4.333333,1.0,0.0,1.0,223,0
RAM,1500,2023,VISIBILITY,2024-10-10,24V754000,0,,,,,,,,,114,0
HYUNDAI,SANTA CRUZ,2022,TRAILER HITCHES,2023-03-16,23V181000,0,,,,,,,,,327,0
PORSCHE,TAYCAN,2023,ELECTRICAL SYSTEM,2023-03-16,23V176000,0,,,,,,,,,8,0
PORSCHE,TAYCAN,2023,ELECTRICAL SYSTEM,2023-08-31,23V615000,0,,,,,,,,,14,0
PORSCHE,TAYCAN,2023,ELECTRICAL SYSTEM,2023-12-07,23V840000;23V841000,1,2023-12-07,0,0.013191,1.0,4.333333,1.0,0.0,0.0,19,0
PORSCHE,TAYCAN,2023,ELECTRICAL SYSTEM,2024-03-14,24V215000;24V217000,1,2023-12-07,98,0.013191,1.0,4.333333,1.0,0.0,0.0,26,0
PORSCHE,TAYCAN,2023,ELECTRICAL SYSTEM,2024-09-26,24V731000;24V732000,1,2024-04-04,175,0.023913,1.0,1.444444,0.0,0.0,0.0,26,0
GRAND DESIGN,REFLECTION,2023,SUSPENSION,2023-06-29,23V455000,0,,,,,,,,,5,0
GRAND DESIGN,REFLECTION,2023,STRUCTURE,2022-08-04,22V603000,0,,,,,,,,,2,0
FORD,MAVERICK,2023,EQUIPMENT,2025-10-09,25V685000,0,,,,,,,,,636,0
KIA,SELTOS,2024,POWER TRAIN,2023-07-27,23V531000,0,,,,,,,,,125,0
MERCEDES BENZ,E320,2004,VISIBILITY,2024-11-14,24V874000,1,2024-05-23,175,0.020512,1.0,2.166667,0.0,0.0,0.0,21,0
ALFA ROMEO,STELVIO,2024,SEAT BELTS,2024-06-27,24V510000,1,2024-01-04,175,0.012911,1.0,4.333333,0.0,0.0,0.0,5,0
ACURA,TLX,2022,SERVICE BRAKES,2025-06-12,25V391000,0,,,,,,,,,62,0
HYUNDAI,KONA,2024,ELECTRICAL SYSTEM,2023-12-21,23V901000,1,2023-12-07,14,0.009409,1.0,4.333333,1.0,0.0,1.0,189,0
ALTEC,AT200A,2018,SUSPENSION,2024-12-19,24V952000,0,,,,,,,,,0,0
TESLA,MODEL 3,2017,STEERING,2022-01-27,22V037000,0,,,,,,,,,98,0
TESLA,MODEL 3,2017,STEERING,2023-02-09,23V085000,0,,,,,,,,,107,0
RIVIAN,R1T,2023,EXTERIOR LIGHTING,2024-05-23,24V367000,1,2023-12-07,168,0.013191,1.0,4.333333,1.0,0.0,0.0,42,0
TOYOTA,REDUNDANT SIENNA,2022,SEAT BELTS,2021-11-11,21V889000,0,,,,,,,,,124,0
KIA,K5,2024,STRUCTURE,2025-07-24,25V493000,0,,,,,,,,,336,0
HONDA,CR-V,2023,FUEL/PROPULSION SYSTEM,2023-12-14,23V858000,1,2023-12-07,7,0.009409,1.0,4.333333,1.0,0.0,1.0,296,0
THOR MOTOR COACH,SANCTUARY,2023,EQUIPMENT,2023-06-22,23V447000,0,,,,,,,,,25,0
THOR MOTOR COACH,SANCTUARY,2023,EQUIPMENT,2025-11-13,25V791000,0,,,,,,,,,26,0
FORD,ESCAPE,2023,FORWARD COLLISION AVOIDANCE,2024-06-13,24V440000,1,2023-12-21,175,0.013452,2.0,4.333333,0.0,0.0,0.0,476,0
FORD,F-250 SD,2022,AIR BAGS,2021-10-14,21V805000,0,,,,,,,,,93,0
FORD,F-250 SD,2022,AIR BAGS,2021-11-18,21V923000,0,,,,,,,,,106,0
FOREST RIVER,COLUMBUS,2022,STRUCTURE,2023-04-20,23V289000,0,,,,,,,,,54,0
FOREST RIVER,COLUMBUS,2022,TIRES,2023-04-20,23V289000,0,,,,,,,,,54,0
KIA,RIO,2017,SERVICE BRAKES,2023-09-21,23V652000,0,,,,,,,,,218,0
TESLA,MODEL S,2023,BACK OVER PREVENTION,2024-01-18,24V035000,1,2023-12-07,42,0.013191,1.0,4.333333,1.0,0.0,0.0,135,0
TOYOTA,RAV4 PRIME,2022,ELECTRICAL SYSTEM,2023-07-06,23V478000,0,,,,,,,,,315,0
KIA,TELLURIDE,2024,POWER TRAIN,2024-03-14,24V214000,1,2023-12-07,98,0.009409,1.0,4.333333,1.0,0.0,1.0,183,0
LINCOLN,CORSAIR,2022,POWER TRAIN,2024-05-09,24V330000,1,2023-12-07,154,0.013191,1.0,4.333333,1.0,0.0,0.0,37,0
LINCOLN,CORSAIR,2022,POWER TRAIN,2025-02-27,25V133000,0,,,,,,,,,41,0
FALKEN,WILDPEAK AT3W,9999,TIRES,2023-12-07,23T010000,0,,,,,,,,,4,0
ALFA ROMEO,GIULIA,2020,SERVICE BRAKES,2023-05-25,23V382000,0,,,,,,,,,8,0
ALFA ROMEO,GIULIA,2020,SERVICE BRAKES,2024-12-19,24V943000,0,,,,,,,,,13,0
FORD,F-150,2023,STEERING,2023-12-14,23V847000,1,2023-12-14,0,0.014945,3.0,4.333333,3.0,0.0,0.0,390,0
HONDA,ACCORD HYBRID,2023,POWER TRAIN,2023-08-17,23V588000,0,,,,,,,,,229,0
FORD,MUSTANG,2023,ELECTRICAL SYSTEM,2023-10-26,23V727000,0,,,,,,,,,366,0
FORD,MUSTANG,2023,ELECTRICAL SYSTEM,2025-10-09,25V689000,0,,,,,,,,,636,0
TOYOTA,GRAND HIGHLANDER,2024,BACK OVER PREVENTION,2025-10-30,25V744000,1,2025-05-08,175,0.013452,2.0,4.333333,0.0,0.0,0.0,459,0
MCLAREN,ARTURA,2023,FUEL/PROPULSION SYSTEM,2022-12-08,22V908000,0,,,,,,,,,0,0
GMC,SIERRA 3500,2024,STEERING,2023-08-03,23V549000,0,,,,,,,,,37,0
PORSCHE,TAYCAN,2020,SUSPENSION,2021-11-18,21V911000,0,,,,,,,,,39,0
CADILLAC,CT5,2020,POWER TRAIN,2025-03-06,25V148000,0,,,,,,,,,71,0
MERCEDES-BENZ,E 350,2021,BACK OVER PREVENTION,2022-04-07,22V232000,0,,,,,,,,,133,0
HONDA,PASSPORT,2023,BACK OVER PREVENTION,2023-06-15,23V431000,0,,,,,,,,,180,0
CHEVROLET,TAHOE,2023,SERVICE BRAKES,2024-09-12,24V674000,1,2024-03-28,168,0.023496,1.0,2.166667,1.0,1.0,1.0,325,0
PETERBILT,579,2020,SERVICE BRAKES,2021-11-18,21V906000,0,,,,,,,,,7,0
KIA,CADENZA,2016,SERVICE BRAKES,2023-09-21,23V652000,0,,,,,,,,,225,0
FORD,TRANSIT,2023,BACK OVER PREVENTION,2023-08-24,23V598000,0,,,,,,,,,310,0
FORD,TRANSIT,2023,BACK OVER PREVENTION,2025-04-10,25V242000,0,,,,,,,,,626,0
FORD,TRANSIT,2023,BACK OVER PREVENTION,2025-05-08,25V315000,0,,,,,,,,,628,0
FORD,TRANSIT,2023,BACK OVER PREVENTION,2025-06-26,25V442000,1,2025-05-15,42,0.014041,2.0,4.333333,2.0,0.0,0.0,609,0
NISSAN,LEAF,2020,VEHICLE SPEED CONTROL,2023-07-13,23V494000,0,,,,,,,,,247,0
AUDI,E-TRON,2022,ELECTRICAL SYSTEM,2023-12-07,23V842000,0,,,,,,,,,99,0
AUDI,E-TRON,2022,ELECTRICAL SYSTEM,2023-12-14,23V867000,1,2023-12-14,0,0.013191,1.0,4.333333,1.0,0.0,0.0,100,0
TOYOTA,SEQUOIA HYBRID,2023,STRUCTURE,2024-08-22,24V640000,1,2024-02-29,175,0.011363,2.0,4.333333,0.0,0.0,0.5,401,0
MAZDA,CX-90,2024,SUSPENSION,2023-06-15,23V429000,0,,,,,,,,,25,0
NISSAN,QUEST,2009,AIR BAGS,2023-02-09,23V067000,0,,,,,,,,,94,0
ACURA,INTEGRA,2023,SERVICE BRAKES,2023-06-15,23V430000,0,,,,,,,,,30,0
FORD,MUSTANG,2021,FUEL/PROPULSION SYSTEM,2025-07-03,25V455000,0,,,,,,,,,599,0
MAZDA,CX-9,2019,FUEL/PROPULSION SYSTEM,2021-11-11,21V875000,0,,,,,,,,,63,0
AUDI,Q5,2022,ENGINE,2025-05-01,25V294000,0,,,,,,,,,116,0
HYUNDAI,ELANTRA COUPE,2014,SERVICE BRAKES,2023-09-21,23V651000,0,,,,,,,,,205,0
JEEP,WRANGLER 4XE,2024,ENGINE,2025-11-06,25V766000,1,2025-05-15,175,0.031846,2.0,0.27957,0.0,0.0,0.0,242,0
HYUNDAI,PALISADE,2023,SEAT BELTS,2025-09-11,25V607000,1,2025-03-20,175,0.029343,16.0,3.151515,0.0,0.0,0.125,400,0
HONDA,ACCORD HYBRID,2024,ELECTRICAL SYSTEM,2025-11-13,25V785000,1,2025-05-22,175,0.028476,1.0,0.619048,0.0,0.0,0.0,411,0
TOYOTA,TUNDRA,2024,ENGINE,2025-11-06,25V767000,1,2025-05-15,175,0.035956,13.0,1.564815,0.0,0.0,0.153846,458,0
JEEP,GRAND WAGONEER,2022,SEATS,2021-11-18,21V919000,0,,,,,,,,,62,0
MERCEDES-BENZ,CLA 250,2018,STRUCTURE,2023-12-14,23V854000,0,,,,,,,,,163,0
RIVIAN,R1S,2022,AIR BAGS,2023-02-16,23V109000,0,,,,,,,,,12,0
RIVIAN,R1S,2022,AIR BAGS,2023-03-09,23V159000,0,,,,,,,,,16,0
RIVIAN,R1S,2022,AIR BAGS,2024-05-30,24V408000,1,2023-12-21,161,0.013191,1.0,4.333333,1.0,0.0,0.0,41,0
NISSAN,LEAF,2021,BACK OVER PREVENTION,2024-02-01,24V071000,1,2023-12-21,42,0.013191,1.0,4.333333,1.0,0.0,0.0,232,0
HYUNDAI,ELANTRA COUPE,2013,SERVICE BRAKES,2023-09-21,23V651000,0,,,,,,,,,191,0
MERCEDES-BENZ,GLE 450,2020,FUEL/PROPULSION SYSTEM,2021-12-09,21V961000,0,,,,,,,,,175,0
HONDA,ACCORD,2023,SEATS,2024-11-14,24V859000,0,,,,,,,,,339,0
BMW,320I,2015,AIR BAGS,2024-04-18,24V288000,1,2023-12-21,119,0.009409,1.0,4.333333,1.0,0.0,1.0,129,0
BMW,320I,2015,AIR BAGS,2024-07-11,24V527000,1,2024-01-18,175,0.009208,1.0,4.333333,0.0,0.0,1.0,117,0
MERCEDES-BENZ,AMG GLE43,2017,STRUCTURE,2023-12-14,23V854000,0,,,,,,,,,167,0
VOLKSWAGEN,ID.4,2022,STRUCTURE,2023-04-27,23V312000,0,,,,,,,,,165,0
VOLKSWAGEN,ID.4,2022,STRUCTURE,2024-08-29,24V651000,1,2024-03-07,175,0.011363,2.0,4.333333,0.0,0.0,0.5,232,0
GENESIS,GV80,2024,ELECTRICAL SYSTEM,2025-02-13,25V105000,1,2024-08-22,175,0.01711,1.0,1.444444,0.0,0.0,1.0,60,0
KIA,TELLURIDE,2024,ENGINE,2024-02-01,24V077000,1,2023-12-28,35,0.013191,1.0,4.333333,1.0,0.0,0.0,175,0
HONDA,ACCORD HYBRID,2023,SEATS,2024-11-14,24V859000,0,,,,,,,,,339,0
BOSCH,CP4 FUEL PUMPS,9999,FUEL/PROPULSION SYSTEM,2021-12-16,21E101000,0,,,,,,,,,0,0
JEEP,GRAND CHEROKEE,2024,FUEL/PROPULSION SYSTEM,2024-12-12,24V926000,0,,,,,,,,,156,0
TOYOTA,COROLLA,2024,STEERING,2024-11-21,24V878000,1,2024-05-30,175,0.020512,1.0,2.166667,0.0,0.0,0.0,334,0
VOLKSWAGEN,ATLAS CROSS SPORT,2023,SERVICE BRAKES,2022-09-22,22V718000,0,,,,,,,,,61,0
VOLKSWAGEN,ATLAS CROSS SPORT,2023,SERVICE BRAKES,2025-06-26,25V434000,0,,,,,,,,,208,0
RELION,INSIGHT 48V LITHIUM BATTE,9999,ELECTRICAL SYSTEM,2023-01-26,23E005000,0,,,,,,,,,0,0
OLIVER TRAVEL TRAILERS,LEGACY ELITE II,2022,EQUIPMENT,2024-11-14,24V876000,0,,,,,,,,,0,0
TOYOTA,HIGHLANDER,2023,AIR BAGS,2023-07-06,23V480000,0,,,,,,,,,204,0
TOYOTA,HIGHLANDER,2023,AIR BAGS,2025-01-23,25V040000,1,2024-09-26,119,0.029546,1.0,1.083333,1.0,1.0,1.0,436,0
FORD,F-250 SD,2023,VISIBILITY,2025-03-13,25V157000,0,,,,,,,,,614,0
MERCEDES-BENZ,GLB 250,2020,SERVICE BRAKES,2023-10-26,23V732000,0,,,,,,,,,156,0
MERCEDES-BENZ,GLC 300,2024,ELECTRICAL SYSTEM,2024-02-15,24V115000,1,2024-01-04,42,0.013191,1.0,4.333333,1.0,0.0,0.0,96,0
MERCEDES-BENZ,GLC 300,2024,ELECTRICAL SYSTEM,2025-05-08,25V255000,1,2024-11-14,175,0.028457,1.0,0.722222,1.0,0.0,0.0,145,0
PORSCHE,CAYENNE,2024,EXTERIOR LIGHTING,2023-07-27,23V527000,0,,,,,,,,,5,0
KIA,SOUL EV,2019,POWER TRAIN,2023-10-26,23V724000,0,,,,,,,,,220,0
KIA,SOUL EV,2019,ELECTRICAL SYSTEM,2023-03-23,23V218000,0,,,,,,,,,179,0
KIA,SOUL EV,2019,ELECTRICAL SYSTEM,2023-10-26,23V724000,0,,,,,,,,,220,0
MAZDA,CX-3,2016,BACK OVER PREVENTION,2023-07-13,23V487000,0,,,,,,,,,70,0
CHEVROLET,SILVERADO 3500,2024,STEERING,2023-08-03,23V549000,0,,,,,,,,,100,0
HYUNDAI,PALISADE,2024,ENGINE,2024-02-08,24V106000,1,2024-01-11,28,0.013191,1.0,4.333333,1.0,0.0,0.0,209,0
FORD,F-250 SD,2023,FUEL/PROPULSION SYSTEM,2025-07-03,25V455000,1,2025-04-17,77,0.014805,1.0,4.333333,1.0,1.0,1.0,607,0
HONDA,PILOT,2024,SERVICE BRAKES,2025-06-12,25V391000,1,2025-05-01,42,0.024426,1.0,1.444444,1.0,0.0,0.0,367,0
NISSAN,ROGUE SPORT,2021,ELECTRICAL SYSTEM,2023-02-16,23V093000,0,,,,,,,,,200,0
KIA,TELLURIDE,2023,SEATS,2024-05-30,24V407000,1,2024-01-11,140,0.009409,1.0,4.333333,1.0,0.0,1.0,300,0
JEEP,RENEGADE,2022,EXTERIOR LIGHTING,2024-12-05,24V918000,0,,,,,,,,,253,0
BMW,I7,2024,ELECTRICAL SYSTEM,2023-10-12,23V700000,0,,,,,,,,,77,0
BMW,I7,2024,ELECTRICAL SYSTEM,2025-07-10,25V470000,1,2025-06-05,35,0.009409,1.0,4.333333,1.0,0.0,1.0,177,0
BMW,I7,2024,ELECTRICAL SYSTEM,2025-07-17,25V395000,1,2025-06-05,42,0.009409,1.0,4.333333,1.0,0.0,1.0,176,0
CHRYSLER,PACIFICA,2023,FUEL/PROPULSION SYSTEM,2023-01-12,23V010000,0,,,,,,,,,23,0
CHRYSLER,PACIFICA,2023,FUEL/PROPULSION SYSTEM,2023-07-20,23V500000,0,,,,,,,,,27,0
BMW,760I,2023,SERVICE BRAKES,2024-02-08,24V104000,1,2024-01-11,28,0.009409,1.0,4.333333,1.0,0.0,1.0,126,0
TOYOTA,RAV4 PRIME,2024,ELECTRICAL SYSTEM,2025-09-11,25V595000,1,2025-06-26,77,0.014805,1.0,4.333333,1.0,1.0,1.0,426,0
KIA,SORENTO,2023,EQUIPMENT,2023-08-10,23V579000,0,,,,,,,,,243,0
MERCEDES-BENZ,GLC 300,2024,POWER TRAIN,2024-11-14,24V862000,1,2024-11-14,0,0.020954,1.0,2.166667,1.0,0.0,0.0,163,0
JEEP,GRAND CHEROKEE,2024,EXTERIOR LIGHTING,2024-02-22,24V130000,1,2024-01-18,35,0.013191,1.0,4.333333,1.0,0.0,0.0,105,0
LEXUS,NX,2023,AIR BAGS,2025-01-23,25V040000,0,,,,,,,,,62,0
JAYCO TRAVEL TRAILER,EAGLE,2023,STRUCTURE,2022-08-04,22V571000,0,,,,,,,,,1,0
MERCEDES-BENZ,GLA 250,2019,FUEL/PROPULSION SYSTEM,2021-12-09,21V961000,0,,,,,,,,,171,0
RAM,1500,2024,SERVICE BRAKES,2024-09-05,24V653000,1,2024-03-14,175,0.013452,2.0,4.333333,0.0,0.0,0.0,61,0
INEOS,GRENADIER,2024,STEERING,2023-12-28,23V903000,0,,,,,,,,,0,0
ACURA,TLX,2020,AIR BAGS,2024-02-01,24V064000,1,2024-01-18,14,0.014805,1.0,4.333333,1.0,1.0,1.0,67,0
INTERNATIONAL,LT,2019,ENGINE,2022-09-15,22V691000,0,,,,,,,,,5,0
MERCEDES-BENZ,E 350,2021,FUEL/PROPULSION SYSTEM,2023-06-22,23V445000,0,,,,,,,,,176,0
MERCEDES-BENZ,GLC 300,2021,EXTERIOR LIGHTING,2022-04-14,22V261000,0,,,,,,,,,134,0
MERCEDES-BENZ,GLC 300,2021,EXTERIOR LIGHTING,2024-02-01,24V070000,1,2024-01-18,14,0.013191,1.0,4.333333,1.0,0.0,0.0,203,0
BMW,330E,2023,ELECTRICAL SYSTEM,2023-02-23,23V118000,0,,,,,,,,,60,0
FLEETWOOD,BOUNDER,2023,TRAILER HITCHES,2023-05-18,23V351000,0,,,,,,,,,3,0
MERCEDES-BENZ,SPRINTER 3500,2022,ELECTRICAL SYSTEM,2023-02-16,23V101000,0,,,,,,,,,131,0
MERCEDES-BENZ,SPRINTER 3500,2022,ELECTRICAL SYSTEM,2023-03-23,23V204000,0,,,,,,,,,130,0
MERCEDES-BENZ,SPRINTER 3500,2022,ELECTRICAL SYSTEM,2024-12-12,24V930000,0,,,,,,,,,219,0
HONDA,CR-V HYBRID,2023,FUEL/PROPULSION SYSTEM,2024-10-10,24V763000,0,,,,,,,,,334,0
FORD,MAVERICK HYBRID,2024,POWER TRAIN,2025-12-18,25V881000,1,2025-06-26,175,0.028826,1.0,0.361111,-2.0,0.0,0.0,527,0
KIA,NIRO EV,2024,ELECTRICAL SYSTEM,2025-01-16,25V024000,0,,,,,,,,,253,0
FORD,F-150 LIGHTNING BEV,2023,VISIBILITY,2023-10-12,23V688000,0,,,,,,,,,358,0
CADILLAC,XT5,2024,AIR BAGS,2024-05-02,24V311000,1,2024-01-18,105,0.014805,1.0,4.333333,1.0,1.0,1.0,40,0
CADILLAC,XT5,2024,ELECTRICAL SYSTEM,2024-06-20,24V459000,1,2024-01-18,154,0.014805,1.0,4.333333,1.0,1.0,1.0,48,0
MINI,COOPER CLUBMAN,2013,ELECTRICAL SYSTEM,2023-05-11,23V337000,0,,,,,,,,,8,0
KIA,NIRO,2018,FUEL/PROPULSION SYSTEM,2022-11-10,22V836000,0,,,,,,,,,179,0
TOYOTA,RAV4,2024,SERVICE BRAKES,2024-12-05,24V911000,1,2024-06-13,175,0.016414,3.0,3.25,0.0,0.333333,0.666667,343,0
EVENFLO,GOLD REVOLVE360 EXTEND,9999,CHILD SEAT,2025-03-13,25C003000,1,2024-09-19,175,0.024083,5.0,1.547619,0.0,0.0,0.4,20,0
MERCEDES-BENZ,C 300,2021,ELECTRICAL SYSTEM,2022-05-19,22V365000,0,,,,,,,,,134,0
SUBARU,ASCENT,2023,POWER TRAIN,2023-09-21,23V647000,0,,,,,,,,,103,0
SUBARU,ASCENT,2023,SUSPENSION,2023-06-01,23V392000,0,,,,,,,,,85,0
FORD,MUSTANG,2022,STEERING,2024-06-27,24V493000,1,2024-01-25,154,0.013191,1.0,4.333333,1.0,0.0,0.0,614,0
FORD,MUSTANG,2022,STEERING,2025-02-13,25V096000,1,2024-09-05,161,0.020954,1.0,2.166667,1.0,0.0,0.0,627,0
INFINITI,QX50,2022,ENGINE,2025-06-26,25V437000,0,,,,,,,,,20,0
INTERNATIONAL,CV,2022,PARKING BRAKE,2023-04-20,23V282000,0,,,,,,,,,3,0
INTERNATIONAL,CV,2022,PARKING BRAKE,2025-06-19,25V414000,0,,,,,,,,,0,0
VOLVO,VNL,2022,SERVICE BRAKES,2022-12-01,22V896000,0,,,,,,,,,62,0
MERCEDES-BENZ,CLA 250,2020,SERVICE BRAKES,2023-10-26,23V732000,0,,,,,,,,,156,0
MERCEDES-BENZ,CLA 250,2020,EQUIPMENT,2023-10-26,23V732000,0,,,,,,,,,156,0
AUDI,Q5,2023,AIR BAGS,2024-03-28,24V251000,1,2024-01-25,63,0.013191,1.0,4.333333,1.0,0.0,0.0,79,0
AUDI,Q5,2022,ELECTRICAL SYSTEM,2023-12-07,23V842000,0,,,,,,,,,99,0
AUDI,Q5,2022,ELECTRICAL SYSTEM,2024-11-21,24V898000,1,2024-10-03,49,0.01498,1.0,2.166667,1.0,0.0,1.0,94,0
AUDI,Q5,2022,ELECTRICAL SYSTEM,2025-02-06,25V080000,1,2024-10-03,126,0.01498,1.0,2.166667,1.0,0.0,1.0,92,0
ALFA ROMEO,GIULIA,2024,AIR BAGS,2024-06-27,24V510000,1,2024-01-25,154,0.014805,1.0,4.333333,1.0,1.0,1.0,5,0
MERCEDES-BENZ,METRIS,2022,FUEL/PROPULSION SYSTEM,2022-03-03,22V134000,0,,,,,,,,,76,0
MERCEDES-BENZ,METRIS,2022,FUEL/PROPULSION SYSTEM,2023-06-22,23V444000,0,,,,,,,,,149,0
MERCEDES-BENZ,METRIS,2022,FUEL/PROPULSION SYSTEM,2023-12-21,23V881000,0,,,,,,,,,208,0
MERCEDES-BENZ,AMG GLE63,2016,FUEL/PROPULSION SYSTEM,2022-12-22,22V955000,0,,,,,,,,,158,0
NISSAN,PATHFINDER,2023,SEATS,2023-04-13,23V268000,0,,,,,,,,,101,0
HONDA,ACCORD,2023,FUEL/PROPULSION SYSTEM,2023-12-14,23V858000,0,,,,,,,,,297,0
HONDA,ACCORD,2023,FUEL/PROPULSION SYSTEM,2024-10-10,24V763000,0,,,,,,,,,334,0
HYUNDAI,ELANTRA,2022,BACK OVER PREVENTION,2024-11-21,24V879000,1,2024-05-30,175,0.020512,1.0,2.166667,0.0,0.0,0.0,348,0
GMC,YUKON,2021,EXTERIOR LIGHTING,2022-11-03,22V827000,0,,,,,,,,,133,0
TIFFIN,ALLEGRO BAY,2023,STRUCTURE,2024-09-05,24V669000,1,2024-03-14,175,0.012911,1.0,4.333333,0.0,0.0,0.0,19,0
FORD,F-450 SD,2023,STEERING,2023-05-11,23V344000,0,,,,,,,,,239,0
FORD,F-450 SD,2023,STEERING,2023-12-14,23V847000,0,,,,,,,,,391,0
MAZDA,CX-90,2024,BACK OVER PREVENTION,2023-08-03,23V553000,0,,,,,,,,,34,0
MAZDA,CX-90,2024,BACK OVER PREVENTION,2023-10-26,23V718000,0,,,,,,,,,47,0
POLESTAR,POLESTAR 2,2024,BACK OVER PREVENTION,2024-06-20,24V477000,1,2024-02-01,140,0.013191,1.0,4.333333,1.0,0.0,0.0,15,0
POLESTAR,POLESTAR 2,2024,BACK OVER PREVENTION,2025-04-24,25V280000,1,2024-10-31,175,0.020512,1.0,2.166667,0.0,0.0,0.0,14,0
POLESTAR,POLESTAR 2,2024,BACK OVER PREVENTION,2025-09-11,25V615000,1,2025-03-20,175,0.020512,1.0,2.166667,0.0,0.0,0.0,31,0
JEEP,GRAND WAGONEER,2022,SEAT BELTS,2023-10-26,23V716000,0,,,,,,,,,247,0
PORSCHE,TAYCAN,2023,SERVICE BRAKES,2024-06-13,24V455000,1,2024-02-01,133,0.013191,1.0,4.333333,1.0,0.0,0.0,30,0
JEEP,GRAND CHEROKEE,2024,BACK OVER PREVENTION,2024-04-25,24V289000,1,2024-02-01,84,0.013191,1.0,4.333333,1.0,0.0,0.0,107,0
JEEP,GRAND CHEROKEE,2024,BACK OVER PREVENTION,2024-12-19,24V944000,1,2024-07-04,168,0.01498,1.0,2.166667,1.0,0.0,1.0,156,0
HONDA,ODYSSEY,2020,AIR BAGS,2024-02-01,24V064000,1,2024-02-01,0,0.009409,1.0,4.333333,1.0,0.0,1.0,337,0
KEYSTONE,ALPINE,2022,STRUCTURE,2022-01-13,22V015000,0,,,,,,,,,8,0
CHEVROLET,EQUINOX,2023,SEATS,2022-09-29,22V724000,0,,,,,,,,,79,0
GRAND DESIGN,MOMENTUM,2022,SUSPENSION,2023-07-13,23V490000,0,,,,,,,,,14,0
GRAND DESIGN,MOMENTUM,2022,STRUCTURE,2022-08-04,22V603000,0,,,,,,,,,9,0
GRAND DESIGN,MOMENTUM,2022,STRUCTURE,2022-08-11,22V618000,0,,,,,,,,,9,0
MAZDA,MAZDA3,2024,LANE DEPARTURE,2023-10-26,23V718000,0,,,,,,,,,47,0
MAZDA,MAZDA3,2024,LANE DEPARTURE,2024-08-29,24V649000,1,2024-03-07,175,0.014492,1.0,4.333333,0.0,1.0,1.0,78,0
CADILLAC,XT6,2024,ELECTRICAL SYSTEM,2024-06-20,24V459000,1,2024-02-01,140,0.013191,1.0,4.333333,1.0,0.0,0.0,48,0
FOREST RIVER,FR3,2022,EQUIPMENT,2022-07-28,22V556000,0,,,,,,,,,54,0
FOREST RIVER,FR3,2022,EQUIPMENT,2024-02-08,24V103000,1,2024-02-01,7,0.010018,2.0,4.333333,2.0,0.0,1.0,45,0
FOREST RIVER,FR3,2022,EQUIPMENT,2024-11-07,24V771000,0,,,,,,,,,36,0
FOREST RIVER,CARDINAL,2019,STRUCTURE,2021-07-08,21V523000,0,,,,,,,,,49,0
GMC,ACADIA,2022,AIR BAGS,2021-09-09,21V702000,0,,,,,,,,,48,0
JEEP,GRAND CHEROKEE,2022,VISIBILITY,2024-02-15,24V111000,1,2024-02-01,14,0.013191,1.0,4.333333,1.0,0.0,0.0,258,0
CHEVROLET,SILVERADO 2500,2024,STEERING,2023-08-03,23V549000,0,,,,,,,,,100,0
KIA,NIRO,2021,POWER TRAIN,2023-07-27,23V534000,0,,,,,,,,,251,0
TOYOTA,SIENNA HYBRID,2021,AIR BAGS,2023-12-14,23V865000,0,,,,,,,,,291,0
CHEVROLET,SILVERADO 2500,2023,LATCHES/LOCKS/LINKAGES,2024-02-01,24V060000,0,,,,,,,,,247,0
CHEVROLET,TAHOE,2023,FUEL/PROPULSION SYSTEM,2025-09-18,25V619000,1,2025-03-27,175,0.020512,1.0,2.166667,0.0,0.0,0.0,432,0
FORD,MUSTANG,2022,BACK OVER PREVENTION,2025-06-26,25V442000,0,,,,,,,,,608,0
TOYOTA,TUNDRA,2024,EXTERIOR LIGHTING,2025-05-15,25V322000,0,,,,,,,,,371,0
LAND ROVER,RANGE ROVER SPORT,2023,ENGINE,2023-02-02,23V044000,0,,,,,,,,,18,0
TOYOTA,HIGHLANDER HYBRID,2021,STRUCTURE,2023-10-26,23V720000,0,,,,,,,,,290,0
MERCEDES-BENZ,E 350,2021,ELECTRICAL SYSTEM,2022-05-19,22V365000,0,,,,,,,,,134,0
FORD,F-250 SD,2023,POWER TRAIN,2023-08-24,23V595000,0,,,,,,,,,310,0
TESLA,MODEL Y,2024,ELECTRICAL SYSTEM,2024-01-25,24V051000,0,,,,,,,,,70,0
TESLA,MODEL Y,2024,ELECTRICAL SYSTEM,2024-07-18,24V554000,1,2024-02-08,161,0.013191,1.0,4.333333,1.0,0.0,0.0,124,0
TESLA,MODEL Y,2024,ELECTRICAL SYSTEM,2025-01-02,25V002000,1,2024-07-11,175,0.024747,4.0,1.733333,0.0,0.5,0.75,140,0
THOR MOTOR COACH,VENETIAN,2019,STRUCTURE,2021-07-08,21V522000,0,,,,,,,,,12,0
MERCEDES-BENZ,E 450,2023,FUEL/PROPULSION SYSTEM,2023-06-22,23V445000,0,,,,,,,,,99,0
MERCEDES-BENZ,E 450,2023,FUEL/PROPULSION SYSTEM,2023-12-21,23V880000,0,,,,,,,,,167,0
GMC,TERRAIN,2023,AIR BAGS,2022-12-15,22V929000,0,,,,,,,,,33,0
LAND ROVER,RANGE ROVER,2023,BACK OVER PREVENTION,2024-12-19,24V947000,0,,,,,,,,,28,0
CHEVROLET,SILVERADO 5500,2023,SERVICE BRAKES,2025-06-12,25V390000,0,,,,,,,,,412,0
LEXUS,ES,2021,AIR BAGS,2023-12-14,23V865000,0,,,,,,,,,35,0
MERCEDES-BENZ,GLE 350,2024,ENGINE,2023-12-21,23V878000,0,,,,,,,,,83,0
WINNEBAGO,TRAVATO,2020,ELECTRICAL SYSTEM,2021-10-07,21V793000,0,,,,,,,,,11,0
TESLA,MODEL S,2021,LATCHES/LOCKS/LINKAGES,2021-12-16,21V00B000,0,,,,,,,,,104,0
TESLA,MODEL S,2021,LATCHES/LOCKS/LINKAGES,2024-07-18,24V554000,1,2024-02-15,154,0.013191,1.0,4.333333,1.0,0.0,0.0,162,0
CHRYSLER,PACIFICA,2023,STEERING,2024-03-14,24V199000,1,2024-02-15,28,0.013191,1.0,4.333333,1.0,0.0,0.0,34,0
WINNEBAGO,TRAVATO,2022,ELECTRICAL SYSTEM,2021-10-07,21V793000,0,,,,,,,,,9,0
HONDA,CIVIC,2021,FUEL/PROPULSION SYSTEM,2023-12-14,23V858000,0,,,,,,,,,331,0
BMW,X7,2019,ENGINE,2024-08-01,24V576000,1,2024-02-15,168,0.009409,1.0,4.333333,1.0,0.0,1.0,159,0
MERCEDES-BENZ,EQE350,2023,ELECTRICAL SYSTEM,2023-12-14,23V853000,0,,,,,,,,,166,0
ALFA ROMEO,TONALE PHEV,2024,ELECTRICAL SYSTEM,2023-09-07,23V623000,0,,,,,,,,,6,0
FOREST RIVER,SALEM,2024,ELECTRICAL SYSTEM,2025-10-09,25V682000,1,2025-05-22,140,0.009409,1.0,4.333333,1.0,0.0,1.0,31,0
FORD,F-350 SD,2024,BACK OVER PREVENTION,2024-10-24,24V806000,1,2024-05-02,175,0.013452,2.0,4.333333,0.0,0.0,0.0,307,0
FORD,F-350 SD,2024,BACK OVER PREVENTION,2025-05-08,25V315000,0,,,,,,,,,426,0
MERCEDES-BENZ,AMG G63,2023,POWER TRAIN,2023-12-14,23V851000,0,,,,,,,,,166,0
HYUNDAI,IONIQ 6,2023,POWER TRAIN,2024-02-01,24V065000,0,,,,,,,,,358,0
NATIONAL,COMMANDO HTS,9999,TIRES,2023-11-02,23T009000,0,,,,,,,,,0,0
KIA,EV9,2024,ELECTRICAL SYSTEM,2024-10-10,24V757000,1,2024-04-18,175,0.012525,3.0,4.333333,0.0,0.0,0.333333,240,0
CHEVROLET,SILVERADO 2500,2022,LATCHES/LOCKS/LINKAGES,2024-02-01,24V060000,0,,,,,,,,,322,0
FORD,RANGER,2020,SEATS,2021-09-30,21V765000,0,,,,,,,,,329,0
JEEP,WAGONEER,2023,STEERING,2024-03-14,24V199000,1,2024-02-22,21,0.013191,1.0,4.333333,1.0,0.0,0.0,212,0
RIVIAN,R1T,2023,SEAT BELTS,2025-05-29,25V370000,0,,,,,,,,,38,0
JEEP,GRAND CHEROKEE,2024,ELECTRICAL SYSTEM,2024-02-22,24V130000,1,2024-02-22,0,0.009409,1.0,4.333333,1.0,0.0,1.0,105,0
JEEP,GRAND CHEROKEE,2024,ELECTRICAL SYSTEM,2024-11-14,24V872000,1,2024-06-20,147,0.01498,1.0,2.166667,1.0,0.0,1.0,147,0
JEEP,GRAND CHEROKEE,2024,ELECTRICAL SYSTEM,2025-09-04,25V576000,1,2025-03-13,175,0.026881,2.0,1.083333,0.0,0.0,0.0,227,0
JEEP,GRAND CHEROKEE,2024,ELECTRICAL SYSTEM,2025-10-30,25V741000,1,2025-05-08,175,0.024536,3.0,1.181818,0.0,0.0,0.333333,244,0
JEEP,GRAND CHEROKEE,2024,ENGINE,2024-12-12,24V926000,1,2024-09-19,84,0.01498,1.0,2.166667,1.0,0.0,1.0,155,0
MERCEDES-BENZ,EQS580,2023,ELECTRICAL SYSTEM,2023-04-27,23V309000,0,,,,,,,,,89,0
MERCEDES-BENZ,EQS580,2023,ELECTRICAL SYSTEM,2023-06-01,23V405000,0,,,,,,,,,96,0
ALLIANCE RV,VALOR,2022,ELECTRICAL SYSTEM,2022-03-17,22V174000,0,,,,,,,,,1,0
ALLIANCE RV,VALOR,2022,ELECTRICAL SYSTEM,2023-10-19,23V701000,0,,,,,,,,,3,0
GRAND DESIGN,MOMENTUM,2023,STRUCTURE,2022-08-04,22V603000,0,,,,,,,,,2,0
GRAND DESIGN,MOMENTUM,2023,STRUCTURE,2022-08-11,22V618000,0,,,,,,,,,2,0
GRAND DESIGN,MOMENTUM,2023,STRUCTURE,2024-12-05,24V916000,1,2024-06-13,175,0.015487,2.0,2.888889,0.0,0.0,0.5,34,0
HYUNDAI,TUCSON,2024,STEERING,2024-05-30,24V412000,1,2024-02-22,98,0.009409,1.0,4.333333,1.0,0.0,1.0,238,0
NISSAN,LEAF,2022,VEHICLE SPEED CONTROL,2023-07-13,23V494000,0,,,,,,,,,187,0
MERCEDES-BENZ,GLS580,2021,ELECTRICAL SYSTEM,2022-04-07,22V231000,0,,,,,,,,,133,0
MERCEDES-BENZ,GLS580,2021,ELECTRICAL SYSTEM,2022-05-19,22V365000,0,,,,,,,,,134,0
MERCEDES-BENZ,GLS580,2021,ELECTRICAL SYSTEM,2024-03-14,24V207000,1,2024-02-22,21,0.013191,1.0,4.333333,1.0,0.0,0.0,212,0
JEEP,GRAND CHEROKEE 4XE,2024,ENGINE,2025-11-06,25V766000,0,,,,,,,,,243,0
MERCEDES-BENZ,GLE 350,2022,FUEL/PROPULSION SYSTEM,2023-12-21,23V880000,0,,,,,,,,,208,0
JAYCO FIFTH WHEEL,SEISMIC,2023,STRUCTURE,2022-08-04,22V571000,0,,,,,,,,,0,0
BMW,X1,2023,ELECTRONIC STABILITY CONTROL (ESC),2024-02-08,24V104000,0,,,,,,,,,127,0
BMW,X1,2023,ELECTRONIC STABILITY CONTROL (ESC),2024-09-12,24V697000,1,2024-03-21,175,0.012911,1.0,4.333333,0.0,0.0,0.0,178,0
BMW,X1,2023,ELECTRONIC STABILITY CONTROL (ESC),2024-09-26,24V739000,1,2024-04-04,175,0.012911,1.0,4.333333,0.0,0.0,0.0,180,0
BMW,X1,2023,SERVICE BRAKES,2024-02-08,24V104000,0,,,,,,,,,127,0
BMW,X1,2023,SERVICE BRAKES,2024-09-12,24V697000,1,2024-03-21,175,0.012911,1.0,4.333333,0.0,0.0,0.0,178,0
BMW,X1,2023,SERVICE BRAKES,2024-09-26,24V739000,1,2024-04-04,175,0.012911,1.0,4.333333,0.0,0.0,0.0,180,0
AUTOCAR,XPEDITOR,2021,SERVICE BRAKES,2022-03-31,22V216000,0,,,,,,,,,0,0
AUTOCAR,XPEDITOR,2021,SERVICE BRAKES,2025-07-03,25V449000,0,,,,,,,,,0,0
JEEP,GRAND CHEROKEE 4XE,2024,ELECTRICAL SYSTEM,2024-09-26,24V720000,1,2024-04-04,175,0.011363,2.0,4.333333,0.0,0.0,0.5,141,0
KIA,SOUL EV,2015,ELECTRICAL SYSTEM,2023-03-23,23V218000,0,,,,,,,,,208,0
KIA,SOUL EV,2015,ELECTRICAL SYSTEM,2023-10-26,23V724000,0,,,,,,,,,204,0
GMC,SIERRA 2500,2022,SERVICE BRAKES,2021-09-23,21V758000,0,,,,,,,,,49,0
MERCEDES-BENZ,AMG EQS,2023,ELECTRICAL SYSTEM,2023-06-01,23V405000,0,,,,,,,,,96,0
MERCEDES-BENZ,AMG EQS,2023,ELECTRICAL SYSTEM,2024-02-15,24V115000,0,,,,,,,,,187,0
CHRYSLER,VOYAGER,2021,SEATS,2022-03-24,22V181000,0,,,,,,,,,36,0
FORD,EXPLORER,2023,SUSPENSION,2024-02-08,24V091000,0,,,,,,,,,424,0
GENESIS,GV60,2023,SEAT BELTS,2023-02-16,23V094000,0,,,,,,,,,27,0
GENESIS,GV60,2023,SEAT BELTS,2023-08-03,23V557000,0,,,,,,,,,49,0
VINFAST,VF 8,2023,LANE DEPARTURE,2025-08-28,25V559000,0,,,,,,,,,16,0
TOYOTA,TACOMA,2023,POWER TRAIN,2024-02-22,24V152000,0,,,,,,,,,281,0
INTERNATIONAL,LT,2024,SERVICE BRAKES,2023-05-25,23V370000,0,,,,,,,,,0,0
INTERNATIONAL,LT,2024,SERVICE BRAKES,2024-10-31,24V818000,1,2024-05-09,175,0.012911,1.0,4.333333,0.0,0.0,0.0,2,0
INTERNATIONAL,LT,2024,SERVICE BRAKES,2025-07-31,25V501000,0,,,,,,,,,0,0
INTERNATIONAL,LT,2024,SERVICE BRAKES,2025-11-13,25V781000,0,,,,,,,,,3,0
INTERNATIONAL,LT,2024,SERVICE BRAKES,2025-11-20,25V806000,0,,,,,,,,,3,0
ACURA,TLX,2020,FUEL/PROPULSION SYSTEM,2023-12-14,23V858000,0,,,,,,,,,72,0
JEEP,WAGONEER,2023,AIR BAGS,2024-03-14,24V199000,1,2024-02-29,14,0.014805,1.0,4.333333,1.0,1.0,1.0,212,0
ALLIANCE RV,AVENUE,2022,STRUCTURE,2024-04-18,24V286000,1,2024-03-07,42,0.013191,1.0,4.333333,1.0,0.0,0.0,5,0
NISSAN,ROGUE,2023,SEATS,2023-04-13,23V268000,0,,,,,,,,,101,0
FORD,C-MAX,2015,BACK OVER PREVENTION,2025-10-09,25V695000,1,2025-07-17,84,0.010018,2.0,4.333333,2.0,0.0,1.0,457,0
MERCEDES-BENZ,EQS 450+,2022,ELECTRICAL SYSTEM,2023-04-27,23V309000,0,,,,,,,,,143,0
FORD,BRONCO,2023,FUEL/PROPULSION SYSTEM,2025-07-03,25V455000,0,,,,,,,,,608,0
FCCC,XCM,2018,ELECTRICAL SYSTEM,2021-12-23,21V00H000,0,,,,,,,,,3,0
FCCC,XCM,2018,EXTERIOR LIGHTING,2021-12-23,21V00H000,0,,,,,,,,,3,0
TESLA,MODEL S,2023,AIR BAGS,2023-11-02,23V743000,0,,,,,,,,,130,0
TESLA,MODEL S,2023,AIR BAGS,2024-12-19,24V967000,0,,,,,,,,,186,0
TESLA,MODEL S,2023,AIR BAGS,2025-03-13,25V172000,0,,,,,,,,,180,0
FOREST RIVER,SUNSEEKER,2021,FUEL/PROPULSION SYSTEM,2023-04-20,23V286000,0,,,,,,,,,63,0
WINNEBAGO,REVEL,2022,AIR BAGS,2024-05-02,24V318000,1,2024-03-07,56,0.014805,1.0,4.333333,1.0,1.0,1.0,23,0
FORD,MUSTANG,2022,FORWARD COLLISION AVOIDANCE,2022-05-12,22V334000,0,,,,,,,,,204,0
MERCEDES-BENZ,C 300,2024,ELECTRICAL SYSTEM,2024-02-15,24V115000,0,,,,,,,,,97,0
TOYOTA,TUNDRA,2024,POWER TRAIN,2024-02-15,24V125000,0,,,,,,,,,165,0
KIA,EV6,2024,ELECTRICAL SYSTEM,2024-03-14,24V200000,1,2024-03-07,7,0.013191,1.0,4.333333,1.0,0.0,0.0,183,0
KIA,EV6,2024,ELECTRICAL SYSTEM,2024-11-14,24V867000,1,2024-05-23,175,0.015136,3.0,4.333333,0.0,0.666667,0.666667,254,0
JEEP,WAGONEER,2022,STRUCTURE,2023-08-03,23V545000,0,,,,,,,,,223,0
JEEP,WAGONEER,2022,STRUCTURE,2025-09-11,25V593000,1,2025-03-20,175,0.020711,1.0,4.333333,1.0,1.0,0.0,290,0
JEEP,WAGONEER,2022,STRUCTURE,2025-09-25,25V642000,1,2025-04-03,175,0.020275,1.0,4.333333,0.0,1.0,0.0,284,0
MERCEDES-BENZ,AMG SL63,2022,FUEL/PROPULSION SYSTEM,2023-06-22,23V445000,0,,,,,,,,,149,0
MERCEDES-BENZ,AMG SL63,2022,FUEL/PROPULSION SYSTEM,2023-12-21,23V880000,0,,,,,,,,,208,0
GMC,YUKON,2023,EXTERIOR LIGHTING,2022-12-08,22V903000,0,,,,,,,,,35,0
FORD,MUSTANG MACH E,2022,LATCHES/LOCKS/LINKAGES,2025-06-12,25V404000,0,,,,,,,,,614,0
DODGE,CHALLENGER,2023,SEATS,2024-08-01,24V573000,1,2024-03-14,140,0.009409,1.0,4.333333,1.0,0.0,1.0,44,0
LAND ROVER,RANGE ROVER,2021,BACK OVER PREVENTION,2024-01-18,24V023000,0,,,,,,,,,36,0
MERCEDES-BENZ,GLE550E,2017,FUEL/PROPULSION SYSTEM,2022-12-22,22V955000,0,,,,,,,,,152,0
INFINITI,QX50,2021,ENGINE,2025-06-26,25V437000,1,2025-01-02,175,0.014662,1.0,2.166667,0.0,0.0,1.0,13,0
HONDA,RIDGELINE,2023,SERVICE BRAKES,2023-06-29,23V458000,0,,,,,,,,,188,0
MAZDA,CX-30,2024,LANE DEPARTURE,2024-08-29,24V649000,1,2024-03-14,168,0.013191,1.0,4.333333,1.0,0.0,0.0,78,0
LINCOLN,CORSAIR,2023,ELECTRICAL SYSTEM,2024-12-19,24V954000,1,2024-06-27,175,0.020512,1.0,2.166667,0.0,0.0,0.0,36,0
LINCOLN,CORSAIR,2023,ELECTRICAL SYSTEM,2025-05-22,25V343000,1,2024-12-26,147,0.024426,1.0,1.444444,1.0,0.0,0.0,56,0
LINCOLN,CORSAIR,2023,FUEL/PROPULSION SYSTEM,2024-08-22,24V634000,1,2024-03-14,161,0.009409,1.0,4.333333,1.0,0.0,1.0,27,0
WINNEBAGO,MICRO MINNIE,2022,EQUIPMENT,2022-03-10,22V157000,0,,,,,,,,,10,0
WINNEBAGO,MICRO MINNIE,2022,EQUIPMENT,2022-05-05,22V309000,0,,,,,,,,,10,0
WINNEBAGO,MICRO MINNIE,2022,EQUIPMENT,2024-01-25,24V054000,0,,,,,,,,,36,0
WINNEBAGO,MICRO MINNIE,2022,EQUIPMENT,2024-04-18,24V285000,1,2024-03-14,35,0.013191,1.0,4.333333,1.0,0.0,0.0,25,0
BMW,X5,2024,ELECTRONIC STABILITY CONTROL (ESC),2024-02-08,24V104000,0,,,,,,,,,87,0
BMW,X5,2024,ELECTRONIC STABILITY CONTROL (ESC),2024-09-12,24V697000,1,2024-03-21,175,0.009208,1.0,4.333333,0.0,0.0,1.0,154,0
BMW,X5,2024,ELECTRONIC STABILITY CONTROL (ESC),2024-09-26,24V739000,1,2024-04-04,175,0.01161,2.0,4.333333,1.0,0.0,0.5,156,0
BMW,X5,2024,SERVICE BRAKES,2024-02-08,24V104000,0,,,,,,,,,87,0
BMW,X5,2024,SERVICE BRAKES,2024-09-12,24V697000,1,2024-03-21,175,0.009208,1.0,4.333333,0.0,0.0,1.0,154,0
BMW,X5,2024,SERVICE BRAKES,2024-09-26,24V739000,1,2024-04-04,175,0.01161,2.0,4.333333,1.0,0.0,0.5,156,0
FORD,ECOSPORT,2022,ENGINE,2023-12-21,23V905000,0,,,,,,,,,577,0
SUBARU,LEGACY,2020,FUEL/PROPULSION SYSTEM,2021-07-29,21V587000,0,,,,,,,,,178,0
GRAND DESIGN,REFLECTION,2020,EQUIPMENT,2022-01-27,22V038000,0,,,,,,,,,17,0
FORD,EXPLORER,2022,PARKING BRAKE,2023-03-23,23V199000,0,,,,,,,,,403,0
TOYOTA,HIGHLANDER,2023,STEERING,2023-07-06,23V480000,0,,,,,,,,,204,0
TOYOTA,HIGHLANDER,2023,STEERING,2025-01-23,25V040000,0,,,,,,,,,437,0
HYUNDAI,VELOSTER N,2022,POWER TRAIN,2022-10-06,22V746000,0,,,,,,,,,241,0
HYUNDAI,VELOSTER N,2022,FUEL/PROPULSION SYSTEM,2024-07-11,24V528000,1,2024-03-14,119,0.009409,1.0,4.333333,1.0,0.0,1.0,360,0
FORD,F-350 SD,2023,POWER TRAIN,2023-08-24,23V595000,0,,,,,,,,,310,0
FORD,F-350 SD,2023,POWER TRAIN,2023-11-09,23V758000,0,,,,,,,,,374,0
TESLA,MODEL X,2023,LATCHES/LOCKS/LINKAGES,2023-12-14,23V862000,0,,,,,,,,,133,0
TESLA,MODEL X,2023,LATCHES/LOCKS/LINKAGES,2024-07-18,24V554000,1,2024-03-14,126,0.014805,1.0,4.333333,1.0,1.0,1.0,186,0
NISSAN,LEAF,2023,SERVICE BRAKES,2023-05-18,23V362000,0,,,,,,,,,110,0
ACURA,TLX,2021,AIR BAGS,2024-02-01,24V064000,0,,,,,,,,,61,0
VINFAST,VF 8,2023,ELECTRICAL SYSTEM,2023-05-18,23V355000,0,,,,,,,,,0,0
ALFA ROMEO,STELVIO,2022,BACK OVER PREVENTION,2025-10-02,25V667000,0,,,,,,,,,4,0
LAND ROVER,RANGE ROVER EVOQUE,2023,AIR BAGS,2025-07-03,25V454000,0,,,,,,,,,33,0
VOLKSWAGEN,GOLF R,2022,VISIBILITY,2022-07-21,22V542000,0,,,,,,,,,128,0
TOYOTA,SEQUOIA,2011,STEERING,2021-11-18,21V920000,0,,,,,,,,,170,0
TOYOTA,SEQUOIA,2011,STEERING,2021-12-23,21E103000,0,,,,,,,,,165,0
LAND ROVER,RANGE ROVER SPORT,2017,SEAT BELTS,2022-03-31,22V219000,0,,,,,,,,,53,0
GRAND DESIGN,REFLECTION,2024,ELECTRICAL SYSTEM,2023-11-16,23V788000,0,,,,,,,,,3,0
GRAND DESIGN,REFLECTION,2024,ELECTRICAL SYSTEM,2024-07-04,24V522000,1,2024-03-21,105,0.013191,1.0,4.333333,1.0,0.0,0.0,14,0
JEEP,WRANGLER,2024,STEERING,2024-03-14,24V199000,0,,,,,,,,,104,0
LAND ROVER,RANGE ROVER SPORT,2018,BACK OVER PREVENTION,2024-01-18,24V023000,0,,,,,,,,,59,0
LAND ROVER,RANGE ROVER SPORT,2018,BACK OVER PREVENTION,2024-05-23,24V364000,1,2024-03-21,63,0.013191,1.0,4.333333,1.0,0.0,0.0,50,0
TESLA,MODEL X,2024,ELECTRICAL SYSTEM,2024-01-25,24V051000,0,,,,,,,,,70,0
TESLA,MODEL X,2024,ELECTRICAL SYSTEM,2024-07-18,24V554000,1,2024-03-21,119,0.013191,1.0,4.333333,1.0,0.0,0.0,124,0
TESLA,MODEL X,2024,ELECTRICAL SYSTEM,2025-01-02,25V002000,0,,,,,,,,,141,0
TESLA,MODEL X,2024,ELECTRICAL SYSTEM,2025-03-13,25V172000,0,,,,,,,,,152,0
TESLA,MODEL X,2024,EXTERIOR LIGHTING,2024-11-28,24V904000,1,2024-06-06,175,0.012911,1.0,4.333333,0.0,0.0,0.0,139,0
LAND ROVER,DEFENDER,2024,BACK OVER PREVENTION,2024-09-12,24V678000,1,2024-03-21,175,0.013191,1.0,4.333333,1.0,0.0,0.0,30,0
LAND ROVER,DEFENDER,2024,BACK OVER PREVENTION,2025-01-16,25V016000,1,2024-07-25,175,0.018319,2.0,2.888889,0.0,0.0,0.0,25,0
LAND ROVER,DEFENDER,2024,FORWARD COLLISION AVOIDANCE,2024-09-12,24V678000,1,2024-03-21,175,0.014041,2.0,4.333333,2.0,0.0,0.0,30,0
GMC,YUKON XL,2021,SEAT BELTS,2022-08-11,22V617000,0,,,,,,,,,122,0
HONDA,CR-V HYBRID,2020,AIR BAGS,2024-02-01,24V064000,0,,,,,,,,,338,0
FORD,ESCAPE,2020,EQUIPMENT,2024-11-07,24V852000,1,2024-05-16,175,0.012911,1.0,4.333333,0.0,0.0,0.0,540,0
FORD,ESCAPE,2020,EQUIPMENT,2025-10-09,25V685000,0,,,,,,,,,564,0
KEYSTONE,COUGAR,2023,STRUCTURE,2023-03-16,23V169000,0,,,,,,,,,4,0
AUDI,E-TRON GT,2023,ELECTRICAL SYSTEM,2023-12-07,23V842000,0,,,,,,,,,54,0
AUDI,E-TRON GT,2023,ELECTRICAL SYSTEM,2024-03-21,24V228000;24V229000,0,,,,,,,,,79,0
AUDI,E-TRON GT,2023,ELECTRICAL SYSTEM,2024-09-26,24V726000,1,2024-04-04,175,0.012911,1.0,4.333333,0.0,0.0,0.0,92,0
HONDA,ACCORD,2021,AIR BAGS,2024-02-01,24V064000,0,,,,,,,,,315,0
FORD,F-250 SD,2022,BACK OVER PREVENTION,2025-01-30,25V048000,0,,,,,,,,,626,0
FORD,F-250 SD,2022,BACK OVER PREVENTION,2025-06-26,25V442000,0,,,,,,,,,608,0
FORD,F-250 SD,2022,BACK OVER PREVENTION,2025-10-09,25V686000,0,,,,,,,,,634,0
LINCOLN,NAVIGATOR,2023,BACK OVER PREVENTION,2025-05-08,25V315000,0,,,,,,,,,55,0
HONDA,CR-V HYBRID,2021,AIR BAGS,2024-02-01,24V064000,0,,,,,,,,,315,0
HYUNDAI,EQUUS,2015,SERVICE BRAKES,2023-09-21,23V651000,0,,,,,,,,,211,0
KIA,SELTOS,2023,POWER TRAIN,2023-07-27,23V531000,0,,,,,,,,,237,0
MERCEDES-BENZ,SPRINTER 2500,2020,STRUCTURE,2023-12-21,23V874000;23V875000;23V876000,0,,,,,,,,,158,0
LAND ROVER,RANGE ROVER,2024,POWER TRAIN,2024-05-30,24V380000,1,2024-03-28,63,0.013191,1.0,4.333333,1.0,0.0,0.0,27,0
BMW,IX,2024,VEHICLE SPEED CONTROL,2023-06-01,23V409000,0,,,,,,,,,38,0
TOYOTA,RAV4,2024,ELECTRICAL SYSTEM,2025-09-11,25V595000,1,2025-03-20,175,0.02834,1.0,0.541667,-1.0,0.0,0.0,426,0
INTERNATIONAL,MV,2019,ELECTRICAL SYSTEM,2023-02-23,23V119000,0,,,,,,,,,3,0
BMW,X7,2023,ELECTRONIC STABILITY CONTROL (ESC),2024-02-08,24V104000,0,,,,,,,,,127,0
BMW,X7,2023,ELECTRONIC STABILITY CONTROL (ESC),2024-09-12,24V697000,1,2024-04-04,161,0.013191,1.0,4.333333,1.0,0.0,0.0,178,0
BMW,X7,2023,ELECTRONIC STABILITY CONTROL (ESC),2024-09-26,24V739000,1,2024-04-04,175,0.013191,1.0,4.333333,1.0,0.0,0.0,180,0
AUDI,A8,2021,ELECTRICAL SYSTEM,2023-12-07,23V842000,0,,,,,,,,,98,0
AUDI,A8,2021,ELECTRICAL SYSTEM,2025-03-27,25V201000,0,,,,,,,,,93,0
GMC,YUKON XL,2023,SERVICE BRAKES,2024-09-12,24V674000,1,2024-04-04,161,0.013191,1.0,4.333333,1.0,0.0,0.0,171,0
PORSCHE,TAYCAN,2024,ELECTRICAL SYSTEM,2023-12-07,23V841000,0,,,,,,,,,12,0
PORSCHE,TAYCAN,2024,ELECTRICAL SYSTEM,2024-03-14,24V217000,0,,,,,,,,,19,0
PORSCHE,TAYCAN,2024,ELECTRICAL SYSTEM,2024-09-26,24V732000,1,2024-04-04,175,0.009409,1.0,4.333333,1.0,0.0,1.0,14,0
TESLA,MODEL X,2024,AIR BAGS,2023-11-02,23V743000,0,,,,,,,,,64,0
TESLA,MODEL X,2024,AIR BAGS,2024-12-19,24V967000,1,2024-12-05,14,0.020954,1.0,2.166667,1.0,0.0,0.0,141,0
TESLA,MODEL X,2024,AIR BAGS,2025-03-13,25V172000,1,2024-12-05,98,0.020954,1.0,2.166667,1.0,0.0,0.0,151,0
TESLA,MODEL X,2024,SEAT BELTS,2024-05-23,24V376000,1,2024-04-04,49,0.013191,1.0,4.333333,1.0,0.0,0.0,109,0
LAND ROVER,DEFENDER,2022,EQUIPMENT,2024-12-05,24E102000,1,2024-06-13,175,0.009208,1.0,4.333333,0.0,0.0,1.0,19,0
KIA,FORTE,2023,SUSPENSION,2023-09-21,23V649000,0,,,,,,,,,259,0
KIA,FORTE,2023,SUSPENSION,2024-03-28,24V244000,0,,,,,,,,,293,0
HYUNDAI,GENESIS COUPE,2015,SERVICE BRAKES,2023-09-21,23V651000,0,,,,,,,,,211,0
FORD,BRONCO SPORT,2023,BACK OVER PREVENTION,2025-06-26,25V442000,0,,,,,,,,,610,0
TOYOTA,AVALON HYBRID,2021,AIR BAGS,2023-12-14,23V865000,0,,,,,,,,,291,0
RAM,PROMASTER,2021,BACK OVER PREVENTION,2025-08-21,25V552000,1,2025-05-29,84,0.020954,1.0,2.166667,1.0,0.0,0.0,121,0
BUICK,ENCORE GX,2024,ELECTRICAL SYSTEM,2023-11-02,23V744000,0,,,,,,,,,25,0
FORD,MUSTANG MACH E,2022,BACK OVER PREVENTION,2025-05-08,25V315000,0,,,,,,,,,628,0
BMW,Z4,2013,ELECTRICAL SYSTEM,2024-08-08,24V608000,1,2024-04-11,119,0.014805,1.0,4.333333,1.0,1.0,1.0,94,0
MAZDA,CX-3,2017,BACK OVER PREVENTION,2023-07-13,23V487000,0,,,,,,,,,85,0
LAND ROVER,RANGE ROVER,2023,ENGINE,2023-02-02,23V044000,0,,,,,,,,,18,0
LAND ROVER,RANGE ROVER,2023,ENGINE,2023-03-30,23V222000,0,,,,,,,,,18,0
BILT HELMET,AMPED EVO ADULT,9999,EQUIPMENT,2022-02-17,22E013000,0,,,,,,,,,0,0
CAN-AM,RYKER,2022,FUEL/PROPULSION SYSTEM,2023-12-14,23V855000,0,,,,,,,,,22,0
TESLA,MODEL 3,2024,ELECTRICAL SYSTEM,2024-07-18,24V554000,1,2024-04-11,98,0.013191,1.0,4.333333,1.0,0.0,0.0,124,0
TESLA,MODEL 3,2024,ELECTRICAL SYSTEM,2025-01-02,25V002000,1,2024-07-11,175,0.017573,4.0,3.466667,0.0,0.0,0.0,140,0
NISSAN,ROGUE,2021,EQUIPMENT,2022-07-21,22V527000,0,,,,,,,,,184,0
BMW,X7,2024,ELECTRONIC STABILITY CONTROL (ESC),2024-02-08,24V104000,0,,,,,,,,,87,0
BMW,X7,2024,ELECTRONIC STABILITY CONTROL (ESC),2024-09-12,24V697000,1,2024-04-11,154,0.013191,1.0,4.333333,1.0,0.0,0.0,154,0
BMW,X7,2024,ELECTRONIC STABILITY CONTROL (ESC),2024-09-26,24V739000,1,2024-04-11,168,0.013191,1.0,4.333333,1.0,0.0,0.0,156,0
KIA,OPTIMA PHEV,2017,LATCHES/LOCKS/LINKAGES,2023-08-24,23V594000,0,,,,,,,,,218,0
KIA,CARNIVAL,2024,STRUCTURE,2024-01-18,24V025000,0,,,,,,,,,168,0
FORD,BRONCO,2024,POWER TRAIN,2025-03-13,25V164000,1,2024-10-31,133,0.020954,1.0,2.166667,1.0,0.0,0.0,396,0
PORSCHE,911,2022,BACK OVER PREVENTION,2025-12-18,25V896000,0,,,,,,,,,35,0
HONDA,RIDGELINE,2021,AIR BAGS,2024-02-01,24V064000,0,,,,,,,,,315,0
CHEVROLET,TAHOE,2024,FUEL/PROPULSION SYSTEM,2025-09-18,25V619000,1,2025-03-27,175,0.014662,1.0,2.166667,0.0,0.0,1.0,425,0
GMC,SIERRA 3500,2023,LATCHES/LOCKS/LINKAGES,2024-02-01,24V060000,0,,,,,,,,,105,0
MAZDA,CX-3,2019,BACK OVER PREVENTION,2023-07-13,23V487000,0,,,,,,,,,81,0
VOLKSWAGEN,GOLF SPORTWAGEN,2019,FUEL/PROPULSION SYSTEM,2024-02-08,24V110000,0,,,,,,,,,141,0
BUICK,ENVISTA,2024,ELECTRICAL SYSTEM,2023-11-02,23V744000,0,,,,,,,,,25,0
BMW,760I,2023,ELECTRONIC STABILITY CONTROL (ESC),2024-02-08,24V104000,0,,,,,,,,,127,0
VOLKSWAGEN,JETTA,2021,BACK OVER PREVENTION,2022-07-14,22V514000,0,,,,,,,,,155,0
GENESIS,G90,2019,ELECTRICAL SYSTEM,2024-02-08,24V107000,0,,,,,,,,,5,0
NEWMAR,VENTANA,2021,STEERING,2021-07-15,21V542000,0,,,,,,,,,9,0
NEWMAR,VENTANA,2021,STEERING,2022-03-17,22V166000,0,,,,,,,,,14,0
BMW,I4,2024,ELECTRICAL SYSTEM,2024-02-22,24V135000,0,,,,,,,,,91,0
BMW,I4,2024,ELECTRICAL SYSTEM,2025-07-17,25V395000,0,,,,,,,,,177,0
HONDA,ACCORD HYBRID,2024,FUEL/PROPULSION SYSTEM,2024-10-10,24V763000,1,2024-04-18,175,0.009409,1.0,4.333333,1.0,0.0,1.0,251,0
ARCIMOTO,ROADSTER,2021,ELECTRICAL SYSTEM,2022-03-31,22V223000,0,,,,,,,,,0,0
ARCIMOTO,ROADSTER,2021,ELECTRICAL SYSTEM,2022-07-14,22V507000,0,,,,,,,,,0,0
NISSAN,FRONTIER,2024,AIR BAGS,2024-02-22,24V154000,0,,,,,,,,,84,0
DODGE,HORNET,2024,ELECTRICAL SYSTEM,2023-09-07,23V623000,0,,,,,,,,,4,0
DODGE,HORNET,2024,SERVICE BRAKES,2024-10-03,24V752000,1,2024-04-18,168,0.009409,1.0,4.333333,1.0,0.0,1.0,31,0
VOLVO,XC90,2020,ELECTRICAL SYSTEM,2025-03-20,25V179000,1,2024-11-14,126,0.020954,1.0,2.166667,1.0,0.0,0.0,60,0
SPARTAN,K3,2024,STEERING,2024-01-25,24V052000,0,,,,,,,,,0,0
ROYAL ENFIELD,HIMALAYAN,2021,SERVICE BRAKES,2023-02-23,23V129000,0,,,,,,,,,5,0
FORD,EDGE,2022,BACK OVER PREVENTION,2022-03-10,22V151000,0,,,,,,,,,155,0
FORD,EDGE,2022,BACK OVER PREVENTION,2025-03-13,25V160000,1,2024-11-14,119,0.020954,1.0,2.166667,1.0,0.0,0.0,637,0
FORD,EDGE,2022,BACK OVER PREVENTION,2025-05-08,25V315000,1,2024-11-14,175,0.020954,1.0,2.166667,1.0,0.0,0.0,627,0
TOYOTA,HIGHLANDER HYBRID,2023,STRUCTURE,2023-10-26,23V720000,0,,,,,,,,,236,0
KIA,SPORTAGE,2024,ELECTRICAL SYSTEM,2025-12-11,25V874000,1,2025-06-19,175,0.022252,3.0,2.166667,0.0,0.0,0.0,375,0
HYUNDAI,SANTA FE,2024,ELECTRICAL SYSTEM,2024-07-25,24V561000,1,2024-04-25,91,0.014945,3.0,4.333333,3.0,0.0,0.0,249,0
HYUNDAI,SANTA FE,2024,ELECTRICAL SYSTEM,2024-11-07,24V843000,1,2024-05-16,175,0.014015,3.0,4.333333,0.0,0.0,0.0,276,0
HYUNDAI,SANTA FE,2024,ELECTRICAL SYSTEM,2025-10-02,25V659000,1,2025-04-10,175,0.021008,1.0,0.481481,0.0,0.0,1.0,390,0
HONDA,CRF1100,2022,FUEL/PROPULSION SYSTEM,2024-11-21,24V882000,1,2024-05-30,175,0.012911,1.0,4.333333,0.0,0.0,0.0,339,0
TESLA,MODEL X,2021,SERVICE BRAKES,2023-10-05,23V679000,0,,,,,,,,,169,0
MAZDA,CX-90,2024,STRUCTURE,2024-10-31,24V814000,1,2024-05-09,175,0.012911,1.0,4.333333,0.0,0.0,0.0,78,0
MERCEDES-BENZ,AMG C63,2016,STRUCTURE,2023-12-14,23V854000,0,,,,,,,,,159,0
FOREST RIVER,ROCKWOOD,2023,EQUIPMENT,2022-07-28,22V558000,0,,,,,,,,,20,0
FOREST RIVER,ROCKWOOD,2023,EQUIPMENT,2022-08-25,22V643000,0,,,,,,,,,24,0
HONDA,RIDGELINE,2023,STEERING,2024-03-07,24V184000,0,,,,,,,,,331,0
HONDA,ODYSSEY,2015,EQUIPMENT ADAPTIVE/MOBILITY,2025-12-11,25V876000,0,,,,,,,,,167,0
NISSAN,ROGUE,2023,SEAT BELTS,2023-05-25,23V374000,0,,,,,,,,,113,0
NISSAN,ROGUE,2023,SEAT BELTS,2024-02-22,24V156000,0,,,,,,,,,150,0
GMC,SIERRA 1500,2024,ENGINE,2025-04-24,25V274000,1,2024-10-31,175,0.026367,1.0,1.083333,1.0,0.0,0.0,197,0
TESLA,CYBERTRUCK,2024,ELECTRICAL SYSTEM,2024-01-25,24V051000,0,,,,,,,,,70,0
TESLA,CYBERTRUCK,2024,ELECTRICAL SYSTEM,2024-10-31,24V832000,1,2024-05-09,175,0.012797,3.0,4.333333,1.0,0.0,0.333333,138,0
TESLA,CYBERTRUCK,2024,ELECTRICAL SYSTEM,2025-10-09,25V699000,1,2025-04-17,175,0.020756,3.0,1.625,0.0,0.333333,1.0,166,0
KEYSTONE,ALPINE,2022,ELECTRICAL SYSTEM,2022-03-10,22V144000,0,,,,,,,,,9,0
KEYSTONE,ALPINE,2022,ELECTRICAL SYSTEM,2022-03-31,22V208000,0,,,,,,,,,9,0
MERCEDES-BENZ,GLE 350,2021,STRUCTURE,2022-09-08,22V680000,0,,,,,,,,,178,0
HONDA,CBR600RR,2019,FUEL/PROPULSION SYSTEM,2024-02-15,24V113000,0,,,,,,,,,349,0
RIVIAN,R1S,2023,VISIBILITY,2023-11-16,23V783000,0,,,,,,,,,32,0
MERCEDES-BENZ,GLE 350,2024,ELECTRICAL SYSTEM,2024-03-14,24V207000,0,,,,,,,,,101,0
WINNEBAGO,NAVION,2021,ELECTRICAL SYSTEM,2024-05-02,24V318000,1,2024-04-25,7,0.013191,1.0,4.333333,1.0,0.0,0.0,19,0
HONDA,CIVIC,2021,AIR BAGS,2024-02-01,24V064000,0,,,,,,,,,315,0
GRAND DESIGN,SOLITUDE,2022,EQUIPMENT,2022-05-05,22V308000,0,,,,,,,,,3,0
GRAND DESIGN,SOLITUDE,2022,EQUIPMENT,2022-08-04,22V603000,0,,,,,,,,,9,0
GRAND DESIGN,SOLITUDE,2022,EQUIPMENT,2024-11-14,24V861000,1,2024-05-23,175,0.013452,2.0,4.333333,0.0,0.0,0.0,41,0
GRAND DESIGN,SOLITUDE,2022,EQUIPMENT,2025-02-06,25V061000,1,2024-12-12,56,0.024426,1.0,1.444444,1.0,0.0,0.0,58,0
GRAND DESIGN,SOLITUDE,2022,EQUIPMENT,2025-11-13,25V784000,0,,,,,,,,,47,0
RAM,PROMASTER,2019,BACK OVER PREVENTION,2025-08-21,25V552000,0,,,,,,,,,124,0
HYUNDAI,ELANTRA,2024,ENGINE,2024-04-25,24V308000,0,,,,,,,,,224,0
GMC,YUKON XL,2023,ENGINE,2025-04-24,25V274000,1,2024-10-31,175,0.017824,2.0,1.444444,0.0,0.0,1.0,233,0
HONDA,RIDGELINE,2020,LATCHES/LOCKS/LINKAGES,2021-11-25,21V932000,0,,,,,,,,,279,0
GENESIS,G90,2023,FUEL/PROPULSION SYSTEM,2024-04-18,24V282000,0,,,,,,,,,55,0
DUTCHMEN,COLEMAN,2021,SUSPENSION,2023-12-07,23V822000,0,,,,,,,,,3,0
LINCOLN,NAUTILUS,2024,ELECTRICAL SYSTEM,2025-05-22,25V337000;25V343000,0,,,,,,,,,44,0
GRAND DESIGN,SOLITUDE,2019,STRUCTURE,2025-02-06,25V061000,0,,,,,,,,,16,0
JEEP,WRANGLER,2024,TIRES,2025-08-14,25V527000,0,,,,,,,,,222,0
KIA,STINGER,2022,ENGINE,2024-02-29,24V169000,0,,,,,,,,,301,0
TOYOTA,SEQUOIA HYBRID,2024,STRUCTURE,2024-08-22,24V640000,1,2024-05-02,112,0.014041,2.0,4.333333,2.0,0.0,0.0,302,0
MERCEDES-BENZ,GLS 450,2020,BACK OVER PREVENTION,2022-04-07,22V232000,0,,,,,,,,,184,0
CAN-AM,RYKER,2023,FUEL/PROPULSION SYSTEM,2023-12-14,23V855000,0,,,,,,,,,10,0
GENESIS,G80,2020,ENGINE,2024-03-07,24V191000,0,,,,,,,,,17,0
INEOS,GRENADIER,2024,ELECTRICAL SYSTEM,2023-12-07,23V828000,0,,,,,,,,,0,0
TESLA,MODEL Y,2024,LATCHES/LOCKS/LINKAGES,2024-07-18,24V554000,1,2024-05-02,77,0.009409,1.0,4.333333,1.0,0.0,1.0,124,0
CHEVROLET,SILVERADO 3500,2022,LATCHES/LOCKS/LINKAGES,2024-02-01,24V060000,0,,,,,,,,,322,0
TOYOTA,HIGHLANDER HYBRID,2021,AIR BAGS,2023-12-14,23V865000,0,,,,,,,,,291,0
BMW,740I,2023,ELECTRONIC STABILITY CONTROL (ESC),2024-02-08,24V104000,0,,,,,,,,,127,0
BMW,740I,2023,ELECTRONIC STABILITY CONTROL (ESC),2024-09-12,24V697000,1,2024-05-09,126,0.013191,1.0,4.333333,1.0,0.0,0.0,178,0
BMW,740I,2023,ELECTRONIC STABILITY CONTROL (ESC),2024-09-26,24V739000,1,2024-05-09,140,0.013191,1.0,4.333333,1.0,0.0,0.0,180,0
BMW,740I,2023,SERVICE BRAKES,2024-02-08,24V104000,0,,,,,,,,,127,0
BMW,740I,2023,SERVICE BRAKES,2024-09-12,24V697000,1,2024-05-09,126,0.013191,1.0,4.333333,1.0,0.0,0.0,178,0
BMW,740I,2023,SERVICE BRAKES,2024-09-26,24V739000,1,2024-05-09,140,0.013191,1.0,4.333333,1.0,0.0,0.0,180,0
FORD,EXPEDITION,2024,SERVICE BRAKES,2025-05-08,25V314000,0,,,,,,,,,426,0
FORD,TRANSIT CONNECT,2016,LATCHES/LOCKS/LINKAGES,2023-07-20,23V502000,0,,,,,,,,,514,0
KIA,SPORTAGE,2024,STEERING,2024-06-06,24V422000,1,2024-05-09,28,0.013191,1.0,4.333333,1.0,0.0,0.0,211,0
POLESTAR,POLESTAR 2,2021,BACK OVER PREVENTION,2024-06-20,24V477000,1,2024-05-09,42,0.014945,3.0,4.333333,3.0,0.0,0.0,8,0
POLESTAR,POLESTAR 2,2021,BACK OVER PREVENTION,2025-04-24,25V280000,1,2024-10-31,175,0.029222,2.0,0.787879,1.0,0.0,0.0,17,0
POLESTAR,POLESTAR 2,2021,BACK OVER PREVENTION,2025-09-11,25V615000,1,2025-03-20,175,0.027486,8.0,1.733333,0.0,0.0,0.25,19,0
DODGE,HORNET PHEV,2024,SERVICE BRAKES,2025-12-04,25V846000,1,2025-07-24,133,0.030245,1.0,0.433333,1.0,0.0,0.0,76,0
GRAND DESIGN,MOMENTUM,2022,EQUIPMENT,2022-05-05,22V308000,0,,,,,,,,,3,0
GRAND DESIGN,MOMENTUM,2022,EQUIPMENT,2022-06-16,22V442000,0,,,,,,,,,4,0
GRAND DESIGN,MOMENTUM,2022,EQUIPMENT,2022-08-04,22V603000,0,,,,,,,,,9,0
GRAND DESIGN,MOMENTUM,2022,EQUIPMENT,2024-11-14,24V861000,1,2024-05-23,175,0.012911,1.0,4.333333,0.0,0.0,0.0,41,0
GENESIS,G90,2019,ENGINE,2024-03-07,24V191000,0,,,,,,,,,7,0
HYUNDAI,VENUE,2024,ENGINE,2024-04-25,24V308000,0,,,,,,,,,224,0
KIA,TELLURIDE,2024,STRUCTURE,2025-07-24,25V494000,1,2025-01-30,175,0.024273,4.0,2.47619,0.0,0.25,0.0,335,0
FORD,BRONCO SPORT,2024,ELECTRICAL SYSTEM,2024-04-11,24V267000,0,,,,,,,,,228,0
FORD,BRONCO SPORT,2024,ELECTRICAL SYSTEM,2024-09-12,24V683000,1,2024-05-09,126,0.013191,1.0,4.333333,1.0,0.0,0.0,290,0
FORD,BRONCO SPORT,2024,ELECTRICAL SYSTEM,2025-03-13,25V158000,1,2024-09-19,175,0.023913,1.0,1.444444,0.0,0.0,0.0,396,0
FORD,BRONCO SPORT,2024,POWER TRAIN,2024-04-11,24V267000,0,,,,,,,,,228,0
FORD,BRONCO SPORT,2024,POWER TRAIN,2024-09-12,24V683000,1,2024-05-09,126,0.013191,1.0,4.333333,1.0,0.0,0.0,290,0
FORD,BRONCO SPORT,2024,POWER TRAIN,2025-03-13,25V158000,1,2024-11-21,112,0.01498,1.0,2.166667,1.0,0.0,1.0,396,0
KIA,EV9,2024,STRUCTURE,2024-05-30,24V400000,1,2024-05-16,14,0.013191,1.0,4.333333,1.0,0.0,0.0,207,0
MERCEDES-BENZ,AMG SL63,2022,ELECTRICAL SYSTEM,2023-10-05,23V676000,0,,,,,,,,,196,0
MERCEDES-BENZ,GLE 350,2023,ELECTRICAL SYSTEM,2024-03-14,24V207000,0,,,,,,,,,193,0
FORD,ESCAPE,2024,ENGINE,2025-05-29,25V372000,1,2025-01-16,133,0.024426,1.0,1.444444,1.0,0.0,0.0,423,0
FORD,ESCAPE,2024,FUEL/PROPULSION SYSTEM,2024-08-22,24V634000,1,2024-05-16,98,0.009409,1.0,4.333333,1.0,0.0,1.0,277,0
FORD,ESCAPE,2024,ELECTRICAL SYSTEM,2024-11-07,24V850000,1,2024-05-16,175,0.009409,1.0,4.333333,1.0,0.0,1.0,313,0
FORD,ESCAPE,2024,ELECTRICAL SYSTEM,2024-12-19,24V954000,1,2024-06-27,175,0.009208,1.0,4.333333,0.0,0.0,1.0,342,0
FORD,ESCAPE,2024,ELECTRICAL SYSTEM,2025-05-22,25V343000,1,2024-11-28,175,0.032071,1.0,2.166667,0.0,1.0,0.0,430,0
MERCEDES-BENZ,GLS 450,2022,POWER TRAIN,2024-02-15,24V118000,0,,,,,,,,,228,0
TESLA,CYBERTRUCK,2024,STRUCTURE,2024-06-13,24V457000,1,2024-05-16,28,0.013191,1.0,4.333333,1.0,0.0,0.0,114,0
TESLA,CYBERTRUCK,2024,STRUCTURE,2025-03-13,25V170000,1,2024-09-19,175,0.014952,2.0,2.166667,-1.0,0.0,1.0,151,0
HONDA,RIDGELINE,2024,BACK OVER PREVENTION,2024-05-09,24V321000,0,,,,,,,,,224,0
GRAND DESIGN,SOLITUDE,2021,SUSPENSION,2023-07-13,23V490000,0,,,,,,,,,12,0
FORD,TRANSIT,2024,TIRES,2024-03-21,24V226000,0,,,,,,,,,217,0
FORD,TRANSIT,2024,TIRES,2025-09-18,25V623000,1,2025-03-27,175,0.023411,1.0,1.444444,-1.0,0.0,0.0,513,0
VOLVO,XC60,2024,BACK OVER PREVENTION,2025-05-08,25V282000,1,2025-05-08,0,0.021127,3.0,3.25,3.0,1.0,1.0,54,0
VOLVO,XC60,2024,BACK OVER PREVENTION,2025-12-18,25V908000,1,2025-06-26,175,0.015729,3.0,4.333333,0.0,1.0,1.0,120,0
HONDA,ACCORD HYBRID,2024,SEATS,2024-11-14,24V859000,1,2024-05-23,175,0.009208,1.0,4.333333,0.0,0.0,1.0,274,0
TOYOTA,HIGHLANDER,2023,BACK OVER PREVENTION,2025-10-30,25V744000,0,,,,,,,,,420,0
HARLEY-DAVIDSON,FLHX,2024,ELECTRICAL SYSTEM,2024-09-12,24V672000,1,2024-05-16,119,0.013191,1.0,4.333333,1.0,0.0,0.0,13,0
TESLA,CYBERTRUCK,2024,TIRES,2024-12-12,24V935000,1,2024-06-20,175,0.012911,1.0,4.333333,0.0,0.0,0.0,140,0
LEXUS,TX,2024,ELECTRICAL SYSTEM,2025-09-11,25V595000,0,,,,,,,,,80,0
FORD,MUSTANG,2021,AIR BAGS,2021-12-16,21V980000,0,,,,,,,,,245,0
FORD,MUSTANG,2021,AIR BAGS,2022-02-10,22V083000,0,,,,,,,,,264,0
NISSAN,ROGUE,2024,BACK OVER PREVENTION,2024-10-03,24V748000,1,2024-05-23,133,0.013191,1.0,4.333333,1.0,0.0,0.0,136,0
GRAND DESIGN,SOLITUDE,2020,STRUCTURE,2025-02-06,25V061000,1,2024-08-15,175,0.02008,1.0,2.166667,-1.0,0.0,0.0,37,0
TESLA,MODEL S,2024,STEERING,2023-11-02,23V743000,0,,,,,,,,,64,0
VOLVO,XC90,2023,SEAT BELTS,2023-12-07,23V827000,0,,,,,,,,,71,0
AUDI,Q4 E-TRON,2023,SERVICE BRAKES,2025-02-27,25V120000,1,2024-11-14,105,0.032753,1.0,2.166667,1.0,1.0,0.0,100,0
GRAND DESIGN,REFLECTION,2022,STRUCTURE,2022-08-04,22V603000,0,,,,,,,,,9,0
TOYOTA,GRAND HIGHLANDER,2024,AIR BAGS,2024-06-20,24V461000,1,2024-05-23,28,0.014805,1.0,4.333333,1.0,1.0,1.0,244,0
WINNEBAGO,NAVION,2023,EQUIPMENT,2022-10-20,22V795000,0,,,,,,,,,14,0
WINNEBAGO,NAVION,2023,EQUIPMENT,2023-10-12,23V694000,0,,,,,,,,,30,0
FORD,F-150,2023,EQUIPMENT,2024-11-07,24V852000,1,2024-05-23,168,0.009409,1.0,4.333333,1.0,0.0,1.0,546,0
MERCEDES-BENZ,AMG G63,2022,FUEL/PROPULSION SYSTEM,2023-06-22,23V445000,0,,,,,,,,,149,0
MERCEDES-BENZ,AMG G63,2022,FUEL/PROPULSION SYSTEM,2023-12-21,23V880000,0,,,,,,,,,208,0
CHEVROLET,SILVERADO 2500,2021,TIRES,2021-07-29,21V578000,0,,,,,,,,,180,0
GRAND DESIGN,MOMENTUM,2023,SUSPENSION,2023-06-29,23V455000,0,,,,,,,,,5,0
GRAND DESIGN,MOMENTUM,2023,SUSPENSION,2023-07-13,23V490000,0,,,,,,,,,10,0
MERCEDES-BENZ,SPRINTER 2500,2023,SUSPENSION,2023-12-14,23V849000,0,,,,,,,,,166,0
MERCEDES-BENZ,SPRINTER 2500,2023,SUSPENSION,2024-07-04,24V517000,1,2024-05-23,42,0.013191,1.0,4.333333,1.0,0.0,0.0,208,0
JEEP,GRAND CHEROKEE,2024,VISIBILITY,2024-02-15,24V111000,0,,,,,,,,,97,0
TOYOTA,SEQUOIA HYBRID,2024,TRAILER HITCHES,2024-08-22,24V640000,1,2024-05-23,91,0.013191,1.0,4.333333,1.0,0.0,0.0,302,0
GENESIS,G80,2019,ENGINE,2024-03-07,24V191000,0,,,,,,,,,7,0
BMW,I5,2024,BACK OVER PREVENTION,2023-12-21,23V885000,0,,,,,,,,,76,0
FORD,MUSTANG,2024,SERVICE BRAKES,2023-11-23,23V800000,0,,,,,,,,,159,0
FORD,MUSTANG,2024,SERVICE BRAKES,2024-06-27,24V496000,1,2024-05-30,28,0.020711,1.0,4.333333,1.0,1.0,0.0,249,0
INEOS,GRENADIER,2024,STRUCTURE,2025-03-06,25V147000,1,2025-01-23,42,0.020954,1.0,2.166667,1.0,0.0,0.0,5,0
RAM,2500,2023,POWER TRAIN,2022-11-10,22V835000,0,,,,,,,,,40,0
RAM,2500,2023,POWER TRAIN,2024-06-06,24V413000,1,2024-05-30,7,0.013191,1.0,4.333333,1.0,0.0,0.0,90,0
VOLVO,XC90,2023,ENGINE,2022-10-20,22V793000,0,,,,,,,,,27,0
KIA,SEDONA,2019,AIR BAGS,2022-01-20,22V031000,0,,,,,,,,,129,0
TESLA,MODEL Y,2021,LATCHES/LOCKS/LINKAGES,2024-07-18,24V554000,1,2024-05-30,49,0.013191,1.0,4.333333,1.0,0.0,0.0,162,0
JAYCO,PRECEPT,2022,SUSPENSION,2023-03-30,23V217000,0,,,,,,,,,8,0
CHEVROLET,SILVERADO 2500,2021,LATCHES/LOCKS/LINKAGES,2024-02-01,24V060000,0,,,,,,,,,304,0
HONDA,ACCORD HYBRID,2017,FUEL/PROPULSION SYSTEM,2023-12-14,23V858000,0,,,,,,,,,279,0
RADAR,DIMAX AS-8,9999,TIRES,2023-11-02,23T009000,0,,,,,,,,,0,0
RAM,1500,2023,SERVICE BRAKES,2024-09-05,24V653000,1,2024-05-30,98,0.009409,1.0,4.333333,1.0,0.0,1.0,103,0
INFINITI,Q50,2018,POWER TRAIN,2024-06-20,24V470000,1,2024-05-30,21,0.009409,1.0,4.333333,1.0,0.0,1.0,59,0
RAM,3500,2023,POWER TRAIN,2024-06-06,24V413000,1,2024-05-30,7,0.013191,1.0,4.333333,1.0,0.0,0.0,90,0
FORD,MAVERICK,2023,POWER TRAIN,2024-04-11,24V267000,0,,,,,,,,,461,0
FORD,MAVERICK,2023,POWER TRAIN,2024-05-09,24V330000,0,,,,,,,,,470,0
FORD,MAVERICK,2023,POWER TRAIN,2025-02-27,25V133000,1,2025-01-02,56,0.01498,1.0,2.166667,1.0,0.0,1.0,602,0
FORD,MAVERICK,2023,POWER TRAIN,2025-03-13,25V158000,1,2025-01-02,70,0.01498,1.0,2.166667,1.0,0.0,1.0,613,0
ACURA,MDX,2020,AIR BAGS,2024-02-01,24V064000,0,,,,,,,,,68,0
BMW,R 1250 RT,2020,POWER TRAIN,2023-01-12,23V011000,0,,,,,,,,,67,0
MERCEDES-BENZ,EQE 500,2023,ELECTRICAL SYSTEM,2024-02-15,24V115000,0,,,,,,,,,187,0
HONDA,GL1800,2019,FUEL/PROPULSION SYSTEM,2024-02-15,24V113000,0,,,,,,,,,349,0
MERCEDES-BENZ,EQS 450+,2023,ELECTRICAL SYSTEM,2025-05-08,25V255000,1,2024-11-14,175,0.020512,1.0,2.166667,0.0,0.0,0.0,185,0
MERCEDES-BENZ,AMG GLE53,2023,FUEL/PROPULSION SYSTEM,2023-12-21,23V880000,0,,,,,,,,,167,0
TOYOTA,SEQUOIA,2018,STEERING,2021-11-18,21V920000,0,,,,,,,,,265,0
TOYOTA,SEQUOIA,2018,STEERING,2021-12-23,21E103000,0,,,,,,,,,266,0
VINFAST,VF 8,2024,LANE DEPARTURE,2025-08-28,25V559000,1,2025-03-06,175,0.015606,2.0,2.166667,1.0,0.0,1.0,16,0
GRAND DESIGN,REFLECTION,2022,ELECTRICAL SYSTEM,2022-03-24,22V203000,0,,,,,,,,,4,0
KEYSTONE,AVALANCHE,2022,EQUIPMENT,2022-03-10,22V144000,0,,,,,,,,,9,0
KEYSTONE,AVALANCHE,2022,EQUIPMENT,2022-03-31,22V208000,0,,,,,,,,,9,0
KEYSTONE,AVALANCHE,2022,EQUIPMENT,2022-09-29,22V726000,0,,,,,,,,,25,0
TESLA,MODEL S,2023,LATCHES/LOCKS/LINKAGES,2023-12-14,23V862000,0,,,,,,,,,133,0
TESLA,MODEL S,2023,LATCHES/LOCKS/LINKAGES,2024-07-18,24V554000,1,2024-06-06,42,0.009409,1.0,4.333333,1.0,0.0,1.0,186,0
HOLIDAY RAMBLER,NAUTICA,2023,SUSPENSION,2022-08-25,22V655000,0,,,,,,,,,0,0
MERCEDES-BENZ,GLE 450,2024,FUEL/PROPULSION SYSTEM,2023-12-21,23V878000;23V880000,0,,,,,,,,,83,0
HYUNDAI,SANTA FE,2024,POWER TRAIN,2024-07-11,24V529000,1,2024-06-06,35,0.013191,1.0,4.333333,1.0,0.0,0.0,246,0
TOYOTA,COROLLA CROSS HYBRID,2024,SERVICE BRAKES,2024-09-19,24V708000,1,2024-06-06,105,0.009409,1.0,4.333333,1.0,0.0,1.0,318,0
LECTRON,TESLA CHARGER ADAPTER,9999,ELECTRICAL SYSTEM,2024-04-25,24E033000,0,,,,,,,,,0,0
CAN-AM,RYKER,2023,ELECTRICAL SYSTEM,2022-10-20,22V799000,0,,,,,,,,,11,0
SUBARU,LEGACY,2021,AIR BAGS,2024-03-21,24V227000,0,,,,,,,,,148,0
NISSAN,REDUNDANT KICKS,2023,AIR BAGS,2024-02-22,24V154000,0,,,,,,,,,150,0
KIA,TELLURIDE,2024,SEATS,2024-05-30,24V407000,0,,,,,,,,,208,0
FORD,BRONCO SPORT,2024,FUEL/PROPULSION SYSTEM,2025-07-10,25V467000,1,2025-03-20,112,0.01498,1.0,2.166667,1.0,0.0,1.0,453,0
INFINITI,QX60,2024,AIR BAGS,2024-02-22,24V154000,0,,,,,,,,,12,0
JEEP,WRANGLER,2024,VISIBILITY,2024-02-15,24V111000,0,,,,,,,,,97,0
FORD,BRONCO,2024,VISIBILITY,2024-02-22,24V142000,0,,,,,,,,,204,0
LEXUS,LX,2022,BACK OVER PREVENTION,2025-10-30,25V744000,0,,,,,,,,,52,0
MERCEDES-BENZ,AMG GT43,2022,ELECTRICAL SYSTEM,2022-07-21,22V533000,0,,,,,,,,,94,0
MERCEDES-BENZ,AMG GT43,2022,ELECTRICAL SYSTEM,2024-02-08,24V100000,0,,,,,,,,,219,0
MERCEDES-BENZ,AMG GT43,2022,ELECTRICAL SYSTEM,2024-06-13,24V445000,1,2024-06-06,7,0.013191,1.0,4.333333,1.0,0.0,0.0,221,0
BMW,X6,2024,SERVICE BRAKES,2024-02-08,24V104000,0,,,,,,,,,87,0
BMW,X6,2024,SERVICE BRAKES,2024-09-26,24V739000,1,2024-06-13,105,0.013191,1.0,4.333333,1.0,0.0,0.0,156,0
BMW,X6,2024,ELECTRONIC STABILITY CONTROL (ESC),2024-02-08,24V104000,0,,,,,,,,,87,0
BMW,X6,2024,ELECTRONIC STABILITY CONTROL (ESC),2024-09-26,24V739000,1,2024-06-13,105,0.013191,1.0,4.333333,1.0,0.0,0.0,156,0
VOLKSWAGEN,ID.4,2024,SERVICE BRAKES,2025-06-26,25V434000,1,2025-01-02,175,0.01807,2.0,2.166667,0.0,0.0,0.5,151,0
LEXUS,LX,2023,ENGINE,2024-05-30,24V381000,0,,,,,,,,,60,0
LEXUS,LX,2023,ENGINE,2025-11-06,25V767000,1,2025-05-15,175,0.021365,2.0,2.166667,0.0,0.0,0.0,74,0
TESLA,CYBERTRUCK,2024,VISIBILITY,2024-06-13,24V456000,1,2024-06-13,0,0.013191,1.0,4.333333,1.0,0.0,0.0,114,0
VOLKSWAGEN,GTI,2020,FUEL/PROPULSION SYSTEM,2024-02-08,24V110000,0,,,,,,,,,150,0
BMW,550I,2014,AIR BAGS,2024-07-11,24V527000,1,2024-06-13,28,0.013191,1.0,4.333333,1.0,0.0,0.0,110,0
JEEP,GRAND WAGONEER,2023,SEAT BELTS,2023-10-26,23V716000,0,,,,,,,,,183,0
BMW,I5,2025,SERVICE BRAKES,2024-02-08,24V104000,0,,,,,,,,,27,0
BMW,I5,2025,SERVICE BRAKES,2024-09-12,24V697000,1,2024-06-13,91,0.014805,1.0,4.333333,1.0,1.0,1.0,82,0
RAM,1500,2025,ELECTRICAL SYSTEM,2024-12-19,24V942000,1,2024-06-27,175,0.012911,1.0,4.333333,0.0,0.0,0.0,39,0
RAM,1500,2025,ELECTRICAL SYSTEM,2025-04-10,25V231000,1,2024-10-17,175,0.020512,1.0,2.166667,0.0,0.0,0.0,47,0
RAM,1500,2025,ELECTRICAL SYSTEM,2025-11-27,25V826000,1,2025-06-05,175,0.02972,12.0,2.166667,3.0,0.0,0.416667,88,0
AUDI,Q7,2021,BACK OVER PREVENTION,2022-09-29,22V742000,0,,,,,,,,,97,0
AUDI,Q7,2021,BACK OVER PREVENTION,2025-12-18,25V900000,1,2025-06-26,175,0.012911,1.0,4.333333,0.0,0.0,0.0,147,0
FLEETWOOD,SOUTHWIND,2022,TRAILER HITCHES,2023-05-18,23V351000,0,,,,,,,,,4,0
GMC,SIERRA 3500,2024,LATCHES/LOCKS/LINKAGES,2024-02-01,24V060000,0,,,,,,,,,63,0
GMC,SIERRA 3500,2024,LATCHES/LOCKS/LINKAGES,2024-11-21,24V894000,1,2024-06-13,161,0.013191,1.0,4.333333,1.0,0.0,0.0,138,0
VINFAST,VF 8,2023,AIR BAGS,2024-05-23,24V369000,0,,,,,,,,,9,0
VINFAST,VF 8,2023,AIR BAGS,2024-12-12,24V933000,1,2024-06-20,175,0.009208,1.0,4.333333,0.0,0.0,1.0,17,0
FORD,EXPLORER,2024,BACK OVER PREVENTION,2025-06-26,25V442000,0,,,,,,,,,435,0
BMW,XM,2023,ELECTRONIC STABILITY CONTROL (ESC),2024-02-08,24V104000,0,,,,,,,,,127,0
BMW,XM,2023,ELECTRONIC STABILITY CONTROL (ESC),2024-09-26,24V739000,1,2024-06-13,105,0.013191,1.0,4.333333,1.0,0.0,0.0,180,0
BMW,XM,2023,SERVICE BRAKES,2024-02-08,24V104000,0,,,,,,,,,127,0
BMW,XM,2023,SERVICE BRAKES,2024-09-26,24V739000,1,2024-06-13,105,0.013191,1.0,4.333333,1.0,0.0,0.0,180,0
AUDI,Q7,2023,BACK OVER PREVENTION,2025-12-18,25V900000,0,,,,,,,,,115,0
AUDI,Q5,2024,ELECTRICAL SYSTEM,2023-12-07,23V842000,0,,,,,,,,,26,0
AUDI,Q5,2024,ELECTRICAL SYSTEM,2025-02-06,25V080000,1,2024-08-15,175,0.012911,1.0,4.333333,0.0,0.0,0.0,68,0
AUDI,Q5,2024,ENGINE,2025-05-01,25V294000,0,,,,,,,,,77,0
MOPAR,HIGH PRESSURE FUEL PUMP,9999,FUEL/PROPULSION SYSTEM,2021-11-11,21E094000,0,,,,,,,,,1,0
MOPAR,HIGH PRESSURE FUEL PUMP,9999,FUEL/PROPULSION SYSTEM,2022-06-09,22E048000,0,,,,,,,,,0,0
MOPAR,HIGH PRESSURE FUEL PUMP,9999,FUEL/PROPULSION SYSTEM,2023-04-13,23E032000,0,,,,,,,,,4,0
MOPAR,HIGH PRESSURE FUEL PUMP,9999,FUEL/PROPULSION SYSTEM,2025-10-09,25E069000,1,2025-08-28,42,0.013191,1.0,4.333333,1.0,0.0,0.0,1,0
DODGE,DURANGO,2022,ELECTRONIC STABILITY CONTROL (ESC),2022-03-10,22V140000,0,,,,,,,,,16,0
DODGE,DURANGO,2022,ELECTRONIC STABILITY CONTROL (ESC),2024-06-06,24V415000,0,,,,,,,,,49,0
WINNEBAGO,MICRO MINNIE,2024,EQUIPMENT,2024-04-18,24V285000,0,,,,,,,,,10,0
JEEP,GRAND CHEROKEE,2024,AIR BAGS,2024-05-16,24V346000,0,,,,,,,,,111,0
JEEP,GRAND CHEROKEE,2024,AIR BAGS,2024-11-21,24V897000,1,2024-06-20,154,0.009409,1.0,4.333333,1.0,0.0,1.0,146,0
KIA,EV9,2024,SEAT BELTS,2024-05-09,24V338000,0,,,,,,,,,204,0
BMW,I7,2023,SERVICE BRAKES,2024-02-08,24V104000,0,,,,,,,,,127,0
TOYOTA,CAMRY,2024,SEATS,2024-02-15,24V128000,0,,,,,,,,,165,0
CADILLAC,ESCALADE,2024,ENGINE,2025-04-24,25V274000,1,2025-01-23,91,0.016164,2.0,2.888889,2.0,0.0,0.5,91,0
CHRYSLER,PACIFICA,2023,BACK OVER PREVENTION,2024-06-13,24V436000,0,,,,,,,,,45,0
CHRYSLER,PACIFICA,2023,BACK OVER PREVENTION,2025-06-12,25V388000,0,,,,,,,,,61,0
VOLKSWAGEN,ID.4,2023,EQUIPMENT,2024-05-09,24V344000,0,,,,,,,,,161,0
KEYSTONE,FUZION,2022,ELECTRICAL SYSTEM,2022-03-10,22V144000,0,,,,,,,,,9,0
KEYSTONE,FUZION,2022,ELECTRICAL SYSTEM,2022-03-31,22V208000,0,,,,,,,,,9,0
TOYOTA,PRIUS PRIME,2022,ENGINE,2021-09-16,21V734000,0,,,,,,,,,115,0
MERCEDES-BENZ,E 450,2024,ELECTRICAL SYSTEM,2024-02-15,24V115000,0,,,,,,,,,97,0
MERCEDES-BENZ,E 450,2024,ELECTRICAL SYSTEM,2024-03-21,24V224000,0,,,,,,,,,110,0
MERCEDES-BENZ,E 450,2024,ELECTRICAL SYSTEM,2025-04-10,25V240000,0,,,,,,,,,153,0
JAGUAR,XE,2019,BACK OVER PREVENTION,2023-07-20,23V501000,0,,,,,,,,,8,0
JAGUAR,XE,2019,BACK OVER PREVENTION,2025-01-16,25V017000,1,2024-07-25,175,0.013452,2.0,4.333333,0.0,0.0,0.0,35,0
TESLA,MODEL S,2024,ELECTRICAL SYSTEM,2024-07-18,24V554000,1,2024-06-20,28,0.013191,1.0,4.333333,1.0,0.0,0.0,124,0
TESLA,MODEL S,2024,ELECTRICAL SYSTEM,2025-01-02,25V002000,1,2024-07-11,175,0.012911,1.0,4.333333,0.0,0.0,0.0,140,0
TESLA,MODEL S,2024,ELECTRICAL SYSTEM,2025-03-13,25V172000,1,2025-01-16,56,0.020954,1.0,2.166667,1.0,0.0,0.0,151,0
TESLA,MODEL S,2024,LATCHES/LOCKS/LINKAGES,2024-07-18,24V554000,1,2024-06-20,28,0.013191,1.0,4.333333,1.0,0.0,0.0,124,0
RAM,PROMASTER,2022,EQUIPMENT,2024-06-06,24V416000,0,,,,,,,,,120,0
TOYOTA,TUNDRA,2024,BACK OVER PREVENTION,2025-09-25,25V657000,0,,,,,,,,,434,0
GMC,CANYON,2024,EXTERIOR LIGHTING,2024-09-12,24V673000,1,2024-06-27,77,0.013191,1.0,4.333333,1.0,0.0,0.0,120,0
CHEVROLET,TRAVERSE,2021,AIR BAGS,2022-03-31,22V210000,0,,,,,,,,,215,0
LEXUS,TX,2024,AIR BAGS,2024-06-20,24V461000,0,,,,,,,,,53,0
GRAND DESIGN,REFLECTION,2018,EQUIPMENT,2022-01-27,22V038000,0,,,,,,,,,13,0
HONDA,CR-V HYBRID,2024,FUEL/PROPULSION SYSTEM,2024-10-10,24V763000,1,2024-06-27,105,0.011862,2.0,4.333333,2.0,0.0,0.5,251,0
JEEP,WRANGLER,2024,ELECTRICAL SYSTEM,2024-09-05,24V652000,1,2024-06-27,70,0.009409,1.0,4.333333,1.0,0.0,1.0,134,0
JEEP,WRANGLER,2024,ELECTRICAL SYSTEM,2024-11-14,24V871000,1,2024-06-27,140,0.009409,1.0,4.333333,1.0,0.0,1.0,147,0
JEEP,WRANGLER,2024,ELECTRICAL SYSTEM,2025-10-30,25V741000,1,2025-05-08,175,0.026881,2.0,1.083333,0.0,0.0,0.0,244,0
FORD,F-350 SD,2020,POWER TRAIN,2021-07-15,21V536000,0,,,,,,,,,330,0
FORD,F-350 SD,2020,POWER TRAIN,2022-02-10,22V087000,0,,,,,,,,,356,0
FORD,F-350 SD,2020,POWER TRAIN,2022-04-14,22V256000,0,,,,,,,,,364,0
HYUNDAI,IONIQ 6,2024,ELECTRICAL SYSTEM,2024-03-14,24V204000,0,,,,,,,,,218,0
HYUNDAI,IONIQ 6,2024,ELECTRICAL SYSTEM,2024-11-14,24V868000,1,2024-06-27,140,0.009409,1.0,4.333333,1.0,0.0,1.0,277,0
HYUNDAI,IONIQ 6,2024,ELECTRICAL SYSTEM,2025-09-11,25V606000,1,2025-03-20,175,0.022436,4.0,1.925926,0.0,0.0,0.25,374,0
MERCEDES-BENZ,GLC 300,2024,VISIBILITY,2023-11-02,23V741000,0,,,,,,,,,74,0
FORD,EXPLORER,2022,SEATS,2025-06-12,25V393000,1,2025-01-02,161,0.020954,1.0,2.166667,1.0,0.0,0.0,613,0
AUDI,Q4 E-TRON,2024,ELECTRICAL SYSTEM,2023-12-07,23V842000,0,,,,,,,,,26,0
AUDI,Q4 E-TRON,2024,ELECTRICAL SYSTEM,2025-02-27,25V125000,1,2024-09-05,175,0.011363,2.0,4.333333,0.0,0.0,0.5,73,0
VOLKSWAGEN,TAOS,2022,BACK OVER PREVENTION,2022-07-14,22V514000,0,,,,,,,,,125,0
POWERSTOP,BRAKE HOSE,9999,SERVICE BRAKES,2024-06-27,24E053000,1,2024-06-27,0,0.013191,1.0,4.333333,1.0,0.0,0.0,0,0
GRAND DESIGN,SOLITUDE,2023,STRUCTURE,2022-08-04,22V603000,0,,,,,,,,,2,0
GRAND DESIGN,SOLITUDE,2023,STRUCTURE,2025-02-06,25V061000,1,2024-08-15,175,0.012911,1.0,4.333333,0.0,0.0,0.0,42,0
MERCEDES-BENZ,GLC 300,2020,EXTERIOR LIGHTING,2024-02-01,24V070000,0,,,,,,,,,176,0
WINNEBAGO,EKKO,2022,EQUIPMENT,2021-12-02,21V942000,0,,,,,,,,,9,0
WINNEBAGO,EKKO,2022,EQUIPMENT,2022-05-05,22V313000,0,,,,,,,,,10,0
WINNEBAGO,EKKO,2022,EQUIPMENT,2023-02-02,23V049000,0,,,,,,,,,32,0
WINNEBAGO,EKKO,2022,EQUIPMENT,2023-09-14,23V637000,0,,,,,,,,,44,0
WINNEBAGO,EKKO,2022,EQUIPMENT,2024-07-18,24V541000,1,2024-06-27,21,0.009409,1.0,4.333333,1.0,0.0,1.0,21,0
BRINKLEY RV,MODEL G,2024,ELECTRICAL SYSTEM,2023-09-28,23V664000,0,,,,,,,,,0,0
BRINKLEY RV,MODEL G,2024,ELECTRICAL SYSTEM,2024-10-17,24V786000,1,2024-06-27,112,0.009409,1.0,4.333333,1.0,0.0,1.0,1,0
ACURA,RDX,2020,SEAT BELTS,2023-03-09,23V158000,0,,,,,,,,,61,0
CHEVROLET,CORVETTE,2024,FUEL/PROPULSION SYSTEM,2025-08-21,25V536000,0,,,,,,,,,414,0
TOYOTA,GR COROLLA,2023,ELECTRICAL SYSTEM,2025-09-11,25V595000,0,,,,,,,,,408,0
CHEVROLET,SILVERADO 1500,2024,ENGINE,2025-04-24,25V274000,1,2024-10-31,175,0.019959,4.0,2.47619,0.0,0.0,0.25,367,0
LINCOLN,AVIATOR,2023,SEATS,2025-06-12,25V393000,0,,,,,,,,,61,0
TOYOTA,SIENNA HYBRID,2024,SEATS,2025-02-13,25V086000,1,2024-08-22,175,0.013452,2.0,4.333333,0.0,0.0,0.0,370,0
NISSAN,ALTIMA,2024,STEERING,2023-12-21,23V882000,0,,,,,,,,,81,0
KUAT,TRANSFER V2,9999,EQUIPMENT,2024-05-30,24E044000,0,,,,,,,,,0,0
HONDA,ODYSSEY,2017,FUEL/PROPULSION SYSTEM,2023-12-14,23V858000,0,,,,,,,,,279,0
MERCEDES-BENZ,GLS 580,2023,ELECTRICAL SYSTEM,2024-03-14,24V207000,0,,,,,,,,,193,0
TOYOTA,TACOMA,2024,ELECTRICAL SYSTEM,2025-09-11,25V595000,1,2025-03-20,175,0.025815,1.0,1.083333,0.0,0.0,0.0,426,0
FOREST RIVER,VENGEANCE,2022,EQUIPMENT,2022-01-27,22V041000,0,,,,,,,,,46,0
FOREST RIVER,VENGEANCE,2022,EQUIPMENT,2022-03-03,22V135000,0,,,,,,,,,43,0
FOREST RIVER,VENGEANCE,2022,EQUIPMENT,2022-04-07,22V243000,0,,,,,,,,,40,0
FOREST RIVER,VENGEANCE,2022,EQUIPMENT,2022-07-28,22V556000,0,,,,,,,,,54,0
LINCOLN,NAVIGATOR,2016,BACK OVER PREVENTION,2025-08-28,25V572000,1,2025-07-03,56,0.013191,1.0,4.333333,1.0,0.0,0.0,71,0
HONDA,RIDGELINE,2020,AIR BAGS,2024-02-01,24V064000,0,,,,,,,,,338,0
AUDI,Q7,2010,TIRES,2023-02-09,23V086000,0,,,,,,,,,21,0
ACURA,MDX,2022,AIR BAGS,2024-02-01,24V064000,0,,,,,,,,,62,0
GMC,TERRAIN,2024,STRUCTURE,2023-12-21,23V869000,0,,,,,,,,,58,0
AUDI,RS E-TRON GT,2023,SERVICE BRAKES,2024-06-20,24V465000,0,,,,,,,,,80,0
MERCEDES-BENZ,E 450,2020,BACK OVER PREVENTION,2022-04-07,22V232000,0,,,,,,,,,184,0
TOYOTA,PRIUS,2024,ELECTRICAL SYSTEM,2024-04-11,24V274000,0,,,,,,,,,206,0
INFINITI,Q70L,2015,POWER TRAIN,2024-06-20,24V470000,0,,,,,,,,,41,0
GMC,SIERRA 3500,2022,SERVICE BRAKES,2021-09-23,21V758000,0,,,,,,,,,49,0
TOYO,OPEN COUNTRY A/T III,9999,TIRES,2023-10-26,23T007000,0,,,,,,,,,4,0
TOYO,OPEN COUNTRY A/T III,9999,TIRES,2025-10-09,25T018000,0,,,,,,,,,4,0
TIFFIN,ALLEGRO BAY,2024,STRUCTURE,2024-09-05,24V669000,1,2024-07-11,56,0.013191,1.0,4.333333,1.0,0.0,0.0,12,0
TIFFIN,ALLEGRO BAY,2024,EQUIPMENT,2023-11-23,23V804000,0,,,,,,,,,3,0
HYUNDAI,ELANTRA N,2023,FUEL/PROPULSION SYSTEM,2024-07-11,24V528000,1,2024-07-11,0,0.013191,1.0,4.333333,1.0,0.0,0.0,365,0
GENESIS,G70,2021,FUEL/PROPULSION SYSTEM,2024-07-11,24V528000,1,2024-07-11,0,0.013191,1.0,4.333333,1.0,0.0,0.0,31,0
MERCEDES-BENZ,S 500,2023,ELECTRICAL SYSTEM,2024-02-15,24V115000,0,,,,,,,,,187,0
GMC,SIERRA 2500,2021,LATCHES/LOCKS/LINKAGES,2024-02-01,24V060000,0,,,,,,,,,138,0
FORD,MUSTANG,2024,EXTERIOR LIGHTING,2025-08-21,25V546000,0,,,,,,,,,514,0
HONDA,PILOT,2025,SERVICE BRAKES,2025-06-12,25V391000,1,2024-12-19,175,0.018946,1.0,0.866667,-1.0,0.0,1.0,252,0
HONDA,PILOT,2025,ELECTRICAL SYSTEM,2025-01-23,25V031000,1,2024-08-01,175,0.009596,2.0,4.333333,0.0,0.0,1.0,205,0
TIFFIN,ALLEGRO RED,2022,EQUIPMENT,2022-01-27,22V055000,0,,,,,,,,,9,0
TIFFIN,ALLEGRO RED,2022,EQUIPMENT,2022-07-14,22V511000,0,,,,,,,,,14,0
VERCELLI,STRADA II,9999,TIRES,2023-11-02,23T009000,0,,,,,,,,,0,0
FORD,MUSTANG MACH E,2024,ELECTRICAL SYSTEM,2025-06-12,25V404000,1,2024-12-19,175,0.023424,2.0,1.733333,0.0,0.0,0.0,432,0
JEEP,GRAND CHEROKEE 4XE,2022,EQUIPMENT,2023-05-11,23V336000,0,,,,,,,,,186,0
LAND ROVER,RANGE ROVER,2024,ENGINE,2023-11-16,23V790000,0,,,,,,,,,23,0
LAND ROVER,RANGE ROVER,2024,ENGINE,2024-06-13,24V450000,0,,,,,,,,,29,0
SUBARU,FORESTER,2023,POWER TRAIN,2023-11-09,23V754000,0,,,,,,,,,105,0
MERCEDES-BENZ,G 550,2022,FUEL/PROPULSION SYSTEM,2023-06-22,23V445000,0,,,,,,,,,149,0
MERCEDES-BENZ,G 550,2022,FUEL/PROPULSION SYSTEM,2023-12-21,23V880000,0,,,,,,,,,208,0
TOYOTA,AVALON,2021,AIR BAGS,2023-12-14,23V865000,0,,,,,,,,,291,0
MERCEDES-BENZ,EQE 350 4MATIC,2024,ELECTRICAL SYSTEM,2024-05-23,24V372000,0,,,,,,,,,117,0
HYUNDAI,ELANTRA,2021,BACK OVER PREVENTION,2024-11-21,24V879000,1,2024-07-18,126,0.013191,1.0,4.333333,1.0,0.0,0.0,279,0
GENESIS,G70,2020,ENGINE,2024-03-07,24V191000,0,,,,,,,,,17,0
WINNEBAGO,NAVION,2020,ELECTRICAL SYSTEM,2024-05-02,24V318000,0,,,,,,,,,11,0
HYUNDAI,KONA N,2022,FUEL/PROPULSION SYSTEM,2024-07-11,24V528000,0,,,,,,,,,361,0
ALFA ROMEO,GIULIA,2023,AIR BAGS,2024-06-27,24V510000,0,,,,,,,,,10,0
ALFA ROMEO,GIULIA,2023,SEAT BELTS,2024-06-27,24V510000,0,,,,,,,,,10,0
ALFA ROMEO,STELVIO,2018,AIR BAGS,2024-06-27,24V510000,0,,,,,,,,,23,0
ALFA ROMEO,STELVIO,2018,SEAT BELTS,2024-06-27,24V510000,0,,,,,,,,,23,0
MAXI-COSI,MICO LUXE+,9999,CHILD SEAT,2023-03-02,23C002000,0,,,,,,,,,4,0
GRAND DESIGN,IMAGINE,2020,STRUCTURE,2022-01-27,22V039000,0,,,,,,,,,17,0
AUDI,A5,2020,AIR BAGS,2021-11-04,21V874000,0,,,,,,,,,95,0
ENTEGRA,ETHOS,2024,EQUIPMENT,2023-05-04,23V325000,0,,,,,,,,,3,0
ENTEGRA,ETHOS,2024,EQUIPMENT,2024-03-21,24V218000,0,,,,,,,,,1,0
ENTEGRA,ETHOS,2024,EQUIPMENT,2024-10-10,24V762000,1,2024-07-25,77,0.013191,1.0,4.333333,1.0,0.0,0.0,4,0
GRAND DESIGN,MOMENTUM,2024,SUSPENSION,2023-07-13,23V490000,0,,,,,,,,,3,0
GRAND DESIGN,MOMENTUM,2024,SUSPENSION,2024-03-07,24V193000,0,,,,,,,,,8,0
BMW,X1,2024,SERVICE BRAKES,2024-02-08,24V104000,0,,,,,,,,,87,0
BMW,X1,2024,SERVICE BRAKES,2024-09-12,24V697000,1,2024-07-25,49,0.009409,1.0,4.333333,1.0,0.0,1.0,154,0
JEEP,WAGONEER,2022,BACK OVER PREVENTION,2021-12-16,21V00A000,0,,,,,,,,,67,0
JEEP,WAGONEER,2022,BACK OVER PREVENTION,2023-08-10,23V577000,0,,,,,,,,,226,0
JEEP,WAGONEER,2022,BACK OVER PREVENTION,2024-06-13,24V436000,0,,,,,,,,,264,0
HONDA,ACCORD,2024,SEATS,2024-11-14,24V859000,1,2024-07-25,112,0.009409,1.0,4.333333,1.0,0.0,1.0,274,0
HARLEY-DAVIDSON,FXLRST,2023,SERVICE BRAKES,2024-10-03,24V753000,1,2024-07-25,70,0.009409,1.0,4.333333,1.0,0.0,1.0,28,0
MERCEDES-BENZ,SPRINTER 2500,2021,SUSPENSION,2022-03-03,22V131000,0,,,,,,,,,135,0
BMW,X7,2025,SEAT BELTS,2024-05-09,24V345000,0,,,,,,,,,48,0
TOYOTA,TACOMA,2024,SERVICE BRAKES,2025-02-06,25V058000,1,2024-08-15,175,0.009208,1.0,4.333333,0.0,0.0,1.0,365,0
PORSCHE,MACAN S,2016,SEAT BELTS,2023-06-22,23V443000,0,,,,,,,,,25,0
ENTEGRA,LAUNCH,2022,ELECTRICAL SYSTEM,2024-02-29,24V160000,0,,,,,,,,,6,0
MERCEDES-BENZ,SPRINTER 4500,2020,STRUCTURE,2023-12-21,23V874000;23V875000;23V876000,0,,,,,,,,,158,0
WINNEBAGO,EKKO,2025,ELECTRICAL SYSTEM,2024-05-02,24V318000,0,,,,,,,,,2,0
WINNEBAGO,EKKO,2025,ELECTRICAL SYSTEM,2025-07-17,25V478000,1,2025-01-23,175,0.027025,1.0,0.866667,0.0,0.0,0.0,10,0
MERCEDES-BENZ,GLE 350,2023,FUEL/PROPULSION SYSTEM,2023-12-21,23V880000,0,,,,,,,,,167,0
AUDI,E-TRON,2023,ELECTRICAL SYSTEM,2023-12-07,23V842000,0,,,,,,,,,54,0
HYUNDAI,SANTA CRUZ,2024,STEERING,2024-05-30,24V412000,0,,,,,,,,,239,0
TESLA,MODEL 3,2022,LATCHES/LOCKS/LINKAGES,2024-07-18,24V554000,0,,,,,,,,,190,0
JEEP,RENEGADE,2023,AIR BAGS,2024-06-27,24V510000,0,,,,,,,,,234,0
JEEP,RENEGADE,2023,SEAT BELTS,2024-06-27,24V510000,0,,,,,,,,,234,0
CONTINENTAL,CROSSCONTACT LX25,9999,TIRES,2023-09-28,23T006000,0,,,,,,,,,16,0
CONTINENTAL,CROSSCONTACT LX25,9999,TIRES,2025-10-02,25T017000,1,2025-04-17,168,0.020954,1.0,2.166667,1.0,0.0,0.0,17,0
TOYOTA,PRIUS PRIME,2024,ELECTRICAL SYSTEM,2024-04-11,24V274000,0,,,,,,,,,206,0
TOYOTA,PRIUS PRIME,2024,LATCHES/LOCKS/LINKAGES,2024-04-11,24V274000,0,,,,,,,,,206,0
LAND ROVER,RANGE ROVER SPORT,2024,POWER TRAIN,2024-05-30,24V380000,0,,,,,,,,,28,0
VOLKSWAGEN,ID.4,2022,EQUIPMENT,2024-05-09,24V344000,0,,,,,,,,,196,0
FOREST RIVER,RIVERSTONE,2022,SERVICE BRAKES,2025-08-21,25V550000,0,,,,,,,,,35,0
MERCEDES-BENZ,CLE 300,2024,ELECTRICAL SYSTEM,2024-02-15,24V115000,0,,,,,,,,,97,0
HYUNDAI,SANTA FE,2024,AIR BAGS,2024-07-25,24V561000,0,,,,,,,,,250,0
THOR MOTOR COACH,TUSCANY,2019,STRUCTURE,2021-07-08,21V522000,0,,,,,,,,,12,0
THOR MOTOR COACH,TUSCANY,2019,EQUIPMENT,2021-07-08,21V522000,0,,,,,,,,,12,0
HYUNDAI,PALISADE,2024,SEAT BELTS,2025-09-11,25V607000,1,2025-03-20,175,0.021075,2.0,1.444444,0.0,0.0,0.5,374,0
HONDA,PILOT,2024,FUEL/PROPULSION SYSTEM,2024-11-21,24V900000,1,2024-08-01,112,0.013191,1.0,4.333333,1.0,0.0,0.0,277,0
HONDA,PILOT,2024,FUEL/PROPULSION SYSTEM,2025-01-23,25V031000,1,2024-08-01,175,0.013191,1.0,4.333333,1.0,0.0,0.0,313,0
AUDI,E-TRON,2021,STRUCTURE,2021-07-29,21V595000,0,,,,,,,,,39,0
NISSAN,FRONTIER,2024,STEERING,2024-06-20,24V479000,0,,,,,,,,,111,0
NISSAN,FRONTIER,2024,SUSPENSION,2024-06-20,24V479000,0,,,,,,,,,111,0
TOYOTA,HIGHLANDER,2022,EQUIPMENT,2022-05-05,22V310000,0,,,,,,,,,186,0
PETERBILT,567,2024,POWER TRAIN,2024-03-14,24V190000,0,,,,,,,,,0,0
FORD,EXPLORER,2021,SEAT BELTS,2025-02-13,25V093000,1,2024-08-22,175,0.014492,1.0,4.333333,0.0,1.0,1.0,598,0
TESLA,MODEL Y,2024,SEATS,2024-11-21,24V886000,1,2024-08-01,112,0.013191,1.0,4.333333,1.0,0.0,0.0,138,0
LAND ROVER,RANGE ROVER SPORT,2024,ENGINE,2024-06-13,24V450000,0,,,,,,,,,29,0
VOLKSWAGEN,ATLAS CROSS SPORT,2024,AIR BAGS,2024-06-20,24V464000,0,,,,,,,,,109,0
BUICK,ENVISION,2021,EXTERIOR LIGHTING,2022-12-08,22V903000,0,,,,,,,,,25,0
TOYOTA,PRIUS,2023,LATCHES/LOCKS/LINKAGES,2024-04-11,24V274000,0,,,,,,,,,321,0
PORSCHE,TAYCAN,2023,AIR BAGS,2025-05-01,25V221000,0,,,,,,,,,28,0
CHEVROLET,SILVERADO 3500,2021,LATCHES/LOCKS/LINKAGES,2024-02-01,24V060000,0,,,,,,,,,304,0
GENESIS,GV70 ELECTRIFIED,2023,ELECTRICAL SYSTEM,2024-03-14,24V204000,0,,,,,,,,,58,0
GENESIS,GV70 ELECTRIFIED,2023,ELECTRICAL SYSTEM,2024-11-14,24V868000,1,2024-08-08,98,0.013191,1.0,4.333333,1.0,0.0,0.0,55,0
GENESIS,GV70 ELECTRIFIED,2023,ELECTRICAL SYSTEM,2025-02-13,25V105000,1,2024-08-22,175,0.012911,1.0,4.333333,0.0,0.0,0.0,71,0
FORD,MUSTANG MACH E,2023,LATCHES/LOCKS/LINKAGES,2025-06-12,25V404000,0,,,,,,,,,615,0
FOREST RIVER,CEDAR CREEK,2023,EQUIPMENT,2024-05-30,24V395000,0,,,,,,,,,29,0
VOLKSWAGEN,ATLAS,2024,AIR BAGS,2024-06-20,24V464000,0,,,,,,,,,109,0
TOYOTA,CROWN,2024,ELECTRICAL SYSTEM,2025-09-11,25V595000,0,,,,,,,,,427,0
ALFA ROMEO,STELVIO,2020,AIR BAGS,2024-06-27,24V510000,0,,,,,,,,,11,0
ALFA ROMEO,STELVIO,2020,SEAT BELTS,2024-06-27,24V510000,0,,,,,,,,,11,0
TIFFIN,ALLEGRO OPEN ROAD,2024,EQUIPMENT,2023-11-23,23V804000,0,,,,,,,,,3,0
TIFFIN,ALLEGRO OPEN ROAD,2024,EQUIPMENT,2024-04-11,24V260000,0,,,,,,,,,4,0
BMW,530I,2024,SERVICE BRAKES,2024-02-08,24V104000,0,,,,,,,,,87,0
BMW,530I,2024,SERVICE BRAKES,2024-09-12,24V697000,1,2024-08-08,35,0.014805,1.0,4.333333,1.0,1.0,1.0,154,0
BMW,530I,2024,SERVICE BRAKES,2024-09-26,24V739000,1,2024-08-08,49,0.014805,1.0,4.333333,1.0,1.0,1.0,156,0
MERCEDES-BENZ,SPRINTER 3500,2023,ELECTRICAL SYSTEM,2024-02-29,24V166000,0,,,,,,,,,187,0
MERCEDES-BENZ,SPRINTER 3500,2023,ELECTRICAL SYSTEM,2024-03-21,24V225000,0,,,,,,,,,200,0
BMW,I5,2024,SERVICE BRAKES,2024-02-08,24V104000,0,,,,,,,,,87,0
BMW,I5,2024,SERVICE BRAKES,2024-09-12,24V697000,1,2024-08-08,35,0.009409,1.0,4.333333,1.0,0.0,1.0,154,0
COACHMEN,NOVA,2021,STRUCTURE,2024-01-25,24V040000,0,,,,,,,,,11,0
MERCEDES-BENZ,AMG EQS,2022,ELECTRICAL SYSTEM,2023-06-01,23V405000,0,,,,,,,,,146,0
MERCEDES-BENZ,AMG E53,2019,ELECTRICAL SYSTEM,2022-05-19,22V365000,0,,,,,,,,,152,0
MERCEDES-BENZ,AMG E53,2019,ELECTRICAL SYSTEM,2022-07-21,22V533000,0,,,,,,,,,167,0
MERCEDES-BENZ,AMG E53,2019,ELECTRICAL SYSTEM,2022-09-29,22V733000,0,,,,,,,,,177,0
MERCEDES-BENZ,AMG E53,2019,ELECTRICAL SYSTEM,2024-06-13,24V445000,0,,,,,,,,,179,0
VOLKSWAGEN,GTI,2022,BACK OVER PREVENTION,2022-10-27,22V823000,0,,,,,,,,,136,0
VOLKSWAGEN,GTI,2022,BACK OVER PREVENTION,2024-06-27,24V480000,0,,,,,,,,,212,0
VOLKSWAGEN,GTI,2022,BACK OVER PREVENTION,2025-02-13,25V103000,1,2024-08-22,175,0.012911,1.0,4.333333,0.0,0.0,0.0,218,0
WINNEBAGO,EKKO,2025,TIRES,2024-11-21,24V890000,1,2024-08-08,105,0.009409,1.0,4.333333,1.0,0.0,1.0,14,0
WINNEBAGO,EKKO,2025,TIRES,2025-07-31,25V499000,0,,,,,,,,,10,0
DODGE,JOURNEY,2020,BACK OVER PREVENTION,2025-08-21,25V552000,1,2025-04-24,119,0.024426,1.0,1.444444,1.0,0.0,0.0,83,0
WINNEBAGO,EKKO,2024,ELECTRICAL SYSTEM,2024-05-02,24V318000,0,,,,,,,,,10,0
WINNEBAGO,EKKO,2024,ELECTRICAL SYSTEM,2025-07-17,25V478000,1,2025-01-23,175,0.019959,1.0,0.722222,0.0,0.0,1.0,16,0
AUDI,A6,2022,BACK OVER PREVENTION,2022-10-20,22V806000,0,,,,,,,,,75,0
AUDI,A6,2022,BACK OVER PREVENTION,2025-12-18,25V900000,0,,,,,,,,,128,0
TESLA,MODEL Y,2024,BACK OVER PREVENTION,2025-01-02,25V002000,1,2024-08-08,147,0.009409,1.0,4.333333,1.0,0.0,1.0,140,0
WINNEBAGO,EKKO,2025,EQUIPMENT,2024-07-18,24V541000,0,,,,,,,,,5,0
WINNEBAGO,EKKO,2025,EQUIPMENT,2024-09-05,24V662000,1,2024-08-08,28,0.014805,1.0,4.333333,1.0,1.0,1.0,12,0
WINNEBAGO,REVEL,2024,ELECTRICAL SYSTEM,2023-09-28,23V663000,0,,,,,,,,,12,0
WINNEBAGO,REVEL,2024,ELECTRICAL SYSTEM,2024-05-02,24V318000,0,,,,,,,,,10,0
WINNEBAGO,REVEL,2024,ELECTRICAL SYSTEM,2025-07-17,25V478000,1,2025-01-30,168,0.01498,1.0,2.166667,1.0,0.0,1.0,16,0
NISSAN,ROGUE,2024,ENGINE,2025-06-26,25V437000,1,2025-01-02,175,0.020512,1.0,2.166667,0.0,0.0,0.0,200,0
WINNEBAGO,NAVION,2020,STRUCTURE,2023-10-12,23V694000,0,,,,,,,,,22,0
WINNEBAGO,NAVION,2020,STRUCTURE,2024-12-26,24V824000,1,2024-08-15,133,0.013191,1.0,4.333333,1.0,0.0,0.0,16,0
WINNEBAGO,ERA,2022,STRUCTURE,2022-09-15,22V695000,0,,,,,,,,,12,0
WINNEBAGO,ERA,2022,STRUCTURE,2023-10-12,23V694000,0,,,,,,,,,48,0
WINNEBAGO,ERA,2022,EQUIPMENT,2022-09-15,22V695000,0,,,,,,,,,12,0
WINNEBAGO,ERA,2022,EQUIPMENT,2023-10-12,23V694000,0,,,,,,,,,48,0
HYUNDAI,TUCSON,2024,POWER TRAIN,2023-07-27,23V526000,0,,,,,,,,,130,0
TOYOTA,SEQUOIA,2010,STEERING,2021-11-18,21V920000,0,,,,,,,,,146,0
TOYOTA,SEQUOIA,2010,STEERING,2021-12-23,21E103000,0,,,,,,,,,141,0
FALKEN,PRO G5 CSV,9999,TIRES,2022-09-08,22T017000,0,,,,,,,,,3,0
RAM,PROMASTER,2023,STRUCTURE,2024-06-06,24V416000,0,,,,,,,,,91,0
AUDI,Q4 E-TRON,2023,ELECTRICAL SYSTEM,2023-12-07,23V842000,0,,,,,,,,,54,0
RIVIAN,R1S,2025,EXTERIOR LIGHTING,2024-10-31,24V827000,1,2024-08-15,77,0.013191,1.0,4.333333,1.0,0.0,0.0,10,0
RIVIAN,R1S,2025,EXTERIOR LIGHTING,2025-02-13,25V085000,1,2024-08-22,175,0.012911,1.0,4.333333,0.0,0.0,0.0,20,0
RIVIAN,R1S,2025,EXTERIOR LIGHTING,2025-06-05,25V387000,1,2025-03-13,84,0.020954,1.0,2.166667,1.0,0.0,0.0,21,0
RAM,3500,2022,STRUCTURE,2022-12-08,22V904000,0,,,,,,,,,78,0
CHEVROLET,TAHOE,2024,SERVICE BRAKES,2024-09-12,24V674000,1,2024-08-15,28,0.009409,1.0,4.333333,1.0,0.0,1.0,237,0
KIA,TELLURIDE,2023,AIR BAGS,2023-01-26,23V035000,0,,,,,,,,,145,0
TOYOTA,SEQUOIA HYBRID,2023,TRAILER HITCHES,2024-08-22,24V640000,1,2024-08-15,7,0.009409,1.0,4.333333,1.0,0.0,1.0,401,0
BMW,X5,2025,ELECTRONIC STABILITY CONTROL (ESC),2024-02-08,24V104000,0,,,,,,,,,27,0
BMW,X5,2025,ELECTRONIC STABILITY CONTROL (ESC),2024-09-12,24V697000,1,2024-08-15,28,0.013191,1.0,4.333333,1.0,0.0,0.0,82,0
BMW,X5,2025,SERVICE BRAKES,2024-02-08,24V104000,0,,,,,,,,,27,0
BMW,X5,2025,SERVICE BRAKES,2024-09-12,24V697000,1,2024-08-15,28,0.013191,1.0,4.333333,1.0,0.0,0.0,82,0
MERCEDES-BENZ,AMG SL55,2022,ELECTRICAL SYSTEM,2023-10-05,23V676000,0,,,,,,,,,196,0
NISSAN,SENTRA,2024,POWER TRAIN,2024-04-25,24V304000,0,,,,,,,,,98,0
FORD,F-150,2024,POWER TRAIN,2025-03-13,25V164000,1,2024-09-19,175,0.012911,1.0,4.333333,0.0,0.0,0.0,396,0
FORD,F-150,2024,POWER TRAIN,2025-08-07,25V512000,1,2025-02-13,175,0.023913,1.0,1.444444,0.0,0.0,0.0,502,0
WINNEBAGO,VIEW,2023,STRUCTURE,2022-09-15,22V695000,0,,,,,,,,,9,0
WINNEBAGO,VIEW,2023,STRUCTURE,2023-10-12,23V694000,0,,,,,,,,,30,0
WINNEBAGO,VIEW,2023,STRUCTURE,2024-12-26,24V824000,1,2024-08-15,133,0.009409,1.0,4.333333,1.0,0.0,1.0,41,0
BMW,X4,2016,ELECTRICAL SYSTEM,2024-08-08,24V608000,0,,,,,,,,,118,0
BMW,840I,2020,ELECTRICAL SYSTEM,2024-08-01,24V576000,0,,,,,,,,,124,0
BMW,840I,2020,ELECTRICAL SYSTEM,2025-09-25,25V644000,0,,,,,,,,,167,0
BMW,840I,2020,ENGINE,2024-08-01,24V576000,0,,,,,,,,,124,0
VOLKSWAGEN,ATLAS CROSS SPORT,2024,SUSPENSION,2025-06-26,25V434000,0,,,,,,,,,152,0
BMW,M340I,2020,ELECTRICAL SYSTEM,2023-08-10,23V584000,0,,,,,,,,,88,0
BMW,M340I,2020,ELECTRICAL SYSTEM,2024-08-01,24V576000,0,,,,,,,,,124,0
LEXUS,RX,2023,AIR BAGS,2025-01-23,25V040000,1,2024-08-15,161,0.014805,1.0,4.333333,1.0,1.0,1.0,61,0
VOLKSWAGEN,ATLAS CROSS SPORT,2023,AIR BAGS,2022-03-24,22V152000,0,,,,,,,,,39,0
VOLKSWAGEN,ATLAS CROSS SPORT,2023,AIR BAGS,2024-06-20,24V464000,0,,,,,,,,,180,0
HYUNDAI,SANTA FE,2024,VISIBILITY,2024-11-07,24V843000,1,2024-08-15,84,0.014041,2.0,4.333333,2.0,0.0,0.0,276,0
INTERNATIONAL,LT,2018,ENGINE,2022-09-15,22V691000,0,,,,,,,,,1,0
BMW,X7,2023,EXTERIOR LIGHTING,2022-09-29,22V725000,0,,,,,,,,,37,0
BMW,3 SERIES,2011,ENGINE,2022-02-24,22V119000,0,,,,,,,,,104,0
BMW,3 SERIES,2011,ENGINE,2023-10-19,23V707000,0,,,,,,,,,89,0
FORD,F-59,2022,SERVICE BRAKES,2023-03-09,23V164000,0,,,,,,,,,396,0
FORD,ESCAPE,2023,BACK OVER PREVENTION,2025-05-08,25V315000,1,2025-01-23,105,0.020954,1.0,2.166667,1.0,0.0,0.0,627,0
MERCEDES-BENZ,EQS 580,2022,ELECTRICAL SYSTEM,2021-11-25,21V931000,0,,,,,,,,,52,0
MERCEDES-BENZ,EQS 580,2022,ELECTRICAL SYSTEM,2022-02-24,22V112000,0,,,,,,,,,72,0
MERCEDES-BENZ,EQS 580,2022,ELECTRICAL SYSTEM,2022-03-24,22V190000,0,,,,,,,,,78,0
MERCEDES-BENZ,EQS 580,2022,ELECTRICAL SYSTEM,2023-02-09,23V074000,0,,,,,,,,,129,0
MERCEDES-BENZ,EQS 580,2022,ELECTRICAL SYSTEM,2023-04-27,23V309000,0,,,,,,,,,143,0
MERCEDES-BENZ,EQS 580,2022,ELECTRICAL SYSTEM,2023-06-01,23V405000,0,,,,,,,,,146,0
MERCEDES BENZ,ML320,2008,SERVICE BRAKES,2022-05-05,22V315000,0,,,,,,,,,48,0
MERCEDES BENZ,ML320,2008,SERVICE BRAKES,2024-04-25,24V298000,0,,,,,,,,,34,0
MERCEDES-BENZ,GLS450,2021,SEATS,2022-09-29,22V732000,0,,,,,,,,,199,0
HYUNDAI,SANTA FE HYBRID,2024,ELECTRICAL SYSTEM,2024-07-25,24V561000,0,,,,,,,,,250,0
HYUNDAI,SANTA FE HYBRID,2024,ELECTRICAL SYSTEM,2024-11-07,24V843000,1,2024-08-22,77,0.013191,1.0,4.333333,1.0,0.0,0.0,276,0
THOR MOTOR COACH,TRANQUILITY,2023,EQUIPMENT,2023-06-22,23V447000,0,,,,,,,,,25,0
THOR MOTOR COACH,TRANQUILITY,2023,EQUIPMENT,2025-11-13,25V791000,0,,,,,,,,,26,0
THOR MOTOR COACH,WINDSPORT,2018,STRUCTURE,2023-02-23,23V121000,0,,,,,,,,,8,0
LAND ROVER,RANGE ROVER SPORT,2021,ENGINE,2023-02-02,23V044000,0,,,,,,,,,41,0
RAM,4500,2024,STEERING,2023-11-23,23V799000,0,,,,,,,,,27,0
RAM,4500,2024,STEERING,2024-03-14,24V199000,0,,,,,,,,,33,0
INDIAN,CHALLENGER LIMITED,2021,EXTERIOR LIGHTING,2024-02-01,24V069000,0,,,,,,,,,7,0
LAND ROVER,RANGE ROVER,2014,STEERING,2024-11-07,24V840000,1,2024-08-22,77,0.013191,1.0,4.333333,1.0,0.0,0.0,38,0
LAND ROVER,RANGE ROVER,2014,STEERING,2025-08-07,25V514000,1,2025-03-20,140,0.020954,1.0,2.166667,1.0,0.0,0.0,35,0
BMW,M3,2021,SEAT BELTS,2021-07-15,21V554000,0,,,,,,,,,59,0
TOYOTA,HIGHLANDER HYBRID,2023,AIR BAGS,2023-07-06,23V480000,0,,,,,,,,,204,0
TOYOTA,HIGHLANDER HYBRID,2023,AIR BAGS,2025-01-23,25V040000,1,2024-08-22,154,0.009409,1.0,4.333333,1.0,0.0,1.0,436,0
WINNEBAGO,FORZA,2017,EXTERIOR LIGHTING,2024-09-26,24V733000,1,2024-08-22,35,0.013191,1.0,4.333333,1.0,0.0,0.0,2,0
MERCEDES-BENZ,AMG GT63,2023,FUEL/PROPULSION SYSTEM,2023-06-22,23V445000,0,,,,,,,,,99,0
MERCEDES-BENZ,AMG GT63,2023,FUEL/PROPULSION SYSTEM,2023-12-21,23V880000,0,,,,,,,,,167,0
JEEP,WAGONEER,2022,SEAT BELTS,2023-10-26,23V716000,0,,,,,,,,,247,0
HONDA,PASSPORT,2021,AIR BAGS,2024-02-01,24V064000,0,,,,,,,,,315,0
MERCEDES-BENZ,AMG GLE43,2018,STRUCTURE,2023-12-14,23V854000,0,,,,,,,,,163,0
KIA,EV9,2024,POWER TRAIN,2024-04-11,24V271000,0,,,,,,,,,202,0
HYUNDAI,KONA N,2022,POWER TRAIN,2022-10-06,22V746000,0,,,,,,,,,241,0
HONDA,RIDGELINE,2023,BACK OVER PREVENTION,2024-05-09,24V321000,0,,,,,,,,,332,0
JEEP,GRAND CHEROKEE,2024,STEERING,2024-02-22,24V131000,0,,,,,,,,,106,0
HIGHLAND RIDGE FW,MESA RIDGE XLT,2021,EQUIPMENT,2022-05-05,22V303000,0,,,,,,,,,0,0
RAM,PROMASTER,2022,BACK OVER PREVENTION,2022-12-22,22V947000,0,,,,,,,,,79,0
RAM,PROMASTER,2022,BACK OVER PREVENTION,2024-06-13,24V436000,0,,,,,,,,,121,0
RAM,PROMASTER,2022,BACK OVER PREVENTION,2025-05-15,25V330000,0,,,,,,,,,127,0
TESLA,MODEL Y,2024,TIRES,2024-12-12,24V935000,1,2024-08-29,105,0.013191,1.0,4.333333,1.0,0.0,0.0,140,0
VOLKSWAGEN,ATLAS,2022,FUEL/PROPULSION SYSTEM,2022-04-07,22V245000,0,,,,,,,,,117,0
KIA,EV9,2024,SEATS,2024-12-19,24V962000,1,2024-08-29,112,0.009409,1.0,4.333333,1.0,0.0,1.0,254,0
ALLIANCE RV,VALOR,2023,EQUIPMENT,2022-07-14,22V512000,0,,,,,,,,,0,0
TESLA,MODEL Y,2020,LATCHES/LOCKS/LINKAGES,2024-07-18,24V554000,0,,,,,,,,,133,0
MAZDA,CX-30,2024,FORWARD COLLISION AVOIDANCE,2024-08-29,24V649000,1,2024-08-29,0,0.013191,1.0,4.333333,1.0,0.0,0.0,78,0
ALFA ROMEO,GIULIA,2024,SEAT BELTS,2024-06-27,24V510000,0,,,,,,,,,6,0
FOREST RIVER,WILDWOOD,2022,ELECTRICAL SYSTEM,2025-10-09,25V682000,0,,,,,,,,,35,0
ALFA ROMEO,STELVIO,2022,AIR BAGS,2024-06-27,24V510000,0,,,,,,,,,6,0
ALFA ROMEO,STELVIO,2022,SEAT BELTS,2024-06-27,24V510000,0,,,,,,,,,6,0
BMW,XM,2024,SERVICE BRAKES,2024-02-08,24V104000,0,,,,,,,,,87,0
BMW,XM,2024,SERVICE BRAKES,2024-09-12,24V697000,1,2024-09-05,7,0.009409,1.0,4.333333,1.0,0.0,1.0,154,0
BMW,XM,2024,SERVICE BRAKES,2024-09-26,24V739000,1,2024-09-05,21,0.009409,1.0,4.333333,1.0,0.0,1.0,156,0
HUSQVARNA,SVARTPILEN 401,2022,VEHICLE SPEED CONTROL,2025-09-11,25V598000,1,2025-04-24,140,0.020954,1.0,2.166667,1.0,0.0,0.0,5,0
RIVIAN,R1S,2024,AIR BAGS,2024-05-30,24V408000,0,,,,,,,,,30,0
MERCEDES BENZ,GL550,2009,SERVICE BRAKES,2022-05-05,22V315000,0,,,,,,,,,33,0
MERCEDES BENZ,GL550,2009,SERVICE BRAKES,2024-04-25,24V298000,0,,,,,,,,,26,0
HARLEY-DAVIDSON,FLTRXSTSE,2024,ELECTRICAL SYSTEM,2024-09-12,24V672000,1,2024-09-05,7,0.009409,1.0,4.333333,1.0,0.0,1.0,13,0
TOYOTA,CAMRY HYBRID,2021,AIR BAGS,2023-12-14,23V865000,0,,,,,,,,,291,0
RAM,4500,2018,SERVICE BRAKES,2024-11-21,24V896000,1,2024-09-05,77,0.013191,1.0,4.333333,1.0,0.0,0.0,141,0
LEXUS,ES,2020,AIR BAGS,2023-12-14,23V865000,0,,,,,,,,,33,0
MERCEDES-BENZ,SPRINTER 2500,2021,STRUCTURE,2021-11-25,21V933000;21V934000,0,,,,,,,,,119,0
MERCEDES-BENZ,SPRINTER 2500,2021,STRUCTURE,2023-11-30,23V806000,0,,,,,,,,,182,0
MERCEDES-BENZ,SPRINTER 2500,2021,STRUCTURE,2023-12-21,23V875000;23V876000,0,,,,,,,,,189,0
RAM,PROMASTER,2020,BACK OVER PREVENTION,2025-08-21,25V552000,0,,,,,,,,,117,0
FORD,MAVERICK,2023,ENGINE,2023-05-25,23V380000,0,,,,,,,,,250,0
FORD,MAVERICK,2023,ENGINE,2025-05-22,25V345000,1,2024-11-28,175,0.02008,1.0,2.166667,-1.0,0.0,0.0,620,0
CADILLAC,CT4,2022,AIR BAGS,2021-08-05,21V611000,0,,,,,,,,,11,0
BMW,I5,2024,ELECTRONIC STABILITY CONTROL (ESC),2024-02-08,24V104000,0,,,,,,,,,87,0
BMW,I5,2024,ELECTRONIC STABILITY CONTROL (ESC),2024-09-12,24V697000,1,2024-09-05,7,0.013191,1.0,4.333333,1.0,0.0,0.0,154,0
FORD,TRANSIT,2017,PARKING BRAKE,2021-08-05,21V631000,0,,,,,,,,,465,0
TOYOTA,CAMRY HYBRID,2020,AIR BAGS,2023-12-14,23V865000,0,,,,,,,,,277,0
BMW,528I,2015,ELECTRICAL SYSTEM,2024-08-08,24V608000,0,,,,,,,,,114,0
MERCEDES-BENZ,E 350,2024,ELECTRICAL SYSTEM,2024-02-15,24V115000,0,,,,,,,,,97,0
MERCEDES-BENZ,E 350,2024,ELECTRICAL SYSTEM,2024-03-21,24V224000,0,,,,,,,,,110,0
MERCEDES-BENZ,E 350,2024,ELECTRICAL SYSTEM,2025-04-10,25V240000,1,2024-10-17,175,0.012911,1.0,4.333333,0.0,0.0,0.0,152,0
INDIAN,CHIEFTAIN,2017,EXTERIOR LIGHTING,2022-08-18,22V635000,0,,,,,,,,,3,0
MINI,COUNTRYMAN,2025,SERVICE BRAKES,2024-02-08,24V104000,0,,,,,,,,,0,0
VOLKSWAGEN,TAOS,2022,EQUIPMENT,2022-07-14,22V514000,0,,,,,,,,,125,0
TESLA,MODEL 3,2021,LATCHES/LOCKS/LINKAGES,2024-07-18,24V554000,0,,,,,,,,,163,0
SUBARU,ASCENT,2020,STEERING,2021-12-09,21V954000,0,,,,,,,,,190,0
VOLVO,XC40,2024,SERVICE BRAKES,2025-06-19,25V392000,1,2024-12-26,175,0.020512,1.0,2.166667,0.0,0.0,0.0,63,0
VOLVO,XC40,2024,ELECTRICAL SYSTEM,2024-01-04,24V010000,0,,,,,,,,,51,0
MAZDA,CX-30,2024,AIR BAGS,2025-05-29,25V357000,1,2025-01-23,126,0.01498,1.0,2.166667,1.0,0.0,1.0,111,0
CHRYSLER,PACIFICA,2024,SEATS,2024-11-21,24V888000,1,2024-09-12,70,0.014805,1.0,4.333333,1.0,1.0,1.0,33,0
LUCID,AIR,2024,POWER TRAIN,2025-10-02,25V669000,1,2025-05-01,154,0.01498,1.0,2.166667,1.0,0.0,1.0,16,0
BMW,328XI,2014,ELECTRICAL SYSTEM,2024-08-08,24V608000,0,,,,,,,,,110,0
BMW,X7,2025,SERVICE BRAKES,2024-02-08,24V104000,0,,,,,,,,,27,0
BMW,X7,2025,SERVICE BRAKES,2024-09-12,24V697000,1,2024-09-12,0,0.013191,1.0,4.333333,1.0,0.0,0.0,82,0
MERCEDES-BENZ,EQE SUV 350 4MATIC,2023,ELECTRICAL SYSTEM,2024-05-23,24V372000,0,,,,,,,,,201,0
MERCEDES-BENZ,EQE SUV 350 4MATIC,2023,ELECTRICAL SYSTEM,2025-05-08,25V255000,1,2024-11-14,175,0.009208,1.0,4.333333,0.0,0.0,1.0,185,0
PETERBILT,579,2023,VISIBILITY,2022-12-15,22V940000,0,,,,,,,,,0,0
TOYOTA,CROWN,2023,ELECTRICAL SYSTEM,2025-09-11,25V595000,0,,,,,,,,,408,0
TOYOTA,HIGHLANDER HYBRID,2022,STRUCTURE,2023-10-26,23V720000,0,,,,,,,,,333,0
TOYOTA,GRAND HIGHLANDER HYBRID,2024,AIR BAGS,2024-06-20,24V461000,0,,,,,,,,,245,0
AMP,TERRAIN ATTACK A/T,9999,TIRES,2024-03-21,24T001000,0,,,,,,,,,0,0
ACURA,TLX TYPE S,2021,ELECTRICAL SYSTEM,2025-01-23,25V031000,1,2024-09-12,133,0.009409,1.0,4.333333,1.0,0.0,1.0,78,0
CADILLAC,ESCALADE,2024,SERVICE BRAKES,2024-09-12,24V674000,1,2024-09-12,0,0.014805,1.0,4.333333,1.0,1.0,1.0,50,0
MERCEDES-BENZ,GLS 450,2020,VISIBILITY,2023-03-16,23V177000,0,,,,,,,,,196,0
VOLVO,XC60,2022,BACK OVER PREVENTION,2025-05-08,25V282000,1,2024-11-14,175,0.013452,2.0,4.333333,0.0,0.0,0.0,58,0
VOLVO,XC60,2022,BACK OVER PREVENTION,2025-12-18,25V908000,1,2025-10-23,56,0.019118,2.0,2.888889,2.0,0.0,0.0,89,0
CYBEX,ATON G SWIVEL,9999,CHILD SEAT,2025-02-13,25C002000,1,2024-09-19,147,0.013191,1.0,4.333333,1.0,0.0,0.0,0,0
HONDA,PASSPORT,2023,FUEL/PROPULSION SYSTEM,2024-11-21,24V900000,1,2024-09-19,63,0.013191,1.0,4.333333,1.0,0.0,0.0,338,0
GMC,YUKON,2024,ENGINE,2025-04-24,25V274000,1,2024-10-31,175,0.012911,1.0,4.333333,0.0,0.0,0.0,197,0
VOLVO,XC90,2023,SERVICE BRAKES,2023-01-19,23V012000,0,,,,,,,,,43,0
HONDA,ACCORD,2024,FUEL/PROPULSION SYSTEM,2024-10-10,24V763000,1,2024-09-19,21,0.009409,1.0,4.333333,1.0,0.0,1.0,251,0
VOLKSWAGEN,ID.4,2024,ELECTRICAL SYSTEM,2025-02-27,25V125000,1,2024-09-19,161,0.013191,1.0,4.333333,1.0,0.0,0.0,149,0
VOLKSWAGEN,ID.4,2024,ELECTRICAL SYSTEM,2025-11-27,25V836000,1,2025-06-05,175,0.028475,3.0,1.181818,0.0,0.333333,0.333333,175,0
SCORPION EXO,COVERT X HELMET,9999,EQUIPMENT,2024-06-27,24E054000,0,,,,,,,,,0,0
VOLKSWAGEN,ATLAS CROSS SPORT,2021,TIRES,2022-10-27,22V815000,0,,,,,,,,,164,0
HARLEY-DAVIDSON,FLTRX,2024,ELECTRICAL SYSTEM,2024-09-12,24V672000,0,,,,,,,,,14,0
PROTERRA,CATALYST,2021,ELECTRICAL SYSTEM,2023-10-12,23V697000,0,,,,,,,,,0,0
PROTERRA,CATALYST,2021,ELECTRICAL SYSTEM,2024-09-05,24V655000,0,,,,,,,,,0,0
DODGE,DURANGO,2022,BACK OVER PREVENTION,2024-06-13,24V436000,0,,,,,,,,,48,0
TOYOTA,COROLLA CROSS HYBRID,2023,SERVICE BRAKES,2024-09-19,24V708000,1,2024-09-19,0,0.013191,1.0,4.333333,1.0,0.0,0.0,417,0
HONDA,CIVIC TYPE R,2021,AIR BAGS,2024-02-01,24V064000,0,,,,,,,,,315,0
SUBARU,LEGACY,2020,AIR BAGS,2024-03-21,24V227000,0,,,,,,,,,175,0
LEXUS,ES HYBRID,2020,AIR BAGS,2023-12-14,23V865000,0,,,,,,,,,33,0
FORD,MUSTANG,2022,AIR BAGS,2022-02-10,22V083000,0,,,,,,,,,144,0
MERCEDES-BENZ,E 300,2019,BACK OVER PREVENTION,2022-04-07,22V232000,0,,,,,,,,,156,0
CHEVROLET,EQUINOX EV,2024,FORWARD COLLISION AVOIDANCE,2025-09-25,25V639000,1,2025-04-03,175,0.025958,4.0,1.238095,0.0,0.0,0.25,422,0
BLUE BIRD,ALL AMERICAN SCHOOL BUS,2020,SEATS,2024-02-01,24V078000,0,,,,,,,,,0,0
HYUNDAI,SANTA FE,2024,BACK OVER PREVENTION,2024-03-28,24V246000,0,,,,,,,,,221,0
HYUNDAI,SANTA FE,2024,BACK OVER PREVENTION,2025-11-20,25V808000,0,,,,,,,,,392,0
JEEP,GRAND CHEROKEE,2023,SEAT BELTS,2024-06-13,24V434000,0,,,,,,,,,225,0
BUICK,ENVISION,2024,EQUIPMENT,2024-09-19,24V710000,0,,,,,,,,,29,0
FORD,MAVERICK,2023,BACK OVER PREVENTION,2024-09-12,24V684000,0,,,,,,,,,516,0
FORD,MAVERICK,2023,BACK OVER PREVENTION,2025-06-26,25V442000,1,2025-01-23,154,0.020954,1.0,2.166667,1.0,0.0,0.0,609,0
CHEVROLET,6500,2019,SERVICE BRAKES,2025-06-12,25V390000,0,,,,,,,,,385,0
FORD,F-350 SD,2023,STEERING,2023-05-11,23V344000,0,,,,,,,,,239,0
FORD,F-350 SD,2023,STEERING,2023-12-14,23V847000,0,,,,,,,,,391,0
FORD,F-350 SD,2023,VISIBILITY,2025-03-13,25V157000,1,2024-10-03,161,0.013191,1.0,4.333333,1.0,0.0,0.0,613,0
FORD,F-150 LIGHTNING BEV,2024,POWER TRAIN,2025-12-11,25V863000,1,2025-06-19,175,0.018319,2.0,2.888889,0.0,0.0,0.0,531,0
LAND ROVER,RANGE ROVER SPORT,2015,STEERING,2025-08-07,25V514000,1,2025-04-24,105,0.024426,1.0,1.444444,1.0,0.0,0.0,55,0
VOLKSWAGEN,ID.4,2024,STRUCTURE,2023-12-07,23V750000,0,,,,,,,,,73,0
VOLKSWAGEN,ID.4,2024,STRUCTURE,2024-08-29,24V651000,0,,,,,,,,,133,0
CADILLAC,XT6,2022,SERVICE BRAKES,2022-06-02,22V392000,0,,,,,,,,,9,0
HEARTLAND,BIGHORN,2023,EQUIPMENT,2022-08-04,22V591000,0,,,,,,,,,3,0
HEARTLAND,BIGHORN,2023,EQUIPMENT,2023-04-13,23V278000,0,,,,,,,,,2,0
HEARTLAND,BIGHORN,2023,EQUIPMENT,2024-03-21,24V236000,0,,,,,,,,,0,0
NISSAN,LEAF,2018,EQUIPMENT,2023-02-02,23V048000,0,,,,,,,,,250,0
RIVIAN,R1S,2025,STEERING,2024-09-12,24V686000,0,,,,,,,,,10,0
FORD,F-150,2024,VISIBILITY,2024-06-27,24V486000,0,,,,,,,,,250,0
CHEVROLET,SUBURBAN 1500,2023,SERVICE BRAKES,2024-09-12,24V674000,0,,,,,,,,,326,0
FORD,MAVERICK,2024,ELECTRICAL SYSTEM,2023-12-14,23V848000,0,,,,,,,,,174,0
FORD,MAVERICK,2024,ELECTRICAL SYSTEM,2024-04-25,24V293000,0,,,,,,,,,239,0
FORD,MAVERICK,2024,ELECTRICAL SYSTEM,2025-02-13,25V094000;25V095000,1,2024-10-10,126,0.014805,1.0,4.333333,1.0,1.0,1.0,377,0
KILIMANJARO,E-BIKE CARRIER,9999,EQUIPMENT,2024-08-29,24E074000,0,,,,,,,,,0,0
HONDA,CR-V,2025,STEERING,2024-10-03,24V744000,0,,,,,,,,,122,0
VOLKSWAGEN,GTI,2022,VISIBILITY,2022-07-21,22V542000,0,,,,,,,,,128,0
GMC,SIERRA 2500,2022,POWER TRAIN,2024-10-24,24V797000,1,2024-10-10,14,0.009409,1.0,4.333333,1.0,0.0,1.0,171,0
HONDA,HR-V,2025,STEERING,2024-10-03,24V744000,0,,,,,,,,,122,0
BMW,540I,2024,SERVICE BRAKES,2024-09-12,24V697000,0,,,,,,,,,155,0
BMW,540I,2024,ELECTRONIC STABILITY CONTROL (ESC),2024-09-12,24V697000,0,,,,,,,,,155,0
BMW,I7,2023,ELECTRONIC STABILITY CONTROL (ESC),2024-02-08,24V104000,0,,,,,,,,,127,0
BMW,760I,2024,SERVICE BRAKES,2024-02-08,24V104000,0,,,,,,,,,87,0
VOLKSWAGEN,ATLAS,2024,BACK OVER PREVENTION,2024-06-27,24V480000,0,,,,,,,,,114,0
VOLKSWAGEN,ATLAS,2024,BACK OVER PREVENTION,2025-05-15,25V334000,1,2024-11-21,175,0.013452,2.0,4.333333,0.0,0.0,0.0,145,0
BMW,530I,2024,ELECTRONIC STABILITY CONTROL (ESC),2024-02-08,24V104000,0,,,,,,,,,87,0
BMW,530I,2024,ELECTRONIC STABILITY CONTROL (ESC),2024-09-12,24V697000,0,,,,,,,,,155,0
BMW,530I,2024,ELECTRONIC STABILITY CONTROL (ESC),2024-09-26,24V739000,0,,,,,,,,,157,0
BMW,X2,2024,ELECTRONIC STABILITY CONTROL (ESC),2024-02-08,24V104000,0,,,,,,,,,87,0
BMW,X2,2024,ELECTRONIC STABILITY CONTROL (ESC),2024-09-12,24V697000,0,,,,,,,,,155,0
BMW,X2,2024,SERVICE BRAKES,2024-02-08,24V104000,0,,,,,,,,,87,0
BMW,X2,2024,SERVICE BRAKES,2024-09-12,24V697000,0,,,,,,,,,155,0
BMW,740I,2024,ELECTRONIC STABILITY CONTROL (ESC),2024-02-08,24V104000,0,,,,,,,,,87,0
BMW,740I,2024,ELECTRONIC STABILITY CONTROL (ESC),2024-09-12,24V697000,0,,,,,,,,,155,0
BMW,740I,2024,ELECTRONIC STABILITY CONTROL (ESC),2024-09-26,24V739000,0,,,,,,,,,157,0
RAM,1500,2022,ELECTRONIC STABILITY CONTROL (ESC),2024-09-05,24V653000,0,,,,,,,,,121,0
AUDI,RS E-TRON GT,2022,BACK OVER PREVENTION,2025-12-18,25V900000,0,,,,,,,,,128,0
AUDI,Q4 E-TRON,2022,ELECTRICAL SYSTEM,2023-12-07,23V842000,0,,,,,,,,,99,0
BMW,X7,2025,ELECTRONIC STABILITY CONTROL (ESC),2024-02-08,24V104000,0,,,,,,,,,27,0
BMW,X7,2025,ELECTRONIC STABILITY CONTROL (ESC),2024-09-12,24V697000,0,,,,,,,,,83,0
VOLKSWAGEN,ID.4,2023,SUSPENSION,2025-06-26,25V434000,1,2025-01-02,175,0.012911,1.0,4.333333,0.0,0.0,0.0,207,0
GMC,SIERRA 3500,2019,FUEL/PROPULSION SYSTEM,2023-02-02,23V047000,0,,,,,,,,,137,0
BMW,X7,2020,SEATS,2022-09-01,22V670000,0,,,,,,,,,73,0
MERCEDES-BENZ,GLA 250,2020,FUEL/PROPULSION SYSTEM,2021-12-09,21V961000,0,,,,,,,,,175,0
THOR MOTOR COACH,WINDSPORT,2022,STRUCTURE,2022-02-10,22V076000,0,,,,,,,,,26,0
PJ TRAILERS,LD,2024,SUSPENSION,2024-10-31,24V837000,1,2024-10-17,14,0.009409,1.0,4.333333,1.0,0.0,1.0,2,0
DODGE,DURANGO,2023,POWER TRAIN,2023-09-14,23V640000,0,,,,,,,,,17,0
CADILLAC,ESCALADE,2021,ENGINE,2025-04-24,25V274000,1,2024-10-31,175,0.009208,1.0,4.333333,0.0,0.0,1.0,82,0
GMC,HUMMER EV PICKUP,2022,ELECTRICAL SYSTEM,2022-10-13,22V771000,0,,,,,,,,,86,0
GMC,HUMMER EV PICKUP,2022,ELECTRICAL SYSTEM,2023-05-25,23V367000,0,,,,,,,,,125,0
TOYOTA,RAV4,2024,WHEELS,2024-12-05,24V911000,1,2024-10-17,49,0.009409,1.0,4.333333,1.0,0.0,1.0,343,0
MERCEDES-BENZ,AMG GT43,2023,ELECTRICAL SYSTEM,2023-08-10,23V574000,0,,,,,,,,,125,0
MERCEDES-BENZ,AMG GT43,2023,ELECTRICAL SYSTEM,2024-02-08,24V100000,0,,,,,,,,,178,0
MERCEDES-BENZ,AMG GT43,2023,ELECTRICAL SYSTEM,2024-06-13,24V445000,0,,,,,,,,,200,0
BMW,528I,2016,ELECTRICAL SYSTEM,2024-08-08,24V608000,0,,,,,,,,,118,0
KENWORTH,T680,2023,SERVICE BRAKES,2024-02-22,24V145000,0,,,,,,,,,0,0
KENWORTH,T680,2023,SERVICE BRAKES,2024-12-05,24V915000,1,2024-10-17,49,0.014805,1.0,4.333333,1.0,1.0,1.0,3,0
JEEP,GRAND CHEROKEE,2021,CHILD SEAT,2022-03-24,22V180000,0,,,,,,,,,147,0
KIA,SORENTO,2024,ELECTRICAL SYSTEM,2024-04-18,24V287000,0,,,,,,,,,205,0
KIA,SORENTO,2024,ELECTRICAL SYSTEM,2025-01-09,25V006000,1,2024-10-24,77,0.020711,1.0,4.333333,1.0,1.0,0.0,247,0
PETERBILT,567,2024,FUEL/PROPULSION SYSTEM,2023-09-21,23V653000,0,,,,,,,,,1,0
RAM,3500,2023,ELECTRICAL SYSTEM,2023-02-09,23V060000,0,,,,,,,,,50,0
NIKOLA,TRE FCEV,2024,FUEL/PROPULSION SYSTEM,2025-02-06,25V073000,1,2024-10-24,105,0.013191,1.0,4.333333,1.0,0.0,0.0,0,0
HONDA,PILOT,2025,FUEL/PROPULSION SYSTEM,2024-11-21,24V900000,1,2024-10-24,28,0.009409,1.0,4.333333,1.0,0.0,1.0,162,0
HONDA,PILOT,2025,FUEL/PROPULSION SYSTEM,2025-01-23,25V031000,1,2024-10-24,91,0.009409,1.0,4.333333,1.0,0.0,1.0,205,0
TESLA,CYBERTRUCK,2024,EXTERIOR LIGHTING,2025-10-09,25V699000,1,2025-04-17,175,0.027863,1.0,0.722222,0.0,0.0,0.0,166,0
TESLA,CYBERTRUCK,2024,EXTERIOR LIGHTING,2025-10-23,25V735000,1,2025-10-02,21,0.029084,1.0,0.619048,1.0,0.0,0.0,162,0
HONDA,ODYSSEY,2021,FUEL/PROPULSION SYSTEM,2023-12-14,23V858000,0,,,,,,,,,331,0
KIA,FORTE,2022,STEERING,2022-05-05,22V304000,0,,,,,,,,,131,0
CHEVROLET,COLORADO,2022,SEATS,2022-05-26,22V375000,0,,,,,,,,,122,0
FREIGHTLINER,CASCADIA,2022,ENGINE,2021-09-09,21V715000,0,,,,,,,,,1,0
MINI,COOPER SE,2023,ELECTRICAL SYSTEM,2024-04-25,24V302000,0,,,,,,,,,5,0
MINI,COOPER SE,2023,ELECTRICAL SYSTEM,2024-08-15,24V612000,0,,,,,,,,,8,0
ARROYO,GRAND SPORT A/S,9999,TIRES,2023-11-02,23T009000,0,,,,,,,,,0,0
HONDA,CIVIC,2025,FUEL/PROPULSION SYSTEM,2024-10-10,24V763000,0,,,,,,,,,131,0
GENESIS,G90,2023,ELECTRICAL SYSTEM,2025-07-17,25V474000,0,,,,,,,,,67,0
GENESIS,G90,2023,ELECTRICAL SYSTEM,2025-11-27,25V833000,0,,,,,,,,,53,0
MINI,COOPER S,2025,ELECTRONIC STABILITY CONTROL (ESC),2024-02-08,24V104000,0,,,,,,,,,0,0
MINI,COOPER S,2025,ELECTRONIC STABILITY CONTROL (ESC),2024-09-12,24V697000,0,,,,,,,,,4,0
MINI,COOPER S,2025,SERVICE BRAKES,2024-02-08,24V104000,0,,,,,,,,,0,0
MINI,COOPER S,2025,SERVICE BRAKES,2024-09-12,24V697000,0,,,,,,,,,4,0
BMW,Z4,2013,ENGINE,2024-08-08,24V608000,0,,,,,,,,,95,0
JEEP,WRANGLER 4XE,2022,ELECTRICAL SYSTEM,2024-09-26,24V720000,0,,,,,,,,,264,0
VOLKSWAGEN,GTI,2023,BACK OVER PREVENTION,2022-10-27,22V823000,0,,,,,,,,,66,0
VOLKSWAGEN,GTI,2023,BACK OVER PREVENTION,2024-06-27,24V480000,0,,,,,,,,,191,0
VOLKSWAGEN,GTI,2023,BACK OVER PREVENTION,2025-02-13,25V103000,1,2024-10-24,112,0.013191,1.0,4.333333,1.0,0.0,0.0,228,0
LUCID,AIR,2024,ELECTRICAL SYSTEM,2024-10-31,24V836000,1,2024-10-24,7,0.013191,1.0,4.333333,1.0,0.0,0.0,4,0
LUCID,AIR,2024,ELECTRICAL SYSTEM,2025-10-02,25V669000,0,,,,,,,,,17,0
LEXUS,LX,2022,ENGINE,2024-05-30,24V381000,0,,,,,,,,,50,0
LEXUS,LX,2022,ENGINE,2025-11-06,25V767000,1,2025-05-15,175,0.023913,1.0,1.444444,0.0,0.0,0.0,53,0
BMW,I7,2024,ELECTRONIC STABILITY CONTROL (ESC),2024-02-08,24V104000,0,,,,,,,,,87,0
BMW,I7,2024,ELECTRONIC STABILITY CONTROL (ESC),2024-09-12,24V697000,0,,,,,,,,,155,0
BMW,I7,2024,SERVICE BRAKES,2024-02-08,24V104000,0,,,,,,,,,87,0
BMW,I7,2024,SERVICE BRAKES,2024-09-12,24V697000,0,,,,,,,,,155,0
HARLEY-DAVIDSON,RA1250S,2021,ELECTRICAL SYSTEM,2022-01-20,22V030000,0,,,,,,,,,15,0
TOYOTA,SEQUOIA HYBRID,2024,POWER TRAIN,2024-02-15,24V125000,0,,,,,,,,,165,0
PORSCHE,TAYCAN,2024,SERVICE BRAKES,2024-06-13,24V455000,0,,,,,,,,,20,0
CHEVROLET,SUBURBAN,2024,ENGINE,2025-04-24,25V274000,1,2024-10-31,175,0.009409,1.0,4.333333,1.0,0.0,1.0,367,0
FORD,F-150,2024,ENGINE,2024-12-19,24V851000,1,2024-10-31,49,0.009409,1.0,4.333333,1.0,0.0,1.0,342,0
FORD,F-150,2024,ENGINE,2025-03-27,25V198000,1,2024-10-31,147,0.009409,1.0,4.333333,1.0,0.0,1.0,404,0
CHEVROLET,SILVERADO 3500,2023,LATCHES/LOCKS/LINKAGES,2024-02-01,24V060000,0,,,,,,,,,247,0
VOLVO,S60,2022,AIR BAGS,2023-11-16,23V780000,0,,,,,,,,,77,0
VOLVO,S60,2022,SEAT BELTS,2021-08-26,21V682000,0,,,,,,,,,22,0
RAM,1500,2025,EXTERIOR LIGHTING,2024-12-19,24V942000,1,2024-10-31,49,0.013191,1.0,4.333333,1.0,0.0,0.0,39,0
CONTINENTAL,PROCONTACT GX AO,9999,TIRES,2024-08-15,24T009000,0,,,,,,,,,15,0
JAYCO FIFTH WHEEL,NORTH POINT,2022,STRUCTURE,2022-08-04,22V571000,0,,,,,,,,,0,0
BMW,X1,2024,ELECTRONIC STABILITY CONTROL (ESC),2024-02-08,24V104000,0,,,,,,,,,87,0
BMW,X1,2024,ELECTRONIC STABILITY CONTROL (ESC),2024-09-12,24V697000,0,,,,,,,,,155,0
HYUNDAI,PALISADE,2025,SEAT BELTS,2025-09-11,25V607000,1,2025-03-20,175,0.017668,3.0,3.25,0.0,0.0,0.0,246,0
MERCEDES-BENZ,C 300,2021,BACK OVER PREVENTION,2022-04-07,22V232000,0,,,,,,,,,133,0
NISSAN,SENTRA,2024,AIR BAGS,2024-02-22,24V154000,0,,,,,,,,,84,0
TESLA,MODEL 3,2025,ELECTRICAL SYSTEM,2025-01-02,25V002000,1,2024-10-31,63,0.013191,1.0,4.333333,1.0,0.0,0.0,70,0
TESLA,MODEL 3,2025,ELECTRICAL SYSTEM,2025-10-09,25V690000,1,2025-04-17,175,0.023117,3.0,2.166667,0.0,0.333333,0.333333,135,0
THOR MOTOR COACH,SEQUENCE,2022,EQUIPMENT,2022-05-05,22V300000,0,,,,,,,,,20,0
THOR MOTOR COACH,SEQUENCE,2022,EQUIPMENT,2025-11-13,25V791000,0,,,,,,,,,25,0
HONDA,PASSPORT,2020,AIR BAGS,2024-02-01,24V064000,0,,,,,,,,,338,0
NISSAN,Z,2023,STRUCTURE,2023-10-26,23V725000,0,,,,,,,,,144,0
NISSAN,Z,2023,STRUCTURE,2024-10-24,24V798000,0,,,,,,,,,205,0
NISSAN,Z,2023,ELECTRICAL SYSTEM,2024-10-24,24V798000,0,,,,,,,,,205,0
GRAND DESIGN,SOLITUDE,2024,STRUCTURE,2025-02-06,25V061000,1,2024-11-07,91,0.013191,1.0,4.333333,1.0,0.0,0.0,25,0
ALLIANCE RV,PARADIGM,2022,STRUCTURE,2024-04-18,24V286000,0,,,,,,,,,6,0
FORD,BRONCO,2024,FUEL/PROPULSION SYSTEM,2025-09-11,25V597000,0,,,,,,,,,516,0
ACURA,MDX,2024,SERVICE BRAKES,2025-06-12,25V391000,1,2024-12-19,175,0.012911,1.0,4.333333,0.0,0.0,0.0,58,0
WINNEBAGO,TRAVATO,2024,STRUCTURE,2023-09-07,23V627000,0,,,,,,,,,12,0
VOLKSWAGEN,TIGUAN,2021,SUSPENSION,2022-03-17,22V176000,0,,,,,,,,,140,0
RAM,2500,2024,BACK OVER PREVENTION,2023-09-28,23V654000,0,,,,,,,,,22,0
FORD,MUSTANG,2024,BACK OVER PREVENTION,2025-05-08,25V315000,1,2024-11-14,175,0.012911,1.0,4.333333,0.0,0.0,0.0,425,0
HYUNDAI,TUCSON,2025,ELECTRICAL SYSTEM,2024-11-14,24V877000,1,2024-11-07,7,0.009409,1.0,4.333333,1.0,0.0,1.0,129,0
FREIGHTLINER,CASCADIA,2024,STEERING,2024-02-08,24V093000,0,,,,,,,,,4,0
FORD,ESCAPE PHEV,2023,ELECTRICAL SYSTEM,2025-11-13,25V789000,1,2025-05-22,175,0.020512,1.0,2.166667,0.0,0.0,0.0,625,0
CHEVROLET,SILVERADO 3500,2020,POWER TRAIN,2024-10-24,24V797000,0,,,,,,,,,332,0
VOLKSWAGEN,GTI,2024,BACK OVER PREVENTION,2024-06-27,24V480000,0,,,,,,,,,114,0
VOLKSWAGEN,GTI,2024,BACK OVER PREVENTION,2025-02-13,25V103000,1,2024-11-07,98,0.013191,1.0,4.333333,1.0,0.0,0.0,150,0
BATTLE MOTORS,LET2,2024,STEERING,2023-12-21,23V902000,0,,,,,,,,,0,0
BATTLE MOTORS,LET2,2024,STEERING,2025-05-29,25V342000,1,2024-12-05,175,0.012911,1.0,4.333333,0.0,0.0,0.0,4,0
FORD,TRANSIT CONNECT,2017,BACK OVER PREVENTION,2025-08-28,25V572000,0,,,,,,,,,482,0
HOLLEY,SNIPER2 EFI THROTTLE BODY,9999,FUEL/PROPULSION SYSTEM,2024-09-05,24E076000,0,,,,,,,,,0,0
FIAT,500X,2022,AIR BAGS,2024-06-27,24V510000,0,,,,,,,,,0,0
FIAT,500X,2022,SEAT BELTS,2024-06-27,24V510000,0,,,,,,,,,0,0
GENESIS,G70,2021,ENGINE,2024-03-07,24V191000,0,,,,,,,,,36,0
HYUNDAI,SANTA CRUZ,2025,ELECTRICAL SYSTEM,2024-11-14,24V877000,1,2024-11-14,0,0.013191,1.0,4.333333,1.0,0.0,0.0,129,0
CHEVROLET,SILVERADO 3500,2022,POWER TRAIN,2024-10-24,24V797000,0,,,,,,,,,326,0
MAZDA,MX-5,2017,AIR BAGS,2024-09-12,24V695000,0,,,,,,,,,91,0
MERCEDES-BENZ,C 300,2020,STRUCTURE,2023-12-14,23V854000,0,,,,,,,,,154,0
MOPAR,HYBRID BATTERY SVCE KIT,9999,ELECTRICAL SYSTEM,2023-04-27,23E036000,0,,,,,,,,,4,0
MOPAR,HYBRID BATTERY SVCE KIT,9999,ELECTRICAL SYSTEM,2024-09-26,24E080000,0,,,,,,,,,4,0
FORD,FLEX,2018,BACK OVER PREVENTION,2025-10-09,25V695000,1,2025-07-24,77,0.020954,1.0,2.166667,1.0,0.0,0.0,501,0
CHEVROLET,SILVERADO EV,2024,ELECTRICAL SYSTEM,2024-05-09,24V320000,0,,,,,,,,,183,0
HONDA,ACCORD,2021,FUEL/PROPULSION SYSTEM,2023-12-14,23V858000,0,,,,,,,,,331,0
FORD,MAVERICK,2023,EXTERIOR LIGHTING,2023-03-09,23V160000,0,,,,,,,,,207,0
FORD,MAVERICK,2023,EXTERIOR LIGHTING,2023-12-14,23V848000,0,,,,,,,,,391,0
FORD,MAVERICK,2023,EXTERIOR LIGHTING,2024-04-25,24V293000,0,,,,,,,,,464,0
FORD,MAVERICK,2023,EXTERIOR LIGHTING,2025-02-13,25V094000;25V095000,1,2024-11-14,91,0.013191,1.0,4.333333,1.0,0.0,0.0,596,0
MERCEDES-BENZ,AMG CLS53,2020,BACK OVER PREVENTION,2022-04-07,22V232000,0,,,,,,,,,184,0
GENESIS,GV60,2023,VISIBILITY,2025-09-18,25V624000,0,,,,,,,,,56,0
BMW,X3,2025,ELECTRICAL SYSTEM,2025-02-20,25V109000,1,2024-11-14,98,0.013191,1.0,4.333333,1.0,0.0,0.0,125,0
BMW,X3,2025,ELECTRICAL SYSTEM,2025-03-27,25V202000,1,2024-11-14,133,0.013191,1.0,4.333333,1.0,0.0,0.0,125,0
HONDA,CR-V HYBRID,2025,STEERING,2024-10-03,24V744000,0,,,,,,,,,122,0
GENESIS,GV70,2025,ELECTRICAL SYSTEM,2025-02-13,25V105000,1,2024-11-14,91,0.013191,1.0,4.333333,1.0,0.0,0.0,30,0
TOYOTA,AVALON,2020,AIR BAGS,2023-12-14,23V865000,0,,,,,,,,,277,0
CHEVROLET,COLORADO,2024,FUEL/PROPULSION SYSTEM,2024-06-27,24V491000,0,,,,,,,,,204,0
VOLKSWAGEN,BEETLE,2018,AIR BAGS,2024-10-24,24V834000,0,,,,,,,,,117,0
FIAT,124 SPIDER,2017,AIR BAGS,2024-09-12,24V694000,0,,,,,,,,,18,0
MINI,COUNTRYMAN,2025,ELECTRONIC STABILITY CONTROL (ESC),2024-02-08,24V104000,0,,,,,,,,,0,0
TESLA,MODEL X,2020,SEAT BELTS,2024-05-23,24V376000,0,,,,,,,,,131,0
FREIGHTLINER,CASCADIA,2023,STEERING,2022-06-02,22V405000,0,,,,,,,,,3,0
FREIGHTLINER,CASCADIA,2023,STEERING,2023-03-30,23V238000,0,,,,,,,,,6,0
KIA,SPORTAGE PHEV,2024,ELECTRICAL SYSTEM,2025-12-11,25V874000,1,2025-07-31,133,0.024426,1.0,1.444444,1.0,0.0,0.0,375,0
BMW,X4,2018,ELECTRICAL SYSTEM,2024-08-08,24V608000,0,,,,,,,,,160,0
AUDI,Q7,2025,BACK OVER PREVENTION,2025-12-18,25V900000,0,,,,,,,,,98,0
GMC,YUKON,2023,SERVICE BRAKES,2024-09-12,24V674000,0,,,,,,,,,172,0
MERCEDES-BENZ,SPRINTER 2500,2022,AIR BAGS,2023-02-16,23V101000,0,,,,,,,,,131,0
HONDA,ACCORD HYBRID,2025,ELECTRICAL SYSTEM,2025-11-13,25V785000,1,2025-05-22,175,0.01711,1.0,1.444444,0.0,0.0,1.0,329,0
TOYOTA,SIENNA HYBRID,2025,SEATS,2025-02-13,25V086000,1,2024-11-21,84,0.013191,1.0,4.333333,1.0,0.0,0.0,221,0
TOYOTA,SIENNA HYBRID,2025,SEATS,2025-10-02,25V668000,1,2025-04-10,175,0.020512,1.0,2.166667,0.0,0.0,0.0,310,0
CHEVROLET,EQUINOX EV,2025,FORWARD COLLISION AVOIDANCE,2024-12-12,24V925000,1,2024-11-21,21,0.013191,1.0,4.333333,1.0,0.0,0.0,163,0
CHEVROLET,EQUINOX EV,2025,FORWARD COLLISION AVOIDANCE,2025-01-16,25V012000,1,2024-11-21,56,0.013191,1.0,4.333333,1.0,0.0,0.0,182,0
CHEVROLET,EQUINOX EV,2025,SERVICE BRAKES,2025-01-16,25V012000,1,2024-11-21,56,0.013191,1.0,4.333333,1.0,0.0,0.0,182,0
DODGE,CHARGER,2022,TIRES,2022-07-14,22V504000,0,,,,,,,,,19,0
DODGE,CHARGER,2022,TIRES,2022-10-27,22V808000,0,,,,,,,,,17,0
VOLKSWAGEN,ATLAS,2024,SERVICE BRAKES,2024-09-26,24V723000,0,,,,,,,,,133,0
VOLKSWAGEN,ATLAS,2024,SERVICE BRAKES,2025-06-26,25V434000,1,2025-01-02,175,0.014529,5.0,4.333333,1.0,0.0,0.2,151,0
CADILLAC,XT5,2023,ELECTRICAL SYSTEM,2024-06-20,24V459000,0,,,,,,,,,61,0
SUBARU,LEGACY,2022,AIR BAGS,2024-03-21,24V227000,0,,,,,,,,,135,0
VOLKSWAGEN,ATLAS CROSS SPORT,2024,BACK OVER PREVENTION,2024-06-27,24V480000,0,,,,,,,,,114,0
VOLKSWAGEN,ATLAS CROSS SPORT,2024,BACK OVER PREVENTION,2025-05-15,25V334000,1,2024-11-28,168,0.013191,1.0,4.333333,1.0,0.0,0.0,145,0
HONDA,PILOT,2025,SEAT BELTS,2025-01-30,25V056000,1,2024-11-28,63,0.013191,1.0,4.333333,1.0,0.0,0.0,204,0
TOYOTA,GR COROLLA,2024,ELECTRICAL SYSTEM,2025-09-11,25V595000,0,,,,,,,,,427,0
HYUNDAI,SONATA,2024,EXTERIOR LIGHTING,2024-08-01,24V583000,0,,,,,,,,,252,0
HONDA,CR-V HYBRID,2025,FUEL/PROPULSION SYSTEM,2024-10-10,24V763000,0,,,,,,,,,131,0
HONDA,CR-V HYBRID,2025,FUEL/PROPULSION SYSTEM,2025-06-05,25V378000,1,2024-12-12,175,0.012911,1.0,4.333333,0.0,0.0,0.0,250,0
TESLA,MODEL Y,2025,ELECTRICAL SYSTEM,2025-01-02,25V002000,1,2024-11-28,35,0.013191,1.0,4.333333,1.0,0.0,0.0,70,0
MERCEDES-BENZ,AMG G63,2021,ELECTRICAL SYSTEM,2022-05-19,22V365000,0,,,,,,,,,134,0
MERCEDES-BENZ,AMG G63,2021,ELECTRICAL SYSTEM,2023-02-16,23V097000,0,,,,,,,,,207,0
KIA,SORENTO HYBRID,2022,TRAILER HITCHES,2022-09-15,22V703000,0,,,,,,,,,180,0
HONDA,CIVIC HATCHBACK,2024,STEERING,2024-10-03,24V744000,0,,,,,,,,,246,0
ACURA,RLX,2018,FUEL/PROPULSION SYSTEM,2023-12-14,23V858000,0,,,,,,,,,69,0
MERCEDES-BENZ,EQB 300 4MATIC,2023,ELECTRICAL SYSTEM,2025-02-06,25V050000,1,2024-11-28,70,0.013191,1.0,4.333333,1.0,0.0,0.0,227,0
MERCEDES-BENZ,EQB 300 4MATIC,2023,ELECTRICAL SYSTEM,2025-07-24,25V487000,1,2025-01-30,175,0.013452,2.0,4.333333,0.0,0.0,0.0,188,0
MERCEDES-BENZ,EQB 300 4MATIC,2023,ELECTRICAL SYSTEM,2025-12-18,25V894000,1,2025-06-26,175,0.021365,2.0,2.166667,0.0,0.0,0.0,198,0
FCCC,XC CHASSIS,2020,TIRES,2022-05-26,22V379000,0,,,,,,,,,2,0
FLEETWOOD,BOUNDER,2020,TRAILER HITCHES,2023-05-18,23V351000,0,,,,,,,,,3,0
FORD,F-450 SD,2022,POWER TRAIN,2023-11-09,23V758000,0,,,,,,,,,558,0
LINCOLN,NAUTILUS HYBRID,2025,FORWARD COLLISION AVOIDANCE,2025-10-09,25V691000,1,2025-09-04,35,0.01748,1.0,1.444444,1.0,0.0,1.0,42,0
TOYOTA,RAV4 HYBRID,2020,AIR BAGS,2023-12-14,23V865000,0,,,,,,,,,277,0
GENESIS,GV60,2024,ELECTRICAL SYSTEM,2024-03-14,24V204000,0,,,,,,,,,37,0
GENESIS,GV60,2024,ELECTRICAL SYSTEM,2024-11-14,24V868000,0,,,,,,,,,42,0
GENESIS,GV60,2024,ELECTRICAL SYSTEM,2025-07-17,25V474000,1,2025-01-23,175,0.015212,5.0,4.333333,0.0,0.0,0.0,62,0
TESLA,MODEL X,2021,LATCHES/LOCKS/LINKAGES,2024-07-18,24V554000,0,,,,,,,,,163,0
FORD,EXPLORER,2025,POWER TRAIN,2025-01-16,25V020000,1,2024-12-05,42,0.013191,1.0,4.333333,1.0,0.0,0.0,169,0
FORD,EXPLORER,2025,POWER TRAIN,2025-03-13,25V164000,1,2024-12-05,98,0.013191,1.0,4.333333,1.0,0.0,0.0,192,0
FORD,EXPLORER,2025,POWER TRAIN,2025-04-10,25V239000,1,2024-12-05,126,0.013191,1.0,4.333333,1.0,0.0,0.0,212,0
CHEVROLET,EQUINOX EV,2025,ELECTRICAL SYSTEM,2024-12-12,24V925000,1,2024-12-05,7,0.013191,1.0,4.333333,1.0,0.0,0.0,163,0
HONDA,CIVIC HATCHBACK,2022,STEERING,2024-10-03,24V744000,0,,,,,,,,,342,0
LINCOLN,NAUTILUS HYBRID,2024,FORWARD COLLISION AVOIDANCE,2025-10-09,25V691000,1,2025-04-17,175,0.020293,3.0,2.6,0.0,0.0,0.0,60,0
FORD,EXPLORER,2025,STRUCTURE,2025-01-16,25V020000,1,2024-12-05,42,0.009409,1.0,4.333333,1.0,0.0,1.0,169,0
FORD,EXPLORER,2025,STRUCTURE,2025-05-08,25V316000,1,2024-12-05,154,0.009409,1.0,4.333333,1.0,0.0,1.0,222,0
TESLA,MODEL Y,2025,BACK OVER PREVENTION,2025-01-02,25V002000,1,2024-12-05,28,0.009409,1.0,4.333333,1.0,0.0,1.0,70,0
HONDA,CIVIC,2025,STEERING,2024-10-03,24V744000,0,,,,,,,,,122,0
RAM,2500,2023,AIR BAGS,2024-03-14,24V199000,0,,,,,,,,,81,0
MERCEDES-BENZ,AMG GT53,2021,ELECTRICAL SYSTEM,2022-07-21,22V533000,0,,,,,,,,,169,0
MERCEDES-BENZ,AMG GT53,2021,ELECTRICAL SYSTEM,2024-02-08,24V100000,0,,,,,,,,,203,0
MERCEDES-BENZ,AMG GT53,2021,ELECTRICAL SYSTEM,2024-06-13,24V445000,0,,,,,,,,,192,0
FORD,F-450 SD,2022,EQUIPMENT,2022-05-26,22V384000,0,,,,,,,,,221,0
FORD,F-450 SD,2022,EQUIPMENT,2023-06-08,23V420000,0,,,,,,,,,442,0
BMW,X3,2022,LATCHES/LOCKS/LINKAGES,2025-02-20,25V106000,1,2024-12-05,77,0.013191,1.0,4.333333,1.0,0.0,0.0,130,0
JEEP,GRAND CHEROKEE,2024,SEATS,2025-07-17,25V472000,1,2025-01-23,175,0.012911,1.0,4.333333,0.0,0.0,0.0,213,0
FORD,MAVERICK,2024,BACK OVER PREVENTION,2024-09-12,24V684000,0,,,,,,,,,291,0
FORD,MAVERICK,2024,BACK OVER PREVENTION,2025-06-26,25V442000,1,2025-01-02,175,0.012911,1.0,4.333333,0.0,0.0,0.0,434,0
VOLVO,VN,2020,SERVICE BRAKES,2024-10-17,24V790000,0,,,,,,,,,44,0
FORD,F-150,2024,STEERING,2024-05-09,24V329000,0,,,,,,,,,248,0
FORD,F-150,2024,STEERING,2025-01-16,25V022000,1,2024-12-12,35,0.009409,1.0,4.333333,1.0,0.0,1.0,362,0
JEEP,WRANGLER 4XE,2023,ELECTRICAL SYSTEM,2024-09-26,24V720000,0,,,,,,,,,243,0
JEEP,WRANGLER 4XE,2023,ELECTRICAL SYSTEM,2025-10-16,25V710000,1,2025-04-24,175,0.014662,1.0,2.166667,0.0,0.0,1.0,287,0
LINCOLN,NAVIGATOR,2024,ENGINE,2024-12-19,24V851000,1,2024-12-12,7,0.014805,1.0,4.333333,1.0,1.0,1.0,25,0
LINCOLN,NAVIGATOR,2024,ENGINE,2025-03-27,25V198000,1,2024-12-12,105,0.014805,1.0,4.333333,1.0,1.0,1.0,38,0
BMW,X6,2020,ELECTRICAL SYSTEM,2024-08-01,24V576000,0,,,,,,,,,124,0
BMW,X6,2020,ELECTRICAL SYSTEM,2025-09-25,25V644000,1,2025-06-19,98,0.020954,1.0,2.166667,1.0,0.0,0.0,166,0
MAZDA,CX-70,2025,POWER TRAIN,2024-10-31,24V815000,0,,,,,,,,,56,0
WINNEBAGO,REVEL,2018,AIR BAGS,2024-05-02,24V318000,0,,,,,,,,,5,0
GRAND DESIGN,MOMENTUM,2024,STRUCTURE,2024-12-05,24V916000,0,,,,,,,,,19,0
GRAND DESIGN,MOMENTUM,2024,STRUCTURE,2025-05-01,25V281000,1,2024-12-12,140,0.013191,1.0,4.333333,1.0,0.0,0.0,29,0
MAZDA,CX-70,2025,ENGINE,2024-10-31,24V815000,0,,,,,,,,,56,0
HONDA,ODYSSEY,2024,STEERING,2024-02-15,24V114000,0,,,,,,,,,207,0
LINCOLN,NAVIGATOR,2018,SEAT BELTS,2024-02-08,24V099000,0,,,,,,,,,61,0
LINCOLN,NAVIGATOR,2018,SEAT BELTS,2025-05-22,25V197000,1,2024-12-12,161,0.013191,1.0,4.333333,1.0,0.0,0.0,74,0
FREIGHTLINER,CASCADIA,2022,ELECTRICAL SYSTEM,2022-02-17,22V101000,0,,,,,,,,,3,0
NISSAN,TITAN,2021,AIR BAGS,2024-08-01,24V580000,0,,,,,,,,,209,0
GMC,SIERRA 3500,2020,LATCHES/LOCKS/LINKAGES,2024-02-01,24V060000,0,,,,,,,,,143,0
GENESIS,G70,2020,FUEL/PROPULSION SYSTEM,2024-07-11,24V528000,0,,,,,,,,,27,0
PETERBILT,579,2024,FUEL/PROPULSION SYSTEM,2023-09-21,23V653000,0,,,,,,,,,1,0
AUDI,RS E-TRON GT,2022,ELECTRICAL SYSTEM,2023-12-07,23V842000,0,,,,,,,,,99,0
AUDI,RS E-TRON GT,2022,ELECTRICAL SYSTEM,2024-03-21,24V228000;24V229000,0,,,,,,,,,108,0
AUDI,RS E-TRON GT,2022,ELECTRICAL SYSTEM,2024-09-26,24V726000,0,,,,,,,,,110,0
GMC,ACADIA,2023,VISIBILITY,2023-10-12,23V681000,0,,,,,,,,,112,0
WINNEBAGO,INSPIRE,2022,STRUCTURE,2022-07-07,22V500000,0,,,,,,,,,15,0
LINCOLN,NAUTILUS,2021,ENGINE,2024-08-22,24V635000,0,,,,,,,,,36,0
MERCEDES-BENZ,E 450,2019,BACK OVER PREVENTION,2022-04-07,22V232000,0,,,,,,,,,156,0
SUBARU,IMPREZA,2024,ELECTRICAL SYSTEM,2023-08-03,23V551000,0,,,,,,,,,48,0
JEEP,GRAND CHEROKEE,2024,STRUCTURE,2024-05-16,24V346000,0,,,,,,,,,111,0
JEEP,GRAND CHEROKEE,2024,STRUCTURE,2024-12-12,24V926000,0,,,,,,,,,156,0
FORD,MAVERICK,2024,POWER TRAIN,2024-05-09,24V330000,0,,,,,,,,,248,0
FORD,MAVERICK,2024,POWER TRAIN,2025-02-27,25V133000,1,2024-12-19,70,0.013191,1.0,4.333333,1.0,0.0,0.0,384,0
HONDA,HR-V,2024,SEATS,2024-11-14,24V859000,0,,,,,,,,,275,0
VOLKSWAGEN,GTI,2023,ENGINE,2022-09-15,22V707000,0,,,,,,,,,60,0
VOLVO,C40BEV,2022,BACK OVER PREVENTION,2025-05-08,25V282000,1,2024-12-19,140,0.014041,2.0,4.333333,2.0,0.0,0.0,58,0
VOLVO,C40BEV,2022,BACK OVER PREVENTION,2025-12-18,25V908000,1,2025-11-27,21,0.024426,1.0,1.444444,1.0,0.0,0.0,89,0
VOLVO,S60,2024,BACK OVER PREVENTION,2025-05-08,25V282000,1,2024-12-19,140,0.013191,1.0,4.333333,1.0,0.0,0.0,54,0
VOLVO,S60,2024,BACK OVER PREVENTION,2025-12-18,25V908000,1,2025-06-26,175,0.020512,1.0,2.166667,0.0,0.0,0.0,120,0
HONDA,PILOT,2022,AIR BAGS,2024-02-01,24V064000,0,,,,,,,,,345,0
JEEP,CHEROKEE,2022,AIR BAGS,2024-07-04,24V516000,0,,,,,,,,,267,0
LIVEWIRE,S2 DEL MAR,2024,ELECTRICAL SYSTEM,2024-02-22,24V149000,0,,,,,,,,,0,0
LIVEWIRE,S2 DEL MAR,2024,ELECTRICAL SYSTEM,2024-08-08,24V601000,0,,,,,,,,,0,0
PIERCE,LADDER AND PLATFORM,2021,STRUCTURE,2023-06-01,23V407000,0,,,,,,,,,0,0
RIVIAN,R1S,2025,FORWARD COLLISION AVOIDANCE,2025-09-04,25V585000,1,2025-03-13,175,0.014601,4.0,4.333333,0.0,0.0,0.0,21,0
MAZDA,CX-70,2025,STRUCTURE,2024-10-31,24V814000,0,,,,,,,,,56,0
ACURA,ZDX,2024,ELECTRICAL SYSTEM,2025-01-16,25V018000,1,2024-12-26,21,0.013191,1.0,4.333333,1.0,0.0,0.0,51,0
TOYOTA,CAMRY,2025,ELECTRICAL SYSTEM,2025-09-11,25V595000,1,2025-03-20,175,0.022519,1.0,2.166667,-1.0,1.0,1.0,294,0
PORSCHE,911,2024,WHEELS,2024-10-24,24V809000,0,,,,,,,,,18,0
BMW,228I,2016,ENGINE,2024-08-08,24V608000,0,,,,,,,,,118,0
LINCOLN,NAUTILUS,2023,BACK OVER PREVENTION,2025-05-08,25V315000,1,2024-12-26,133,0.014041,2.0,4.333333,2.0,0.0,0.0,54,0
FORD,RANGER,2024,SUSPENSION,2024-10-10,24V770000,0,,,,,,,,,300,0
FORD,RANGER,2024,SUSPENSION,2025-05-08,25V310000,1,2024-12-26,133,0.013191,1.0,4.333333,1.0,0.0,0.0,425,0
GRAND DESIGN,IMAGINE,2023,STRUCTURE,2022-08-04,22V603000,0,,,,,,,,,2,0
MERCEDES-BENZ,GLS 450,2022,FUEL/PROPULSION SYSTEM,2023-06-22,23V445000,0,,,,,,,,,149,0
MERCEDES-BENZ,GLS 450,2022,FUEL/PROPULSION SYSTEM,2023-12-21,23V880000,0,,,,,,,,,208,0
VOLVO,XC60,2021,SEAT BELTS,2021-08-26,21V682000,0,,,,,,,,,38,0
JEEP,GRAND CHEROKEE L,2024,ELECTRICAL SYSTEM,2024-11-14,24V872000,0,,,,,,,,,148,0
LINCOLN,CORSAIR,2023,BACK OVER PREVENTION,2025-05-08,25V315000,1,2024-12-26,133,0.013191,1.0,4.333333,1.0,0.0,0.0,54,0
FORD,F-150 LIGHTNING BEV,2024,ELECTRICAL SYSTEM,2025-02-27,25V131000,1,2024-12-26,63,0.014041,2.0,4.333333,2.0,0.0,0.0,384,0
HONDA,PROLOGUE,2024,SUSPENSION,2024-07-18,24V540000,0,,,,,,,,,244,0
VOLVO,XC90,2025,BACK OVER PREVENTION,2025-05-08,25V282000,1,2024-12-26,133,0.013191,1.0,4.333333,1.0,0.0,0.0,36,0
VOLVO,XC90,2025,BACK OVER PREVENTION,2025-12-18,25V908000,1,2025-08-07,133,0.024426,1.0,1.444444,1.0,0.0,0.0,81,0
TOYOTA,CAMRY,2023,WHEELS,2023-06-15,23V432000,0,,,,,,,,,194,0
CHEVROLET,SILVERADO 4500,2023,SERVICE BRAKES,2025-06-12,25V390000,1,2025-01-02,161,0.013191,1.0,4.333333,1.0,0.0,0.0,411,0
TAXA,MANTIS,2022,EQUIPMENT,2024-08-01,24V579000,0,,,,,,,,,0,0
FORD,F-450 SD,2021,FUEL/PROPULSION SYSTEM,2022-01-13,22V013000,0,,,,,,,,,250,0
FORD,F-450 SD,2021,FUEL/PROPULSION SYSTEM,2024-12-19,24V957000,0,,,,,,,,,592,0
FORD,F-450 SD,2021,FUEL/PROPULSION SYSTEM,2025-07-03,25V455000,1,2025-01-09,175,0.012911,1.0,4.333333,0.0,0.0,0.0,598,0
FORD,FLEX,2015,BACK OVER PREVENTION,2025-10-09,25V695000,1,2025-04-24,168,0.024426,1.0,1.444444,1.0,0.0,0.0,457,0
GRAND DESIGN,SOLITUDE,2023,SUSPENSION,2023-07-13,23V490000,0,,,,,,,,,10,0
LINCOLN,MKC,2016,BACK OVER PREVENTION,2025-08-28,25V572000,1,2025-03-06,175,0.012911,1.0,4.333333,0.0,0.0,0.0,71,0
PETERBILT,567,2022,ELECTRICAL SYSTEM,2021-11-18,21V906000,0,,,,,,,,,3,0
PETERBILT,567,2022,ELECTRICAL SYSTEM,2021-12-23,21V00N000,0,,,,,,,,,2,0
PETERBILT,567,2022,ELECTRICAL SYSTEM,2022-10-13,22V779000,0,,,,,,,,,0,0
PETERBILT,567,2022,ELECTRICAL SYSTEM,2024-12-05,24V915000,0,,,,,,,,,1,0
TOYOTA,VENZA,2024,ELECTRICAL SYSTEM,2025-09-11,25V595000,1,2025-03-20,175,0.011363,2.0,4.333333,0.0,0.0,0.5,426,0
FORD,F-150 LIGHTNING BEV,2024,SUSPENSION,2024-12-19,24V949000,0,,,,,,,,,343,0
FORD,F-150 LIGHTNING BEV,2024,SUSPENSION,2025-05-22,25V341000,1,2025-01-02,140,0.013191,1.0,4.333333,1.0,0.0,0.0,430,0
POLESTAR,POLESTAR 3,2025,BACK OVER PREVENTION,2025-05-01,25V293000,1,2025-01-02,119,0.014945,3.0,4.333333,3.0,0.0,0.0,11,0
MEVOTECH,CONTROL ARMS,9999,SUSPENSION,2024-07-25,24E063000,0,,,,,,,,,0,0
LAND ROVER,RANGE ROVER,2016,STEERING,2024-11-07,24V840000,0,,,,,,,,,44,0
LAND ROVER,RANGE ROVER,2016,STEERING,2025-08-07,25V514000,1,2025-02-13,175,0.016293,3.0,4.333333,0.0,0.333333,0.0,58,0
CHEVROLET,EQUINOX,2020,CHILD SEAT,2023-05-11,23V339000,0,,,,,,,,,334,0
VOLVO,EX90,2025,ELECTRICAL SYSTEM,2025-02-06,25V071000,1,2025-01-02,35,0.013191,1.0,4.333333,1.0,0.0,0.0,28,0
ACURA,ZDX,2024,SERVICE BRAKES,2024-08-15,24V614000,0,,,,,,,,,24,0
TESLA,MODEL 3,2022,TIRES,2024-12-12,24V935000,0,,,,,,,,,177,0
BMW,740I,2024,SERVICE BRAKES,2024-02-08,24V104000,0,,,,,,,,,87,0
BMW,740I,2024,SERVICE BRAKES,2024-09-12,24V697000,0,,,,,,,,,155,0
BMW,740I,2024,SERVICE BRAKES,2024-09-26,24V739000,0,,,,,,,,,157,0
MERCEDES-BENZ,AMG A35,2020,ELECTRICAL SYSTEM,2022-05-19,22V365000,0,,,,,,,,,180,0
GENESIS,G80,2022,FUEL/PROPULSION SYSTEM,2023-09-07,23V630000,0,,,,,,,,,64,0
GENESIS,G80,2022,FUEL/PROPULSION SYSTEM,2024-04-18,24V282000,0,,,,,,,,,68,0
TOYOTA,HIGHLANDER,2024,ELECTRICAL SYSTEM,2025-09-11,25V595000,1,2025-03-20,175,0.012911,1.0,4.333333,0.0,0.0,0.0,426,0
FORD,TRANSIT,2024,STEERING,2024-07-18,24V542000,0,,,,,,,,,266,0
FORD,TRANSIT,2024,STEERING,2024-08-08,24V591000,0,,,,,,,,,279,0
FORD,TRANSIT,2024,STEERING,2025-09-18,25V623000,0,,,,,,,,,514,0
CHEVROLET,SILVERADO 3500,2020,LATCHES/LOCKS/LINKAGES,2024-02-01,24V060000,0,,,,,,,,,325,0
NISSAN,PASSENGER AIRBAG,9999,AIR BAGS,2022-08-04,22E066000,0,,,,,,,,,0,0
HYUNDAI,SANTA CRUZ,2023,STRUCTURE,2023-01-26,23V038000,0,,,,,,,,,200,0
MERCEDES-BENZ,GLS 580,2023,STRUCTURE,2023-03-16,23V178000,0,,,,,,,,,71,0
GMC,YUKON,2022,FUEL/PROPULSION SYSTEM,2025-09-18,25V619000,1,2025-03-27,175,0.012525,3.0,4.333333,0.0,0.0,0.333333,217,0
VOLVO,XC90,2019,SEAT BELTS,2023-12-07,23V827000,0,,,,,,,,,31,0
FORD,F-53,2024,ELECTRICAL SYSTEM,2024-09-26,24V725000,0,,,,,,,,,292,0
CADILLAC,LYRIQ,2024,SEAT BELTS,2023-11-16,23V785000,0,,,,,,,,,40,0
GMC,SAVANA CUTAWAY VAN,2019,SERVICE BRAKES,2024-09-19,24V702000,0,,,,,,,,,149,0
CADILLAC,ESCALADE ESV,2024,ENGINE,2025-04-24,25V274000,1,2025-01-09,105,0.009409,1.0,4.333333,1.0,0.0,1.0,91,0
RIVIAN,R1S,2025,VEHICLE SPEED CONTROL,2024-09-12,24V686000,0,,,,,,,,,10,0
RIVIAN,R1S,2025,ELECTRICAL SYSTEM,2024-10-31,24V827000,0,,,,,,,,,11,0
RIVIAN,R1S,2025,ELECTRICAL SYSTEM,2025-08-21,25V537000,1,2025-02-27,175,0.013452,2.0,4.333333,0.0,0.0,0.0,21,0
FORD,MUSTANG,2024,POWER TRAIN,2024-05-30,24V394000,0,,,,,,,,,258,0
FOREST RIVER,GEORGETOWN,2022,EQUIPMENT,2022-07-28,22V556000,0,,,,,,,,,54,0
FOREST RIVER,GEORGETOWN,2022,EQUIPMENT,2024-02-08,24V103000,0,,,,,,,,,46,0
FOREST RIVER,GEORGETOWN,2022,EQUIPMENT,2024-11-07,24V771000,0,,,,,,,,,36,0
LAND ROVER,RANGE ROVER SPORT,2016,STEERING,2025-08-07,25V514000,1,2025-02-13,175,0.012911,1.0,4.333333,0.0,0.0,0.0,58,0
AUDI,Q8,2020,BACK OVER PREVENTION,2025-12-18,25V900000,0,,,,,,,,,163,0
CADILLAC,CT5,2021,POWER TRAIN,2025-03-06,25V148000,1,2025-01-09,56,0.013191,1.0,4.333333,1.0,0.0,0.0,65,0
GENESIS,G70,2023,FUEL/PROPULSION SYSTEM,2024-07-11,24V528000,0,,,,,,,,,52,0
ACURA,MDX,2025,SERVICE BRAKES,2025-06-12,25V391000,1,2025-01-16,147,0.013191,1.0,4.333333,1.0,0.0,0.0,42,0
TESLA,MODEL 3,2024,BACK OVER PREVENTION,2025-01-02,25V002000,0,,,,,,,,,141,0
JEEP,WRANGLER,2024,EXTERIOR LIGHTING,2024-06-06,24V414000,0,,,,,,,,,116,0
JEEP,WRANGLER,2024,EXTERIOR LIGHTING,2024-08-08,24V585000,0,,,,,,,,,128,0
JEEP,WRANGLER,2024,EXTERIOR LIGHTING,2024-09-12,24V676000,0,,,,,,,,,139,0
JEEP,WRANGLER,2024,EXTERIOR LIGHTING,2024-11-14,24V871000,0,,,,,,,,,148,0
VOLVO,C40BEV,2023,BACK OVER PREVENTION,2025-05-08,25V282000,1,2025-01-16,112,0.013191,1.0,4.333333,1.0,0.0,0.0,54,0
VOLVO,C40BEV,2023,BACK OVER PREVENTION,2025-12-18,25V908000,1,2025-07-24,147,0.024426,1.0,1.444444,1.0,0.0,0.0,102,0
CADILLAC,ESCALADE,2021,POWER TRAIN,2022-01-27,22V036000,0,,,,,,,,,32,0
CADILLAC,ESCALADE,2021,POWER TRAIN,2024-10-24,24V797000,0,,,,,,,,,51,0
GMC,YUKON XL,2024,ENGINE,2025-04-24,25V274000,1,2025-01-16,98,0.009409,1.0,4.333333,1.0,0.0,1.0,197,0
CADILLAC,ESCALADE ESV,2023,SUSPENSION,2023-09-14,23V642000,0,,,,,,,,,54,0
LEXUS,NX,2024,SEATS,2024-06-27,24V482000,0,,,,,,,,,54,0
CHEVROLET,SILVERADO EV,2025,FORWARD COLLISION AVOIDANCE,2024-12-12,24V937000,0,,,,,,,,,164,0
KIA,EV9,2025,POWER TRAIN,2025-02-20,25V115000,1,2025-01-16,35,0.013191,1.0,4.333333,1.0,0.0,0.0,151,0
FORD,F-150,2023,AIR BAGS,2023-02-09,23V072000,0,,,,,,,,,192,0
FORD,F-150,2023,AIR BAGS,2023-12-14,23V847000,0,,,,,,,,,391,0
TOYOTA,HIGHLANDER HYBRID,2020,AIR BAGS,2023-12-14,23V865000,0,,,,,,,,,277,0
KIA,NIRO EV,2023,SEATS,2025-01-16,25V024000,1,2025-01-16,0,0.013191,1.0,4.333333,1.0,0.0,0.0,307,0
CHEVROLET,BLAZER EV,2024,SUSPENSION,2024-06-27,24V487000,0,,,,,,,,,204,0
JEEP,GRAND CHEROKEE L,2024,ENGINE,2024-12-12,24V926000,0,,,,,,,,,156,0
MERCEDES-BENZ,AMG SL43,2023,ELECTRICAL SYSTEM,2024-02-15,24V115000,0,,,,,,,,,187,0
MERCEDES-BENZ,AMG SL43,2023,ELECTRICAL SYSTEM,2025-05-08,25V255000,1,2025-01-16,112,0.014805,1.0,4.333333,1.0,1.0,1.0,185,0
RAM,3500,2019,ELECTRONIC STABILITY CONTROL (ESC),2022-03-10,22V140000,0,,,,,,,,,124,0
MINI,COUNTRYMAN S ALL4,2025,ELECTRONIC STABILITY CONTROL (ESC),2024-09-12,24V697000,0,,,,,,,,,4,0
MINI,COUNTRYMAN S ALL4,2025,SERVICE BRAKES,2024-09-12,24V697000,0,,,,,,,,,4,0
PORSCHE,TAYCAN TURBO S,2021,ELECTRICAL SYSTEM,2023-03-16,23V176000,0,,,,,,,,,34,0
PORSCHE,TAYCAN TURBO S,2021,ELECTRICAL SYSTEM,2023-12-07,23V840000;23V841000,0,,,,,,,,,24,0
PORSCHE,TAYCAN TURBO S,2021,ELECTRICAL SYSTEM,2024-03-14,24V215000;24V217000,0,,,,,,,,,27,0
NIVION,TESLA CHARGER ADAPTER,9999,ELECTRICAL SYSTEM,2025-01-09,25E001000,0,,,,,,,,,0,0
MAZDA,CX-50 HYBRID,2025,ELECTRICAL SYSTEM,2025-06-12,25V418000,1,2025-01-23,140,0.013191,1.0,4.333333,1.0,0.0,0.0,80,0
LAND ROVER,RANGE ROVER SPORT,2014,STEERING,2025-08-07,25V514000,1,2025-02-13,175,0.012911,1.0,4.333333,0.0,0.0,0.0,35,0
TOYOTA,CROWN SIGNIA,2025,ELECTRICAL SYSTEM,2025-09-11,25V595000,1,2025-03-20,175,0.012911,1.0,4.333333,0.0,0.0,0.0,294,0
BMW,Z4,2012,ELECTRICAL SYSTEM,2024-08-08,24V608000,0,,,,,,,,,100,0
PORSCHE,911,2022,VISIBILITY,2024-02-22,24V155000,0,,,,,,,,,30,0
HONDA,CIVIC HATCHBACK,2023,STEERING,2024-10-03,24V744000,0,,,,,,,,,332,0
HONDA,PASSPORT,2024,FUEL/PROPULSION SYSTEM,2024-11-21,24V900000,0,,,,,,,,,278,0
BMW,I5,2024,FORWARD COLLISION AVOIDANCE,2023-12-21,23V885000,0,,,,,,,,,76,0
FIAT,124 SPIDER,2018,AIR BAGS,2024-09-12,24V694000,0,,,,,,,,,13,0
CHEVROLET,TAHOE,2024,ENGINE,2025-04-24,25V274000,1,2025-01-23,91,0.013191,1.0,4.333333,1.0,0.0,0.0,367,0
KIA,SORENTO HYBRID,2022,SEAT BELTS,2022-03-03,22V127000,0,,,,,,,,,108,0
KIA,SORENTO HYBRID,2022,SEAT BELTS,2022-06-23,22V447000,0,,,,,,,,,149,0
POLESTAR,POLESTAR 3,2025,ELECTRICAL SYSTEM,2024-12-12,24V940000,0,,,,,,,,,1,0
POLESTAR,POLESTAR 3,2025,ELECTRICAL SYSTEM,2025-07-03,25V453000,1,2025-01-30,154,0.015906,4.0,4.333333,4.0,0.0,0.0,18,0
LINCOLN,CORSAIR,2024,ELECTRICAL SYSTEM,2024-12-19,24V954000,0,,,,,,,,,26,0
LINCOLN,CORSAIR,2024,EXTERIOR LIGHTING,2025-10-09,25V688000,1,2025-04-17,175,0.012911,1.0,4.333333,0.0,0.0,0.0,60,0
LINCOLN,MKT,2019,BACK OVER PREVENTION,2024-12-19,24V951000,0,,,,,,,,,65,0
LINCOLN,MKT,2019,BACK OVER PREVENTION,2025-10-09,25V695000,1,2025-04-17,175,0.012911,1.0,4.333333,0.0,0.0,0.0,79,0
TOYOTA,PRIUS PRIME,2023,LATCHES/LOCKS/LINKAGES,2024-04-11,24V274000,0,,,,,,,,,321,0
HONDA,RIDGELINE,2022,BACK OVER PREVENTION,2024-05-09,24V321000,0,,,,,,,,,348,0
VOLVO,XC40,2023,BACK OVER PREVENTION,2025-05-08,25V282000,1,2025-01-30,98,0.013191,1.0,4.333333,1.0,0.0,0.0,54,0
VOLVO,XC40,2023,BACK OVER PREVENTION,2025-12-18,25V908000,1,2025-06-26,175,0.027025,1.0,0.866667,0.0,0.0,0.0,102,0
LAND ROVER,RANGE ROVER,2023,SEATS,2023-04-06,23V252000,0,,,,,,,,,19,0
FORD,F-550 SD,2022,FUEL/PROPULSION SYSTEM,2024-12-19,24V957000,0,,,,,,,,,622,0
FORD,F-550 SD,2022,FUEL/PROPULSION SYSTEM,2025-07-03,25V455000,1,2025-01-30,154,0.013191,1.0,4.333333,1.0,0.0,0.0,610,0
RAM,2500,2024,AIR BAGS,2024-03-14,24V199000,0,,,,,,,,,33,0
LUCID,AIR,2025,POWER TRAIN,2025-10-02,25V669000,1,2025-04-10,175,0.009208,1.0,4.333333,0.0,0.0,1.0,11,0
FORD,EXPLORER,2023,FUEL/PROPULSION SYSTEM,2025-07-03,25V455000,1,2025-01-30,154,0.013191,1.0,4.333333,1.0,0.0,0.0,607,0
KIA,SORENTO PHEV,2022,BACK OVER PREVENTION,2023-08-31,23V610000,0,,,,,,,,,307,0
GRAND DESIGN,MOMENTUM,2021,EQUIPMENT,2022-01-27,22V038000,0,,,,,,,,,10,0
MAZDA,CX-50 HYBRID,2025,ENGINE,2025-06-12,25V418000,1,2025-02-06,126,0.013191,1.0,4.333333,1.0,0.0,0.0,80,0
CADILLAC,ESCALADE ESV,2023,EXTERIOR LIGHTING,2022-12-08,22V903000,0,,,,,,,,,19,0
JAGUAR,F-PACE,2020,SEAT BELTS,2021-08-26,21V667000,0,,,,,,,,,12,0
FORD,F-550 SD,2022,ELECTRICAL SYSTEM,2022-03-24,22V193000,0,,,,,,,,,164,0
FORD,F-550 SD,2022,ELECTRICAL SYSTEM,2025-02-27,25V132000,1,2025-02-06,21,0.013191,1.0,4.333333,1.0,0.0,0.0,634,0
MERCEDES-BENZ,EQB 300 4MATIC,2024,ELECTRICAL SYSTEM,2025-02-06,25V050000,1,2025-02-06,0,0.013191,1.0,4.333333,1.0,0.0,0.0,163,0
HYUNDAI,NEXO,2022,FUEL/PROPULSION SYSTEM,2024-10-10,24V761000,0,,,,,,,,,355,0
FORD,MAVERICK,2025,ELECTRICAL SYSTEM,2025-05-22,25V343000,1,2025-02-06,105,0.013191,1.0,4.333333,1.0,0.0,0.0,235,0
NISSAN,KICKS,2021,STEERING,2022-09-15,22V693000,0,,,,,,,,,183,0
NISSAN,KICKS,2021,STEERING,2023-07-13,23V496000,0,,,,,,,,,231,0
LAND ROVER,DISCOVERY,2024,ENGINE,2024-06-13,24V450000,0,,,,,,,,,29,0
LION,LIONC,2024,ELECTRICAL SYSTEM,2023-06-22,23V452000,0,,,,,,,,,0,0
LION,LIONC,2024,ELECTRICAL SYSTEM,2024-06-20,24V460000,0,,,,,,,,,0,0
GMC,SIERRA 3500,2022,POWER TRAIN,2024-10-24,24V797000,0,,,,,,,,,172,0
FORTUNE,TORMENTA M/T FSR310,9999,TIRES,2024-12-05,24T014000,0,,,,,,,,,0,0
FORD,F-550 SD,2020,POWER TRAIN,2022-04-14,22V256000,0,,,,,,,,,364,0
FORD,F-550 SD,2020,FUEL/PROPULSION SYSTEM,2024-12-19,24V957000,0,,,,,,,,,548,0
TOYOTA,RAV4 PRIME,2023,ELECTRICAL SYSTEM,2025-09-11,25V595000,1,2025-03-20,175,0.013452,2.0,4.333333,0.0,0.0,0.0,407,0
KIA,SORENTO HYBRID,2025,ELECTRICAL SYSTEM,2025-01-09,25V006000,0,,,,,,,,,124,0
KIA,NIRO,2024,ELECTRICAL SYSTEM,2025-01-16,25V024000,0,,,,,,,,,253,0
FORD,BRONCO,2022,SEATS,2025-10-23,25V721000,1,2025-05-01,175,0.012911,1.0,4.333333,0.0,0.0,0.0,631,0
BMW,Z4,2016,ENGINE,2024-08-08,24V608000,0,,,,,,,,,118,0
BMW,Z4,2016,ELECTRICAL SYSTEM,2024-08-08,24V608000,0,,,,,,,,,118,0
FOREST RIVER,CARDINAL,2017,EQUIPMENT,2021-07-08,21V523000,0,,,,,,,,,28,0
LEXUS,GX,2024,ENGINE,2025-11-06,25V767000,1,2025-05-15,175,0.014662,1.0,2.166667,0.0,0.0,1.0,96,0
NISSAN,LEAF,2022,VISIBILITY,2023-02-02,23V048000,0,,,,,,,,,141,0
LINCOLN,AVIATOR,2022,FUEL/PROPULSION SYSTEM,2022-02-10,22V088000,0,,,,,,,,,13,0
LINCOLN,AVIATOR,2022,FUEL/PROPULSION SYSTEM,2025-07-03,25V455000,1,2025-02-13,140,0.013191,1.0,4.333333,1.0,0.0,0.0,57,0
BMW,530I,2021,SEAT BELTS,2021-07-15,21V554000,0,,,,,,,,,59,0
BMW,Z4,2014,ELECTRICAL SYSTEM,2024-08-08,24V608000,0,,,,,,,,,110,0
BMW,Z4,2014,ENGINE,2024-08-08,24V608000,0,,,,,,,,,110,0
FORD,TRANSIT,2023,TIRES,2024-03-21,24V226000,0,,,,,,,,,443,0
FORD,TRANSIT,2023,TIRES,2025-09-18,25V623000,1,2025-03-27,175,0.012911,1.0,4.333333,0.0,0.0,0.0,631,0
JEEP,WRANGLER 4XE,2025,ELECTRICAL SYSTEM,2025-10-16,25V710000,1,2025-04-24,175,0.014492,1.0,4.333333,0.0,1.0,1.0,151,0
HONDA,ODYSSEY,2020,SEAT BELTS,2023-03-09,23V158000,0,,,,,,,,,286,0
CADILLAC,ESCALADE,2021,EXTERIOR LIGHTING,2022-11-03,22V827000,0,,,,,,,,,30,0
RIVIAN,R1T,2023,VISIBILITY,2023-11-16,23V783000,0,,,,,,,,,32,0
FORD,RANGER,2024,POWER TRAIN,2025-03-13,25V164000,1,2025-02-20,21,0.013191,1.0,4.333333,1.0,0.0,0.0,396,0
NISSAN,ROGUE SPORT,2022,ELECTRICAL SYSTEM,2023-02-16,23V093000,0,,,,,,,,,146,0
WINNEBAGO,ADVENTURER,2020,STRUCTURE,2024-10-31,24V826000,0,,,,,,,,,17,0
LEXUS,NX,2025,SERVICE BRAKES,2024-12-05,24V911000,0,,,,,,,,,30,0
LINCOLN,AVIATOR,2025,EXTERIOR LIGHTING,2025-08-21,25V543000,1,2025-02-27,175,0.009208,1.0,4.333333,0.0,0.0,1.0,36,0
KIA,TELLURIDE,2025,STRUCTURE,2025-07-24,25V494000,1,2025-02-20,154,0.009409,1.0,4.333333,1.0,0.0,1.0,221,0
MERCEDES-BENZ,AMG E 53 4MATIC+ WAGON,2025,ELECTRICAL SYSTEM,2025-12-11,25V865000,1,2025-10-30,42,0.01498,1.0,2.166667,1.0,0.0,1.0,120,0
CHEVROLET,SILVERADO 2500,2024,LATCHES/LOCKS/LINKAGES,2024-02-01,24V060000,0,,,,,,,,,159,0
CHEVROLET,SILVERADO 2500,2024,LATCHES/LOCKS/LINKAGES,2024-11-21,24V894000,0,,,,,,,,,268,0
PETERBILT,389,2024,SERVICE BRAKES,2024-12-05,24V915000,0,,,,,,,,,3,0
PETERBILT,389,2024,ELECTRICAL SYSTEM,2024-12-05,24V915000,0,,,,,,,,,3,0
HYUNDAI,SANTA FE,2025,BACK OVER PREVENTION,2025-11-20,25V808000,0,,,,,,,,,277,0
FORD,F-150 LIGHTNING BEV,2023,SUSPENSION,2024-12-19,24V949000,0,,,,,,,,,565,0
BMW,X3,2023,LATCHES/LOCKS/LINKAGES,2025-02-20,25V106000,1,2025-02-20,0,0.013191,1.0,4.333333,1.0,0.0,0.0,183,0
MERCEDES-BENZ,GLE 350 4MATIC,2025,SEAT BELTS,2025-12-11,25V864000,0,,,,,,,,,121,0
FORD,EXPLORER,2025,ENGINE,2025-06-12,25V344000,1,2025-02-27,105,0.009409,1.0,4.333333,1.0,0.0,1.0,241,0
TRIUMPH,BONNEVILLE T120,2023,ELECTRICAL SYSTEM,2024-10-17,24V785000,0,,,,,,,,,5,0
BMW,X3,2024,LATCHES/LOCKS/LINKAGES,2025-02-20,25V106000,0,,,,,,,,,178,0
FORD,EXPLORER,2025,SERVICE BRAKES,2025-05-29,25V371000,1,2025-02-27,91,0.014805,1.0,4.333333,1.0,1.0,1.0,231,0
AUDI,S6,2020,ELECTRICAL SYSTEM,2022-03-10,22V155000,0,,,,,,,,,88,0
AUDI,S6,2020,ELECTRICAL SYSTEM,2022-11-17,22V861000,0,,,,,,,,,102,0
GMC,YUKON,2024,FUEL/PROPULSION SYSTEM,2025-09-18,25V619000,1,2025-03-27,175,0.009208,1.0,4.333333,0.0,0.0,1.0,233,0
FORD,EXPLORER,2025,VISIBILITY,2025-10-23,25V730000,1,2025-05-01,175,0.012911,1.0,4.333333,0.0,0.0,0.0,328,0
WINNEBAGO,ADVENTURER,2022,STRUCTURE,2024-10-31,24V826000,0,,,,,,,,,35,0
FORD,ESCAPE,2024,FORWARD COLLISION AVOIDANCE,2024-06-13,24V440000,0,,,,,,,,,256,0
KIA,NIRO EV,2024,SEATS,2025-01-16,25V024000,0,,,,,,,,,253,0
FORD,F-350 SD,2023,STRUCTURE,2023-07-20,23V507000,0,,,,,,,,,285,0
FORD,F-350 SD,2023,STRUCTURE,2024-10-24,24V806000,0,,,,,,,,,536,0
JEEP,GRAND CHEROKEE L,2022,AIR BAGS,2024-11-21,24V897000,0,,,,,,,,,255,0
PORSCHE,TAYCAN 4S,2020,ELECTRICAL SYSTEM,2023-03-16,23V176000,0,,,,,,,,,28,0
PORSCHE,TAYCAN 4S,2020,ELECTRICAL SYSTEM,2023-12-07,23V841000,0,,,,,,,,,18,0
PORSCHE,TAYCAN 4S,2020,ELECTRICAL SYSTEM,2024-03-14,24V215000;24V217000,0,,,,,,,,,23,0
CADILLAC,CT6,2019,POWER TRAIN,2025-03-06,25V148000,1,2025-03-06,0,0.013191,1.0,4.333333,1.0,0.0,0.0,53,0
GMC,YUKON,2024,SERVICE BRAKES,2024-09-12,24V674000,0,,,,,,,,,121,0
RAM,2500,2023,STEERING,2023-11-23,23V799000,0,,,,,,,,,81,0
RAM,2500,2023,STEERING,2024-03-14,24V199000,0,,,,,,,,,81,0
CAN-AM,SPYDER F3,2017,POWER TRAIN,2022-05-12,22V352000,0,,,,,,,,,0,0
CAN-AM,SPYDER F3,2017,POWER TRAIN,2024-09-26,24V728000,0,,,,,,,,,4,0
KIA,NIRO PHEV,2025,SEATS,2025-01-16,25V024000,0,,,,,,,,,128,0
KIA,NIRO PHEV,2025,ELECTRICAL SYSTEM,2025-01-16,25V024000,0,,,,,,,,,128,0
BMW,Z4,2015,ENGINE,2024-08-08,24V608000,0,,,,,,,,,114,0
BMW,Z4,2015,ELECTRICAL SYSTEM,2024-08-08,24V608000,0,,,,,,,,,114,0
GENUINE SCOOTER,NIU MQIGT EVO,2022,STEERING,2022-08-11,22V629000,0,,,,,,,,,1,0
FORD,BRONCO SPORT,2025,ENGINE,2025-05-29,25V372000,1,2025-03-06,84,0.013191,1.0,4.333333,1.0,0.0,0.0,231,0
NEWMAR,VENTANA,2020,ELECTRICAL SYSTEM,2021-09-09,21V700000,0,,,,,,,,,18,0
FORD,MUSTANG,2024,SUSPENSION,2024-08-08,24V593000,0,,,,,,,,,279,0
GMC,SIERRA 2500,2024,STEERING,2023-08-03,23V549000,0,,,,,,,,,37,0
JEEP,GRAND CHEROKEE L,2022,EQUIPMENT,2025-02-13,25V083000,0,,,,,,,,,273,0
HONDA,CBR600RR,2007,FUEL/PROPULSION SYSTEM,2024-11-14,24V864000,0,,,,,,,,,66,0
THOR MOTOR COACH,GEMINI,2023,STRUCTURE,2025-02-13,25V097000,0,,,,,,,,,23,0
THOR MOTOR COACH,GEMINI,2023,EQUIPMENT,2022-05-05,22V300000,0,,,,,,,,,8,0
THOR MOTOR COACH,GEMINI,2023,EQUIPMENT,2025-02-13,25V097000,0,,,,,,,,,23,0
GRAND DESIGN,TRANSCEND,2022,STRUCTURE,2022-08-04,22V603000,0,,,,,,,,,9,0
EVENFLO,GOLD SHYFT TRAVEL SYSTEM,9999,CHILD SEAT,2025-03-13,25C003000,1,2025-03-13,0,0.013191,1.0,4.333333,1.0,0.0,0.0,20,0
KIA,EV9,2025,SEATS,2024-12-19,24V962000,0,,,,,,,,,121,0
KIA,NIRO,2025,ELECTRICAL SYSTEM,2025-01-16,25V024000,0,,,,,,,,,128,0
LINCOLN,NAUTILUS,2024,VISIBILITY,2024-08-08,24V597000,0,,,,,,,,,19,0
LINCOLN,NAUTILUS,2024,VISIBILITY,2024-12-19,24V953000,0,,,,,,,,,26,0
LINCOLN,NAUTILUS,2024,VISIBILITY,2025-04-10,25V237000,1,2025-03-13,28,0.014945,3.0,4.333333,3.0,0.0,0.0,37,0
LINCOLN,NAUTILUS,2024,VISIBILITY,2025-08-07,25V518000,1,2025-03-13,147,0.014945,3.0,4.333333,3.0,0.0,0.0,58,0
FORD,RANGER,2024,AIR BAGS,2025-08-21,25V541000,1,2025-03-13,161,0.013191,1.0,4.333333,1.0,0.0,0.0,513,0
TESLA,MODEL S,2022,LATCHES/LOCKS/LINKAGES,2023-12-14,23V862000,0,,,,,,,,,189,0
TESLA,MODEL S,2022,LATCHES/LOCKS/LINKAGES,2024-07-18,24V554000,0,,,,,,,,,190,0
MERCEDES-BENZ,S 500,2022,POWER TRAIN,2022-03-24,22V194000,0,,,,,,,,,78,0
HYUNDAI,PALISADE,2024,AIR BAGS,2023-08-24,23V599000,0,,,,,,,,,142,0
LAND ROVER,DEFENDER,2024,EQUIPMENT,2024-12-05,24E102000,0,,,,,,,,,28,0
LAND ROVER,DEFENDER,2024,EQUIPMENT,2025-01-16,25V016000,0,,,,,,,,,26,0
JEEP,GRAND CHEROKEE,2022,AIR BAGS,2024-11-21,24V897000,0,,,,,,,,,255,0
KENWORTH,T680,2024,POWER TRAIN,2024-03-14,24V190000,0,,,,,,,,,0,0
KENWORTH,T680,2024,ELECTRICAL SYSTEM,2024-12-05,24V915000,0,,,,,,,,,5,0
KENWORTH,T680,2024,ELECTRICAL SYSTEM,2025-03-20,25V181000,1,2025-03-13,7,0.009409,1.0,4.333333,1.0,0.0,1.0,7,0
KENWORTH,T680,2024,ELECTRICAL SYSTEM,2025-08-28,25V569000,1,2025-03-13,168,0.009409,1.0,4.333333,1.0,0.0,1.0,4,0
MERCEDES-BENZ,E 350,2020,FUEL/PROPULSION SYSTEM,2021-12-09,21V961000,0,,,,,,,,,175,0
EVENFLO,SONUS,9999,CHILD SEAT,2025-03-13,25C003000,1,2025-03-13,0,0.013191,1.0,4.333333,1.0,0.0,0.0,20,0
NISSAN,PATHFINDER,2024,AIR BAGS,2024-02-22,24V154000,0,,,,,,,,,84,0
FORD,F-650,2021,FUEL/PROPULSION SYSTEM,2022-01-13,22V013000,0,,,,,,,,,250,0
FORD,F-650,2021,FUEL/PROPULSION SYSTEM,2024-12-19,24V957000,0,,,,,,,,,592,0
HYUNDAI,IONIQ 5,2025,ELECTRICAL SYSTEM,2025-02-06,25V064000,0,,,,,,,,,175,0
HYUNDAI,IONIQ 5,2025,ELECTRICAL SYSTEM,2025-07-17,25V482000,1,2025-03-13,126,0.013191,1.0,4.333333,1.0,0.0,0.0,232,0
FIAT,124 SPIDER,2020,AIR BAGS,2024-09-12,24V694000,0,,,,,,,,,1,0
FORD,F-650,2022,FUEL/PROPULSION SYSTEM,2024-12-19,24V957000,0,,,,,,,,,622,0
FORD,ESCAPE PHEV,2024,ELECTRICAL SYSTEM,2025-11-13,25V789000,1,2025-05-22,175,0.009208,1.0,4.333333,0.0,0.0,1.0,532,0
CADILLAC,XT4,2020,BACK OVER PREVENTION,2022-11-17,22V868000,0,,,,,,,,,25,0
CHEVROLET,EQUINOX EV,2025,BACK OVER PREVENTION,2025-12-18,25V878000,1,2025-07-24,147,0.020954,1.0,2.166667,1.0,0.0,0.0,341,0
FORD,F-250 SD,2023,AIR BAGS,2023-12-14,23V847000,0,,,,,,,,,391,0
EVENFLO,LITEMAX,9999,CHILD SEAT,2025-03-13,25C003000,0,,,,,,,,,21,0
CADILLAC,ESCALADE ESV,2024,SERVICE BRAKES,2024-09-12,24V674000,0,,,,,,,,,51,0
ALLIANCE RV,AVENUE,2022,EQUIPMENT,2022-03-17,22V174000,0,,,,,,,,,1,0
ALLIANCE RV,AVENUE,2022,EQUIPMENT,2022-04-21,22V270000,0,,,,,,,,,1,0
ALLIANCE RV,AVENUE,2022,EQUIPMENT,2024-04-18,24V286000,0,,,,,,,,,6,0
SUBARU,FORESTER,2025,WHEELS,2025-01-23,25V033000,0,,,,,,,,,71,0
MERCEDES-BENZ,METRIS,2019,FUEL/PROPULSION SYSTEM,2022-03-03,22V134000,0,,,,,,,,,154,0
RAM,PROMASTER,2024,ELECTRICAL SYSTEM,2025-10-02,25V665000,1,2025-04-10,175,0.009208,1.0,4.333333,0.0,0.0,1.0,111,0
RAM,PROMASTER,2024,ENGINE,2025-10-23,25V720000,1,2025-05-01,175,0.009208,1.0,4.333333,0.0,0.0,1.0,111,0
NISSAN,ROGUE,2024,EQUIPMENT,2024-10-03,24V748000,0,,,,,,,,,137,0
NISSAN,PATHFINDER,2025,SERVICE BRAKES,2025-03-13,25V173000,0,,,,,,,,,96,0
KIA,SORENTO,2025,EXTERIOR LIGHTING,2025-01-09,25V006000,0,,,,,,,,,124,0
KIA,SORENTO,2025,ELECTRICAL SYSTEM,2025-01-09,25V006000,0,,,,,,,,,124,0
BMW,330I,2025,ELECTRICAL SYSTEM,2025-03-27,25V202000,1,2025-03-20,7,0.014805,1.0,4.333333,1.0,1.0,1.0,125,0
GENESIS,G90,2025,ELECTRICAL SYSTEM,2025-07-17,25V474000,1,2025-03-20,119,0.013191,1.0,4.333333,1.0,0.0,0.0,34,0
GENESIS,G90,2025,ELECTRICAL SYSTEM,2025-11-27,25V833000,1,2025-06-05,175,0.012911,1.0,4.333333,0.0,0.0,0.0,36,0
CHEVROLET,SILVERADO 1500,2022,EXTERIOR LIGHTING,2022-06-30,22V463000,0,,,,,,,,,121,0
CHEVROLET,SILVERADO 1500,2022,EXTERIOR LIGHTING,2022-12-08,22V903000,0,,,,,,,,,167,0
HONDA,ODYSSEY,2023,FUEL/PROPULSION SYSTEM,2023-12-14,23V858000,0,,,,,,,,,297,0
MERCEDES-BENZ,REDUNDANT EQS 450,2023,ELECTRICAL SYSTEM,2024-02-15,24V115000,0,,,,,,,,,187,0
LINCOLN,AVIATOR,2022,SEATS,2022-04-14,22V247000,0,,,,,,,,,23,0
LINCOLN,AVIATOR,2022,SEATS,2025-06-12,25V393000,1,2025-03-27,77,0.013191,1.0,4.333333,1.0,0.0,0.0,53,0
FORD,F-150,2025,POWER TRAIN,2025-03-13,25V164000,0,,,,,,,,,193,0
FORD,F-150,2025,POWER TRAIN,2025-08-07,25V512000,1,2025-03-27,133,0.013191,1.0,4.333333,1.0,0.0,0.0,316,0
FORD,BRONCO,2024,SUSPENSION,2024-10-10,24V770000,0,,,,,,,,,300,0
FORD,BRONCO,2024,SUSPENSION,2025-01-16,25V025000,0,,,,,,,,,363,0
FORD,BRONCO,2024,SUSPENSION,2025-05-08,25V308000;25V310000,1,2025-03-27,42,0.013191,1.0,4.333333,1.0,0.0,0.0,425,0
FORD,F-350 SD,2023,WHEELS,2023-11-09,23V758000,0,,,,,,,,,374,0
MERCEDES-BENZ,C 300,2022,SEAT BELTS,2025-05-01,25V253000,1,2025-03-27,35,0.013191,1.0,4.333333,1.0,0.0,0.0,184,0
LAND ROVER,DEFENDER,2024,ENGINE,2024-06-13,24V450000,0,,,,,,,,,29,0
FORD,ESCAPE,2024,AIR BAGS,2024-11-07,24V850000,0,,,,,,,,,314,0
WINNEBAGO,ADVENTURER,2019,LATCHES/LOCKS/LINKAGES,2024-10-31,24V826000,0,,,,,,,,,12,0
WINNEBAGO,ADVENTURER,2019,STRUCTURE,2024-10-31,24V826000,0,,,,,,,,,12,0
FORD,MUSTANG MACH E,2024,POWER TRAIN,2025-12-11,25V863000,1,2025-06-19,175,0.017971,3.0,3.25,-1.0,0.333333,0.333333,531,0
HYUNDAI,IONIQ 5,2025,SERVICE BRAKES,2025-02-06,25V065000,0,,,,,,,,,175,0
HYUNDAI,IONIQ 5,2025,SERVICE BRAKES,2025-04-10,25V235000,1,2025-03-27,14,0.013191,1.0,4.333333,1.0,0.0,0.0,204,0
VOLVO,XC60,2023,BACK OVER PREVENTION,2025-05-08,25V282000,1,2025-03-27,42,0.013191,1.0,4.333333,1.0,0.0,0.0,54,0
VOLVO,XC60,2023,BACK OVER PREVENTION,2025-12-18,25V908000,1,2025-10-23,56,0.01498,1.0,2.166667,1.0,0.0,1.0,102,0
MERCEDES-BENZ,EQB 250,2023,ELECTRICAL SYSTEM,2025-02-06,25V050000,0,,,,,,,,,228,0
MERCEDES-BENZ,EQB 250,2023,ELECTRICAL SYSTEM,2025-12-18,25V894000,0,,,,,,,,,199,0
KIA,SORENTO,2022,TIRES,2022-07-14,22V509000,0,,,,,,,,,159,0
BMW,228I,2014,ENGINE,2024-08-08,24V608000,0,,,,,,,,,110,0
FORD,F-150,2025,SERVICE BRAKES,2025-07-24,25V488000,1,2025-04-03,112,0.013191,1.0,4.333333,1.0,0.0,0.0,272,0
FORD,F-150,2025,SERVICE BRAKES,2025-11-27,25V823000,1,2025-06-05,175,0.013452,2.0,4.333333,0.0,0.0,0.0,351,0
FORD,F-150,2025,ELECTRICAL SYSTEM,2025-06-12,25V398000,1,2025-04-03,70,0.013191,1.0,4.333333,1.0,0.0,0.0,241,0
FORD,F-150,2025,ELECTRICAL SYSTEM,2025-08-21,25V540000,1,2025-04-03,140,0.013191,1.0,4.333333,1.0,0.0,0.0,321,0
EVENFLO,PIVOT TRAVEL SYSTEM,9999,CHILD SEAT,2025-03-13,25C003000,0,,,,,,,,,21,0
DUCATI,PANIGALE V4 S,2025,SERVICE BRAKES,2025-01-23,25V013000,0,,,,,,,,,0,0
TESLA,CYBERTRUCK,2024,VEHICLE SPEED CONTROL,2024-04-11,24V276000,0,,,,,,,,,99,0
IC BUS,CESB,2021,ENGINE,2021-10-21,21V837000,0,,,,,,,,,0,0
FORD,MAVERICK,2024,FUEL/PROPULSION SYSTEM,2024-03-07,24V185000,0,,,,,,,,,213,0
AUDI,SQ7,2021,ELECTRICAL SYSTEM,2025-03-27,25V201000,0,,,,,,,,,93,0
AUDI,SQ7,2021,BACK OVER PREVENTION,2022-09-29,22V742000,0,,,,,,,,,97,0
AUDI,SQ7,2021,BACK OVER PREVENTION,2025-12-18,25V900000,0,,,,,,,,,148,0
VOLVO,VNL (4),2025,ELECTRICAL SYSTEM,2024-10-17,24V791000,0,,,,,,,,,33,0
VOLVO,VNL (4),2025,STEERING,2025-08-07,25V520000,1,2025-04-03,126,0.009409,1.0,4.333333,1.0,0.0,1.0,53,0
VOLVO,VNL (4),2025,SERVICE BRAKES,2024-10-17,24V791000,0,,,,,,,,,33,0
VOLVO,VNL (4),2025,SERVICE BRAKES,2025-02-13,25V102000,0,,,,,,,,,31,0
VOLVO,XC60,2025,BACK OVER PREVENTION,2025-05-08,25V282000,1,2025-04-10,28,0.013191,1.0,4.333333,1.0,0.0,0.0,36,0
VOLVO,XC60,2025,BACK OVER PREVENTION,2025-12-18,25V908000,1,2025-06-26,175,0.013743,2.0,4.333333,1.0,0.0,0.0,81,0
HYUNDAI,SANTA FE,2025,ELECTRICAL SYSTEM,2025-10-02,25V659000,1,2025-04-10,175,0.013191,1.0,4.333333,1.0,0.0,0.0,269,0
FORD,BRONCO SPORT,2025,ELECTRICAL SYSTEM,2025-01-30,25V049000,0,,,,,,,,,178,0
FORD,BRONCO SPORT,2025,ELECTRICAL SYSTEM,2025-05-22,25V343000,1,2025-04-10,42,0.013191,1.0,4.333333,1.0,0.0,0.0,235,0
FORD,BRONCO SPORT,2025,ELECTRICAL SYSTEM,2025-11-13,25V788000,1,2025-05-22,175,0.012911,1.0,4.333333,0.0,0.0,0.0,345,0
LAND ROVER,RANGE ROVER,2020,BACK OVER PREVENTION,2024-01-18,24V023000,0,,,,,,,,,45,0
JEEP,GRAND CHEROKEE,2025,ELECTRICAL SYSTEM,2025-09-04,25V576000,1,2025-04-10,147,0.014805,1.0,4.333333,1.0,1.0,1.0,136,0
JEEP,GRAND CHEROKEE,2025,ELECTRICAL SYSTEM,2025-10-30,25V741000,1,2025-05-08,175,0.01204,2.0,4.333333,0.0,0.5,1.0,156,0
CADILLAC,CT6,2020,POWER TRAIN,2025-03-06,25V148000,0,,,,,,,,,71,0
FOREST RIVER,SALEM,2025,STRUCTURE,2024-06-27,24V490000,0,,,,,,,,,5,0
FOREST RIVER,SALEM,2025,STRUCTURE,2024-08-22,24V629000,0,,,,,,,,,6,0
FOREST RIVER,SALEM,2025,STRUCTURE,2025-04-10,25V245000,1,2025-04-10,0,0.017598,2.0,4.333333,2.0,0.5,0.0,11,0
FOREST RIVER,SALEM,2025,STRUCTURE,2025-06-19,25V425000,1,2025-04-10,70,0.017598,2.0,4.333333,2.0,0.5,0.0,12,0
FOREST RIVER,SALEM,2025,LATCHES/LOCKS/LINKAGES,2025-06-05,25V364000,1,2025-04-10,56,0.013191,1.0,4.333333,1.0,0.0,0.0,11,0
FOREST RIVER,SALEM,2025,LATCHES/LOCKS/LINKAGES,2025-06-19,25V425000,1,2025-04-10,70,0.013191,1.0,4.333333,1.0,0.0,0.0,12,0
RAM,2500,2025,POWER TRAIN,2025-05-08,25V297000,1,2025-04-10,28,0.013191,1.0,4.333333,1.0,0.0,0.0,50,0
VOLVO,VN,2021,ELECTRICAL SYSTEM,2024-10-17,24V790000,0,,,,,,,,,50,0
FOREST RIVER,SALEM,2025,ELECTRICAL SYSTEM,2025-10-09,25V682000,1,2025-04-17,175,0.012911,1.0,4.333333,0.0,0.0,0.0,23,0
FOREST RIVER,SALEM,2025,EQUIPMENT,2025-10-16,25V707000,1,2025-04-24,175,0.020275,1.0,4.333333,0.0,1.0,0.0,23,0
HONDA,ADV160,2025,ENGINE,2025-03-27,25V195000,0,,,,,,,,,213,0
LAND ROVER,RANGE ROVER SPORT,2024,STRUCTURE,2023-12-21,23V872000,0,,,,,,,,,23,0
CAN-AM,RYKER,2020,FUEL/PROPULSION SYSTEM,2023-12-14,23V855000,0,,,,,,,,,23,0
INDIAN,SCOUT,2025,ENGINE,2024-12-19,24V970000,0,,,,,,,,,2,0
CHEVROLET,CAMARO,2022,POWER TRAIN,2025-03-06,25V148000,0,,,,,,,,,340,0
MERCEDES-BENZ,GLE 450,2024,VEHICLE SPEED CONTROL,2024-02-15,24V117000,0,,,,,,,,,97,0
FORD,RANGER,2024,VISIBILITY,2024-08-08,24V597000,0,,,,,,,,,279,0
FORD,RANGER,2024,VISIBILITY,2025-04-10,25V237000,1,2025-04-10,0,0.009409,1.0,4.333333,1.0,0.0,1.0,417,0
LECTRON,TESLA CHARGER ADAPTER,9999,EQUIPMENT,2024-04-25,24E033000,0,,,,,,,,,0,0
FORD,BRONCO SPORT,2024,VISIBILITY,2024-08-08,24V594000,0,,,,,,,,,279,0
AUDI,A6 ALLROAD,2023,BACK OVER PREVENTION,2025-12-18,25V900000,1,2025-06-26,175,0.012911,1.0,4.333333,0.0,0.0,0.0,114,0
BMW,I4,2024,STRUCTURE,2024-08-15,24V611000,0,,,,,,,,,142,0
KIA,SORENTO,2024,EXTERIOR LIGHTING,2025-01-09,25V006000,0,,,,,,,,,248,0
FORD,BRONCO,2025,ELECTRICAL SYSTEM,2025-11-13,25V788000,1,2025-05-22,175,0.012911,1.0,4.333333,0.0,0.0,0.0,345,0
HYUNDAI,SANTA FE HYBRID,2024,VISIBILITY,2024-11-07,24V843000,0,,,,,,,,,277,0
JEEP,GRAND CHEROKEE L,2024,AIR BAGS,2024-11-21,24V897000,0,,,,,,,,,147,0
HYUNDAI,TUCSON,2025,ENGINE,2025-08-21,25V549000,1,2025-04-17,126,0.013191,1.0,4.333333,1.0,0.0,0.0,249,0
YOKOHAMA,TY517 MC2,9999,TIRES,2022-12-15,22T024000,0,,,,,,,,,4,0
FORD,FIESTA,2019,BACK OVER PREVENTION,2024-12-19,24V951000,0,,,,,,,,,504,0
FORD,FIESTA,2019,BACK OVER PREVENTION,2025-10-09,25V695000,1,2025-04-17,175,0.014041,2.0,4.333333,2.0,0.0,0.0,521,0
CHEVROLET,SILVERADO EV,2025,ELECTRICAL SYSTEM,2024-12-12,24V937000,0,,,,,,,,,164,0
PORSCHE,CAYENNE S,2011,EXTERIOR LIGHTING,2022-08-25,22V656000,0,,,,,,,,,7,0
HONDA,PILOT,2023,SEATS,2024-11-14,24V859000,0,,,,,,,,,339,0
ACURA,RDX,2025,STEERING,2025-09-04,25V582000,1,2025-04-17,140,0.020711,1.0,4.333333,1.0,1.0,0.0,52,0
DODGE,CHARGER EV,2024,POWER TRAIN,2025-09-04,25V574000,1,2025-04-24,133,0.013191,1.0,4.333333,1.0,0.0,0.0,66,0
DODGE,HORNET,2023,BACK OVER PREVENTION,2023-10-12,23V696000,0,,,,,,,,,16,0
DODGE,HORNET,2023,BACK OVER PREVENTION,2025-04-10,25V246000,0,,,,,,,,,53,0
FORD,ESCAPE,2024,BACK OVER PREVENTION,2025-05-08,25V315000,1,2025-04-24,14,0.011862,2.0,4.333333,2.0,0.0,0.5,425,0
SAFETY 1ST,GROW & GO SPRINT,9999,CHILD SEAT,2025-04-17,25C006000,0,,,,,,,,,6,0
RAM,2500,2024,STEERING,2023-11-23,23V799000,0,,,,,,,,,27,0
RAM,2500,2024,STEERING,2024-03-14,24V199000,0,,,,,,,,,33,0
NISSAN,PATHFINDER,2022,BACK OVER PREVENTION,2022-07-21,22V527000,0,,,,,,,,,115,0
GENESIS,GV60,2025,ELECTRICAL SYSTEM,2024-11-14,24V868000,0,,,,,,,,,17,0
GENESIS,GV60,2025,ELECTRICAL SYSTEM,2025-07-17,25V474000,1,2025-04-24,84,0.013191,1.0,4.333333,1.0,0.0,0.0,34,0
FLEETWOOD,SOUTHWIND,2023,ENGINE,2025-02-27,25V121000,0,,,,,,,,,1,0
HYUNDAI,ACCENT,2021,SERVICE BRAKES,2021-12-02,21V937000,0,,,,,,,,,177,0
CADILLAC,ESCALADE,2021,FUEL/PROPULSION SYSTEM,2021-09-23,21V739000,0,,,,,,,,,30,0
CADILLAC,ESCALADE,2021,FUEL/PROPULSION SYSTEM,2025-09-18,25V619000,1,2025-04-24,147,0.011862,2.0,4.333333,2.0,0.0,0.5,92,0
BMW,X3,2025,STEERING,2025-12-11,25V857000,1,2025-06-19,175,0.012911,1.0,4.333333,0.0,0.0,0.0,162,0
SUZUKI,DL800,2024,TIRES,2024-07-11,24V535000,0,,,,,,,,,2,0
TOYOTA,HIGHLANDER HYBRID,2020,STRUCTURE,2023-10-26,23V720000,0,,,,,,,,,272,0
CADILLAC,LYRIQ,2025,ELECTRICAL SYSTEM,2025-07-24,25V483000,1,2025-04-24,91,0.013191,1.0,4.333333,1.0,0.0,0.0,73,0
ACURA,MDX,2014,INTERIOR LIGHTING,2025-04-17,25V259000,0,,,,,,,,,53,0
ACURA,MDX,2016,INTERIOR LIGHTING,2025-04-17,25V259000,0,,,,,,,,,72,0
AUDI,RS E-TRON GT,2024,BACK OVER PREVENTION,2025-12-18,25V900000,1,2025-06-26,175,0.014492,1.0,4.333333,0.0,1.0,1.0,134,0
BMW,X4,2017,ENGINE,2024-08-08,24V608000,0,,,,,,,,,146,0
FOREST RIVER,GEORGETOWN,2025,EQUIPMENT,2024-11-07,24V771000,0,,,,,,,,,8,0
VOLKSWAGEN,ATLAS,2025,POWER TRAIN,2025-02-06,25V081000,0,,,,,,,,,79,0
PJ TRAILERS,LD,2024,TIRES,2023-12-14,23V857000,0,,,,,,,,,1,0
TOYOTA,TACOMA,2025,POWER TRAIN,2025-09-25,25V656000,1,2025-05-01,147,0.013191,1.0,4.333333,1.0,0.0,0.0,302,0
FORD,F-350 SD,2022,BACK OVER PREVENTION,2025-01-30,25V048000,0,,,,,,,,,626,0
FORD,F-350 SD,2022,BACK OVER PREVENTION,2025-10-09,25V686000,1,2025-05-01,161,0.009409,1.0,4.333333,1.0,0.0,1.0,633,0
RAM,1500,2025,TIRES,2025-04-10,25V231000,0,,,,,,,,,48,0
NISSAN,DRIVER SIDE AIRBAG,9999,AIR BAGS,2022-08-04,22E066000,0,,,,,,,,,0,0
NISSAN,DRIVER SIDE AIRBAG,9999,AIR BAGS,2023-02-09,23E012000,0,,,,,,,,,1,0
TOYOTA,TUNDRA HYBRID,2024,POWER TRAIN,2024-02-15,24V125000,0,,,,,,,,,165,0
BMW,X3,2022,FUEL/PROPULSION SYSTEM,2022-07-14,22V513000,0,,,,,,,,,63,0
LEXUS,NX,2025,WHEELS,2024-12-05,24V911000,0,,,,,,,,,30,0
GMC,CANYON,2024,FUEL/PROPULSION SYSTEM,2024-06-27,24V491000,0,,,,,,,,,103,0
AUDI,Q4 SPORTBACK E-TRON,2024,ELECTRICAL SYSTEM,2025-02-27,25V125000,0,,,,,,,,,74,0
NISSAN,SENTRA,2022,STRUCTURE,2023-06-08,23V421000,0,,,,,,,,,170,0
IC BUS,CESB,2022,ENGINE,2021-10-21,21V837000,0,,,,,,,,,0,0
HEARTLAND,MALLARD,2023,EQUIPMENT,2022-08-04,22V591000,0,,,,,,,,,3,0
HEARTLAND,MALLARD,2023,EQUIPMENT,2024-03-21,24V236000,0,,,,,,,,,0,0
FORD,F-150 HYBRID,2025,ELECTRICAL SYSTEM,2025-03-27,25V199000,0,,,,,,,,,202,0
GRAND DESIGN,SOLITUDE,2024,SUSPENSION,2023-07-13,23V490000,0,,,,,,,,,3,0
GRAND DESIGN,SOLITUDE,2024,SUSPENSION,2024-03-07,24V193000,0,,,,,,,,,8,0
THOR MOTOR COACH,GENEVA,2025,EQUIPMENT,2025-03-20,25V171000,0,,,,,,,,,5,0
MERCEDES-BENZ,EQB 350 4MATIC,2023,ELECTRICAL SYSTEM,2025-02-06,25V050000,0,,,,,,,,,228,0
MERCEDES-BENZ,EQB 350 4MATIC,2023,ELECTRICAL SYSTEM,2025-07-24,25V487000,1,2025-05-08,77,0.009409,1.0,4.333333,1.0,0.0,1.0,188,0
MERCEDES-BENZ,EQB 350 4MATIC,2023,ELECTRICAL SYSTEM,2025-12-18,25V894000,1,2025-06-26,175,0.009208,1.0,4.333333,0.0,0.0,1.0,198,0
POLESTAR,POLESTAR 3,2025,STRUCTURE,2025-08-21,25V555000,1,2025-05-08,105,0.013191,1.0,4.333333,1.0,0.0,0.0,20,0
FORD,BRONCO SPORT,2024,BACK OVER PREVENTION,2025-06-26,25V442000,1,2025-05-08,49,0.013191,1.0,4.333333,1.0,0.0,0.0,434,0
RAM,2500,2025,ELECTRICAL SYSTEM,2025-05-08,25V297000,1,2025-05-08,0,0.009409,1.0,4.333333,1.0,0.0,1.0,50,0
RAM,2500,2025,ELECTRICAL SYSTEM,2025-11-27,25V826000,1,2025-06-05,175,0.009208,1.0,4.333333,0.0,0.0,1.0,88,0
HUSQVARNA,FE 350S,2024,SERVICE BRAKES,2025-02-06,25V074000,0,,,,,,,,,2,0
KEYSTONE,COUGAR,2022,STRUCTURE,2022-03-31,22V209000,0,,,,,,,,,9,0
KEYSTONE,COUGAR,2022,STRUCTURE,2023-03-16,23V169000,0,,,,,,,,,14,0
GENESIS,G90,2024,FORWARD COLLISION AVOIDANCE,2025-11-27,25V833000,1,2025-06-05,175,0.009596,2.0,4.333333,0.0,0.0,1.0,53,0
WINNEBAGO,REVEL,2020,ELECTRICAL SYSTEM,2023-09-28,23V663000,0,,,,,,,,,21,0
WINNEBAGO,REVEL,2020,ELECTRICAL SYSTEM,2024-05-02,24V318000,0,,,,,,,,,11,0
LAND ROVER,RANGE ROVER,2023,LATCHES/LOCKS/LINKAGES,2023-05-04,23V324000,0,,,,,,,,,21,0
CHRYSLER,PACIFICA,2022,VISIBILITY,2022-08-11,22V619000,0,,,,,,,,,26,0
FORD,EDGE,2024,BACK OVER PREVENTION,2025-05-08,25V315000,0,,,,,,,,,426,0
MERCEDES-BENZ,GLB 250,2020,EQUIPMENT,2023-10-26,23V732000,0,,,,,,,,,156,0
TOYOTA,RAV4,2025,ELECTRICAL SYSTEM,2025-09-11,25V595000,1,2025-05-15,119,0.013191,1.0,4.333333,1.0,0.0,0.0,294,0
TESLA,CYBERTRUCK,2024,BACK OVER PREVENTION,2024-09-26,24V718000,0,,,,,,,,,135,0
NEWMAR,KING AIRE,2020,STRUCTURE,2021-07-22,21V571000,0,,,,,,,,,19,0
NEWMAR,KING AIRE,2020,STRUCTURE,2025-06-26,25V431000,1,2025-05-15,42,0.014041,2.0,4.333333,2.0,0.0,0.0,15,0
KIA,SORENTO,2025,ENGINE,2025-08-21,25V548000,1,2025-05-15,98,0.013191,1.0,4.333333,1.0,0.0,0.0,224,0
MERCEDES-BENZ,SPRINTER 4500,2019,STRUCTURE,2023-12-21,23V875000;23V876000,0,,,,,,,,,169,0
BMW,228I,2020,ELECTRICAL SYSTEM,2023-08-10,23V584000,0,,,,,,,,,88,0
IC BUS,CESB,2023,STRUCTURE,2023-02-09,23V065000,0,,,,,,,,,0,0
IC BUS,CESB,2023,STRUCTURE,2025-09-04,25V580000,1,2025-05-15,112,0.013191,1.0,4.333333,1.0,0.0,0.0,3,0
VOLVO,S90,2023,BACK OVER PREVENTION,2025-05-08,25V282000,0,,,,,,,,,55,0
VOLVO,S90,2023,BACK OVER PREVENTION,2025-12-18,25V908000,1,2025-06-26,175,0.012911,1.0,4.333333,0.0,0.0,0.0,102,0
TOYOTA,TACOMA,2022,EQUIPMENT,2022-05-05,22V310000,0,,,,,,,,,186,0
KENWORTH,T380,2025,STEERING,2024-01-25,24V044000,0,,,,,,,,,0,0
KENWORTH,T380,2025,STEERING,2024-03-21,24V233000,0,,,,,,,,,0,0
KENWORTH,T380,2025,STEERING,2024-06-06,24V433000,0,,,,,,,,,0,0
BMW,X1,2025,SERVICE BRAKES,2024-02-08,24V104000,0,,,,,,,,,27,0
WESTERN STAR,47X,2023,SERVICE BRAKES,2022-04-28,22V299000,0,,,,,,,,,0,0
WESTERN STAR,47X,2023,SERVICE BRAKES,2022-10-27,22V817000,0,,,,,,,,,0,0
WESTERN STAR,47X,2023,SERVICE BRAKES,2023-02-09,23V073000,0,,,,,,,,,0,0
KEYSTONE,RAPTOR,2022,FUEL/PROPULSION SYSTEM,2023-02-09,23V082000,0,,,,,,,,,20,0
KEYSTONE,RAPTOR,2022,EQUIPMENT,2022-03-10,22V144000,0,,,,,,,,,9,0
KEYSTONE,RAPTOR,2022,EQUIPMENT,2022-08-04,22V604000,0,,,,,,,,,21,0
KEYSTONE,RAPTOR,2022,EQUIPMENT,2023-02-09,23V082000,0,,,,,,,,,20,0
HYUNDAI,IONIQ 6,2024,POWER TRAIN,2024-04-18,24V283000,0,,,,,,,,,225,0
FORD,EXPEDITION,2024,ENGINE,2024-12-19,24V851000,0,,,,,,,,,343,0
FORD,EXPEDITION,2024,ENGINE,2025-03-27,25V198000,0,,,,,,,,,405,0
NISSAN,FRONTIER,2023,TIRES,2023-04-13,23V273000,0,,,,,,,,,101,0
FOREST RIVER,SALEM,2024,EQUIPMENT,2024-02-01,24V066000,0,,,,,,,,,10,0
FOREST RIVER,SALEM,2024,EQUIPMENT,2024-07-11,24V530000,0,,,,,,,,,14,0
FOREST RIVER,SALEM,2024,EQUIPMENT,2024-08-22,24V628000,0,,,,,,,,,18,0
JEEP,WAGONEER S,2025,POWER TRAIN,2025-09-04,25V574000,1,2025-05-22,105,0.009409,1.0,4.333333,1.0,0.0,1.0,136,0
RAM,1500,2025,WHEELS,2024-10-24,24V794000,0,,,,,,,,,35,0
ALFA ROMEO,STELVIO,2023,AIR BAGS,2024-06-27,24V510000,0,,,,,,,,,10,0
ALFA ROMEO,STELVIO,2023,SEAT BELTS,2024-06-27,24V510000,0,,,,,,,,,10,0
INFINITI,QX60,2023,SEATS,2023-02-16,23V108000,0,,,,,,,,,7,0
INFINITI,QX60,2023,SEATS,2023-04-13,23V268000,0,,,,,,,,,20,0
FORD,F-350 SD,2024,STRUCTURE,2024-10-24,24V806000,0,,,,,,,,,308,0
YOKOHAMA,BLUEARTH 109L,9999,TIRES,2022-12-15,22T024000,0,,,,,,,,,4,0
RAM,3500,2024,AIR BAGS,2024-03-14,24V199000,0,,,,,,,,,33,0
RAM,3500,2024,STEERING,2023-11-23,23V799000,0,,,,,,,,,27,0
RAM,3500,2024,STEERING,2024-03-14,24V199000,0,,,,,,,,,33,0
RAM,3500,2024,EXTERIOR LIGHTING,2023-11-23,23V799000,0,,,,,,,,,27,0
NEWMAR,KING AIRE,2019,STRUCTURE,2021-07-22,21V571000,0,,,,,,,,,20,0
NEWMAR,KING AIRE,2019,STRUCTURE,2025-06-26,25V431000,1,2025-05-29,28,0.014041,2.0,4.333333,2.0,0.0,0.0,10,0
FORD,TRANSIT CONNECT,2015,BACK OVER PREVENTION,2025-08-28,25V572000,1,2025-05-29,91,0.013191,1.0,4.333333,1.0,0.0,0.0,471,0
VOLKSWAGEN,TIGUAN,2023,BACK OVER PREVENTION,2025-02-06,25V082000,0,,,,,,,,,230,0
JEEP,GRAND CHEROKEE L,2023,SEATS,2025-07-17,25V472000,1,2025-05-29,49,0.013191,1.0,4.333333,1.0,0.0,0.0,281,0
VOLKSWAGEN,TIGUAN,2019,TIRES,2022-10-27,22V815000,0,,,,,,,,,121,0
TESLA,MODEL Y,2026,ELECTRICAL SYSTEM,2025-07-24,25V490000,1,2025-05-29,56,0.011862,2.0,4.333333,2.0,0.0,0.5,53,0
TESLA,MODEL Y,2026,ELECTRICAL SYSTEM,2025-09-25,25V658000,1,2025-05-29,119,0.011862,2.0,4.333333,2.0,0.0,0.5,68,0
TESLA,MODEL Y,2026,ELECTRICAL SYSTEM,2025-10-09,25V690000,1,2025-05-29,133,0.011862,2.0,4.333333,2.0,0.0,0.5,68,0
GRAND DESIGN,MOMENTUM,2024,EQUIPMENT,2024-12-05,24V916000,0,,,,,,,,,19,0
CYBEX,ATON G,9999,CHILD SEAT,2025-02-13,25C002000,0,,,,,,,,,1,0
MERCEDES-BENZ,GLC 300 4MATIC,2023,STRUCTURE,2025-06-05,25V379000,1,2025-05-29,7,0.013191,1.0,4.333333,1.0,0.0,0.0,166,0
LINCOLN,MKT,2015,BACK OVER PREVENTION,2025-10-09,25V695000,1,2025-05-29,133,0.013191,1.0,4.333333,1.0,0.0,0.0,57,0
WINNEBAGO,TRAVATO,2020,EQUIPMENT,2022-09-15,22V696000,0,,,,,,,,,3,0
WINNEBAGO,TRAVATO,2020,EQUIPMENT,2023-09-07,23V627000,0,,,,,,,,,20,0
TOYOTA,GRAND HIGHLANDER,2025,ELECTRICAL SYSTEM,2025-09-11,25V595000,1,2025-05-29,105,0.013191,1.0,4.333333,1.0,0.0,0.0,294,0
TOYOTA,GRAND HIGHLANDER,2025,BACK OVER PREVENTION,2025-10-30,25V744000,1,2025-05-29,154,0.013191,1.0,4.333333,1.0,0.0,0.0,322,0
TESLA,MODEL Y,2026,EXTERIOR LIGHTING,2025-09-25,25V658000,1,2025-05-29,119,0.009409,1.0,4.333333,1.0,0.0,1.0,68,0
FORD,F-250 SD,2023,BACK OVER PREVENTION,2023-08-10,23V573000,0,,,,,,,,,302,0
FORD,F-250 SD,2023,BACK OVER PREVENTION,2024-10-24,24V806000,0,,,,,,,,,536,0
FORD,F-250 SD,2023,BACK OVER PREVENTION,2025-02-27,25V134000,0,,,,,,,,,603,0
FORD,F-250 SD,2023,BACK OVER PREVENTION,2025-05-08,25V315000,0,,,,,,,,,628,0
MAZDA,MAZDA3,2025,AIR BAGS,2025-05-29,25V357000,0,,,,,,,,,81,0
JEEP,GRAND CHEROKEE L,2021,BACK OVER PREVENTION,2025-02-13,25V083000,0,,,,,,,,,256,0
JEEP,WAGONEER S,2024,POWER TRAIN,2025-09-04,25V574000,1,2025-06-05,91,0.013191,1.0,4.333333,1.0,0.0,0.0,227,0
MAZDA,MX-5,2023,AIR BAGS,2024-09-12,24V695000,0,,,,,,,,,95,0
JEEP,GLADIATOR,2024,ELECTRICAL SYSTEM,2024-09-05,24V652000,0,,,,,,,,,135,0
FORD,F-250 SD,2018,BACK OVER PREVENTION,2022-08-25,22V644000,0,,,,,,,,,433,0
FORD,F-250 SD,2018,BACK OVER PREVENTION,2025-08-28,25V572000,1,2025-06-05,84,0.013191,1.0,4.333333,1.0,0.0,0.0,488,0
HONDA,ADV160,2024,ENGINE,2025-03-27,25V195000,0,,,,,,,,,330,0
TESLA,MODEL Y,2026,SEATS,2025-06-12,25V410000,1,2025-06-05,7,0.013191,1.0,4.333333,1.0,0.0,0.0,40,0
GRAND DESIGN,MOMENTUM,2020,EQUIPMENT,2022-01-27,22V038000,0,,,,,,,,,17,0
LAND ROVER,RANGE ROVER SPORT,2022,BACK OVER PREVENTION,2024-01-18,24V023000,0,,,,,,,,,28,0
LAND ROVER,RANGE ROVER SPORT,2022,BACK OVER PREVENTION,2024-05-23,24V364000,0,,,,,,,,,35,0
KIA,SORENTO,2023,BACK OVER PREVENTION,2023-08-31,23V610000,0,,,,,,,,,252,0
FORD,F-350 SD,2025,FUEL/PROPULSION SYSTEM,2025-05-08,25V306000,0,,,,,,,,,223,0
NISSAN,KICKS,2025,BACK OVER PREVENTION,2025-05-29,25V324000,0,,,,,,,,,117,0
CHEVROLET,SILVERADO EV,2024,SEAT BELTS,2023-11-16,23V786000,0,,,,,,,,,143,0
CHEVROLET,SILVERADO EV,2024,SEAT BELTS,2024-02-08,24V087000,0,,,,,,,,,162,0
CHEVROLET,SILVERADO EV,2024,SEAT BELTS,2025-01-16,25V015000,0,,,,,,,,,300,0
FORD,F-350 SD,2025,ELECTRICAL SYSTEM,2025-08-21,25V540000,1,2025-06-05,77,0.013191,1.0,4.333333,1.0,0.0,0.0,321,0
NEWMAR,NEW AIRE,2021,ELECTRICAL SYSTEM,2021-09-09,21V700000,0,,,,,,,,,9,0
HYUNDAI,SANTA CRUZ,2022,STRUCTURE,2023-01-26,23V038000,0,,,,,,,,,303,0
KAWASAKI,NINJA ZX-6R,2025,ENGINE,2025-07-03,25V376000,1,2025-06-05,28,0.013191,1.0,4.333333,1.0,0.0,0.0,4,0
KAWASAKI,NINJA ZX-6R,2025,ENGINE,2025-11-13,25V798000,1,2025-06-05,161,0.013191,1.0,4.333333,1.0,0.0,0.0,10,0
GRAND DESIGN,IMAGINE,2022,STRUCTURE,2022-08-04,22V603000,0,,,,,,,,,9,0
ENTEGRA,ASPIRE,2020,STRUCTURE,2021-07-08,21V529000,0,,,,,,,,,9,0
ENTEGRA,ASPIRE,2020,EQUIPMENT,2021-07-08,21V529000,0,,,,,,,,,9,0
FORD,ESCAPE,2022,BACK OVER PREVENTION,2025-06-26,25V442000,1,2025-06-05,21,0.013191,1.0,4.333333,1.0,0.0,0.0,607,0
NISSAN,KICKS,2024,AIR BAGS,2024-02-22,24V154000,0,,,,,,,,,84,0
NEWMAR,BAY STAR,2021,STRUCTURE,2021-07-22,21V571000,0,,,,,,,,,9,0
RAM,3500,2022,AIR BAGS,2021-11-18,21V925000,0,,,,,,,,,38,0
RAM,3500,2022,AIR BAGS,2025-11-06,25V765000,1,2025-06-05,154,0.014805,1.0,4.333333,1.0,1.0,1.0,123,0
TOYOTA,TACOMA,2025,SERVICE BRAKES,2025-02-06,25V058000,0,,,,,,,,,218,0
RAM,1500,2025,ELECTRONIC STABILITY CONTROL (ESC),2024-10-24,24V794000,0,,,,,,,,,35,0
MITSUBISHI,OUTLANDER,2023,BACK OVER PREVENTION,2023-06-01,23V345000,0,,,,,,,,,21,0
MITSUBISHI,OUTLANDER,2023,BACK OVER PREVENTION,2025-05-29,25V369000,0,,,,,,,,,41,0
FORD,RANGER,2025,SERVICE BRAKES,2025-07-24,25V488000,1,2025-06-12,42,0.009409,1.0,4.333333,1.0,0.0,1.0,272,0
FORD,RANGER,2025,SERVICE BRAKES,2025-11-27,25V823000,1,2025-06-12,168,0.009409,1.0,4.333333,1.0,0.0,1.0,351,0
CHEVROLET,BLAZER,2022,SEATS,2022-05-19,22V359000,0,,,,,,,,,117,0
KAWASAKI,NINJA ZX-6R,2024,ENGINE,2025-07-03,25V376000,1,2025-06-12,21,0.009409,1.0,4.333333,1.0,0.0,1.0,4,0
KAWASAKI,NINJA ZX-6R,2024,ENGINE,2025-11-13,25V798000,1,2025-06-12,154,0.009409,1.0,4.333333,1.0,0.0,1.0,11,0
ALFA ROMEO,GIULIA,2017,AIR BAGS,2024-06-27,24V510000,0,,,,,,,,,21,0
MERCEDES-BENZ,AMG GLB35,2021,SUSPENSION,2021-12-16,21V990000,0,,,,,,,,,113,0
NISSAN,ROGUE,2025,BACK OVER PREVENTION,2024-10-03,24V748000,0,,,,,,,,,61,0
KIA,K4,2025,ENGINE,2025-08-21,25V548000,1,2025-06-12,70,0.009409,1.0,4.333333,1.0,0.0,1.0,224,0
FOREST RIVER,RIVERSTONE,2025,SERVICE BRAKES,2025-08-21,25V550000,1,2025-06-19,63,0.009409,1.0,4.333333,1.0,0.0,1.0,15,0
GENESIS,GV60,2024,STRUCTURE,2025-09-18,25V624000,1,2025-06-19,91,0.009409,1.0,4.333333,1.0,0.0,1.0,54,0
NEWMAR,KING AIRE,2022,STRUCTURE,2025-06-26,25V431000,1,2025-06-19,7,0.013191,1.0,4.333333,1.0,0.0,0.0,11,0
MICRO DOT,BLISTER,9999,EQUIPMENT,2025-05-22,25E040000,0,,,,,,,,,0,0
PETERBILT,567,2025,SERVICE BRAKES,2024-12-05,24V915000,0,,,,,,,,,2,0
PETERBILT,567,2025,SERVICE BRAKES,2025-05-22,25V353000,0,,,,,,,,,4,0
ACURA,MDX,2013,FUEL/PROPULSION SYSTEM,2023-12-14,23V858000,0,,,,,,,,,28,0
TIFFIN,PHAETON,2022,FUEL/PROPULSION SYSTEM,2021-07-15,21V545000,0,,,,,,,,,3,0
BMW,X6,2020,ENGINE,2024-08-01,24V576000,0,,,,,,,,,124,0
SPEKTRUM BRAKES,DYNAMIC FRICTION R1,9999,SERVICE BRAKES,2023-12-28,24E001000,0,,,,,,,,,0,0
TOYOTA,SIENNA HYBRID,2025,BACK OVER PREVENTION,2025-10-30,25V744000,1,2025-06-19,133,0.013191,1.0,4.333333,1.0,0.0,0.0,322,0
KEYSTONE,PASSPORT,2022,EQUIPMENT,2022-03-10,22V144000,0,,,,,,,,,9,0
KEYSTONE,PASSPORT,2022,EQUIPMENT,2022-03-24,22V195000,0,,,,,,,,,8,0
KEYSTONE,PASSPORT,2022,EQUIPMENT,2022-03-31,22V208000,0,,,,,,,,,9,0
KEYSTONE,PASSPORT,2022,EQUIPMENT,2022-08-04,22V604000,0,,,,,,,,,21,0
JAYCO TRAVEL TRAILER,JAY FLIGHT,2024,STRUCTURE,2022-08-04,22V571000,0,,,,,,,,,0,0
GRECH,STRADA,2021,EQUIPMENT,2025-07-24,25V491000,1,2025-06-19,35,0.009409,1.0,4.333333,1.0,0.0,1.0,1,0
FORD,EXPEDITION,2024,EQUIPMENT,2024-11-07,24V852000,0,,,,,,,,,314,0
VOLKSWAGEN,BEETLE CONVERTIBLE,2017,AIR BAGS,2024-10-24,24V834000,0,,,,,,,,,105,0
ACURA,MDX,2020,INTERIOR LIGHTING,2025-04-17,25V259000,0,,,,,,,,,89,0
CADILLAC,LYRIQ,2024,EQUIPMENT,2025-05-29,25V356000,0,,,,,,,,,97,0
MERCEDES-BENZ,AMG C43,2020,STRUCTURE,2023-12-14,23V854000,0,,,,,,,,,154,0
LINCOLN,AVIATOR,2021,VISIBILITY,2021-07-15,21V534000,0,,,,,,,,,19,0
FORD,MUSTANG MACH E,2024,LATCHES/LOCKS/LINKAGES,2025-06-12,25V404000,0,,,,,,,,,433,0
MICRO DOT,TWISTER,9999,EQUIPMENT,2025-05-22,25E040000,0,,,,,,,,,0,0
CADILLAC,LYRIQ,2025,SUSPENSION,2025-04-10,25V232000,0,,,,,,,,,58,0
MERCEDES-BENZ,AMG E53,2019,BACK OVER PREVENTION,2022-04-07,22V232000,0,,,,,,,,,156,0
AUDI,A3,2020,TIRES,2022-10-27,22V815000,0,,,,,,,,,108,0
ENTEGRA,CONDOR,2024,EQUIPMENT,2025-03-06,25V145000,0,,,,,,,,,8,0
MERCEDES-BENZ,CLS 450,2019,BACK OVER PREVENTION,2022-04-07,22V232000,0,,,,,,,,,156,0
AIRSTREAM,GLOBETROTTER,2023,EQUIPMENT,2022-05-12,22V348000,0,,,,,,,,,0,0
FORD,ESCAPE,2025,ELECTRICAL SYSTEM,2024-11-07,24V850000,0,,,,,,,,,106,0
FORD,ESCAPE,2025,ELECTRICAL SYSTEM,2025-01-30,25V049000,0,,,,,,,,,178,0
FORD,ESCAPE,2025,ELECTRICAL SYSTEM,2025-05-22,25V343000,0,,,,,,,,,236,0
TESLA,MODEL 3,2025,BACK OVER PREVENTION,2025-01-02,25V002000,0,,,,,,,,,71,0
RAM,1500,2024,EXTERIOR LIGHTING,2024-09-26,24V729000,0,,,,,,,,,66,0
CHEVROLET,EQUINOX,2024,STRUCTURE,2023-12-21,23V869000,0,,,,,,,,,152,0
HYUNDAI,KONA,2024,SEAT BELTS,2023-09-21,23V650000,0,,,,,,,,,153,0
KIA,K5,2025,EXTERIOR LIGHTING,2025-05-22,25V351000,0,,,,,,,,,186,0
MERCEDES-BENZ,E 400,2018,TIRES,2025-01-16,25V023000,0,,,,,,,,,163,0
DUTCHMEN,VOLTAGE,2022,EQUIPMENT,2022-08-04,22V604000,0,,,,,,,,,0,0
LINCOLN,NAVIGATOR,2020,SEAT BELTS,2024-02-08,24V099000,0,,,,,,,,,55,0
LINCOLN,NAVIGATOR,2020,SEAT BELTS,2025-05-22,25V197000,0,,,,,,,,,72,0
JEEP,GLADIATOR,2023,AIR BAGS,2024-03-14,24V199000,0,,,,,,,,,213,0
KIA,SELTOS,2024,AIR BAGS,2023-12-21,23V830000,0,,,,,,,,,160,0
KIA,SPORTAGE,2025,ELECTRICAL SYSTEM,2025-12-11,25V874000,1,2025-06-26,168,0.014623,4.0,4.333333,4.0,0.0,0.25,250,0
BMW,R 1250 GS,2023,POWER TRAIN,2023-01-12,23V011000,0,,,,,,,,,49,0
CADILLAC,ESCALADE,2023,SUSPENSION,2023-09-14,23V642000,0,,,,,,,,,54,0
PORSCHE,CAYENNE,2024,FUEL/PROPULSION SYSTEM,2025-09-18,25V634000,1,2025-07-03,77,0.009409,1.0,4.333333,1.0,0.0,1.0,22,0
LEXUS,RX,2025,ELECTRICAL SYSTEM,2025-09-11,25V595000,1,2025-07-03,70,0.013191,1.0,4.333333,1.0,0.0,0.0,62,0
BMW,228I,2014,ELECTRICAL SYSTEM,2024-08-08,24V608000,0,,,,,,,,,110,0
KIA,K5,2025,STRUCTURE,2025-07-24,25V493000,1,2025-07-03,21,0.014805,1.0,4.333333,1.0,1.0,1.0,221,0
JAGUAR,I-PACE,2024,ELECTRICAL SYSTEM,2023-05-25,23V369000,0,,,,,,,,,0,0
WAYMO,5TH GENERATION ADS,9999,ELECTRICAL SYSTEM,2024-02-08,24E013000,0,,,,,,,,,0,0
WAYMO,5TH GENERATION ADS,9999,ELECTRICAL SYSTEM,2024-06-06,24E049000,0,,,,,,,,,0,0
WAYMO,5TH GENERATION ADS,9999,ELECTRICAL SYSTEM,2025-05-08,25E034000,0,,,,,,,,,0,0
WAYMO,5TH GENERATION ADS,9999,ELECTRICAL SYSTEM,2025-12-04,25E084000,1,2025-07-03,154,0.010018,2.0,4.333333,2.0,0.0,1.0,0,0
MERCEDES-BENZ,GLE 450,2024,ELECTRICAL SYSTEM,2024-03-14,24V207000,0,,,,,,,,,101,0
HARLEY-DAVIDSON,FXLRS,2024,SUSPENSION,2025-06-05,25V375000,0,,,,,,,,,24,0
FORD,MAVERICK,2025,ENGINE,2025-11-27,25V828000,1,2025-07-03,147,0.014805,1.0,4.333333,1.0,1.0,1.0,351,0
BMW,X4,2020,ENGINE,2021-07-29,21V598000,0,,,,,,,,,93,0
WINNEBAGO,EKKO,2021,LANE DEPARTURE,2024-01-18,24V024000,0,,,,,,,,,28,0
FORD,TAURUS,2019,BACK OVER PREVENTION,2025-10-09,25V695000,1,2025-07-03,98,0.013191,1.0,4.333333,1.0,0.0,0.0,521,0
CADILLAC,CT5,2021,EXTERIOR LIGHTING,2022-12-08,22V903000,0,,,,,,,,,31,0
FORD,EXPEDITION,2025,AIR BAGS,2025-06-26,25V439000,0,,,,,,,,,252,0
FORD,EXPEDITION,2025,SERVICE BRAKES,2025-07-24,25V488000,1,2025-07-03,21,0.014805,1.0,4.333333,1.0,1.0,1.0,272,0
FORD,EXPEDITION,2025,SERVICE BRAKES,2025-11-27,25V823000,1,2025-07-03,147,0.014805,1.0,4.333333,1.0,1.0,1.0,351,0
JAYCO,SENECA,2023,EQUIPMENT,2023-02-16,23V102000,0,,,,,,,,,0,0
HYUNDAI,SANTA FE,2025,ENGINE,2025-08-21,25V549000,1,2025-07-03,49,0.009409,1.0,4.333333,1.0,0.0,1.0,249,0
ACURA,TLX,2023,SERVICE BRAKES,2025-06-12,25V391000,0,,,,,,,,,69,0
MERCEDES-BENZ,AMG E53,2020,ELECTRICAL SYSTEM,2022-05-19,22V365000,0,,,,,,,,,180,0
MERCEDES-BENZ,AMG E53,2020,ELECTRICAL SYSTEM,2022-07-21,22V533000,0,,,,,,,,,203,0
MERCEDES-BENZ,AMG E53,2020,ELECTRICAL SYSTEM,2022-09-29,22V733000,0,,,,,,,,,210,0
MERCEDES-BENZ,AMG E53,2020,ELECTRICAL SYSTEM,2024-06-13,24V445000,0,,,,,,,,,175,0
HARLEY-DAVIDSON,FLHCS,2023,SUSPENSION,2023-08-17,23V591000,0,,,,,,,,,13,0
HARLEY-DAVIDSON,FLHCS,2023,SUSPENSION,2025-06-05,25V375000,0,,,,,,,,,32,0
CHEVROLET,SILVERADO 4500,2020,SERVICE BRAKES,2025-06-12,25V390000,0,,,,,,,,,398,0
CHEVROLET,SILVERADO 4500,2020,SERVICE BRAKES,2025-11-06,25V768000,1,2025-07-10,119,0.013191,1.0,4.333333,1.0,0.0,0.0,416,0
LUCID,AIR,2024,VISIBILITY,2024-06-27,24V495000,0,,,,,,,,,8,0
FIAT,500X,2020,AIR BAGS,2024-06-27,24V510000,0,,,,,,,,,1,0
MAZDA,MAZDA3,2024,AIR BAGS,2025-05-29,25V357000,0,,,,,,,,,112,0
POLESTAR,POLESTAR 3,2025,VISIBILITY,2025-07-10,25V420000,1,2025-07-10,0,0.009409,1.0,4.333333,1.0,0.0,1.0,20,0
INFINITI,QX60,2025,SERVICE BRAKES,2025-03-13,25V173000,0,,,,,,,,,8,0
RAM,PROMASTER,2023,ENGINE,2025-10-23,25V720000,1,2025-07-10,105,0.013191,1.0,4.333333,1.0,0.0,0.0,121,0
MAZDA,CX-50 HYBRID,2025,FORWARD COLLISION AVOIDANCE,2024-08-29,24V649000,0,,,,,,,,,53,0
FORD,F-250 SD,2025,SERVICE BRAKES,2025-06-12,25V401000,0,,,,,,,,,242,0
FORD,EXPEDITION,2023,SERVICE BRAKES,2025-05-08,25V314000,0,,,,,,,,,628,0
CHRYSLER,PACIFICA,2023,AIR BAGS,2024-03-14,24V199000,0,,,,,,,,,35,0
CHRYSLER,PACIFICA,2023,AIR BAGS,2024-10-24,24V793000,0,,,,,,,,,56,0
CHRYSLER,PACIFICA,2023,AIR BAGS,2025-05-08,25V302000,0,,,,,,,,,61,0
ACURA,NSX,2017,FUEL/PROPULSION SYSTEM,2023-12-14,23V858000,0,,,,,,,,,60,0
HYUNDAI,PALISADE,2025,POWER TRAIN,2025-05-01,25V291000,0,,,,,,,,,210,0
FOREST RIVER,IBEX,2024,EQUIPMENT,2024-02-22,24V137000,0,,,,,,,,,11,0
FOREST RIVER,IBEX,2024,EQUIPMENT,2024-04-11,24V272000,0,,,,,,,,,9,0
CLIPPER TOWABLE,CWT272RLS,2022,EQUIPMENT,2024-05-09,24V339000,0,,,,,,,,,0,0
JEEP,WRANGLER,2025,ELECTRICAL SYSTEM,2025-10-30,25V741000,1,2025-07-10,112,0.009409,1.0,4.333333,1.0,0.0,1.0,156,0
AGV,TOURMODULAR HELMET,9999,EQUIPMENT,2024-02-08,24E014000,0,,,,,,,,,0,0
AGV,TOURMODULAR HELMET,9999,EQUIPMENT,2025-04-24,25E031000,0,,,,,,,,,0,0
YAMAHA,XSR900,2023,ENGINE,2025-04-10,25V248000,0,,,,,,,,,4,0
RIVIAN,EDV,2022,SEAT BELTS,2025-11-20,25V816000,1,2025-07-10,133,0.009409,1.0,4.333333,1.0,0.0,1.0,26,0
TOYOTA,TUNDRA,2023,EXTERIOR LIGHTING,2025-05-15,25V322000,0,,,,,,,,,398,0
FORD,F-250 SD,2024,STRUCTURE,2024-10-24,24V806000,0,,,,,,,,,308,0
FORD,F-250 SD,2024,BACK OVER PREVENTION,2024-10-24,24V806000,0,,,,,,,,,308,0
FORD,F-250 SD,2024,BACK OVER PREVENTION,2025-05-08,25V315000,0,,,,,,,,,426,0
NISSAN,KICKS,2025,ELECTRICAL SYSTEM,2024-12-19,24V969000,0,,,,,,,,,78,0
PETERBILT,579,2022,ELECTRICAL SYSTEM,2021-11-18,21V906000,0,,,,,,,,,3,0
PETERBILT,579,2022,ELECTRICAL SYSTEM,2021-12-23,21V00N000,0,,,,,,,,,2,0
PETERBILT,579,2022,ELECTRICAL SYSTEM,2022-10-13,22V779000,0,,,,,,,,,0,0
PETERBILT,579,2022,ELECTRICAL SYSTEM,2023-06-08,23V423000,0,,,,,,,,,7,0
PETERBILT,579,2022,ELECTRICAL SYSTEM,2024-12-05,24V915000,0,,,,,,,,,1,0
PETERBILT,579,2022,ELECTRICAL SYSTEM,2025-03-20,25V181000,0,,,,,,,,,4,0
TIFFIN,ALLEGRO,2021,EQUIPMENT,2022-04-21,22V273000,0,,,,,,,,,17,0
TIFFIN,ALLEGRO,2021,EQUIPMENT,2022-07-14,22V511000,0,,,,,,,,,17,0
FORD,TRANSIT,2024,POWER TRAIN,2024-02-08,24V102000,0,,,,,,,,,202,0
FORD,TRANSIT,2024,POWER TRAIN,2024-10-24,24V805000,0,,,,,,,,,308,0
SUBARU,LEGACY,2021,POWER TRAIN,2022-07-07,22V485000,0,,,,,,,,,150,0
SUBARU,LEGACY,2021,POWER TRAIN,2023-11-09,23V755000,0,,,,,,,,,136,0
ACURA,MDX,2025,BACK OVER PREVENTION,2025-01-23,25V032000,0,,,,,,,,,35,0
ACURA,MDX,2025,EQUIPMENT,2025-01-23,25V032000,0,,,,,,,,,35,0
CHRYSLER,PACIFICA,2024,AIR BAGS,2024-03-14,24V199000,0,,,,,,,,,16,0
CHRYSLER,PACIFICA,2024,AIR BAGS,2025-05-08,25V302000,0,,,,,,,,,43,0
TESLA,MODEL 3,2024,AIR BAGS,2024-04-18,24V284000,0,,,,,,,,,98,0
GMC,TERRAIN,2020,CHILD SEAT,2023-05-11,23V339000,0,,,,,,,,,144,0
FLEETWOOD,FLAIR,2024,STRUCTURE,2024-08-08,24V607000,0,,,,,,,,,1,0
FLEETWOOD,FLAIR,2024,ENGINE,2025-02-27,25V121000,0,,,,,,,,,0,0
LUCID,AIR,2024,FORWARD COLLISION AVOIDANCE,2024-02-01,24V076000,0,,,,,,,,,8,0
WINNEBAGO,SUNSTAR,2019,EXTERIOR LIGHTING,2024-09-26,24V733000,0,,,,,,,,,11,0
WINNEBAGO,SUNSTAR,2019,LATCHES/LOCKS/LINKAGES,2024-10-31,24V826000,0,,,,,,,,,12,0
JEEP,RENEGADE,2021,EXTERIOR LIGHTING,2024-12-05,24V918000,0,,,,,,,,,233,0
MERCEDES-BENZ,CLE 300,2024,PARKING BRAKE,2024-09-12,24V688000,0,,,,,,,,,155,0
MERCEDES-BENZ,CLE 300,2024,BACK OVER PREVENTION,2024-09-12,24V688000,0,,,,,,,,,155,0
MERCEDES-BENZ,CLE 300,2024,EQUIPMENT,2024-09-12,24V688000,0,,,,,,,,,155,0
MERCEDES-BENZ,G 550,2019,LATCHES/LOCKS/LINKAGES,2024-09-05,24V659000,0,,,,,,,,,168,0
LUCID,AIR,2023,SEATS,2023-10-19,23V708000,0,,,,,,,,,19,0
MOPAR,ABS CONTROL MODULE,9999,SERVICE BRAKES,2022-03-10,22E017000,0,,,,,,,,,1,0
TESLA,MODEL S,2024,AIR BAGS,2023-11-02,23V743000,0,,,,,,,,,64,0
TESLA,MODEL S,2024,AIR BAGS,2024-12-19,24V967000,0,,,,,,,,,142,0
TESLA,MODEL S,2024,AIR BAGS,2025-03-13,25V172000,0,,,,,,,,,152,0
TESLA,MODEL S,2024,SEAT BELTS,2024-05-23,24V376000,0,,,,,,,,,110,0
TOYOTA,HIGHLANDER,2025,SEAT BELTS,2025-12-11,25V872000,1,2025-07-24,140,0.013191,1.0,4.333333,1.0,0.0,0.0,358,0
JEEP,RENEGADE,2021,STRUCTURE,2024-12-05,24V918000,0,,,,,,,,,233,0
HEARTLAND,CYCLONE,2021,TIRES,2022-01-20,22V018000,0,,,,,,,,,6,0
CADILLAC,VISTIQ,2026,ELECTRICAL SYSTEM,2025-07-24,25V483000,1,2025-07-24,0,0.009409,1.0,4.333333,1.0,0.0,1.0,28,0
JAGUAR,XE,2019,ELECTRICAL SYSTEM,2025-01-16,25V017000,0,,,,,,,,,36,0
MERCEDES-BENZ,GLA 250,2019,ELECTRICAL SYSTEM,2022-05-19,22V365000,0,,,,,,,,,152,0
MAZDA,MAZDA3,2024,FORWARD COLLISION AVOIDANCE,2023-10-26,23V718000,0,,,,,,,,,47,0
MAZDA,MAZDA3,2024,FORWARD COLLISION AVOIDANCE,2024-08-29,24V649000,0,,,,,,,,,79,0
MERCEDES-BENZ,EQE 350+,2024,ELECTRICAL SYSTEM,2024-05-23,24V372000,0,,,,,,,,,117,0
JEEP,WRANGLER 4XE,2021,ELECTRICAL SYSTEM,2021-12-09,21V949000,0,,,,,,,,,116,0
JEEP,WRANGLER 4XE,2021,ELECTRICAL SYSTEM,2024-09-26,24V720000,0,,,,,,,,,235,0
FORD,F-250 SD,2023,STRUCTURE,2023-07-20,23V507000,0,,,,,,,,,285,0
FORD,F-250 SD,2023,STRUCTURE,2024-10-24,24V806000,0,,,,,,,,,536,0
FORD,F-250 SD,2023,EQUIPMENT,2023-05-25,23V379000,0,,,,,,,,,250,0
FORD,F-250 SD,2023,EQUIPMENT,2023-06-08,23V420000,0,,,,,,,,,263,0
FORD,F-450 SD,2022,BACK OVER PREVENTION,2025-01-30,25V048000,0,,,,,,,,,626,0
FORD,F-450 SD,2022,BACK OVER PREVENTION,2025-10-09,25V686000,1,2025-07-31,70,0.013191,1.0,4.333333,1.0,0.0,0.0,633,0
RIVIAN,EDV,2023,SEAT BELTS,2025-11-20,25V816000,1,2025-07-31,112,0.012355,4.0,4.333333,4.0,0.0,0.75,33,0
RAM,PROMASTER,2022,SEAT BELTS,2024-02-22,24V129000,0,,,,,,,,,109,0
INFINITI,QX55,2022,ENGINE,2025-06-26,25V437000,0,,,,,,,,,20,0
DODGE,CHARGER EV,2025,POWER TRAIN,2025-09-04,25V574000,1,2025-07-31,35,0.013191,1.0,4.333333,1.0,0.0,0.0,34,0
LAMBORGHINI,HURACAN,2023,ELECTRICAL SYSTEM,2023-12-07,23V826000,0,,,,,,,,,3,0
FOREST RIVER,GEORGETOWN,2024,EQUIPMENT,2024-02-08,24V103000,0,,,,,,,,,10,0
FOREST RIVER,GEORGETOWN,2024,EQUIPMENT,2024-11-07,24V771000,0,,,,,,,,,18,0
NEWMAR,BAY STAR SPORT,2021,STRUCTURE,2021-07-22,21V571000,0,,,,,,,,,9,0
TESLA,MODEL Y,2026,VISIBILITY,2025-05-29,25V359000,0,,,,,,,,,39,0
MERCEDES-BENZ,AMG CLA35,2020,SERVICE BRAKES,2022-03-03,22V125000,0,,,,,,,,,186,0
MERCEDES-BENZ,AMG CLA35,2020,SERVICE BRAKES,2023-10-26,23V732000,0,,,,,,,,,156,0
FORD,EXPLORER,2023,SEATS,2025-06-12,25V393000,0,,,,,,,,,615,0
LINCOLN,NAVIGATOR,2025,SERVICE BRAKES,2025-07-24,25V488000,0,,,,,,,,,38,0
LINCOLN,NAVIGATOR,2025,SERVICE BRAKES,2025-11-27,25V823000,1,2025-08-07,112,0.013191,1.0,4.333333,1.0,0.0,0.0,41,0
LINCOLN,AVIATOR,2023,FUEL/PROPULSION SYSTEM,2025-07-03,25V455000,0,,,,,,,,,61,0
XTREME OUTDOORS,LITTLE GUY MAX,2021,SUSPENSION,2022-07-28,22V565000,0,,,,,,,,,0,0
SAILUN,BLACKHAWK,9999,TIRES,2021-11-25,21T018000,0,,,,,,,,,1,0
HONDA,CIVIC HYBRID,2025,STEERING,2024-10-03,24V744000,0,,,,,,,,,122,0
BMW,430I,2025,ELECTRICAL SYSTEM,2025-03-27,25V202000,0,,,,,,,,,126,0
FORD,BRONCO,2025,POWER TRAIN,2025-03-13,25V164000,0,,,,,,,,,193,0
FORD,F-350 SD,2025,POWER TRAIN,2025-03-13,25V163000,0,,,,,,,,,193,0
FORD,ESCAPE,2025,ENGINE,2025-05-29,25V372000,0,,,,,,,,,232,0
FORD,EXPEDITION,2025,ENGINE,2025-03-27,25V198000,0,,,,,,,,,202,0
FORD,F-550 SD,2025,SERVICE BRAKES,2025-06-12,25V401000,0,,,,,,,,,242,0
FORD,MAVERICK,2025,AIR BAGS,2025-06-05,25V350000,0,,,,,,,,,239,0
FORD,MUSTANG,2025,POWER TRAIN,2025-03-13,25V164000,0,,,,,,,,,193,0
FORD,MUSTANG MACH E,2025,ELECTRICAL SYSTEM,2025-06-12,25V404000,0,,,,,,,,,242,0
FORD,RANGER,2025,ELECTRICAL SYSTEM,2025-06-12,25V399000,0,,,,,,,,,242,0
FORD,RANGER,2024,BACK OVER PREVENTION,2025-05-08,25V315000,0,,,,,,,,,426,0
JEEP,GRAND CHEROKEE L,2021,AIR BAGS,2024-11-21,24V897000,0,,,,,,,,,234,0
ALFA ROMEO,STELVIO,2020,FUEL/PROPULSION SYSTEM,2021-11-11,21V878000,0,,,,,,,,,12,0
CHEVROLET,BLAZER EV,2024,PARKING BRAKE,2025-06-19,25V433000,0,,,,,,,,,386,0
AUDI,S5,2023,AIR BAGS,2024-03-28,24V251000,0,,,,,,,,,80,0
RAM,1500,2024,AIR BAGS,2024-03-14,24V199000,0,,,,,,,,,33,0
RAM,1500,2024,AIR BAGS,2025-05-08,25V298000,0,,,,,,,,,83,0
CHEVROLET,BLAZER EV,2025,PARKING BRAKE,2025-06-19,25V433000,0,,,,,,,,,249,0
CADILLAC,ESCALADE,2021,SEAT BELTS,2022-08-11,22V617000,0,,,,,,,,,24,0
FORD,MUSTANG MACH E,2024,VISIBILITY,2024-08-08,24V594000,0,,,,,,,,,279,0
VOLKSWAGEN,TIGUAN,2024,BACK OVER PREVENTION,2025-02-06,25V082000,0,,,,,,,,,148,0
NISSAN,FRONTIER,2022,TRAILER HITCHES,2021-11-18,21V917000,0,,,,,,,,,64,0
ENTEGRA,REATTA XL,2023,SEATS,2024-02-01,24V061000,0,,,,,,,,,4,0
GMC,ACADIA,2022,SUSPENSION,2022-06-16,22V427000,0,,,,,,,,,72,0
TESLA,MODEL X,2025,AIR BAGS,2024-12-19,24V967000,0,,,,,,,,,71,0
TESLA,MODEL X,2025,AIR BAGS,2025-03-13,25V172000,0,,,,,,,,,90,0
AUDI,Q3,2024,BACK OVER PREVENTION,2025-02-06,25V082000,0,,,,,,,,,69,0
FORD,MUSTANG MACH E,2021,LATCHES/LOCKS/LINKAGES,2025-06-12,25V404000,0,,,,,,,,,595,0
RAM,4500,2017,SERVICE BRAKES,2024-11-21,24V896000,0,,,,,,,,,128,0
BMW,330I,2024,STEERING,2023-11-16,23V770000,0,,,,,,,,,80,0
HONDA,CBR1000RR,2008,FUEL/PROPULSION SYSTEM,2024-11-14,24V864000,0,,,,,,,,,66,0
PORSCHE,TAYCAN,2022,AIR BAGS,2025-05-01,25V221000,0,,,,,,,,,29,0
FORD,RANGER,2024,FUEL/PROPULSION SYSTEM,2024-11-07,24V848000,0,,,,,,,,,314,0
FORD,RANGER,2024,FUEL/PROPULSION SYSTEM,2025-09-11,25V597000,1,2025-08-14,28,0.013191,1.0,4.333333,1.0,0.0,0.0,515,0
KTM,390 ADVENTURE R,2025,ENGINE,2025-11-27,25V825000,1,2025-08-14,105,0.009409,1.0,4.333333,1.0,0.0,1.0,7,0
NISSAN,PATHFINDER,2024,SEAT BELTS,2024-02-29,24V176000,0,,,,,,,,,85,0
DODGE,HORNET,2024,BACK OVER PREVENTION,2023-10-12,23V696000,0,,,,,,,,,7,0
DODGE,HORNET,2024,BACK OVER PREVENTION,2025-04-10,25V246000,0,,,,,,,,,39,0
TOYOTA,BZ4X,2024,VISIBILITY,2025-09-04,25V577000,1,2025-08-21,14,0.013191,1.0,4.333333,1.0,0.0,0.0,424,0
VANLEIGH,VILANO,2022,EQUIPMENT,2022-07-28,22V555000,0,,,,,,,,,3,0
MERCEDES-BENZ,GLC 300,2025,STEERING,2025-08-14,25V533000,0,,,,,,,,,88,0
LAND ROVER,DEFENDER,2021,ENGINE,2023-02-02,23V044000,0,,,,,,,,,41,0
TESLA,MODEL X,2025,ELECTRICAL SYSTEM,2025-01-02,25V002000,0,,,,,,,,,71,0
TESLA,MODEL X,2025,ELECTRICAL SYSTEM,2025-03-13,25V172000,0,,,,,,,,,90,0
BMW,X3,2025,SERVICE BRAKES,2025-03-06,25V154000,0,,,,,,,,,122,0
BMW,X3,2025,SERVICE BRAKES,2025-04-10,25V247000,0,,,,,,,,,125,0
BMW,X3,2025,SUSPENSION,2024-12-05,24V909000,0,,,,,,,,,119,0
RAM,3500,2025,ELECTRICAL SYSTEM,2025-05-08,25V297000,0,,,,,,,,,51,0
RAM,3500,2025,ELECTRICAL SYSTEM,2025-11-27,25V826000,1,2025-08-21,98,0.009409,1.0,4.333333,1.0,0.0,1.0,88,0
MAZDA,CX-30,2024,EXTERIOR LIGHTING,2024-08-29,24V649000,0,,,,,,,,,79,0
FORD,TRANSIT,2024,BACK OVER PREVENTION,2025-05-08,25V315000,0,,,,,,,,,426,0
MERCEDES-BENZ,GLE 450,2020,EXTERIOR LIGHTING,2021-07-01,21V509000,0,,,,,,,,,139,0
FORD,F-150,2025,STEERING,2025-05-08,25V309000,0,,,,,,,,,223,0
CADILLAC,CT4,2021,POWER TRAIN,2025-03-06,25V148000,0,,,,,,,,,66,0
CHEVROLET,SILVERADO 3500,2019,AIR BAGS,2024-10-10,24V756000,0,,,,,,,,,341,0
CHEVROLET,SILVERADO 3500,2019,AIR BAGS,2025-06-26,25V432000,0,,,,,,,,,381,0
GMC,YUKON XL,2022,EXTERIOR LIGHTING,2022-12-08,22V903000,0,,,,,,,,,88,0
NEWMAR,BAY STAR SPORT,2021,EQUIPMENT,2021-07-22,21V571000,0,,,,,,,,,9,0
JAGUAR,I-PACE,2023,ELECTRICAL SYSTEM,2023-05-25,23V369000,0,,,,,,,,,4,0
JAGUAR,I-PACE,2023,ELECTRICAL SYSTEM,2023-10-19,23V709000,0,,,,,,,,,3,0
CHEVROLET,CORVETTE,2025,FUEL/PROPULSION SYSTEM,2025-08-21,25V536000,0,,,,,,,,,275,0
BLUE BIRD,ALL AMERICAN SCHOOL BUS,2023,SEATS,2024-02-01,24V078000,0,,,,,,,,,0,0
JEEP,WRANGLER,2023,EXTERIOR LIGHTING,2023-08-10,23V565000,0,,,,,,,,,160,0
JEEP,WRANGLER,2023,EXTERIOR LIGHTING,2024-09-12,24V676000,0,,,,,,,,,243,0
AUDI,A4,2021,TIRES,2022-01-20,22V034000,0,,,,,,,,,66,0
RAM,1500,2023,BACK OVER PREVENTION,2023-02-09,23V059000,0,,,,,,,,,50,0
RAM,1500,2023,BACK OVER PREVENTION,2023-09-28,23V654000,0,,,,,,,,,72,0
HARLEY-DAVIDSON,FLDE,2018,SUSPENSION,2023-08-17,23V591000,0,,,,,,,,,5,0
HARLEY-DAVIDSON,FLDE,2018,SUSPENSION,2025-06-05,25V375000,0,,,,,,,,,5,0
VOLVO,V60,2023,BACK OVER PREVENTION,2025-05-08,25V282000,0,,,,,,,,,55,0
VOLVO,V60,2023,BACK OVER PREVENTION,2025-12-18,25V908000,1,2025-08-28,112,0.013191,1.0,4.333333,1.0,0.0,0.0,102,0
VOLKSWAGEN,ATLAS,2025,SERVICE BRAKES,2025-06-26,25V434000,0,,,,,,,,,84,0
HEARTLAND,NORTH TRAIL,2024,EQUIPMENT,2024-03-21,24V236000,0,,,,,,,,,0,0
FORD,F-450 SD,2025,POWER TRAIN,2025-03-13,25V163000,0,,,,,,,,,193,0
HONDA,CBR600RR,2013,FUEL/PROPULSION SYSTEM,2024-11-14,24V864000,0,,,,,,,,,118,0
KIA,SPORTAGE,2023,STRUCTURE,2024-01-18,24V025000,0,,,,,,,,,271,0
PORSCHE,718 BOXSTER GTS,2024,ELECTRICAL SYSTEM,2023-11-30,23V813000,0,,,,,,,,,9,0
POLESTAR,POLESTAR 2,2025,BACK OVER PREVENTION,2025-04-24,25V280000,0,,,,,,,,,11,0
POLESTAR,POLESTAR 2,2025,BACK OVER PREVENTION,2025-09-11,25V615000,1,2025-09-04,7,0.010018,2.0,4.333333,2.0,0.0,1.0,22,0
MERCEDES-BENZ,METRIS,2021,EQUIPMENT,2025-07-10,25V463000,0,,,,,,,,,187,0
MERCEDES-BENZ,METRIS,2021,BACK OVER PREVENTION,2025-07-10,25V463000,0,,,,,,,,,187,0
FORD,BRONCO,2025,AIR BAGS,2025-06-12,25V396000,0,,,,,,,,,242,0
WINNEBAGO,EKKO,2024,EQUIPMENT,2024-07-18,24V541000,0,,,,,,,,,13,0
WINNEBAGO,EKKO,2024,EQUIPMENT,2024-09-05,24V662000,0,,,,,,,,,26,0
FORD,MUSTANG MACH E,2025,POWER TRAIN,2025-06-12,25V394000,0,,,,,,,,,242,0
FORD,MUSTANG MACH E,2025,POWER TRAIN,2025-12-11,25V863000,1,2025-09-04,98,0.013191,1.0,4.333333,1.0,0.0,0.0,356,0
VOLVO,S60,2023,BACK OVER PREVENTION,2025-05-08,25V282000,0,,,,,,,,,55,0
VOLVO,S60,2023,BACK OVER PREVENTION,2025-12-18,25V908000,1,2025-09-04,105,0.013191,1.0,4.333333,1.0,0.0,0.0,102,0
FOREST RIVER,CAMPSITE RESERVE,2025,STRUCTURE,2025-04-10,25V245000,0,,,,,,,,,12,0
KTM,390 ADVENTURE R,2025,STRUCTURE,2025-12-18,25V907000,1,2025-09-04,105,0.013191,1.0,4.333333,1.0,0.0,0.0,7,0
LINCOLN,CORSAIR PHEV,2024,ELECTRICAL SYSTEM,2025-11-13,25V789000,1,2025-09-04,70,0.013191,1.0,4.333333,1.0,0.0,0.0,57,0
FOREST RIVER,SALEM,2024,STRUCTURE,2023-09-28,23V658000,0,,,,,,,,,6,0
FOREST RIVER,SALEM,2024,STRUCTURE,2024-06-27,24V490000,0,,,,,,,,,14,0
FOREST RIVER,SALEM,2024,STRUCTURE,2024-08-22,24V629000,0,,,,,,,,,18,0
TRW,TRACK CONTROL ARM,9999,SUSPENSION,2025-03-13,25E020000,0,,,,,,,,,0,0
LINCOLN,NAVIGATOR,2021,FUEL/PROPULSION SYSTEM,2025-07-03,25V455000,0,,,,,,,,,67,0
BMW,I5,2024,ELECTRICAL SYSTEM,2023-10-12,23V700000,0,,,,,,,,,77,0
BMW,I5,2024,ELECTRICAL SYSTEM,2024-02-22,24V135000,0,,,,,,,,,91,0
BMW,I5,2024,ELECTRICAL SYSTEM,2025-07-17,25V395000,0,,,,,,,,,177,0
MAGNA ELECTRONICS,REARVIEW CAMERA,9999,BACK OVER PREVENTION,2025-08-28,25E054000,0,,,,,,,,,0,0
BMW,330I,2019,SEATS,2023-03-23,23V211000,0,,,,,,,,,82,0
TOYOTA,TUNDRA,2022,EXTERIOR LIGHTING,2025-05-15,25V322000,0,,,,,,,,,339,0
TESLA,CYBERTRUCK,2025,STRUCTURE,2025-03-13,25V170000,0,,,,,,,,,90,0
FORD,FLEX,2017,BACK OVER PREVENTION,2025-10-09,25V695000,1,2025-09-04,35,0.013191,1.0,4.333333,1.0,0.0,0.0,481,0
CHRYSLER,PACIFICA,2024,STEERING,2024-03-14,24V199000,0,,,,,,,,,16,0
PREVOST,H3-45,2024,ELECTRICAL SYSTEM,2023-11-09,23V761000,0,,,,,,,,,0,0
PREVOST,H3-45,2024,ELECTRICAL SYSTEM,2024-02-29,24V179000,0,,,,,,,,,0,0
JEEP,GRAND CHEROKEE L,2024,SEATS,2025-07-17,25V472000,0,,,,,,,,,214,0
GENESIS,GV60,2023,STRUCTURE,2025-09-18,25V624000,1,2025-09-11,7,0.013191,1.0,4.333333,1.0,0.0,0.0,55,0
HYUNDAI,SANTA FE HYBRID,2025,AIR BAGS,2025-11-20,25V809000,1,2025-09-11,70,0.014805,1.0,4.333333,1.0,1.0,1.0,276,0
PRINX,HICOUNTRY R/T HR1,9999,TIRES,2024-12-05,24T014000,0,,,,,,,,,0,0
FORD,MAVERICK,2025,POWER TRAIN,2025-12-11,25V863000,1,2025-09-11,91,0.013191,1.0,4.333333,1.0,0.0,0.0,356,0
THOR MOTOR COACH,TELLARO,2022,EQUIPMENT,2022-05-05,22V300000,0,,,,,,,,,20,0
THOR MOTOR COACH,TELLARO,2022,EQUIPMENT,2025-11-13,25V791000;25V792000,1,2025-09-11,63,0.013191,1.0,4.333333,1.0,0.0,0.0,24,0
HONDA,PASSPORT,2023,STEERING,2024-03-07,24V184000,0,,,,,,,,,331,0
MERCEDES-BENZ,AMG GLE63,2021,ELECTRICAL SYSTEM,2022-04-07,22V231000,0,,,,,,,,,133,0
MERCEDES-BENZ,AMG GLE63,2021,ELECTRICAL SYSTEM,2022-05-19,22V365000,0,,,,,,,,,134,0
TRIUMPH,DAYTONA 660,2025,ENGINE,2025-08-14,25V531000,0,,,,,,,,,6,0
MERCEDES-BENZ,EQS SUV 580 4MATIC,2023,ELECTRICAL SYSTEM,2024-05-23,24V372000,0,,,,,,,,,201,0
MERCEDES-BENZ,EQS SUV 580 4MATIC,2023,ELECTRICAL SYSTEM,2025-05-08,25V255000,0,,,,,,,,,186,0
RAM,1500,2026,ELECTRICAL SYSTEM,2025-11-27,25V826000,1,2025-09-11,77,0.013191,1.0,4.333333,1.0,0.0,0.0,46,0
TOYOTA,TUNDRA,2025,BACK OVER PREVENTION,2025-09-25,25V657000,1,2025-09-11,14,0.014805,1.0,4.333333,1.0,1.0,1.0,302,0
WINNEBAGO,EKKO,2022,FUEL/PROPULSION SYSTEM,2023-04-27,23V307000,0,,,,,,,,,32,0
NISSAN,VERSA,2024,AIR BAGS,2024-02-22,24V154000,0,,,,,,,,,84,0
HARLEY-DAVIDSON,FXLRST,2023,SUSPENSION,2023-08-17,23V591000,0,,,,,,,,,13,0
HARLEY-DAVIDSON,FXLRST,2023,SUSPENSION,2025-06-05,25V375000,0,,,,,,,,,32,0
PETERBILT,579,2020,ELECTRICAL SYSTEM,2021-11-18,21V906000,0,,,,,,,,,7,0
PETERBILT,579,2020,ELECTRICAL SYSTEM,2021-12-23,21V00N000,0,,,,,,,,,7,0
TRIUMPH,SPEED TWIN 900,2025,EXTERIOR LIGHTING,2025-02-27,25V141000,0,,,,,,,,,8,0
FOREST RIVER,FR3,2024,EQUIPMENT,2024-02-08,24V103000,0,,,,,,,,,10,0
FOREST RIVER,FR3,2024,EQUIPMENT,2024-11-07,24V771000,0,,,,,,,,,18,0
HYUNDAI,TUCSON,2025,AIR BAGS,2025-11-20,25V809000,1,2025-09-18,63,0.013191,1.0,4.333333,1.0,0.0,0.0,276,0
WINNEBAGO,TOUR,2014,EXTERIOR LIGHTING,2024-09-26,24V733000,0,,,,,,,,,0,0
INTERNATIONAL,RH,2023,SUSPENSION,2022-11-17,22V869000,0,,,,,,,,,0,0
MERCEDES-BENZ,S 580,2021,EXTERIOR LIGHTING,2022-03-17,22V167000,0,,,,,,,,,135,0
LUCID,ALL-WEATHER FLOOR MATS,9999,EQUIPMENT,2025-03-20,25E021000,0,,,,,,,,,0,0
LINCOLN,AVIATOR,2023,POWER TRAIN,2023-02-09,23V070000,0,,,,,,,,,25,0
CHRYSLER,PACIFICA,2025,AIR BAGS,2025-05-08,25V302000,0,,,,,,,,,19,0
CHRYSLER,PACIFICA,2025,AIR BAGS,2025-09-04,25V573000,0,,,,,,,,,16,0
RAM,3500,2025,POWER TRAIN,2025-05-08,25V297000,0,,,,,,,,,51,0
LEXUS,TX,2025,ELECTRICAL SYSTEM,2025-09-11,25V595000,0,,,,,,,,,63,0
AUDI,Q5,2021,TIRES,2022-01-20,22V034000,0,,,,,,,,,66,0
AUDI,Q4 E-TRON,2023,AIR BAGS,2023-03-16,23V189000,0,,,,,,,,,61,0
AUDI,Q4 E-TRON,2023,EXTERIOR LIGHTING,2024-05-16,24V361000,0,,,,,,,,,73,0
JEEP,GRAND CHEROKEE 4XE,2025,ENGINE,2025-11-06,25V766000,1,2025-09-25,42,0.014805,1.0,4.333333,1.0,1.0,1.0,155,0
KEYSTONE,KODIAK,2025,STRUCTURE,2025-05-01,25V283000,0,,,,,,,,,0,0
KEYSTONE,KODIAK,2025,EQUIPMENT,2025-03-06,25V151000,0,,,,,,,,,0,0
KEYSTONE,KODIAK,2025,EQUIPMENT,2025-03-20,25V183000,0,,,,,,,,,0,0
AUDI,Q4 E-TRON,2025,ELECTRICAL SYSTEM,2025-02-27,25V125000,0,,,,,,,,,39,0
MERCEDES-BENZ,AMG GLC43,2021,EXTERIOR LIGHTING,2022-04-14,22V261000,0,,,,,,,,,134,0
MERCEDES-BENZ,AMG GLC43,2021,EXTERIOR LIGHTING,2024-02-01,24V070000,0,,,,,,,,,204,0
MERCEDES-BENZ,CLA 250,2019,STRUCTURE,2023-12-14,23V854000,0,,,,,,,,,164,0
JEEP,WRANGLER,2024,AIR BAGS,2024-03-14,24V199000,0,,,,,,,,,104,0
FORD,MAVERICK,2025,SERVICE BRAKES,2025-11-13,25V787000,1,2025-09-25,49,0.014805,1.0,4.333333,1.0,1.0,1.0,345,0
EVENFLO,GOLD REVOLVE360 SLIM,9999,CHILD SEAT,2025-09-25,25C010000,1,2025-09-25,0,0.014041,2.0,4.333333,2.0,0.0,0.0,30,0
MERCEDES-BENZ,EQB 300 4MATIC,2022,ELECTRICAL SYSTEM,2024-05-09,24V331000,0,,,,,,,,,215,0
MERCEDES-BENZ,EQB 300 4MATIC,2022,ELECTRICAL SYSTEM,2025-02-06,25V050000,0,,,,,,,,,214,0
MERCEDES-BENZ,EQB 300 4MATIC,2022,ELECTRICAL SYSTEM,2025-07-24,25V487000,0,,,,,,,,,187,0
MERCEDES-BENZ,EQB 300 4MATIC,2022,ELECTRICAL SYSTEM,2025-12-18,25V894000,1,2025-09-25,84,0.009409,1.0,4.333333,1.0,0.0,1.0,196,0
FORD,F-750,2022,FUEL/PROPULSION SYSTEM,2024-12-19,24V957000,0,,,,,,,,,622,0
HONDA,ACCORD HYBRID,2021,SEAT BELTS,2021-11-18,21V900000,0,,,,,,,,,186,0
NOVA BUS,LFS,2023,STEERING,2023-07-06,23V481000,0,,,,,,,,,0,0
NOVA BUS,LFS,2023,STEERING,2025-07-17,25V476000,0,,,,,,,,,0,0
ACURA,INTEGRA,2025,STEERING,2024-10-03,24V744000,0,,,,,,,,,17,0
BLUE BIRD,ALL AMERICAN SCHOOL BUS,2022,STRUCTURE,2023-11-16,23V778000,0,,,,,,,,,0,0
BLUE BIRD,ALL AMERICAN SCHOOL BUS,2022,STRUCTURE,2024-07-18,24V543000,0,,,,,,,,,3,0
RIVIAN,R1T,2025,ELECTRICAL SYSTEM,2025-08-21,25V537000,0,,,,,,,,,22,0
JEEP,GRAND CHEROKEE L,2023,VISIBILITY,2025-06-26,25V430000,0,,,,,,,,,278,0
CUMMINS,ONAN QG 2800I,9999,FUEL/PROPULSION SYSTEM,2023-03-30,23E030000,0,,,,,,,,,0,0
MERCEDES-BENZ,C 300,2021,FUEL/PROPULSION SYSTEM,2023-06-22,23V445000,0,,,,,,,,,176,0
TOYOTA,4RUNNER,2025,ELECTRICAL SYSTEM,2025-09-11,25V595000,0,,,,,,,,,295,0
VOLVO,EX90,2025,EXTERIOR LIGHTING,2025-02-06,25V071000,0,,,,,,,,,29,0
IC BUS,CESB,2025,STRUCTURE,2025-09-04,25V580000,0,,,,,,,,,1,0
ALFA ROMEO,STELVIO,2019,FUEL/PROPULSION SYSTEM,2025-09-04,25V586000,0,,,,,,,,,25,0
BLUE BIRD,ALL AMERICAN SCHOOL BUS,2023,ELECTRICAL SYSTEM,2023-06-08,23V425000,0,,,,,,,,,1,0
BLUE BIRD,ALL AMERICAN SCHOOL BUS,2023,ENGINE,2022-08-04,22V600000,0,,,,,,,,,0,0
COACHMEN,PURSUIT,2023,EQUIPMENT,2022-07-28,22V556000,0,,,,,,,,,0,0
EAST TO WEST,TANDARA,2024,STRUCTURE,2023-09-21,23V648000,0,,,,,,,,,0,0
WINNEBAGO,MINNIE WINNIE,2025,EQUIPMENT,2025-01-09,25V007000,0,,,,,,,,,15,0
WINNEBAGO,MINNIE WINNIE,2025,EQUIPMENT,2025-02-06,25V075000,0,,,,,,,,,17,0
CHRYSLER,VOYAGER,2022,AIR BAGS,2025-05-08,25V302000,0,,,,,,,,,74,0
HYUNDAI,IONIQ 5,2025,AIR BAGS,2025-02-06,25V064000,0,,,,,,,,,175,0
PORSCHE,MACAN,2020,EXTERIOR LIGHTING,2022-08-25,22V656000,0,,,,,,,,,30,0
LINCOLN,MKC,2019,BACK OVER PREVENTION,2025-08-28,25V572000,0,,,,,,,,,78,0
BENTLEY,BENTAYGA,2019,FUEL/PROPULSION SYSTEM,2023-08-17,23V592000,0,,,,,,,,,1,0
ITASCA,SUNOVA,2015,STRUCTURE,2024-10-31,24V826000,0,,,,,,,,,0,0
LINCOLN,AVIATOR,2025,SEATS,2025-06-12,25V393000,0,,,,,,,,,36,0
TOYOTA,TACOMA,2025,ELECTRICAL SYSTEM,2025-09-11,25V595000,0,,,,,,,,,295,0
TESLA,MODEL X,2024,STEERING,2023-11-02,23V743000,0,,,,,,,,,64,0
HYUNDAI,SANTA FE,2025,AIR BAGS,2025-11-20,25V809000,1,2025-10-09,42,0.014805,1.0,4.333333,1.0,1.0,1.0,276,0
RAM,PROMASTER,2021,EXTERIOR LIGHTING,2024-03-14,24V197000,0,,,,,,,,,132,0
RAM,1500,2022,SEAT BELTS,2022-10-13,22V766000,0,,,,,,,,,69,0
SUBARU,SOLTERRA,2024,VISIBILITY,2025-09-04,25V577000,0,,,,,,,,,149,0
FORD,TRANSIT CONNECT,2016,BACK OVER PREVENTION,2025-08-28,25V572000,0,,,,,,,,,482,0
VOLKSWAGEN,ATLAS CROSS SPORT,2025,BACK OVER PREVENTION,2025-05-15,25V334000,0,,,,,,,,,78,0
PHOENIX,QUICK LINER GQ64,9999,WHEELS,2025-09-25,25E062000,0,,,,,,,,,0,0
INFINITI,QX60,2024,SEAT BELTS,2024-02-29,24V176000,0,,,,,,,,,12,0
DYNAMAX,DX3,2023,EQUIPMENT,2024-04-11,24V272000,0,,,,,,,,,1,0
JAGUAR,XE,2020,ELECTRICAL SYSTEM,2025-01-16,25V017000,0,,,,,,,,,26,0
VOLKSWAGEN,ATLAS,2025,BACK OVER PREVENTION,2025-05-15,25V334000,0,,,,,,,,,78,0
CHEVROLET,CORVETTE,2023,FUEL/PROPULSION SYSTEM,2025-08-21,25V536000,0,,,,,,,,,426,0
FORD,1.5L ECOBOOST RFF CYLINDER HEAD,9999,ENGINE,2025-07-03,25E039000,0,,,,,,,,,0,0
VOLKSWAGEN,GOLF R,2022,BACK OVER PREVENTION,2022-10-27,22V823000,0,,,,,,,,,136,0
VOLKSWAGEN,GOLF R,2022,BACK OVER PREVENTION,2024-06-27,24V480000,0,,,,,,,,,212,0
CHEVROLET,COLORADO,2024,SEAT BELTS,2024-09-19,24V703000,0,,,,,,,,,234,0
FORD,F-250 SD,2019,BACK OVER PREVENTION,2022-04-14,22V252000,0,,,,,,,,,350,0
FORD,F-250 SD,2019,BACK OVER PREVENTION,2022-08-25,22V644000,0,,,,,,,,,415,0
FORD,F-250 SD,2019,BACK OVER PREVENTION,2025-08-28,25V572000,0,,,,,,,,,516,0
LINCOLN,MKC,2018,EQUIPMENT,2025-10-09,25V685000,0,,,,,,,,,87,0
FORD,MUSTANG,2023,POWER TRAIN,2023-02-09,23V070000,0,,,,,,,,,192,0
HONDA,ODYSSEY,2025,EQUIPMENT ADAPTIVE/MOBILITY,2025-12-11,25V877000,1,2025-10-16,56,0.009409,1.0,4.333333,1.0,0.0,1.0,340,0
MERCEDES-BENZ,S 580,2024,POWER TRAIN,2024-11-14,24V862000,0,,,,,,,,,164,0
HONDA,CR-V,2024,TIRES,2024-06-27,24V508000,0,,,,,,,,,239,0
KEYSTONE,HIDEOUT,2022,ELECTRICAL SYSTEM,2022-03-10,22V144000,0,,,,,,,,,9,0
KTM,1290 SUPER DUKE R,2021,ELECTRICAL SYSTEM,2022-12-01,22V900000,0,,,,,,,,,9,0
HARLEY-DAVIDSON,FLHCS,2022,SUSPENSION,2023-08-17,23V591000,0,,,,,,,,,17,0
HARLEY-DAVIDSON,FLHCS,2022,SUSPENSION,2025-06-05,25V375000,0,,,,,,,,,26,0
MERCEDES-BENZ,AMG G63,2025,FORWARD COLLISION AVOIDANCE,2025-10-16,25V711000,0,,,,,,,,,97,0
RAM,2500,2026,SERVICE BRAKES,2025-08-14,25V530000,0,,,,,,,,,26,0
ALFA ROMEO,STELVIO,2021,BACK OVER PREVENTION,2025-10-02,25V667000,0,,,,,,,,,11,0
MERCEDES-BENZ,GLE 450,2020,VISIBILITY,2023-03-16,23V177000,0,,,,,,,,,196,0
KTM,390 ADVENTURE,2022,VEHICLE SPEED CONTROL,2025-09-11,25V598000,0,,,,,,,,,9,0
JEEP,WAGONEER S,2025,EXTERIOR LIGHTING,2025-03-20,25V174000,0,,,,,,,,,77,0
FORD,MUSTANG,2025,EXTERIOR LIGHTING,2025-08-07,25V519000,0,,,,,,,,,317,0
FORD,MUSTANG,2025,EXTERIOR LIGHTING,2025-08-21,25V546000,0,,,,,,,,,322,0
CONTINENTAL,CROSSCONTACT RX CONTISEAL,9999,TIRES,2025-10-02,25T017000,0,,,,,,,,,18,0
LIONHART,LIONCLAW ATX2,9999,TIRES,2023-11-02,23T009000,0,,,,,,,,,2,0
LAND ROVER,RANGE ROVER EVOQUE,2024,AIR BAGS,2025-07-03,25V454000,0,,,,,,,,,39,0
GENESIS,G90,2023,SEAT BELTS,2023-03-23,23V210000,0,,,,,,,,,31,0
GMC,TERRAIN,2021,CHILD SEAT,2023-05-11,23V339000,0,,,,,,,,,149,0
DODGE,CHARGER EV,2025,FORWARD COLLISION AVOIDANCE,2025-06-12,25V389000,0,,,,,,,,,19,0
TOYOTA,PRIUS,2025,BACK OVER PREVENTION,2025-10-30,25V744000,1,2025-10-30,0,0.013191,1.0,4.333333,1.0,0.0,0.0,322,0
WINNEBAGO,VIEW,2025,ELECTRICAL SYSTEM,2024-05-02,24V318000,0,,,,,,,,,2,0
WINNEBAGO,VIEW,2025,ELECTRICAL SYSTEM,2025-07-17,25V478000,0,,,,,,,,,11,0
FORD,RANGER,2025,SEATS,2025-05-08,25V311000,0,,,,,,,,,223,0
AUDI,E-TRON,2020,ELECTRICAL SYSTEM,2023-12-07,23V842000,0,,,,,,,,,118,0
AUDI,E-TRON,2020,ELECTRICAL SYSTEM,2023-12-14,23V867000,0,,,,,,,,,126,0
WINNEBAGO,FORZA,2018,LATCHES/LOCKS/LINKAGES,2024-10-31,24V826000,0,,,,,,,,,6,0
RAM,PROMASTER,2020,ENGINE,2025-10-23,25V720000,0,,,,,,,,,124,0
CHEVROLET,BLAZER,2024,STRUCTURE,2023-12-21,23V869000,0,,,,,,,,,152,0
LAND ROVER,RANGE ROVER SPORT,2024,FORWARD COLLISION AVOIDANCE,2024-09-12,24V678000,0,,,,,,,,,31,0
SUBARU,FORESTER,2025,CHILD SEAT,2025-06-19,25V419000,0,,,,,,,,,90,0
LAND ROVER,RANGE ROVER EVOQUE,2022,AIR BAGS,2025-07-03,25V454000,0,,,,,,,,,24,0
TOYOTA,RAV4,2024,BACK OVER PREVENTION,2025-10-30,25V744000,0,,,,,,,,,460,0
RAM,PROMASTER,2025,ENGINE,2025-10-23,25V720000,0,,,,,,,,,83,0
FOREST RIVER,ROCKPORT,2025,STRUCTURE,2025-02-06,25V069000,0,,,,,,,,,9,0
FOREST RIVER,ROCKPORT,2025,EQUIPMENT,2025-02-06,25V069000,0,,,,,,,,,9,0
MERCEDES-BENZ,AMG GLC63,2021,ELECTRICAL SYSTEM,2022-05-19,22V365000,0,,,,,,,,,134,0
JEEP,WAGONEER S,2025,STRUCTURE,2025-09-04,25V575000,0,,,,,,,,,137,0
FORD,F-250 SD,2020,POWER TRAIN,2022-02-10,22V087000,0,,,,,,,,,356,0
FORD,F-250 SD,2020,POWER TRAIN,2022-04-14,22V256000,0,,,,,,,,,364,0
VINFAST,VF 8,2025,LANE DEPARTURE,2025-08-28,25V559000,0,,,,,,,,,11,0
MAZDA,CX-70,2025,ELECTRICAL SYSTEM,2024-10-31,24V814000;24V817000,0,,,,,,,,,56,0
MAZDA,CX-70,2025,ELECTRICAL SYSTEM,2025-08-28,25V568000,0,,,,,,,,,99,0
TESLA,MODEL 3,2025,TIRES,2024-12-12,24V935000,0,,,,,,,,,70,0
BMW,530I,2024,ELECTRICAL SYSTEM,2023-10-12,23V700000,0,,,,,,,,,77,0
NISSAN,FRONTIER,2024,EXTERIOR LIGHTING,2024-08-01,24V582000,0,,,,,,,,,121,0
RAM,2500,2026,ELECTRICAL SYSTEM,2025-08-14,25V530000,0,,,,,,,,,26,0
RAM,2500,2026,ELECTRICAL SYSTEM,2025-11-27,25V826000,1,2025-11-06,21,0.013191,1.0,4.333333,1.0,0.0,0.0,46,0
PETERBILT,389,2021,ELECTRICAL SYSTEM,2021-11-18,21V906000,0,,,,,,,,,5,0
PETERBILT,389,2021,ELECTRICAL SYSTEM,2024-12-05,24V915000,0,,,,,,,,,0,0
VOLKSWAGEN,ATLAS CROSS SPORT,2025,SERVICE BRAKES,2025-06-26,25V434000,0,,,,,,,,,84,0
MERCEDES-BENZ,GLS 450 4MATIC,2025,VISIBILITY,2025-05-29,25V325000,0,,,,,,,,,65,0
BMW,750E,2024,ELECTRICAL SYSTEM,2023-10-12,23V700000,0,,,,,,,,,77,0
TOYOTA,RAV4,2025,BACK OVER PREVENTION,2025-10-30,25V744000,0,,,,,,,,,323,0
MERCEDES-BENZ,GL550,2011,SERVICE BRAKES,2022-05-05,22V315000,0,,,,,,,,,76,0
MERCEDES-BENZ,GL550,2011,SERVICE BRAKES,2024-04-25,24V298000,0,,,,,,,,,83,0
MERCEDES-BENZ,AMG GT,2019,ELECTRICAL SYSTEM,2022-05-19,22V365000,0,,,,,,,,,152,0
FORD,TRANSIT,2023,VISIBILITY,2022-10-20,22V791000,0,,,,,,,,,153,0
FORD,TRANSIT,2023,VISIBILITY,2023-02-23,23V122000,0,,,,,,,,,200,0
FORD,TRANSIT,2023,VISIBILITY,2025-03-13,25V168000,0,,,,,,,,,614,0
FORD,EXPLORER,2025,EXTERIOR LIGHTING,2025-08-21,25V543000,0,,,,,,,,,322,0
DODGE,DURANGO,2022,STRUCTURE,2023-02-23,23V115000,0,,,,,,,,,20,0
PORSCHE,CAYENNE,2025,BACK OVER PREVENTION,2025-12-18,25V896000,1,2025-11-13,35,0.013191,1.0,4.333333,1.0,0.0,0.0,20,0
HYUNDAI,NEXO,2023,FUEL/PROPULSION SYSTEM,2024-10-10,24V761000,0,,,,,,,,,402,0
HONDA,CIVIC,2024,SEATS,2024-11-14,24V859000,0,,,,,,,,,275,0
LINCOLN,AVIATOR,2024,STRUCTURE,2025-06-12,25V407000,0,,,,,,,,,50,0
FORD,MAVERICK,2024,VISIBILITY,2024-08-08,24V594000,0,,,,,,,,,279,0
MERCEDES BENZ,R320,2007,SERVICE BRAKES,2022-05-05,22V315000,0,,,,,,,,,55,0
MERCEDES BENZ,R320,2007,SERVICE BRAKES,2024-04-25,24V298000,0,,,,,,,,,40,0
FORD,EXPLORER,2024,SEATS,2025-06-12,25V393000,0,,,,,,,,,433,0
BMW,330I,2019,ELECTRICAL SYSTEM,2023-08-10,23V584000,0,,,,,,,,,101,0
BMW,330I,2019,ELECTRICAL SYSTEM,2025-09-18,25V636000,0,,,,,,,,,183,0
JEEP,GRAND CHEROKEE L,2023,AIR BAGS,2024-11-21,24V897000,0,,,,,,,,,239,0
GMC,SIERRA 3500,2019,AIR BAGS,2024-10-10,24V756000,0,,,,,,,,,150,0
GMC,SIERRA 3500,2019,AIR BAGS,2025-06-26,25V432000,0,,,,,,,,,171,0
HYUNDAI,IONIQ 6,2025,ELECTRICAL SYSTEM,2024-11-14,24V868000,0,,,,,,,,,130,0
HYUNDAI,IONIQ 6,2025,ELECTRICAL SYSTEM,2025-09-11,25V606000,0,,,,,,,,,247,0
ACURA,ILX,2020,SERVICE BRAKES,2025-12-11,25V859000,1,2025-11-20,21,0.013191,1.0,4.333333,1.0,0.0,0.0,88,0
BMW,X5,2025,SEAT BELTS,2024-05-09,24V345000,0,,,,,,,,,48,0
MERCEDES-BENZ,GLS580,2021,FUEL/PROPULSION SYSTEM,2023-06-22,23V445000,0,,,,,,,,,176,0
HOLLEY,BLACK ELECTRIC FUEL PUMP,9999,FUEL/PROPULSION SYSTEM,2025-07-31,25E049000,0,,,,,,,,,1,0
FORD,F-150,2025,ENGINE,2024-12-19,24V851000,0,,,,,,,,,142,0
FORD,F-150,2025,ENGINE,2025-03-27,25V198000,0,,,,,,,,,202,0
FORD,F-150,2025,ENGINE,2025-06-12,25V344000;25V398000,0,,,,,,,,,242,0
FORD,F-250 SD,2025,ELECTRICAL SYSTEM,2025-08-21,25V540000,0,,,,,,,,,322,0
FORD,F-250 SD,2020,FUEL/PROPULSION SYSTEM,2024-12-19,24V957000,0,,,,,,,,,548,0
FORD,F-250 SD,2020,STEERING,2025-09-18,25V626000,0,,,,,,,,,574,0
GMC,SIERRA EV,2026,ELECTRONIC STABILITY CONTROL (ESC),2025-09-11,25V594000,0,,,,,,,,,68,0
RIVIAN,EDV,2025,SEAT BELTS,2025-11-20,25V816000,1,2025-11-20,0,0.013191,1.0,4.333333,1.0,0.0,0.0,26,0
MERCEDES-BENZ,EQS 580 4MATIC,2023,ELECTRICAL SYSTEM,2025-05-08,25V255000,0,,,,,,,,,186,0
TOYOTA,TUNDRA,2024,TIRES,2024-10-10,24V767000,0,,,,,,,,,320,0
GMC,YUKON XL,2024,SERVICE BRAKES,2024-09-12,24V674000,0,,,,,,,,,121,0
LAND ROVER,RANGE ROVER SPORT,2025,SEAT BELTS,2025-03-06,25V155000,0,,,,,,,,,25,0
BMW,Z4,2019,ELECTRICAL SYSTEM,2025-09-18,25V636000,0,,,,,,,,,183,0
VOLVO,S60,2024,AIR BAGS,2023-11-16,23V780000,0,,,,,,,,,49,0
JEEP,GRAND WAGONEER,2024,STEERING,2024-03-14,24V199000,0,,,,,,,,,104,0
BMW,530I,2021,ELECTRICAL SYSTEM,2025-09-18,25V636000,0,,,,,,,,,140,0
MERCEDES-BENZ,A 220,2019,SERVICE BRAKES,2023-10-26,23V732000,0,,,,,,,,,165,0
FORD,TRANSIT,2022,FUEL/PROPULSION SYSTEM,2023-07-13,23V499000,0,,,,,,,,,465,0
WINNEBAGO,ADVENTURER,2022,LATCHES/LOCKS/LINKAGES,2024-10-31,24V826000,0,,,,,,,,,35,0
CHEVROLET,SUBURBAN,2023,SUSPENSION,2023-09-14,23V642000,0,,,,,,,,,217,0
FORD,EXPEDITION,2024,BACK OVER PREVENTION,2025-05-08,25V315000,0,,,,,,,,,426,0
FORD,EXPLORER,2025,FUEL/PROPULSION SYSTEM,2024-08-22,24V634000,0,,,,,,,,,75,0
BRINKLEY RV,MODEL Z,2025,ELECTRICAL SYSTEM,2025-07-24,25V497000,0,,,,,,,,,3,0
TOYOTA,SEQUOIA HYBRID,2023,BACK OVER PREVENTION,2025-09-25,25V657000,0,,,,,,,,,410,0
LEXUS,ES,2025,BACK OVER PREVENTION,2025-10-30,25V744000,0,,,,,,,,,74,0
KIA,K5,2024,FUEL/PROPULSION SYSTEM,2025-11-13,25V794000,0,,,,,,,,,372,0
MOBILITY VENTURES,MV-1,2016,ELECTRONIC STABILITY CONTROL (ESC),2023-06-29,23V461000,0,,,,,,,,,0,0
THOR MOTOR COACH,SCOPE,2022,FUEL/PROPULSION SYSTEM,2023-04-20,23V285000,0,,,,,,,,,40,0
WINNEBAGO,TRAVATO,2019,EQUIPMENT,2022-09-15,22V696000,0,,,,,,,,,1,0
WINNEBAGO,TRAVATO,2019,EQUIPMENT,2023-09-07,23V627000,0,,,,,,,,,7,0
KAWASAKI,NINJA ZX-6R,2026,ENGINE,2025-11-13,25V798000,0,,,,,,,,,3,0
HONDA,ODYSSEY,2023,BACK OVER PREVENTION,2023-06-15,23V431000,0,,,,,,,,,180,0
HONDA,CIVIC TYPE R,2025,STEERING,2024-10-03,24V744000,0,,,,,,,,,122,0
FORD,EXPLORER,2025,SEATS,2025-06-12,25V393000,0,,,,,,,,,242,0
AUDI,S5,2018,SEATS,2021-11-04,21V874000,0,,,,,,,,,104,0
POLESTAR,POLESTAR 2,2021,SERVICE BRAKES,2025-06-26,25V409000,0,,,,,,,,,18,0
FOREST RIVER,FLAGSTAFF,2026,EQUIPMENT,2025-08-21,25V538000,0,,,,,,,,,8,0
FOREST RIVER,FLAGSTAFF,2026,EQUIPMENT,2025-10-09,25V681000,0,,,,,,,,,11,0
KEYSTONE,MONTANA,2022,ELECTRICAL SYSTEM,2022-03-10,22V144000,0,,,,,,,,,9,0
RAM,1500,2024,ELECTRONIC STABILITY CONTROL (ESC),2024-09-05,24V653000,0,,,,,,,,,62,0
MERCEDES-BENZ,EQS 580,2022,SEAT BELTS,2023-06-29,23V464000,0,,,,,,,,,154,0
LAND ROVER,RANGE ROVER EVOQUE,2021,AIR BAGS,2025-07-03,25V454000,0,,,,,,,,,44,0
BMW,740LI,2022,ELECTRICAL SYSTEM,2025-09-25,25V644000,0,,,,,,,,,130,0
TESLA,CYBERTRUCK,2025,ELECTRICAL SYSTEM,2025-10-09,25V699000,0,,,,,,,,,136,0
JEEP,WRANGLER 4XE,2025,ENGINE,2025-11-06,25V766000,0,,,,,,,,,156,0
BMW,X3,2026,STEERING,2025-12-11,25V857000,1,2025-12-11,0,0.009409,1.0,4.333333,1.0,0.0,1.0,74,0
WINNEBAGO,TRAVATO,2023,STRUCTURE,2022-09-15,22V696000,0,,,,,,,,,9,0
WINNEBAGO,TRAVATO,2023,STRUCTURE,2023-09-07,23V627000,0,,,,,,,,,28,0
FORD,TAURUS,2019,STRUCTURE,2025-09-11,25V611000,0,,,,,,,,,521,0
MERCEDES-BENZ,AMG E63,2007,VISIBILITY,2022-12-22,22V954000,0,,,,,,,,,20,0
MERCEDES-BENZ,AMG E63,2007,VISIBILITY,2024-11-14,24V874000,0,,,,,,,,,10,0
CHEVROLET,BOLT EV,2023,SEAT BELTS,2022-12-15,22V930000,0,,,,,,,,,100,0
CHEVROLET,BOLT EV,2023,SEAT BELTS,2023-12-14,23V845000,0,,,,,,,,,252,0
AUDI,RS 6 AVANT,2022,ELECTRICAL SYSTEM,2022-03-10,22V155000,0,,,,,,,,,50,0
AUDI,RS 6 AVANT,2022,ELECTRICAL SYSTEM,2022-11-17,22V861000,0,,,,,,,,,71,0
VOLKSWAGEN,ID. BUZZ,2025,ELECTRICAL SYSTEM,2025-04-10,25V233000,0,,,,,,,,,80,0
AIRSTREAM,ATLAS,2020,EQUIPMENT,2023-11-16,23V772000,0,,,,,,,,,2,0
MERCEDES-BENZ,GLS 580,2020,FUEL/PROPULSION SYSTEM,2021-12-09,21V961000,0,,,,,,,,,175,0
TOYOTA,TUNDRA,2025,EXTERIOR LIGHTING,2025-05-15,25V322000,0,,,,,,,,,239,0
FORD,ECOSPORT,2021,BACK OVER PREVENTION,2025-06-26,25V442000,0,,,,,,,,,595,0
FORD,ESCAPE,2024,EQUIPMENT,2024-11-07,24V852000,0,,,,,,,,,314,0
FORD,ESCAPE,2024,EQUIPMENT,2025-05-22,25V343000,0,,,,,,,,,431,0
SUBARU,IMPREZA,2024,POWER TRAIN,2023-11-09,23V754000,0,,,,,,,,,61,0
MERCEDES-BENZ,E 350 4MATIC,2025,SUSPENSION,2024-12-12,24V941000,0,,,,,,,,,64,0
JEEP,WRANGLER,2024,BACK OVER PREVENTION,2024-09-12,24V676000,0,,,,,,,,,139,0
MERCEDES-BENZ,S 580 4MATIC,2023,ELECTRICAL SYSTEM,2025-05-08,25V255000,0,,,,,,,,,186,0
MERCEDES-BENZ,EQS 450 4MATIC,2023,ELECTRICAL SYSTEM,2025-05-08,25V255000,0,,,,,,,,,186,0
NISSAN,SENTRA,2025,VISIBILITY,2025-11-20,25V807000,0,,,,,,,,,145,0
VOLVO,VNL (4),2026,EXTERIOR LIGHTING,2025-04-03,25V214000,0,,,,,,,,,18,0
VOLVO,VNL (4),2026,EXTERIOR LIGHTING,2025-09-18,25V621000,0,,,,,,,,,32,0
VOLVO,VNL (4),2026,EXTERIOR LIGHTING,2025-10-30,25V757000,0,,,,,,,,,39,0
VOLVO,VNL (4),2026,EXTERIOR LIGHTING,2025-11-20,25V804000,0,,,,,,,,,43,0
VOLVO,VNL (4),2026,STEERING,2025-08-07,25V520000,0,,,,,,,,,27,0
LINCOLN,CORSAIR,2024,BACK OVER PREVENTION,2025-05-08,25V315000,0,,,,,,,,,41,0
ALFA ROMEO,GIULIA,2017,SEAT BELTS,2024-06-27,24V510000,0,,,,,,,,,21,0
MAZDA,CX-50,2025,SUSPENSION,2025-10-23,25V737000,0,,,,,,,,,108,0
BMW,X5,2022,VISIBILITY,2022-04-14,22V267000,0,,,,,,,,,62,0
WINNEBAGO,ADVENTURER,2016,EXTERIOR LIGHTING,2024-09-26,24V733000,0,,,,,,,,,2,0
FOREST RIVER,GEORGETOWN,2014,EXTERIOR LIGHTING,2024-12-05,24V913000,0,,,,,,,,,3,0
TOYOTA,HIGHLANDER,2024,BACK OVER PREVENTION,2025-10-30,25V744000,0,,,,,,,,,460,0
NISSAN,NV200,2021,FUEL/PROPULSION SYSTEM,2025-10-09,25V676000,0,,,,,,,,,253,0
FORD,F-350 SD,2022,EQUIPMENT,2022-05-26,22V384000,0,,,,,,,,,221,0
FORD,F-350 SD,2022,EQUIPMENT,2023-06-08,23V420000,0,,,,,,,,,442,0
LAND ROVER,RANGE ROVER EVOQUE,2025,AIR BAGS,2025-07-03,25V454000,0,,,,,,,,,32,0
LINCOLN,AVIATOR,2025,POWER TRAIN,2025-01-16,25V020000,0,,,,,,,,,16,0
LINCOLN,AVIATOR,2025,POWER TRAIN,2025-03-13,25V164000,0,,,,,,,,,26,0
