threshold,precision,recall
0.9999916062029327,1.0,2.0674826331458817e-05
0.9982560265051987,0.5789473684210527,0.00045484617929209394
0.9935620042546139,0.38666666666666666,0.0005995699636123056
0.9797100934565162,0.29464285714285715,0.000682269268938141
0.9614924055431509,0.30201342281879195,0.0009303671849156467
0.9412995447918675,0.2849462365591398,0.0010957657955673172
0.9237705579177896,0.2645739910313901,0.00121981475355607
0.896787663430853,0.2423076923076923,0.0013025140588819055
0.8768374524207312,0.21212121212121213,0.0013025140588819055
0.8479584170427665,0.20958083832335328,0.0014472378432021172
0.8111282845933487,0.20215633423180593,0.0015506119748594112
0.7718811858868587,0.21515892420537897,0.0018193847171683757
0.7241040872963512,0.21300448430493274,0.0019641085014885876
0.6767021184719414,0.2028985507246377,0.002026132980482964
0.6381082395827729,0.19615384615384615,0.002108832285808799
0.5912556514851534,0.18312387791741472,0.002108832285808799
0.5633046481139774,0.18181818181818182,0.002232881243797552
0.5226948162243076,0.17591125198098256,0.0022949057227919286
0.4941421113025156,0.1721556886227545,0.002377605028117764
0.4674607513391361,0.1673758865248227,0.00243962950711214
0.4354547628949215,0.16576819407008087,0.0025430036387694343
0.408926710473581,0.16174582798459564,0.002605028117763811
0.3857254295193858,0.16176470588235295,0.002729077075752564
0.36666746722671717,0.16412661195779601,0.0028944756864042343
0.3513594505997664,0.15712682379349047,0.0028944756864042343
0.3360760587549194,0.15301724137931033,0.002935825339067152
0.32288732316225954,0.15233160621761657,0.0030391994707244458
0.3094123819416958,0.1497005988023952,0.0031012239497188224
0.2960427643245053,0.1472569778633301,0.0031632484287131986
0.2829411877206214,0.1496282527881041,0.003328647039364869
0.2724916923712619,0.14734950584007186,0.0033906715183592458
0.25985462241714596,0.14856646394439618,0.0035353953026794577
0.25067444862993904,0.14814814814814814,0.0036387694343367515
0.2420224714622191,0.14448979591836736,0.0036594442606682105
0.23606447786196816,0.14251781472684086,0.0037214687396625867
0.22852813390372537,0.13923076923076924,0.0037421435659940458
0.2209047492637825,0.137621540762902,0.003804168044988422
0.2168514923176515,0.13454545454545455,0.003824842871319881
0.21129057129122408,0.13101983002832862,0.003824842871319881
0.20707347808130733,0.1331953071083506,0.0039902414819715515
0.20116742478818134,0.13055181695827725,0.0040109163083030105
0.19526294047151338,0.13066316480630336,0.004114290439960304
0.19156091878542283,0.12756410256410255,0.004114290439960304
0.18798314333589983,0.12711333750782716,0.00419698974528614
0.18469856223068615,0.1266829865361077,0.004279689050611975
0.18084936631512702,0.12507480550568523,0.0043210387032748925
0.17633213966416494,0.12295081967213115,0.0043417135296063515
0.17340737471270598,0.12378223495702005,0.004465762487595104
0.1706007413809688,0.12289562289562289,0.004527786966589481
0.16751824802839677,0.12094557449147883,0.004548461792920939
0.16451542127851176,0.12217438105489774,0.0046931855772411515
0.16203905600019258,0.12137203166226913,0.004755210056235528
0.15966236986546836,0.12318840579710146,0.004920608666887198
0.15675295197068123,0.12290502793296089,0.005003307972213033
0.15486727999792302,0.1226321036889332,0.005086007277538869
0.15254462238082264,0.12279843444227005,0.005189381409196163
0.15067343672618494,0.12157616530514176,0.00523073106185908
0.14841993183919847,0.12275731822474033,0.005375454846179292
0.14576118831202398,0.1210161662817552,0.00541680449884221
0.1441179414641432,0.11989100817438691,0.005458154151505128
0.14193595366713682,0.11969629298794104,0.005540853456830963
0.13995250795292807,0.11994727592267135,0.005644227588488256
0.13845064284867878,0.11846087332468655,0.005664902414819715
0.1370966929702271,0.1174468085106383,0.005706252067482633
0.1352035918182256,0.11646418098031001,0.005747601720145551
0.13350641101392438,0.11551155115511551,0.005788951372808469
0.13211440403064031,0.11499390491670053,0.005850975851802845
0.13096014598253158,0.11609287429943956,0.005995699636123056
0.12964899854034873,0.11597633136094675,0.0060783989414488915
0.12842896934822462,0.11581811115429459,0.006161098246774727
0.1266848480461024,0.11681348142474147,0.006305822031094939
0.1254220318537716,0.1163141993957704,0.006367846510089315
0.12422133976690657,0.11657355679702049,0.00647122064174661
0.12270529041604744,0.11609110947832477,0.006533245120740986
0.12153204048852655,0.11489670170351576,0.006553919947072445
0.12040577896563559,0.11373390557939914,0.006574594773403903
0.11939323023673089,0.11314769122312301,0.00663661925239828
0.1179488814112796,0.11343075852470424,0.006739993384055574
0.11710691853151059,0.11301958090003435,0.0068020178630499506
0.11619845251283006,0.11194029850746269,0.00682269268938141
0.11504298353439149,0.111892797319933,0.006905391994707245
0.11377584767135542,0.11184645929847783,0.00698809130003308
0.11305859056636516,0.11245505067015364,0.0071121402580218325
0.11212677978802196,0.11164891900613101,0.0071534899106847506
0.11121290540907072,0.11096938775510204,0.007194839563347668
0.11031722958302174,0.1099905452253388,0.007215514389679127
0.10963457382337341,0.10903426791277258,0.007236189216010586
0.10845488655905516,0.10840776101016322,0.007277538868673503
0.10779648511005438,0.10779537149817296,0.007318888521336421
0.10688077673124712,0.10779885576633544,0.007401587826662256
0.1060222335885809,0.10747246204227448,0.0074636123056566325
0.10531137295425878,0.10659599528857479,0.0074842871319880915
0.10460662449418491,0.10602971162248762,0.007525636784651009
0.10389802223521677,0.10547550432276658,0.007566986437313927
0.10308887827711445,0.10493299116053607,0.007608336089976844
0.10243435028469898,0.1044018058690745,0.007649685742639762
0.10157807741130052,0.10471935213627478,0.007753059874297056
0.100954735972957,0.10420121614151465,0.0077944095269599735
0.10031380926803989,0.1039671682626539,0.00785643400595435
0.09956935561140016,0.10319609967497291,0.007877108832285809
0.09880542479608027,0.10294906166219839,0.007939133311280185
0.09810748869108088,0.10299973453676665,0.008021832616606021
0.09763056830000517,0.10278654048370137,0.008083857095600397
0.0970873492809032,0.10283780265555845,0.008166556400926232
0.09638940634738204,0.10237235688499226,0.00820790605358915
0.09573299277924781,0.1018896833503575,0.008249255706252068
0.09513315495007738,0.10118897040222616,0.008269930532583526
0.09461334145621639,0.10025062656641603,0.008269930532583526
0.09403448401431516,0.09932952570151478,0.008269930532583526
0.09348807270496798,0.09867125984251969,0.008290605358914986
0.09292018733716093,0.09778102901731285,0.008290605358914986
0.09253068782525295,0.09714838086031899,0.008311280185246444
0.09198981904861445,0.09724550898203593,0.00839397949057228
0.0914636667518163,0.09686609686609686,0.008435329143235196
0.0910319281999078,0.09649329253942104,0.008476678795898114
0.09044646548881034,0.09636024265048997,0.00853870327489249
0.08989579493889828,0.09646079111727966,0.008621402580218327
0.08927489523814673,0.09610091743119266,0.008662752232881243
0.08891520102089631,0.09551967250397998,0.008683427059212703
0.08852926886547291,0.09539918809201624,0.00874545153820708
0.08796694665525974,0.09503577817531306,0.008786801190869997
0.08770130123891441,0.09469948990907075,0.008828150843532914
0.08729756054227167,0.09458864936207655,0.008890175322527291
0.0869336222393885,0.09402268760907505,0.00891085014885875
0.08635123150834452,0.09348625838563082,0.008931524975190208
0.08593187264962393,0.09317303563761271,0.008972874627853126
0.08550489633626586,0.09286474973375931,0.009014224280516044
0.08505625046480342,0.09234995773457312,0.009034899106847502
0.08470961723317481,0.09226252883204027,0.009096923585841878
0.08425863791884694,0.09196837286724927,0.009138273238504796
0.08381782468436105,0.09209167871154243,0.009220972543830632
0.08334485427881413,0.09200819672131147,0.009282997022825009
0.08294386941545204,0.091925971120602,0.009345021501819385
0.08257496276622657,0.09144125958821155,0.009365696328150843
0.08221283367567983,0.09156481667000602,0.00944839563347668
0.08175955777291799,0.0914694770332074,0.009510420112471055
0.08141239437027507,0.09139360442163443,0.009572444591465432
0.08104065959326588,0.09092690574172056,0.00959311941779689
0.08075988901361686,0.09046692607003891,0.00961379424412835
0.080478431333143,0.09001352134440796,0.009634469070459808
0.08018165389316703,0.0896723510251006,0.009675818723122726
0.07990881804783802,0.08942161339421613,0.009717168375785644
0.07960857468346173,0.08936331003211789,0.00977919285478002
0.07929987586248038,0.08930581613508443,0.009841217333774396
0.07889185510591629,0.08924911496180361,0.009903241812768773
0.07868480317661139,0.0890081421169504,0.00994459146543169
0.07840970527665286,0.0884028671200147,0.00994459146543169
0.0781681147889957,0.08798831690397955,0.009965266291763149
0.07795832875031208,0.08757932910244787,0.009985941118094609
0.0776616577187998,0.08717579250720461,0.010006615944426067
0.07734820902145101,0.08695652173913043,0.010047965597088985
0.07719399235758345,0.08674013508709563,0.010089315249751903
0.07694137324417592,0.08633474576271187,0.010109990076083361
0.07661389680791607,0.08575938267274641,0.010109990076083361
0.07637467916445306,0.08555497473427426,0.01015133972874628
0.07604815449494723,0.08551151116496451,0.010213364207740655
0.07582465850946622,0.08513931888544891,0.010234039034072114
0.07557156086636362,0.08509911141490088,0.01029606351306649
0.0752370953294683,0.08473425029716421,0.01031673833939795
0.07501719394606128,0.08420519743503206,0.01031673833939795
0.0747630854798638,0.08385041086701325,0.010337413165729408
0.07452084720670168,0.08366666666666667,0.010378762818392326
0.07427043053634269,0.08347134812851938,0.010420112471055244
0.07404800173933063,0.08294930875576037,0.010420112471055244
0.07373677639903342,0.08243375858684986,0.010420112471055244
0.07349805236633294,0.08224967490247075,0.01046146212371816
0.07323372510979365,0.08208111164970108,0.010502811776381078
0.07301856094226726,0.08191455187921619,0.010544161429043996
0.07284613239116758,0.08159029219224014,0.010564836255375454
0.0726471407680452,0.08125694334232661,0.010585511081706914
0.07249576757924067,0.08108534469159173,0.01062686073436983
0.07224444020811854,0.08075897757566254,0.01064753556070129
0.07200146760440627,0.08042394014962594,0.010668210387032749
0.07181200750094666,0.08027274136060747,0.010709560039695667
0.07157326230414966,0.07996918335901387,0.010730234866027125
0.07138224942875802,0.07966906695265819,0.010750909692358585
0.07121772474610805,0.07967702620353442,0.010812934171352961
0.07104055149372969,0.07921841866101181,0.010812934171352961
0.07082679229198834,0.07876506024096386,0.010812934171352961
0.07059123844105217,0.07860458152418026,0.010854283824015879
0.07034528653608657,0.07846932698034545,0.010895633476678795
0.0701707875426769,0.07816432272390822,0.010916308303010255
0.06997697285357533,0.0778628201354136,0.010936983129341714
0.0697429070338089,0.07758746889181672,0.010957657955673172
0.06952838419330958,0.07775189283634246,0.011040357260999008
0.06933949329474189,0.0774800868935554,0.011061032087330466
0.06918738365020188,0.0773552290406223,0.011102381739993384
0.06904614367813712,0.07707736389684813,0.011123056566324842
0.06889633101898131,0.07709847513182272,0.01118508104531922
0.06872609213808278,0.07711936489934788,0.011247105524313596
0.06858442741139073,0.0769990128331688,0.011288455176976513
0.06843673563507584,0.07687991021324354,0.01132980482963943
0.0682924488250562,0.07690160502442428,0.011391829308633807
0.06815170297284943,0.0767842266037212,0.011433178961296725
0.06797354394370353,0.07666804807293826,0.011474528613959643
0.06784609616901395,0.07655305112699286,0.011515878266622561
0.0677054593313928,0.07616573225762341,0.011515878266622561
0.06752508576617304,0.07589771490750816,0.01153655309295402
0.06734751976310116,0.0756325260451901,0.011557227919285477
0.06718785704089332,0.07525578890683898,0.011557227919285477
0.06701723880278015,0.07527457808732922,0.011619252398279854
0.06683574908687662,0.07516993202718912,0.011660602050942772
0.06667866783653544,0.07505635857313353,0.01170195170360569
0.06652458383048768,0.07482185273159145,0.011722626529937148
0.06637559221191468,0.07445830597504924,0.011722626529937148
0.06623834380295417,0.07435964453737585,0.011763976182600066
0.0660497814849103,0.0741222366710013,0.011784651008931526
0.06588115328805036,0.07389672576679177,0.011805325835262984
0.0657498474058276,0.07392144236960721,0.01186735031425736
0.06558934133948832,0.07357087926172776,0.01186735031425736
0.06545887323559625,0.07334183673469388,0.011888025140588818
0.06533727921536611,0.07325123778088105,0.011929374793251736
0.0651863460042151,0.07290876926964872,0.011929374793251736
0.06506485494155133,0.07281187122736418,0.011970724445914654
0.0649167745769291,0.07272499687069721,0.012012074098577573
0.06471285548306496,0.07262987417466052,0.012053423751240489
0.06453580303096514,0.0726686507936508,0.012115448230234867
0.0644014422304747,0.07246019009998765,0.012136123056566325
0.06426556680065444,0.07211302211302212,0.012136123056566325
0.06412483394538616,0.07178671884554237,0.012136123056566325
0.0640021843498543,0.07182858534209885,0.012198147535560701
0.06386179995484444,0.07162768149315235,0.01221882236189216
0.06373141257183844,0.07154059597056339,0.012260172014555077
0.06361981781825264,0.07181457908010087,0.012363546146212372
0.0634773844080157,0.07184698147041244,0.012425570625206748
0.06333090979915679,0.07152207544924431,0.012425570625206748
0.06323071222745807,0.07132701421800948,0.012446245451538208
0.06309998085987646,0.07113365577444851,0.012466920277869666
0.06297078176175001,0.0708162066940693,0.012466920277869666
0.06283320741860755,0.07050982226379794,0.012466920277869666
0.06270776073545772,0.07031431897555297,0.012487595104201124
0.06255397515469989,0.07012866581662223,0.012508269930532584
0.06241575948019182,0.07017543859649122,0.01257029440952696
0.06231573257796802,0.0701068842661763,0.012611644062189878
0.06219059657892111,0.06992446784161135,0.012632318888521336
0.06208630791349685,0.06984958979033729,0.012673668541184254
0.06194784281385842,0.0698967434471803,0.01273569302017863
0.06177545750111083,0.0696045197740113,0.01273569302017863
0.06164268861274111,0.06987734893664904,0.012839067151835925
0.06152473091467072,0.06979610127716783,0.012880416804498843
0.06138538585138501,0.06973111681356689,0.01292176645716176
0.06124159922955114,0.06999222308632375,0.013025140588819054
0.061134840459630614,0.07003761894224386,0.01308716506781343
0.06100868162743789,0.06986225895316804,0.01310783989414489
0.06085844238817879,0.06968067595742346,0.013128514720476348
0.06072452772643663,0.06961748633879782,0.013169864373139266
0.06060734639724448,0.06933710678132143,0.013169864373139266
0.06051614562383327,0.06905149051490515,0.013169864373139266
0.060400713040976835,0.06909208679693404,0.013231888852133642
0.06028033955843766,0.0689247311827957,0.0132525636784651
0.06015437095254372,0.06875870193852415,0.01327323850479656
0.06003158816437304,0.06870066140388308,0.013314588157459476
0.05992820035800979,0.06843055998299861,0.013314588157459476
0.059814488412675705,0.06830918896055832,0.013355937810122395
0.059695741654387416,0.06814830419212134,0.013376612636453854
0.05960623489278944,0.06819135543432647,0.01343863711544823
0.059520213800958115,0.06792058516196448,0.01343863711544823
0.05939891005954601,0.06797127094826688,0.013500661594442607
0.05930773828235769,0.06801451529289787,0.013562686073436983
0.05923357796923549,0.06785788060318117,0.013583360899768441
0.05915370586367607,0.06790822101039201,0.01364538537876282
0.05903180096197979,0.06774623347340371,0.013666060205094277
0.05893240001066548,0.06789871349806004,0.013748759510420112
0.05884615538970757,0.0679345062544493,0.01381078398941449
0.05874154739984004,0.06778115501519758,0.013831458815745948
0.05863708299217657,0.06793176541839104,0.013914158121071782
0.05853214030254715,0.06797385620915032,0.01397618260006616
0.05841091814081114,0.06802244039270687,0.014038207079060536
0.05829173750775317,0.0679708553747879,0.014079556731723453
0.058201245528753255,0.06791289649000697,0.01412090638438637
0.058098328888889245,0.06785537394749876,0.014162256037049289
0.05799773095319108,0.06769291493980659,0.014182930863380747
0.05791242977155583,0.06754498082784387,0.014203605689712207
0.05779621882562499,0.06739811912225706,0.014224280516043665
0.05773320955462659,0.06734335350380637,0.014265630168706583
0.05764765075154814,0.067295536322085,0.014306979821369501
0.05753827679360114,0.06705426356589148,0.014306979821369501
0.05745293144294027,0.06700782079752825,0.014348329474032417
0.05736499515628762,0.06696170867808351,0.014389679126695335
0.05725563349235583,0.06690950920245399,0.014431028779358254
0.05717672789140704,0.0670487106017192,0.014513728084684088
0.05709530918873945,0.06699019887715292,0.014555077737347006
0.05699838549382997,0.06703963588090271,0.014617102216341382
0.0569231638340167,0.06708872720400642,0.014679126695335758
0.056824972276987754,0.0672316384180791,0.014761826000661595
0.05674126052177157,0.06699821713427793,0.014761826000661595
0.056649177659946356,0.06695343183093323,0.014803175653324513
0.056556435597020775,0.066722579442736,0.014803175653324513
0.056453141276068354,0.06649331352154532,0.014803175653324513
0.05636219596359106,0.06645071726052754,0.014844525305987429
0.05629224391704725,0.06631617782696919,0.014865200132318889
0.05620082979895314,0.06636639397003401,0.014927224611313265
0.05612989800717943,0.06622698543555922,0.014947899437644723
0.056029573931885394,0.06600328647069563,0.014947899437644723
0.05595420368812606,0.0657810936220544,0.014947899437644723
0.055848834992219015,0.06583242655059848,0.015009923916639101
0.05574924843271099,0.06561229100768189,0.015009923916639101
0.05565692303600525,0.06557377049180328,0.015051273569302017
0.05557649653559555,0.0655355058802406,0.015092623221964935
0.05548609207119136,0.06539631418858471,0.015113298048296394
0.05542283177026491,0.06516894000178301,0.015113298048296394
0.05532152725992488,0.06521545979564639,0.015175322527290772
0.05525077374528534,0.06544456252213957,0.015278696658948064
0.05513343939613069,0.0654840702497573,0.015340721137942442
0.055069835597243204,0.06544686840253343,0.015382070790605358
0.05497642860112601,0.06540417324215325,0.015423420443268276
0.054916363089036094,0.06528008389408371,0.015444095269599735
0.05482819270886926,0.06523821966727637,0.015485444922262653
0.05474624111183897,0.06519663165205312,0.01552679457492557
0.054691293487826496,0.06497663955701678,0.01552679457492557
0.054634327661251265,0.06484994825802001,0.015547469401257029
0.054547009838440214,0.06498194945848375,0.015630168706582865
0.054483959995982614,0.06486162282580756,0.015650843532914325
0.05442134665397303,0.06465112306772568,0.015650843532914325
0.05436107551697362,0.06461774221011408,0.01569219318557724
0.05428376345757321,0.06449422946367957,0.0157128680119087
0.054208458137361686,0.06437151074268313,0.015733542838240158
0.054128746778822484,0.064244161537813,0.015754217664571617
0.05406460384543603,0.06411764705882353,0.015774892490903077
0.0539768131437632,0.06408108560897972,0.015816242143565994
0.05389631828623331,0.06437338231610587,0.015940291101554746
0.053822570236353576,0.06432018638708603,0.015981640754217666
0.053731811787588374,0.06419507340134362,0.016002315580549122
0.05365737398195768,0.06408136265916983,0.016022990406880582
0.05358638922622377,0.06388064622485988,0.016022990406880582
0.05350160889870929,0.0638507683457967,0.0160643400595435
0.05343829946055053,0.06389776357827476,0.016126364538537875
0.05337671968994897,0.06377592683325167,0.016147039364869335
0.05331355365163537,0.06381246947745402,0.01620906384386371
0.05324166954868017,0.06377799415774099,0.01625041349652663
0.05316529469829208,0.06373857477958424,0.016291763149189547
0.05310624620577659,0.0635483870967742,0.016291763149189547
0.05302295371889152,0.06341424208326636,0.016312437975521007
0.05294748991957908,0.06322622004968347,0.016312437975521007
0.05287460574670147,0.06303930968360498,0.016312437975521007
0.05282213341067573,0.06299776999044282,0.016353787628183923
0.05276773810014908,0.06281267370761534,0.016353787628183923
0.05271667982684502,0.06286619160728424,0.0164158121071783
0.05265615152290675,0.06290946404609678,0.016477836586172676
0.052578185789524064,0.06287872826001417,0.016519186238835595
0.05252195517450577,0.06284817575519812,0.01656053589149851
0.05244855440724937,0.06274448443123141,0.01658121071782997
0.052352080403978346,0.06264139168421874,0.016601885544161428
0.0523019560655077,0.06284025509410483,0.016705259675818724
0.05224133654494423,0.06287309093728195,0.0167672841548131
0.05216409656202676,0.06276085948369145,0.01678795898114456
0.052112756117069135,0.06258188824662814,0.01678795898114456
0.05204637734307702,0.06248078696587765,0.016808633807476017
0.05197198706314429,0.06275381196843154,0.01693268276546477
0.05192533063633665,0.06265281173594132,0.01695335759179623
0.051849514640727554,0.06261425959780621,0.016994707244459145
0.05178633198495116,0.06250474671527304,0.017015382070790605
0.05172182475233749,0.06262779250283983,0.01709808137611644
0.05165757347813544,0.06250943681111279,0.0171187562024479
0.051602880263569816,0.062485884212903714,0.017160105855110817
0.05153761884277688,0.062453085122354,0.017201455507773734
0.051473742938727675,0.06242047750916847,0.017242805160436653
0.05142842290039526,0.062318083439062616,0.01726347998676811
0.05138295489142568,0.0622906898861353,0.01730482963943103
0.051328090668788455,0.06219385483152739,0.017325504465762486
0.05123759651221101,0.06201894612196566,0.017325504465762486
0.05117512995419429,0.061997195364971586,0.017366854118425406
0.051119314626065136,0.06182835271603121,0.017366854118425406
0.05105788450637864,0.06165590135055784,0.017366854118425406
0.051005740916283175,0.06147091108671789,0.017366854118425406
0.050948458988780664,0.06129149945275447,0.017366854118425406
0.050881778850459414,0.06138628263873736,0.017449553423751242
0.0508382498306508,0.061217088561688546,0.017449553423751242
0.05079330331975612,0.06118906408216404,0.01749090307641416
0.050728888387307554,0.0610934795152914,0.017511577902745618
0.050675491380588425,0.061137883909947496,0.017573602381739994
0.05061414818592726,0.06102545715310147,0.01759427720807145
0.050551703608651376,0.06106979405034325,0.017656301687065827
0.05048669772215581,0.06090429325345885,0.017656301687065827
0.050438809691836554,0.06116207951070336,0.017780350645054583
0.05037340634833059,0.061134751773049646,0.0178217002977175
0.0503318904360845,0.06139916531088633,0.01794574925570625
0.05026768095189688,0.061283497884344146,0.01796642408203771
0.050216646065243134,0.061264683125835266,0.018007773734700628
0.05016810860395329,0.0611672278338945,0.018028448561032088
0.05009279375982251,0.061066032456631225,0.018049123387363548
0.05003027790311771,0.06104367238733082,0.018090473040026464
0.049966524657915685,0.06121313299944352,0.018193847171683757
0.04991134380462365,0.06112113223255169,0.018214521998015216
0.04985589413226891,0.06096042070301688,0.018214521998015216
0.04980742019262898,0.06080055210489993,0.018214521998015216
0.04974319053444707,0.06077918502202643,0.018255871650678133
0.049680217229084285,0.06081823174080176,0.01831789612967251
0.049629251694669196,0.060695223758040234,0.01833857095600397
0.04958867965562088,0.060601924520575993,0.01835924578233543
0.04953440989872897,0.060505002382086705,0.01837992060866689
0.0494927023052824,0.060412707032310616,0.018400595434998345
0.0494475223233349,0.06032498307379824,0.018421270261329805
0.04939567211270966,0.06030524041058887,0.01846261991399272
0.04933614811599756,0.06028559881449549,0.01850396956665564
0.049292284201576254,0.06019482700705408,0.018524644392987098
0.04925214002665313,0.060309589224686724,0.018607343698312934
0.04918196243937229,0.0604865659671167,0.01871071782997023
0.04913347637881394,0.06060404026935129,0.018793417135296062
0.049080839074694044,0.06058389306377602,0.018834766787958982
0.04904379817419124,0.060419153733916965,0.018834766787958982
0.04899203728200322,0.060267266472611804,0.018834766787958982
0.048937522424843886,0.06016624884549413,0.01885544161429044
0.04888351165805248,0.06007369390709304,0.0188761164406219
0.04883125215939222,0.0599855614622301,0.01889679126695336
0.048774046594879404,0.06002487399358513,0.018958815745947735
0.04871532112579263,0.05992949471210341,0.018979490572279194
0.04865816235330109,0.05991143526960146,0.01902084022494211
0.04860814337933054,0.05981684743781256,0.01904151505127357
0.04856058070670385,0.05973436993845157,0.019062189877605027
0.04850743482040359,0.05984231614320796,0.019144889182930863
0.04845455774463606,0.05966494845360825,0.019144889182930863
0.04839770941371045,0.05970820746834629,0.01920691366192524
0.0483494729022608,0.059811526379896146,0.019289612967251075
0.048304852585380365,0.05964710395090142,0.019289612967251075
0.04825762947812957,0.05947599923503538,0.019289612967251075
0.048218662287687244,0.059448118006103765,0.019330962619913992
0.04816069359338108,0.05940907938118184,0.01937231227257691
0.048119457888525535,0.05951176321780926,0.019455011577902744
0.048061782896683156,0.059491514730931803,0.019496361230565664
0.04802350635109873,0.05938227338491539,0.01951703605689712
0.04798698968984932,0.05940656169625494,0.0195790605358915
0.04794971726520239,0.05939416697959694,0.019620410188554416
0.047908175864666655,0.05929667040778152,0.019661759841217333
0.0478649905946283,0.05922239502332815,0.019682434667548793
0.04781477951934948,0.05913011106285289,0.019703109493880253
0.04776737307083571,0.05893982453972569,0.01972378432021171
0.047720010094492275,0.058845276973319365,0.01974445914654317
0.04767338494111191,0.0589392170118616,0.019827158451869005
0.04763239860679577,0.05874065907141982,0.019827158451869005
0.047580942733314924,0.05864744333801698,0.01984783327820046
0.04754263406955397,0.05862279098110908,0.01988918293086338
0.04749994206266999,0.05866618031491276,0.019951207409857757
0.04745558442615236,0.0584958217270195,0.019971882236189217
0.047419102209701566,0.05848589209111232,0.020013231888852134
0.047383262951537275,0.05844781875150639,0.02005458154151505
0.04734705689215054,0.05848761721567684,0.020116606020509426
0.04731503151597664,0.058530734632683656,0.020178630499503806
0.04727552519091757,0.05838368128252677,0.020178630499503806
0.047229955764435644,0.05809178025117553,0.020178630499503806
0.04718864064748178,0.0581319399085565,0.020240654978498182
0.047149049045673984,0.05812300035549236,0.0202820046311611
0.0471122536569129,0.05798557749142925,0.0202820046311611
0.04707455816995468,0.057904357568252844,0.02030267945749256
0.04703591397502984,0.05782693099594094,0.020323354283824015
0.04698944264396554,0.057866713474928326,0.020447403241812767
0.046944320894225254,0.05789320105048147,0.020509427720807147
0.04689795583308091,0.057813227759664645,0.020530102547138603
0.046860496443684986,0.05768560474032764,0.020530102547138603
0.046821186355217065,0.057616508230929744,0.020550777373470063
0.046784128823974994,0.05747325816710032,0.020550777373470063
0.04675442562372191,0.057313845091494994,0.02059212702613298
0.04671855024504856,0.0574085768413801,0.020674826331458816
0.04668990763166884,0.057283611158847454,0.020674826331458816
0.04664312842160141,0.05749228483255229,0.020798875289447568
0.04658831444511915,0.05740508493900354,0.020819550115779028
0.04654303845966387,0.05736866045030703,0.020860899768441944
0.04650074835504677,0.057348686822848716,0.020902249421104864
0.04647364072503654,0.057262490805183044,0.02092292424743632
0.04642966640528224,0.05700939839045529,0.02094359907376778
0.04639581765608694,0.056931109988209536,0.02096427390009924
0.04635765420077078,0.05680035850324894,0.02096427390009924
0.0463079843877738,0.05673560648406931,0.020984948726430697
0.04627773588119685,0.056649010315026484,0.021005623552762157
0.04622680698015329,0.05669300100144654,0.021067648031756533
0.046184902277708745,0.05678601165695254,0.02115034733708237
0.04614963003678183,0.05666334330342306,0.02115034733708237
0.04612055810945005,0.05670074606244819,0.021212371816076745
0.04609127857881044,0.056679715498704306,0.02125372146873966
0.04604651293054262,0.056694549231862665,0.021439794905722794
0.04601072292659826,0.05668303327877796,0.02148114455838571
0.045963821281525714,0.056577086280056574,0.02150181938471717
0.0459126860596915,0.056457304163726185,0.02150181938471717
0.04588327321192656,0.056341080231865216,0.02150181938471717
0.04585163192871978,0.0562131776660721,0.02150181938471717
0.04581363924666873,0.056139783206600874,0.021522494211048626
0.04577202456501321,0.05615922538999462,0.021584518690043002
0.04572861690742746,0.05603563952552198,0.021584518690043002
0.04568370195048151,0.056079271558650244,0.02164654316903738
0.04565078385797639,0.05611972207375735,0.021708567648031758
0.0456080594998282,0.05616,0.021770592127026134
0.045571729620549895,0.05632390202702703,0.022060039695666556
0.04552929957331251,0.05630168009690841,0.022101389348329475
0.045487390506504445,0.056244743481917575,0.022122064174660932
0.04545364269938802,0.05615856536101935,0.022142739000992392
0.04542277492304577,0.056203882987074155,0.022204763479986768
0.04539131068444786,0.05608940881554209,0.022204763479986768
0.04534383736303203,0.05607671461329998,0.022246113132649684
0.04530820593463209,0.05606407322654462,0.022287462785312604
0.0452693828341846,0.056002491306378785,0.02230813761164406
0.045230469061073114,0.055834151889572456,0.02232881243797552
0.04520397800103952,0.05597977504901455,0.022432186569632816
0.04516648431390571,0.05592173017507724,0.022452861395964273
0.045127130234221186,0.05591243126573822,0.022494211048627193
0.045090824284337194,0.05576055760557606,0.022494211048627193
0.04505664154883533,0.05564648117839607,0.022494211048627193
0.04501850448828315,0.0552885831352117,0.022597585180284485
0.04498485122046857,0.05537607269056032,0.02268028448561032
0.044952822919128506,0.055317648244244046,0.02270095931194178
0.04492921061531162,0.05530139258961339,0.022742308964604697
0.044903759301560965,0.055293527345709984,0.022783658617267614
0.044882336098534203,0.05518001101597316,0.022783658617267614
0.044847087488498354,0.05510591526778577,0.022804333443599074
0.044813946443758426,0.05508749189889825,0.02284568309626199
0.044782578272060974,0.05498333084539981,0.02284568309626199
0.04474870496845291,0.05506728238740752,0.022928382401587826
0.04471161041213778,0.054999504508968386,0.022949057227919286
0.044682843831957475,0.05513796854910494,0.02305243135957658
0.044656701504307804,0.05500788643533123,0.02307310618590804
0.044618021208616285,0.05494883903974813,0.0230937810122395
0.0445873143724528,0.054996317210901056,0.023155805491233875
0.04454418832697486,0.055030136717792916,0.02321782997022825
0.044506183249973436,0.05510732971492836,0.023300529275554087
0.04447239423396825,0.055094671091157524,0.023341878928217003
0.04444377999576623,0.05503068082205123,0.023362553754548463
0.04440238254268204,0.05511811023622047,0.023445253059874296
0.04437492049192615,0.055051656400058206,0.023465927886205756
0.0443452449789829,0.054982817869415807,0.023486602712537216
0.044316520232852104,0.05451011992226383,0.023776050281177637
0.04428737549435416,0.05431702248252409,0.023776050281177637
0.044257964084872245,0.054217151478006695,0.023776050281177637
0.044228361808640454,0.05411255411255411,0.023776050281177637
0.04419932859858924,0.05410482810445238,0.023817399933840556
0.0441636199506746,0.05408952425591751,0.023858749586503473
0.044122015083247056,0.0539731537346242,0.023858749586503473
0.0440975920889136,0.05393939393939394,0.02392077406549785
0.044071922194306494,0.05389054355919583,0.02394144889182931
0.044032710055974617,0.053831862517417554,0.02396212371816077
0.04400104556100564,0.053814777046444794,0.024003473370823685
0.0439653363174743,0.053753989915344406,0.024024148197155145
0.043924148104695596,0.05365470748487787,0.024024148197155145
0.04388794956867177,0.05359200036864661,0.0240448230234866
0.04385484174651064,0.053636321817930904,0.024106847502480978
0.04382878686088042,0.05362964323430828,0.024148197155143897
0.04379520378564221,0.05351415742692202,0.024148197155143897
0.043754038403101506,0.05346199579255465,0.024168871981475357
0.04371294234494204,0.053402711214569354,0.024189546807806814
0.04368273939586316,0.053446940356312936,0.02425157128680119
0.0436433453214246,0.05343580881349766,0.02429292093946411
0.04360862258932758,0.05333878069817059,0.02429292093946411
0.0435807680166011,0.053285002265518806,0.024313595765795566
0.04354885339976769,0.053236238635849656,0.024334270592127026
0.04351169745420299,0.05323039414872003,0.024375620244789942
0.04348835781057515,0.05317950335751949,0.024396295071121402
0.04346096570190031,0.05316182423315643,0.02443764472378432
0.043428656205502014,0.0531986531986532,0.0244996692027787
0.04339861900080065,0.05312108746199249,0.024561693681773075
0.043375477308061364,0.05248245499324354,0.024892490903076415
0.043336752821857935,0.05243005699865118,0.024913165729407872
0.04329569417737397,0.052455599461548486,0.024975190208402248
0.043266756405155433,0.052405721716514954,0.024995865034733708
0.04324160889412725,0.05231048805815161,0.024995865034733708
0.04321016589642852,0.05230423703191811,0.025037214687396624
0.04317373391709613,0.052295753395128264,0.025078564340059544
0.0431339523266044,0.05228955069719401,0.02511991399272246
0.043112025297542385,0.05232183513037501,0.025181938471716837
0.04308604932681263,0.05239912525191887,0.025264637777042673
0.04304736735302044,0.05235445205479452,0.025285312603374133
0.04301478044993555,0.05230098705294193,0.02530598742970559
0.042988351344644335,0.052207293666026874,0.02530598742970559
0.04295314891301562,0.052205258693808314,0.0254507112140258
0.04292068267740553,0.052083774063888304,0.0254507112140258
0.042898346053012494,0.05215591874656869,0.025533410519351638
0.042861627245893756,0.05219224283305228,0.025595434998346014
0.04283450525444838,0.05210218425150456,0.025595434998346014
0.04280971834832361,0.05205882352941176,0.025616109824677474
0.04277492891826466,0.052004697198456636,0.02563678465100893
0.042749450948633125,0.05200133980907721,0.02567813430367185
0.04272191575153568,0.051914395586022406,0.02567813430367185
0.042689853397405775,0.05187596510997037,0.025698809130003306
0.042661917832155026,0.05190369074398067,0.025760833608997686
0.04263318030716448,0.05188541969816655,0.025802183261660602
0.042602350126743564,0.051960987756796015,0.02588488256698644
0.04257515138484565,0.05191415313225058,0.025905557393317895
0.04255585811945747,0.05186962276637988,0.025926232219649355
0.04252522405604762,0.051816680429397195,0.025946907045980815
0.04248962438662587,0.051759663727025465,0.02596758187231227
0.04246207138323366,0.05168308702791461,0.02602960635130665
0.04243113160667399,0.05163722798245973,0.026050281177638107
0.04240301697826964,0.05158308107665876,0.026070956003969567
0.04237675734924324,0.05154386538147362,0.026091630830301027
0.0423473808515202,0.0515350430138215,0.026132980482963943
0.042320399709816096,0.051534641374257104,0.02617433013562686
0.0422905871778355,0.05160294177400349,0.026257029440952696
0.04226413105791624,0.05150667153343878,0.026257029440952696
0.042240466093913194,0.0515042312831518,0.026298379093615612
0.04221511548841538,0.05152972557895162,0.02636040357260999
0.04219373437876231,0.051484828921885085,0.026381078398941448
0.0421603693933066,0.05144837033157407,0.026401753225272908
0.042127324847654454,0.05147798109792882,0.026463777704267284
0.04209583238953648,0.050494132180358246,0.02704267284154813
0.042065860005797116,0.050445103857566766,0.02706334766787959
0.042033865512427236,0.05050777042621942,0.027146046973205426
0.04200823120978757,0.05046276738738047,0.027166721799536882
0.04197778049926702,0.05037957211870255,0.027166721799536882
0.04195352350295944,0.050300501473797034,0.027166721799536882
0.04192498756531851,0.0502618201276612,0.027187396625868342
0.041901516153046464,0.050225173650866345,0.027208071452199802
0.04187267494058801,0.05015232292460015,0.02722874627853126
0.04184173646774557,0.050294620794525756,0.027352795236520015
0.04181165963307406,0.05029417346745113,0.02739414488918293
0.04178169835951475,0.050293727496683725,0.027435494541845847
0.041760516175927874,0.05032541244135008,0.027497519020840223
0.04172784869074298,0.05035699444675305,0.027559543499834603
0.04170299060091352,0.05043379856657865,0.027642242805160436
0.04167603683924148,0.05039168424224164,0.027662917631491896
0.04165704273859703,0.050310208685843204,0.027662917631491896
0.04163656673058182,0.05030785403213696,0.027704267284154812
0.04160523396802726,0.05032412785251246,0.027766291763149188
0.04158050019876029,0.05035352212786652,0.027828316242143564
0.04155577251556879,0.050352993911321954,0.027869665894806484
0.041532303821271,0.05027787102308754,0.027869665894806484
0.04150964304462019,0.05019362526064939,0.027869665894806484
0.041478271767251114,0.05022678266042085,0.02793169037380086
0.0414481344989939,0.05018559762435041,0.02795236520013232
0.04141780306295255,0.050100051878751946,0.02795236520013232
0.04138610557783495,0.050103611604499707,0.027993714852795237
0.04136488718148472,0.05004986517932996,0.028014389679126697
0.04134709493364043,0.05000921998893601,0.028035064505458153
0.04131952537164406,0.05004603203829865,0.02809708898445253
0.04129108225022068,0.050047804662793266,0.02813843863711545
0.04126675247876403,0.050045896823939784,0.028179788289778365
0.04124140478389611,0.04999816722260914,0.028200463116109825
0.04121675064968539,0.049810385064177364,0.02824181276877274
0.04119030518522212,0.049739649710519605,0.02824181276877274
0.04116881345507618,0.049767340410062526,0.028303837247767118
0.041145501936137745,0.04980036297640653,0.028365861726761494
0.04112111448714116,0.04972816237767307,0.028365861726761494
0.04109817213495182,0.049784724483519664,0.02844856103208733
0.04106886392887296,0.04948075748320098,0.02846923585841879
0.041045319900221644,0.049440298507462684,0.02848991068475025
0.04102492893370301,0.049398194583751255,0.028510585511081706
0.04101190548530057,0.04943482615538704,0.028572609990076082
0.04098401773859835,0.04954102225238419,0.02867598412173338
0.04095663661334278,0.04946504992867332,0.02867598412173338
0.0409359492486884,0.04957088422776967,0.02877935825339067
0.040908403447807495,0.049564444444444446,0.02882070790605359
0.0408869395758867,0.0496307867083215,0.028903407211379423
0.04086450781001355,0.049657959096870236,0.0289654316903738
0.04083153420884406,0.04961602434794918,0.02898610651670526
0.04080466784972367,0.04961656712725731,0.029027456169368176
0.040780609562709354,0.04960835509138381,0.029068805822031096
0.04076067157981898,0.049570180383314545,0.029089480648362552
0.04073573051751838,0.049558580422777956,0.029130830301025472
0.04070694312756889,0.049480264082033994,0.029130830301025472
0.04068427546888936,0.049437256758178186,0.02915150512735693
0.04066640533454932,0.049432852541660834,0.029192854780019848
0.04063478570761148,0.049406009783368274,0.029234204432682764
0.04060590558424172,0.04932844932844933,0.029234204432682764
0.040586924752328266,0.049325948374960814,0.029275554085345684
0.04056472235714181,0.04925217391304348,0.029275554085345684
0.0405423747218578,0.04917123240169221,0.0293169037380086
0.04052275048606558,0.04912584386359702,0.02933757856434006
0.04049887915964258,0.04912025994676622,0.029378928217002977
0.04047008617131553,0.04910960795140806,0.029420277869665896
0.04044997653719591,0.04917128975569415,0.02950297717499173
0.040427443701554,0.04913971094287681,0.02952365200132319
0.04040365092147699,0.04909809311114929,0.02954432682765465
0.04037398326595705,0.04901893523600439,0.02954432682765465
0.040348631602658905,0.04897931223455268,0.029565001653986105
0.04032217957010289,0.048974008207934336,0.029606351306649025
0.04029798022402614,0.049038691390909404,0.029689050611974858
0.04027306375820586,0.04906239345380157,0.029751075090969237
0.04025319942250439,0.04905531914893617,0.029792424743632154
0.04023075899035948,0.0476450555805436,0.030660767449553424
0.040207180984492184,0.04757474656743231,0.030660767449553424
0.040190998340480975,0.04757023416728065,0.03070211710221634
0.04016615908869155,0.04750023990020152,0.03070211710221634
0.04014731437394029,0.047498882003449816,0.03074346675487926
0.040122745718860646,0.04755677468742026,0.030826166060205093
0.040101809401734065,0.047485588713016336,0.030826166060205093
0.040082579283435074,0.04745396138799657,0.030846840886536553
0.04005860332548623,0.047481420313790254,0.03090886536553093
0.040038002871530524,0.04743484050986112,0.03092954019186239
0.040019673042543814,0.04749540877715154,0.031012239497188225
0.039996588086191776,0.04748656338918748,0.03105358914985114
0.03997368528320567,0.047516812426988284,0.031115613628845518
0.03995328369788894,0.047473441982158054,0.031136288455176978
0.03993050408634803,0.04744514057236407,0.031156963281508434
0.039910266396494455,0.04750974720160986,0.03123966258683427
0.039885834373710696,0.047509891352132134,0.03128101223949719
0.03986654850404488,0.04747420902448967,0.03130168706582865
0.039846507640717246,0.04747439952400338,0.03134303671849156
0.03982567293251491,0.04741055791843883,0.03134303671849156
0.03979873061939586,0.047433175118661006,0.03140506119748594
0.03977983044032021,0.04747802232059355,0.031487760502811775
0.039763013821342987,0.04747229485742747,0.031529110155474695
0.03973996549332212,0.04750357520363117,0.03159113463446907
0.03972300667954273,0.0474653090367243,0.03161180946080053
0.03970339443235912,0.04746109492218985,0.03165315911346345
0.03968577193614313,0.04751586441727287,0.03173585841878928
0.03966289677570908,0.04747480991531186,0.03175653324512074
0.03963044618227553,0.047410333971232795,0.03175653324512074
0.039610272915467946,0.04743850564083595,0.03181855772411512
0.0395885201117365,0.04738898975290027,0.03183923255044658
0.03956634527050696,0.0473527333067019,0.03185990737677803
0.039551932627665654,0.04737649585762504,0.03192193185577241
0.039534425420048744,0.04737680804118657,0.03196328150843533
0.03951245936157603,0.04738146980502586,0.032004631161098245
0.03948917398462052,0.0474036492557841,0.032066655640092624
0.03946790899829951,0.04748969937433237,0.03217002977174992
0.03944646056833495,0.04754358161648178,0.03225272907707575
0.03942196970554843,0.047495892411610785,0.03227340390340721
0.03940405319183122,0.04742449004297561,0.03239745286139596
0.03938772301525768,0.04758162031438936,0.032542176645716174
0.03936656110603572,0.04753855905345447,0.032562851472047634
0.039347142124756124,0.04753579502637528,0.032604201124710554
0.03932900152433552,0.04749149787823156,0.032624875951042014
0.03930633016212906,0.04751743207501803,0.032686900430036386
0.03928144660491253,0.04747329252190614,0.032707575256367846
0.039255439503295964,0.04749775247228049,0.032769599735362226
0.03923983936438855,0.047638996947752706,0.03291432351968243
0.039219733537614376,0.047660311958405546,0.03297634799867681
0.03920474562025667,0.047799492764433835,0.03312107178299702
0.039184885122615434,0.0478574408486799,0.033203771088322856
0.0391680245996828,0.047903835282216076,0.033286470393648696
0.03914496250873579,0.04787376303824552,0.033307145219980155
0.039127296054173095,0.04789601756780818,0.03336916969897453
0.03910883063170365,0.04791821010520077,0.03343119417796891
0.03908716050129477,0.04785439479135839,0.03343119417796891
0.0390723594690876,0.04781889112188202,0.03345186900430036
0.03905182737523845,0.04789305949008499,0.03355524313595766
0.03903613914829685,0.04785760594094419,0.03357591796228912
0.039015019752127185,0.04786561148539319,0.03363794244128349
0.03899054358906008,0.047953456938853466,0.033741316572940785
0.038968225828199615,0.047913854820726486,0.033761991399272245
0.038948798351955354,0.04805719978901717,0.03390671518359246
0.03893258371832042,0.04810815556140813,0.03398941448891829
0.03891763529182461,0.048121311283819315,0.03405143896791267
0.0388989114805084,0.04811507936507937,0.03409278862057559
0.038882790150144286,0.048136600716804104,0.03415481309956996
0.038858594174144695,0.048130365197148264,0.03419616275223288
0.03884185277324568,0.04805485342398094,0.03419616275223288
0.038817260089440496,0.04798631447707965,0.03421683757856434
0.038792735165947445,0.048005095836469974,0.034278862057558715
0.038776471682546144,0.04808999161389202,0.03438223618921601
0.03876042260016563,0.0480452734307328,0.03440291101554747
0.038742269360138505,0.04804198627371821,0.03444426066821039
0.03872404223284686,0.04806889202499928,0.03450628514720477
0.03870631082666655,0.048027148280225467,0.03452695997353622
0.03867890715433341,0.04802113849158481,0.03456830962619914
0.038666547541995375,0.047996098344665346,0.0345889844525306
0.03864841818344486,0.048047445778299856,0.03467168375785643
0.03863111989451156,0.04804392587508579,0.03473370823685081
0.03861172462232833,0.04803381214838507,0.034775057889513725
0.03859527977070291,0.04799384036273419,0.034795732715845185
0.03857638628576561,0.04795261689162253,0.034816407542176644
0.03855848339775994,0.048007735843690454,0.034899106847502484
0.03854288771583667,0.04808839402374595,0.03500248097915978
0.038517978019911414,0.04810255828464462,0.03506450545815415
0.03850527179025618,0.04814363795984254,0.03514720476347999
0.03848555020814408,0.04816040270354345,0.03520922924247436
0.0384628107548949,0.048322413014008136,0.035374627853126034
0.038445339382059275,0.04840347512129076,0.035478001984783326
0.038428519762945874,0.04847477677942709,0.03558137611644062
0.03841343964593155,0.04851911231119737,0.03566407542176646
0.03839736206044009,0.04852842057964502,0.03572609990076083
0.03838127799051913,0.048541783510936624,0.03578812437975521
0.038363065276434336,0.048604306072738475,0.0358914985114125
0.03835030710690541,0.048573825503355705,0.03591217333774396
0.03832899150787765,0.04854206233940342,0.03593284816407542
0.03831496061452066,0.04852473646048302,0.035974197816738336
0.03829590863852422,0.048550986887892875,0.036056897122064176
0.038280282067257754,0.048554752640355754,0.03611892160105855
0.038263098131629765,0.048517819473742646,0.03613959642739001
0.03824353258996341,0.04851542790607413,0.03618094608005293
0.03822528594181177,0.048534012569561726,0.0362429705590473
0.03820816364318531,0.04849858983575734,0.03626364538537876
0.0381896907513189,0.0485024154589372,0.03632566986437314
0.03816794216226303,0.048578754376774835,0.03642904399603043
0.038153401538371885,0.048535403589913005,0.03644971882236189
0.038131806086913946,0.04849484536082474,0.03647039364869335
0.03811457365264631,0.048443761321842235,0.03649106847502481
0.038098116917622944,0.04829854316155686,0.03673916639100232
0.03808493041486984,0.04821336516808205,0.03673916639100232
0.03806896946268939,0.04815718157181572,0.03673916639100232
0.03805434427574099,0.04821559024865391,0.03684254052265961
0.038038436116586784,0.048174866931452814,0.03686321534899107
0.03801940194882191,0.04814075233417885,0.03688389017532253
0.0379998290978047,0.04818757579840992,0.03696658948064836
0.037980570597215886,0.048207364341085274,0.03702861395964274
0.03796697925924315,0.048273081575057115,0.037131988091300035
0.03795105438845887,0.04829530201342282,0.03719401257029441
0.037930690466708016,0.04831099195710456,0.03725603704928879
0.03791825728143242,0.048312801285484736,0.03729738670195171
0.03790497596711463,0.048357761848721516,0.03738008600727754
0.0378858711507909,0.04829446803963993,0.03738008600727754
0.03786648105965825,0.04829075782624927,0.03744211048627191
0.03784771989782915,0.04837593184238552,0.03756615944426067
0.03783343725609054,0.048335637562480056,0.037586834270592125
0.037815236921365396,0.048349839364893926,0.037648858749586504
0.03779909996048284,0.04835118227123317,0.03771088322858088
0.037783128218978564,0.04838538909475913,0.03779358253390672
0.03776246753730821,0.048381979695431475,0.03783493218656963
0.03774660642176162,0.048327039374653394,0.03783493218656963
0.03772600217342052,0.04826331197088377,0.03783493218656963
0.03771135905150642,0.04819086743561384,0.03783493218656963
0.037689273251228284,0.048162363951837636,0.03787628183923255
0.037674054080000886,0.048097876027199456,0.03787628183923255
0.03766105170836253,0.048133389261744965,0.03795898114455839
0.03764449978051501,0.04818267518592228,0.03804168044988422
0.037628069141943894,0.048368542145994564,0.03824842871319881
0.03761710843624869,0.04839341181383937,0.038331128018524646
0.03760265005755688,0.04838079358049136,0.03839315249751902
0.03759201312206532,0.04837366640645329,0.03843450215018194
0.037576525008831345,0.04831081081081081,0.03843450215018194
0.03755786897825305,0.04827031375703942,0.0384551769765134
0.037542714369171205,0.04826585100316243,0.03849652662917632
0.03752646171165678,0.048260149130074564,0.03853787628183923
0.03750643458506852,0.04819152511698855,0.03853787628183923
0.03748882593701767,0.0482534273100457,0.038641250413496524
0.037471797839605456,0.04826981589397143,0.0387032748924909
0.03745602593398747,0.04820393974507532,0.0387032748924909
0.03744169849299907,0.048222828043824904,0.038765299371485276
0.03742761961837858,0.04823795335456694,0.038827323850479656
0.03741159332381173,0.0483345726813508,0.03897204763479987
0.03739251557937457,0.048378835219996925,0.0390547469401257
0.037373984944590544,0.04834748797707971,0.03907542176645716
0.03735924196997729,0.04836237289867661,0.03913744624545154
0.03733950359741971,0.04841261739485504,0.03922014555077737
0.037327836169273654,0.0484643202770845,0.039344194508766125
0.03731524394742885,0.046085209754274506,0.04079143235196824
0.03730111161099199,0.04612046843652312,0.04087413165729408
0.03728395783904803,0.04608037274315667,0.040894806483625534
0.037269372472542764,0.04606472326268525,0.040936156136288454
0.0372540105438241,0.046035508458821345,0.040956830962619914
0.03724029535714977,0.04605492235195803,0.041018855441614294
0.03722507513329996,0.04607108905840618,0.041080879920608666
0.037212714899747604,0.04609469100342815,0.041142904399603046
0.037193675291927665,0.046152778420395134,0.04124627853126034
0.03718095872921108,0.04613500900984152,0.04128762818392326
0.03716493291475041,0.04616982002768805,0.04137032748924909
0.03715289189111079,0.04613647362477819,0.04139100231558055
0.037136844166659244,0.04610851499735273,0.04141167714191201
0.03712344607648313,0.04612660672813815,0.041473701620906384
0.03710705967933741,0.046122748989342155,0.0415150512735693
0.037090369674199895,0.04608643787850982,0.04153572609990076
0.03707347759604599,0.046028363919627925,0.04153572609990076
0.03705882599191975,0.04596517720273641,0.04153572609990076
0.037045271884500346,0.04600091407678245,0.041618425405226596
0.037028182828232704,0.04600533990552475,0.041680449884220976
0.03701120327265601,0.046034349232381214,0.04178382401587827
0.03699589692266249,0.04598825831702544,0.04178382401587827
0.03697926384399066,0.04598954783003863,0.04184584849487264
0.03695946718107211,0.046001270878721856,0.04190787297386702
0.03694051260809889,0.04596971620273824,0.04192854780019848
0.03692329421413541,0.04597935343656615,0.04199057227919285
0.03690688208893723,0.0459458237236015,0.04201124710552431
0.036889264185566664,0.04592977306085582,0.04205259675818723
0.036875809438589736,0.04590156538999413,0.04207327158451869
0.036860637403802424,0.045895951152468285,0.042114621237181606
0.0368447199754621,0.04586763845773159,0.042155970889844525
0.03683384653039188,0.04585569603197772,0.042217995368838905
0.03681983153884417,0.045882669537136704,0.04230069467416474
0.03680670355221558,0.04584854525500034,0.0423213695004962
0.036791768616181456,0.04584713147766938,0.04236271915315911
0.03677541348987733,0.0458213192069559,0.04238339397949057
0.03675897412035795,0.045834077513841755,0.04244541845848495
0.036742140808318946,0.045800165005463016,0.04246609328481641
0.03672769288131503,0.04578350813904291,0.04250744293747932
0.03670994006401408,0.0457891342540085,0.0425694674164737
0.036691261677602886,0.0457271031358266,0.0425694674164737
0.03667836231322686,0.04571669402422253,0.04261081706913662
0.036660373612962024,0.045774803917224265,0.042714191200793915
0.036644461356640616,0.045834438843194485,0.04285891498511413
0.03663070059965022,0.045894253279738506,0.04296228911677142
0.036615555810132594,0.04595292197048247,0.04306566324842871
0.03660134374192625,0.04592938687353991,0.04308633807476017
0.036589767013805445,0.045900845368087355,0.04310701290109163
0.036574218810504815,0.045884266994987245,0.04314836255375455
0.03655646927206509,0.04607123287671233,0.04345848494872643
0.0365444601057811,0.046185837802342124,0.0436238835593781
0.036529610069179146,0.0460613716052878,0.043727257691035394
0.03651502955212501,0.04605177289536654,0.043768607343698314
0.036498160945384564,0.046049200278164115,0.043809956996361234
0.036484517382847824,0.04606034295637074,0.043871981475355606
0.03647032342113731,0.046101827166915924,0.0439753556070129
0.03645793606780937,0.04611986835267625,0.04403738008600728
0.03644283768131985,0.04607098825514243,0.04403738008600728
0.03642632972284517,0.04610534044528905,0.04414075421766457
0.0364121739519161,0.046061285661915335,0.04416142904399603
0.03639894089702216,0.04606736733287388,0.044223453522990404
0.03638560928612379,0.046077397982231594,0.044285478001984784
0.0363731523893374,0.04613731599871065,0.044388852133642076
0.03636112072887411,0.04611587982832618,0.044430201786304996
0.03634911439988972,0.04611988598615546,0.04449222626529937
0.03633347335539982,0.0461755828142059,0.04459560039695667
0.03631912604295083,0.046183450930083386,0.04465762487595104
0.03630528873043799,0.04612723428791082,0.04465762487595104
0.03629210508558198,0.04606329437857204,0.04465762487595104
0.03627917187921546,0.046092568531811116,0.04474032418127688
0.03626617246692832,0.04610147856610999,0.04480234866027125
0.03625219058714895,0.04607080623910918,0.04482302348660271
0.03623771941889216,0.04605360894755831,0.04486437313926563
0.036222369149686656,0.046036456125476896,0.044905722791928546
0.03620834784206369,0.04596291676356794,0.044947072444591465
0.03619365104117674,0.04596900206934414,0.045009096923585845
0.03617833301352197,0.04591761405580983,0.045009096923585845
0.036165509824760765,0.045909445252091105,0.04505044657624876
0.036152334990167574,0.04589260163285919,0.04509179622891168
0.03613591658073826,0.045929413743089564,0.04517449553423751
0.03612274104673986,0.04600524934383202,0.04529854449222626
0.03610883047359519,0.046003775959723096,0.04533989414488918
0.03609409216508274,0.04594979675648494,0.04533989414488918
0.03607848671064931,0.04593107200401766,0.0453812437975521
0.03606713621766558,0.04589341692789969,0.04540191862388356
0.036054460654718866,0.04588630717521555,0.045443268276546475
0.03604040544530854,0.04597197898423818,0.04558799206086669
0.0360272142883763,0.04604619197367599,0.04571204101885544
0.03600881717739081,0.046065498730806044,0.04577406549784982
0.03599406220868203,0.04610076488194213,0.04585676480317565
0.03598087343642518,0.0460631474062234,0.04587743962950711
0.03596482778356472,0.04610377495387549,0.045980813761164405
0.03594879040057773,0.04612645439112252,0.046063513066490244
0.03593626774624239,0.046095624121101825,0.0460841878928217
0.03591969475028863,0.04606105671913083,0.04610486271915316
0.0359079978761374,0.04603511957575883,0.04612553754548462
0.035894914760595455,0.04600259692079391,0.04614621237181608
0.035883794712806574,0.04592876103463177,0.04614621237181608
0.03586978292075247,0.04591606034447322,0.046187562024479
0.03585732807851124,0.04588757031987845,0.04620823685081046
0.035842542262987956,0.04586742121342601,0.04624958650347337
0.03583242978243536,0.045878136200716846,0.04631161098246775
0.03581794730893859,0.045858048680711805,0.04635296063513066
0.03580587540495324,0.04583426949079843,0.04639431028779358
0.03579438063369063,0.045842173984005224,0.04645633476678796
0.03578027783664998,0.04577493481095176,0.04645633476678796
0.03577057123658867,0.045756953063009906,0.046497684419450874
0.035757189953227214,0.045788029671781326,0.046580383724776714
0.035745463585464474,0.04575999350346144,0.046601058551108174
0.03573096229871568,0.04575972089815623,0.04664240820377109
0.035720341037647,0.04585744930586474,0.04684915646708568
0.03571061895306767,0.04585245537068112,0.04689050611974859
0.035696597121525175,0.04586211074760693,0.04695253059874297
0.03568343581918055,0.04589912678726279,0.047055904730400264
0.03566856495026765,0.04584550307180985,0.047055904730400264
0.0356532881497669,0.04582302415867077,0.04709725438306318
0.03563958001658402,0.045771324134883815,0.04711792920939464
0.03562619656759625,0.04576002567857644,0.047159278862057556
0.03561416902482033,0.0457287137045869,0.047179953688389016
0.03560275963949149,0.04571108353680503,0.047221303341051936
0.03559175637533094,0.04573713143428286,0.04730400264637777
0.03558025161467381,0.04575137294058912,0.04736602712537215
0.035567571646187415,0.04580731400754145,0.04746940125702944
0.035557470909196046,0.04581597879591064,0.04753142573602382
0.03553952875894512,0.045812768667409645,0.04759345021501819
0.03552956292144187,0.045753451872454554,0.04761412504134965
0.03551533764385427,0.04580803872554855,0.047738173999338405
0.03550548564093796,0.04583374616070544,0.04782087330466424
0.03549274793237559,0.04584141562091762,0.04788289778365862
0.035479380898418025,0.0458606784217601,0.04796559708898445
0.03546702903204786,0.045887856000947365,0.04806897122064175
0.03545419620407009,0.04587843299619487,0.04811032087330466
0.03543933053064079,0.045907319185794715,0.048213695004961955
0.03542502433966536,0.045872822368162335,0.048234369831293415
0.03541301021170616,0.04589642373180934,0.048317069136619255
0.03539836404623908,0.04586652018676188,0.048337743962950715
0.035383115519671424,0.045913268405479025,0.04844111809460801
0.03536944968219013,0.04588161603507673,0.04846179292093947
0.03535911393308667,0.04589362534219789,0.04852381739993384
0.03534647086453214,0.04591258836855056,0.04860651670525967
0.03533108505740295,0.04588712508288155,0.04864786635792259
0.03532196720322711,0.045882994469112724,0.04870989083691697
0.0353097107534821,0.045967177413082365,0.04887528944756864
0.035299673305396385,0.04597968971476282,0.04895798875289448
0.03528801259230511,0.046067306759771116,0.04910271253721469
0.035275193801853996,0.04611509397403604,0.04920608666887198
0.035261647940110115,0.0461053283287544,0.04926811114786636
0.03524413674044687,0.04613451874758408,0.049350810453192194
0.03523112946943064,0.0461556280524294,0.04943350975851803
0.03521547411446969,0.046225614927905,0.04957823354283824
0.03520549250906187,0.046179907216693294,0.0495989083691697
0.0351947645513113,0.04622988019461164,0.04970228250082699
0.03518057868561757,0.046261430876815494,0.04978498180615283
0.03516489184396684,0.04617538207827571,0.04978498180615283
0.03515300016238686,0.04622605363984674,0.049888355937810124
0.035142135192109646,0.046187388834700784,0.04992970559047304
0.0351333256859545,0.04611044394883818,0.050012404895798876
0.03511606726012334,0.04622296679865976,0.05019847833278201
0.035102447945570034,0.04623398349872628,0.05028117763810784
0.03509229837414057,0.0462245518079611,0.05032252729077076
0.03508199625266549,0.04622709510982966,0.05038455176976513
0.03506911757175258,0.04621387173756582,0.05044657624875951
0.03505774628566698,0.04624288389158928,0.050549950380416805
0.035046267078638706,0.046214281667264726,0.050591300033079725
0.03503696670502738,0.0462229265715795,0.0506533245120741
0.03502633395905655,0.046249528835280815,0.05073602381739993
0.035010633747655895,0.046235486723998416,0.05079804829639431
0.0349932875285464,0.04621572349502885,0.05083939794905723
0.03498206083932456,0.046217383142481694,0.0509014224280516
0.03496698070617214,0.046184701317688516,0.05094277208071452
0.03495724164489288,0.046273937215701694,0.051108170691366195
0.034945530723701455,0.04631031839512405,0.05121154482302349
0.03493313048339425,0.04631618265010739,0.05127356930201786
0.03491958336294701,0.04632340600115622,0.0513562686073437
0.034906700879845126,0.04635145197319434,0.05148031756533245
0.03489544786448489,0.04632005652869203,0.05150099239166391
0.034884690440175996,0.04635786189220311,0.051604366523321205
0.03487242020983054,0.046443879539086706,0.05174909030764142
0.034859324057918396,0.046447834226085664,0.05181111478663579
0.03484546717591748,0.04644363851676412,0.05189381409196163
0.0348309509569842,0.04644329039531316,0.051955838570956
0.034820466782937105,0.046526649933559726,0.052121237181607674
0.034807745437089116,0.046482041448484404,0.052121237181607674
0.034795374799901885,0.04648507284012008,0.052183261660602054
0.03478302977636984,0.04644833863523527,0.05222461131326497
0.03477206281995637,0.046432179263476904,0.052265960965927886
0.03475851772514472,0.046356401510983976,0.052265960965927886
0.034745856483598826,0.0463817476012598,0.05236933509758518
0.03473610889862957,0.04636064374542794,0.0524106847502481
0.034725064437240244,0.04631455913507196,0.05243135957657956
0.03471305987496301,0.04629494566406535,0.05249338405557393
0.03470126279151106,0.046259717089333505,0.05253473370823685
0.034690249299229675,0.046223224351747465,0.05255540853456831
0.0346790499832115,0.04620833711742803,0.052596758187231224
0.034666412079441045,0.04619013062409289,0.052638107839894144
0.03465346546544276,0.04618674011125405,0.05270013231888852
0.03464011817330025,0.04616526113865865,0.052741481971551436
0.03462789713035505,0.04613772671435797,0.052803506450545816
0.0346152004423601,0.04610165821619964,0.052824181276877276
0.03460532435407571,0.046165771352345245,0.05294823023486603
0.03459394831127747,0.04614913875339729,0.0530102547138604
0.0345838009471773,0.04617679836071467,0.0531136288455177
0.034571066433565285,0.04617677157579131,0.05317565332451207
0.03455970408789169,0.046179229210380014,0.05323767780350645
0.03454532306201454,0.04613428371868116,0.053258352629837906
0.03453500828387191,0.046121930718743855,0.053320377108832286
0.034524705306288817,0.04615439574179259,0.05342375124048958
0.03451188360327287,0.04615823642719555,0.05350645054581542
0.0344997794383283,0.0461549423731229,0.05356847502480979
0.03448757575748584,0.04617930739936648,0.05365117433013563
0.03447707699759148,0.04617407216586423,0.05373387363546146
0.034465198316337604,0.04613773889588842,0.05375454846179292
0.0344537999679888,0.0461950259691915,0.053878597419781675
0.034441462360235875,0.04615330121847549,0.053878597419781675
0.034432996758397436,0.04600112842936738,0.05394062189877605
0.03442200732815677,0.04598126232741617,0.05398197155143897
0.0344123663854871,0.045950936428383014,0.05402332120410189
0.03440150878519884,0.045927772608367425,0.05408534568309626
0.03438909145732727,0.045866096915990966,0.05414737016209064
0.03437854138399948,0.04584025894497419,0.0541680449884221
0.03436668943395373,0.04581753368165376,0.05420939464108501
0.03435428495499631,0.045746276465869054,0.05423006946741647
0.03434168725741144,0.045734097600919905,0.05427141912007939
0.034328141077667726,0.0457210459472155,0.054333443599073765
0.034317588416260876,0.045686424208772905,0.054436817730731064
0.03430576756783269,0.04571438470066519,0.05456086668871982
0.03429499825339647,0.045712506055782406,0.05462289116771419
0.03428305131597944,0.04563663362917429,0.05464356599404565
0.03426942371712851,0.04572029732852733,0.05480896460469732
0.03425707498581773,0.04575917854004789,0.054912338736354614
0.034247438990218225,0.04578458362009635,0.05501571286801191
0.03423560906919882,0.04580283819537505,0.055119086999669206
0.03422251553761922,0.04580794645155754,0.05518111147866358
0.034212242151389,0.045841687659589056,0.05530516043665233
0.03420095330729958,0.045831835840564085,0.05536718491564671
0.034191082868395915,0.04577416712179137,0.055449884220972544
0.034179532154805244,0.04575664621676891,0.05551190869996692
0.03416680632879239,0.045793342862977336,0.055635957657955676
0.03415400002049716,0.04580282360136593,0.05573933178961297
0.034144231051816666,0.04578546336993229,0.05578068144227589
0.03413188213002059,0.045732585526204315,0.05580135626860734
0.03412100081192908,0.045702199661590524,0.05584270592127026
0.03410841647506245,0.045723461798512506,0.055925405226596094
0.034097355122957536,0.04568236664022816,0.05596675487925901
0.03408409181177436,0.04567903315522443,0.05602877935825339
0.034074300585531174,0.04570168498661774,0.056132153489910686
0.03406419937790663,0.04573042586459086,0.05623552762156798
0.034053125816073546,0.045720138352530304,0.05629755210056236
0.03404315106216862,0.045698024774020754,0.05644227588488257
0.03403201773814295,0.04568171561335183,0.05650430036387694
0.034021895376306094,0.045752724966198734,0.056669698974528615
0.034012226545292415,0.045781164035277835,0.05677307310618591
0.034003628866688576,0.045740642067403754,0.05679374793251737
0.033992902286132526,0.045741849634065204,0.05685577241151174
0.03398115904759068,0.04572927736450585,0.05693847171683758
0.03396977143971326,0.045673834115287054,0.05695914654316904
0.033960685622024936,0.04565023015531344,0.05700049619583195
0.03394698805974873,0.045614673436647206,0.05702117102216341
0.0339334770453525,0.04562348238325707,0.05710387032748925
0.03391967962260324,0.04560523841725907,0.057165894806483625
0.033908423256898246,0.045685948234673875,0.0573312934171353
0.033898412863566166,0.045693795644450294,0.05743466754879259
0.033883078776222084,0.04570921577970195,0.05751736685411842
0.03387420628231739,0.045737943674417844,0.05778613959642739
0.03386559953187337,0.04580452160266785,0.0579308633807476
0.033856653489054964,0.04575952983429924,0.05795153820707906
0.03384605512355571,0.04575248654818197,0.05801356268607344
0.033832695559970094,0.04572461055133235,0.05807558716506781
0.033822108631929276,0.04570657387684753,0.05811693681773073
0.03381268706655469,0.045737201863908686,0.058240985775719484
0.0338018158044252,0.04574198988195616,0.058323685081045316
0.03378723999804968,0.04570771671901817,0.058365034733708236
0.03377247997096636,0.04568741212405256,0.05844773403903407
0.03376264465602671,0.045648842648600696,0.05850975851802845
0.033753215296462004,0.045592166714980516,0.05853043334435991
0.033740862282952415,0.045568602219720124,0.05857178299702283
0.033728343489288846,0.04552320349659339,0.05857178299702283
0.0337183474024835,0.04544069780492889,0.05859245782335428
0.03370847563064142,0.04542252393608505,0.05865448230234866
0.03369901320812383,0.04539643987088939,0.058737181607674493
0.033687312394976396,0.0453269985013233,0.05877853126033741
0.03367457314753674,0.045267620393451995,0.058943929870989085
0.033665064580838525,0.04525489574248791,0.05900595434998346
0.03365492098729315,0.04525152052711607,0.05906797882897784
0.03363756703840933,0.045304321700216636,0.05923337743962951
0.03362636672593616,0.04525930137072832,0.05925405226596096
0.03361202136245526,0.045240309588738786,0.0593367515712868
0.033598846352917766,0.04519133937562941,0.059378101223949716
0.033587656183504615,0.0451567287296724,0.059419450876612635
0.03357426518947921,0.045068705154058995,0.05960552431359577
0.03356215785843872,0.04506853164319835,0.0596882236189216
0.03354973367537538,0.04506063156582188,0.05977092292424744
0.033540718174095235,0.04501292311524928,0.05977092292424744
0.03352861649751469,0.044989902128320644,0.05987429705590473
0.03351939936480709,0.044974324764579035,0.059936321534899105
0.03351002575262919,0.04498264534523367,0.060019020840224944
0.033496749117689684,0.04495546208091055,0.06010172014555078
0.03348611127075157,0.04494416729732652,0.06016374462454516
0.03347394529296631,0.04491991799109001,0.06024644392987099
0.03346447707145402,0.04489381035252807,0.06026711875620245
0.0334522445684018,0.0449569495694957,0.060453192193185575
0.03344246302888391,0.04505896208378581,0.06090803837247767
0.033429587148010156,0.04503871588496724,0.06097006285147205
0.03342010530394836,0.04507596558667399,0.061094111809460803
0.0334096578622578,0.04506960733542511,0.061176811114786636
0.03339579195410245,0.0450860193790785,0.06128018524644393
0.03338681024508957,0.044987107538298196,0.06132153489910685
0.033371190901086145,0.044998106777735705,0.06142490903076414
0.03336142622819904,0.044993797089170624,0.06148693350975852
0.033352370112412544,0.04503755648586153,0.06161098246774727
0.033343372934115365,0.045076586433260395,0.061755706252067485
0.03333343694783703,0.04509295808599753,0.06187975521005624
0.033322479035361396,0.045071735795710895,0.06196245451538207
0.03331107250197811,0.04508172094700156,0.0620451538207079
0.033299698565630774,0.04505491208065775,0.06208650347337082
0.03328650404548501,0.0450697472318365,0.062189877605028115
0.03327677165721411,0.04503547160774688,0.062210552431359575
0.0332649565009114,0.04504544910895826,0.062293251736685415
0.03325541785256474,0.04500835421888053,0.06237595104201125
0.033247758262005406,0.044962233511613006,0.06239662586834271
0.03323221326381756,0.04496622325387614,0.06247932517366854
0.03322026794622384,0.04490893424844757,0.0625
0.03320770988010746,0.044877687175685695,0.06258269930532584
0.03319820419740472,0.04487910330633579,0.06266539861065167
0.03318662566489796,0.04480413895048042,0.06266539861065167
0.03317558238103782,0.04482570243175006,0.06276877274230896
0.033166289216885574,0.04464076418190342,0.06299619583195501
0.033158321865604364,0.04461608226913006,0.06305822031094939
0.033143384924982776,0.044604778874802825,0.06314091961627523
0.033132814060175306,0.04457409568261377,0.06318226926893813
0.03312100245215641,0.04454443522199409,0.06324429374793251
0.033109882680253166,0.04453805926786752,0.06338901753225273
0.033099843897444865,0.04455373723305478,0.06349239166391002
0.03308795293841258,0.04454004258462608,0.06357509096923586
0.033074573258886755,0.044547228445472285,0.06371981475355606
0.033065202990381334,0.044541371192536,0.06376116440621898
0.03305498696430341,0.04451141262814875,0.06382318888521336
0.03304626093582183,0.04447996313735655,0.06386453853787628
0.0330374894686271,0.04450096272667184,0.06402993714852795
0.033024769247234485,0.04450378282153983,0.06409196162752233
0.033017775625782196,0.04446895050412466,0.06419533575917963
0.03300678484144721,0.044448893783161476,0.064257360238174
0.03299840876633993,0.04441557329069286,0.06431938471716837
0.03298958315603235,0.0443899588031532,0.06438140919616275
0.03297918240981898,0.044424516753494465,0.06452613298048296
0.032968253670574474,0.044409086388884945,0.06462950711214026
0.032957100548436334,0.04438579314063542,0.06467085676480318
0.03294286381706471,0.04443216123134487,0.06481558054912338
0.03293027842419707,0.04440517424188874,0.06493962950711214
0.03291761791975501,0.04442875300098856,0.06504300363876943
0.03290619232793079,0.044411212843700185,0.06508435329143235
0.032894992351045683,0.044329360109205025,0.06512570294409527
0.0328829623407479,0.0442577345659932,0.06512570294409527
0.03287404435071137,0.04426751145937005,0.06529110155474695
0.03286511705979571,0.04425522379698616,0.06533245120740985
0.032854026182813,0.04422192075856957,0.06537380086007277
0.032841119867720744,0.04421602446824854,0.06545650016539861
0.032831039236208545,0.04399086694803847,0.06572527290770758
0.03282226940337487,0.0440459249229749,0.0659113463446907
0.032810991521495254,0.044063073378674794,0.06603539530267946
0.032799454970586936,0.04406172499311105,0.06611809460800529
0.03278888218688847,0.044056136488717666,0.06620079391333113
0.03277497809658597,0.04404070366250566,0.06630416804498843
0.03276572745485412,0.04405050795870522,0.06642821700297717
0.03275284974686445,0.043892766928321156,0.0668210387032749
0.032742790601497276,0.04392789373814042,0.06700711214025802
0.032731982943639014,0.04388481420336139,0.06704846179292094
0.03272090694847102,0.043848981136154805,0.06708981144558386
0.03270927642081728,0.04384319546589299,0.06717251075090969
0.032694369841391464,0.04392420076553992,0.06737925901422429
0.0326833052964329,0.043909729889855385,0.06742060866688719
0.03267362492122059,0.04392532157690292,0.06756533245120741
0.032663363818260426,0.04387730456484985,0.06760668210387033
0.03265520481599981,0.043923218089025225,0.06779275554085346
0.032642159077209264,0.04386387350509672,0.06779275554085346
0.032631002481011764,0.04384220012015219,0.06789612967251075
0.032619942009995025,0.043854972007464674,0.0680201786304995
0.03260616941047672,0.04387283929260536,0.06816490241481972
0.032593660996444535,0.04386419507009501,0.06824760172014555
0.03258132973623179,0.04380646616341855,0.068268276546477
0.032569226208728146,0.04380025391451545,0.0684750248097916
0.03256166745945876,0.04381103193454738,0.06864042342044327
0.03254516972258849,0.04380638788277906,0.06876447237843201
0.03253284752446636,0.04381856928622169,0.06886784651008931
0.03252165878260421,0.04387059488001261,0.06905391994707244
0.032511561268899536,0.043839748213231916,0.06911594442606682
0.03250142938351761,0.04367006003654399,0.0691779689050612
0.03248889658381779,0.0436957059689246,0.06936404234204432
0.03247807084186845,0.04363981239687675,0.06944674164737016
0.03246653784641003,0.0435819348150068,0.069529440952696
0.032453857220168435,0.043540125213431986,0.06959146543169037
0.03243997147212662,0.043545617681612206,0.06973618921601059
0.03242795317540976,0.043503480278422275,0.06977753886867351
0.032415897458733356,0.04338858757925292,0.07045980813761164
0.032403755815001094,0.04338814074441435,0.07054250744293748
0.03239231472467099,0.04339823817623315,0.07068723122725769
0.032379325703954104,0.043396728456850345,0.07081128018524645
0.032367817833108214,0.04343425397588532,0.07097667879589811
0.03235867276666297,0.043424442984893646,0.07108005292755541
0.032347303289101445,0.04338285368375917,0.07112140258021833
0.03233440548990942,0.04336326653988085,0.0711834270592127
0.032325526283238544,0.043326881017622366,0.07126612636453854
0.03231699750967486,0.043351113900219646,0.07141085014885874
0.03230765306369377,0.04332518950072042,0.07149354945418458
0.03229804916821665,0.043273318329582394,0.07155557393317896
0.032285289155562294,0.04324810227726728,0.07161759841217334
0.03227445684233328,0.04323631202848393,0.07180367184915647
0.03226175614709853,0.043261458877365766,0.07192772080714523
0.032248619813726634,0.04320466674941045,0.07196907045980813
0.03223533159322507,0.0432153830904946,0.07211379424412835
0.03222275204254461,0.043197880952086244,0.07215514389679127
0.03221289738637987,0.043200949308413984,0.07225851802844856
0.032200449985467276,0.043253855557064715,0.07242391663910024
0.032193905166893716,0.04317885037080839,0.07246526629176316
0.03218219526231803,0.043194633840710574,0.0726926893814092
0.032170749198187215,0.04319124395690692,0.07277538868673503
0.03215886036178299,0.04316291150561743,0.0728374131657294
0.03214957810552664,0.04317768196308827,0.07308551108170691
0.032140791933772964,0.04318503341626421,0.07320956003969567
0.032132597852713704,0.04314393478525368,0.07331293417135296
0.03212037025449173,0.04312429371666039,0.07337495865034734
0.03211086677870109,0.04308211200621178,0.07341630830301026
0.032099687478293344,0.04312984953577611,0.07366440621898776
0.032087968770358084,0.04313270766146079,0.07382980482963943
0.03207859546981975,0.043189849601389406,0.07403655309295402
0.032068113482829466,0.0411546952701648,0.07631078398941449
0.03205826202424958,0.04115565250294923,0.07645550777373471
0.032048325715768954,0.0411007584927871,0.07651753225272907
0.03203769946093052,0.04108237537274551,0.07662090638438637
0.03202625355085822,0.04111288321814638,0.07674495534237512
0.03201332831223629,0.04113377882019737,0.07686900430036388
0.03200034276466426,0.041102396995471115,0.07693102877935826
0.03199158765051101,0.04110434859310223,0.07707575256367846
0.031983492303276725,0.0410584945952491,0.07711710221634138
0.03197281922909615,0.04103932615117671,0.07726182600066159
0.03196371780264261,0.04100230288408817,0.07730317565332451
0.03195321009788229,0.0410401208221157,0.07753059874297055
0.03194198800888235,0.04106280193236715,0.07767532252729077
0.03192915418837464,0.0410381786033922,0.07773734700628515
0.03191837635730646,0.0409920020920958,0.07777869665894807
0.03190749096095971,0.04096862625647274,0.0778613959642739
0.03189488031017424,0.04093961888235483,0.0790191862388356
0.03188546913104981,0.040942238189944614,0.0791639100231558
0.03187555860042432,0.04089112391992244,0.07934998346013894
0.03186101374718344,0.040889068584682824,0.07945335759179623
0.03184933843525549,0.04086160771158011,0.07957740654978498
0.03183822903689893,0.04087817076013478,0.07976347998676811
0.03182911058020768,0.04092409939465775,0.07994955342375124
0.03181924656730509,0.040899384765005604,0.07999090307641415
0.031808013638008954,0.04085334345703228,0.08009427720807145
0.031799480811652035,0.040840815553193056,0.0802183261660602
0.03178873384428236,0.0408223324644749,0.08030102547138604
0.031774905771979445,0.04084241408214585,0.08059047304002646
0.031764417437770295,0.04086566133302636,0.08073519682434667
0.031752945359214045,0.04082335985964033,0.08081789612967251
0.031742399399502186,0.04074664001582394,0.08092127026132981
0.031729988213834194,0.04078047360651989,0.08110734369831293
0.031719572738932535,0.040756808369312524,0.08119004300363877
0.03170803655524628,0.040767535007917535,0.08143814091961628
0.031698461351218565,0.04077432964851142,0.0815208402249421
0.03168897476739912,0.04074445121510385,0.08156218987760502
0.03167440794490347,0.0407035486731138,0.0816242143565994
0.03166293669976798,0.040676605032327146,0.08168623883559378
0.031653752909723686,0.0406388897443004,0.08185163744624545
0.03164529772403007,0.040622378623892626,0.08209973536222295
0.031634556340238304,0.04063182384032979,0.082327158451869
0.03162082783069522,0.040616317765949865,0.08251323188885214
0.03160869580641768,0.040604391696218996,0.08261660602050942
0.03159847908427427,0.040585387636629354,0.0826786304995038
0.03158394143650346,0.040599416389721976,0.08284402911015548
0.03157012416574976,0.040615608778799744,0.08298875289447569
0.0315589608881943,0.040608521728589614,0.08311280185246443
0.03154615213109595,0.04059249094413109,0.08317482633145881
0.03153436593246619,0.04060617052576426,0.08331955011577903
0.03152438656041186,0.04058536193137274,0.0834849487264307
0.031510258654803676,0.04058072590738423,0.08379507112140258
0.03150042931823896,0.04057295935707003,0.08391912007939133
0.03148876769285892,0.040577483337989384,0.084084518690043
0.031479000589792715,0.04056486499925414,0.08433261660602051
0.03147178055005322,0.0405385279837965,0.08441531591134635
0.031459055679289145,0.04052098408104197,0.08451869004300364
0.031450951574030835,0.04053117325516913,0.08462206417466094
0.031438132252039265,0.04047999684212604,0.08480813761164406
0.031427725234208434,0.04043987229514012,0.08484948726430698
0.031417611263576846,0.040479774871840284,0.08505623552762157
0.03140750184178171,0.04048714319414956,0.08515960965927886
0.031392991414002314,0.04039564864679953,0.08544905722791929
0.03138334076709418,0.04039477152256465,0.08555243135957658
0.031372414158266235,0.04037626206186168,0.08590390340721138
0.03135963141876515,0.040330629766369176,0.08604862719153158
0.031346291866911985,0.0402954158277838,0.08606930201786304
0.03133284725207885,0.04029024435018696,0.08621402580218326
0.03132478466926809,0.04027046318266875,0.08631739993384055
0.03131503976140065,0.04015176984774987,0.08642077406549785
0.03130144148736397,0.04006821752960564,0.08646212371816077
0.03128909603132573,0.03999885335346335,0.08654482302348661
0.03127664609055412,0.040001905760160085,0.08679292093946411
0.03126407096120994,0.04,0.08687562024478994
0.031249818632525145,0.03998669960098803,0.08702034402911016
0.03123931121931195,0.039953764673557754,0.08718574263976182
0.031229822145018654,0.03989165927407939,0.08739249090307641
0.031220844373142886,0.03985319719569002,0.08755788951372809
0.031207624149684074,0.03953684093704625,0.08838488256698644
0.031195526569131233,0.03945391358855468,0.08848825669864373
0.031185473278758185,0.03947889333885743,0.0886536553092954
0.031174408648844337,0.03947935285760117,0.08904647700959312
0.031163837981105592,0.03948175055585547,0.0892118756202448
0.031153962597825033,0.039490271307207454,0.08937727423089646
0.031143238294048012,0.039502613741070856,0.08952199801521667
0.031132365652730403,0.039479558645321766,0.08958402249421105
0.031124205132652863,0.03942639350347188,0.09003886867350314
0.0311076726461673,0.03945525362155128,0.0902662917631492
0.03109722463059477,0.03945195093552842,0.09036966589480648
0.031085889530278535,0.03938076155905767,0.09061776381078399
0.031077131773827198,0.039399809862060306,0.09082451207409857
0.03106795804104118,0.03940269663323462,0.09105193516374463
0.03105708247310314,0.03933195420337411,0.09119665894806483
0.031046190946503755,0.039304415856900275,0.09140340721137942
0.031032318357516946,0.03926334652165428,0.09150678134303672
0.031019667031821543,0.03923514504953127,0.09154813099569964
0.031007653273026764,0.03920581507290921,0.09177555408534568
0.030996708260516072,0.039046314828470104,0.09196162752232881
0.030987009014940774,0.03905592935239697,0.0921683757856434
0.030973954000228152,0.03901838777522756,0.09243714852795236
0.030959124627435816,0.03897289635922541,0.09266457161759842
0.030946987614996008,0.03895968519531962,0.09272659609659278
0.030933303346169533,0.03897556871894053,0.09291266953357592
0.030918125765320322,0.03888382178320054,0.09342954019186239
0.030907730432632022,0.038900775953185016,0.09359493880251406
0.030894494612690934,0.03894610367318915,0.0938223618921601
0.03088637142278689,0.03893581153355753,0.09407045980813761
0.030873682413839903,0.038908211487023475,0.09413248428713199
0.030864684347877057,0.03886058912721264,0.09431855772411511
0.030855321085581585,0.0388460099962599,0.09448395633476679
0.030843258674625305,0.03881354063292535,0.09460800529275554
0.03083195875520397,0.03879701522637895,0.09545567317234535
0.03082231152400415,0.03881581154994799,0.09566242143565994
0.030814062837954452,0.03879696728521761,0.09574512074098578
0.03080320690950957,0.038808467910635094,0.09588984452530598
0.030788948942230762,0.03883389717245124,0.09611726761495204
0.0307769409861751,0.038805125173794676,0.09636536553092954
0.030767297949616357,0.03884212448739022,0.0967375124048958
0.03075383679764766,0.038844770131140474,0.09688223618921601
0.03074324838260746,0.03879395495851442,0.0974404565001654
0.03072946662671589,0.038796080107862806,0.09756450545815415
0.03071851272132356,0.0387854609929078,0.09768855441614291
0.03070542059213167,0.03883288951332277,0.0982881243797552
0.030692964708661754,0.03880263361861482,0.09832947403241812
0.030679850574380323,0.03875320710597253,0.09868094608005293
0.030670658026678035,0.038681728005182395,0.09876364538537877
0.030662306810398922,0.03862280277374617,0.09903241812768773
0.03064920734474839,0.038590050159819006,0.0990944426066821
0.030635662951242065,0.038451415308783765,0.09967333774396295
0.03062548911711285,0.03843273474720757,0.09973536222295733
0.030611133404379928,0.0384208474859402,0.09985941118094609
0.030597443357710395,0.0384291479963136,0.10000413496526629
0.03058495103602738,0.03839350166186748,0.10006615944426067
0.03057547198990394,0.03837410995033939,0.10016953357591796
0.030566043638611526,0.038356077786821124,0.1003556070129011
0.030550385804709628,0.03831493061571661,0.10058303010254714
0.030538227210233772,0.03827574560335551,0.1007484287131988
0.03052943679853207,0.03827616203888745,0.10097585180284485
0.030518816672693874,0.038140008799759165,0.10215431690373801
0.030507370122385486,0.038137096152363326,0.10225769103539531
0.03049873528512075,0.03808490834544881,0.1023610651670526
0.030487121869399423,0.03814751496845317,0.10287793582533906
0.03047890558844921,0.03821124517670117,0.10318805822031095
0.03046990963890024,0.038220843425969084,0.103415481309957
0.030456134924991628,0.03821310774493037,0.10347750578895137
0.030447736002619557,0.03821927395551228,0.10387032748924908
0.030435516639037062,0.03818695506880943,0.10395302679457492
0.030424521352724235,0.03824055545449033,0.10430449884220973
0.03041443827485065,0.03821347830360586,0.10449057227919285
0.030401468791418,0.03821151101950214,0.10463529606351307
0.030390205738193586,0.038062051866246734,0.10568971220641747
0.030379335967701898,0.03808023305934987,0.10593781012239498
0.030366402870241317,0.03806972896371096,0.10608253390671518
0.030354567964268612,0.038070313310893965,0.10616523321204102
0.030345300020377858,0.03804504711220328,0.10626860734369831
0.0303344469169556,0.03792019275975552,0.10672345352299041
0.030321410204260338,0.03792109067161715,0.10684750248097916
0.030308463893473993,0.03791739894551845,0.10705425074429374
0.03029426534585836,0.03789968032888817,0.10711627522328812
0.030281670881469394,0.03786884767902962,0.10740572279192855
0.03026830277359081,0.03756388415672913,0.10941118094608006
0.030257109028514265,0.03754621563044495,0.10959725438306318
0.03024658510232149,0.037549714803334605,0.10970062851472048
0.03023361808787948,0.037394082511459925,0.11131326496857426
0.030222138999052607,0.037429447087048776,0.11160271253721468
0.030209855637349285,0.03736019288028573,0.11180946080052928
0.030197754791732423,0.03730942814684352,0.11211958319550115
0.03018581768541073,0.03732837724772656,0.11253307972213034
0.0301771979265646,0.0373477802282098,0.11273982798544492
0.03016839443659133,0.03736247204994427,0.11296725107509097
0.03015661877385267,0.03734363377032846,0.11313264968574265
0.03014451976724827,0.037363746054685634,0.11331872312272577
0.030134065908153835,0.03728852572217747,0.11387694343367516
0.030119742294777888,0.037276720944199634,0.1142077406549785
0.030107460979045955,0.03729053575643144,0.11433178961296725
0.03009311713089285,0.03725709210313829,0.11447651339728747
0.030082499770330264,0.037278933505348597,0.11470393648693351
0.030065737324310435,0.037142480558850666,0.11652332120410189
0.030052944278308163,0.03714436248682824,0.11660602050942773
0.03004086318740329,0.03714146751846886,0.11683344359907377
0.030030976022859826,0.03715779598638072,0.11710221634138274
0.030022829388551005,0.037155350737084654,0.11735031425736024
0.03000744876348151,0.03715066987649152,0.11741233873635462
0.029997520379583812,0.037118502467169676,0.11757773734700629
0.029986720034541645,0.037092578224328925,0.1176190869996692
0.029972509306547834,0.037083452377860315,0.1180739331789613
0.029958809733678676,0.03707089370806185,0.1182186569632815
0.029946318403738792,0.03706990361695513,0.1183220310949388
0.029935266377954996,0.03691732318883419,0.11877687727423089
0.029925891682464734,0.03691729371540006,0.11898362553754549
0.029911500128886933,0.03687724441656372,0.11910767449553424
0.029900885146112974,0.036867119732475424,0.12012074098577571
0.029890822920434282,0.03683635513959671,0.12059626199139928
0.02988004096278509,0.0368206059230682,0.12076166060205094
0.029867770838197596,0.03681116733378647,0.12092705921270261
0.029856441991802693,0.03654003305622631,0.12295319219318558
0.02984548512394266,0.03652752296392654,0.12307724115117433
0.029835366701609214,0.036534408391334185,0.12328398941448891
0.029819261742503763,0.036532644238423576,0.12334601389348329
0.02981024756140916,0.0365163734115347,0.12357343698312934
0.029796081368251015,0.03653511583188353,0.12373883559378102
0.02978494832484134,0.036559335948189366,0.1242970559047304
0.029774622154121102,0.03654499176887237,0.12437975521005623
0.029760334878209675,0.03649648281326551,0.1247519020840225
0.029745550490406687,0.03650794609581222,0.12495865034733708
0.029731072764583352,0.03650832916020586,0.12510337413165729
0.029719987278011815,0.03652106845666701,0.12531012239497188
0.02970916149906978,0.03647751064905061,0.1253514720476348
0.029699410734206993,0.036492361644888546,0.12564091961627522
0.02968657722373756,0.03648916962095173,0.12576496857426397
0.029672605836982804,0.03649639412268975,0.12586834270592126
0.02965937446025589,0.03651571031708018,0.1260957657955673
0.029642117105262447,0.036321648507816204,0.1268193847171684
0.0296279289396724,0.036267083813601185,0.12750165398610652
0.029617179444428172,0.036284043834650524,0.12766705259675817
0.029605670509034017,0.035846647180680494,0.1305822031094939
0.029593516382013147,0.03584105419534821,0.13068557724115118
0.029581283313433335,0.035791101903025306,0.1310783989414489
0.029566802443764806,0.035753724111509254,0.13120244789943764
0.029557030392007785,0.035680866919555555,0.13165729407872973
0.02954691446584713,0.035668319324909624,0.13178134303671848
0.029537817614973896,0.03560383571396787,0.1323395633476679
0.02952465549973593,0.035638365774736225,0.13275305987429706
0.029512248835726007,0.035655467264066716,0.13293913331128018
0.029500189394328646,0.035643136994488345,0.13316655640092623
0.029483219412615613,0.03563572857600778,0.13331128018524643
0.02947028347428477,0.03561943360075976,0.13337330466424083
0.029458693056838042,0.03561002797812519,0.13341465431690375
0.029447478495515565,0.035607735872987864,0.1334973536222296
0.02943673753626408,0.03557527079478888,0.13397287462785312
0.029421707321428438,0.0355642569620392,0.1340762487595104
0.029409382138893155,0.0355789035452912,0.134282997022825
0.02939926583709625,0.03556187766714083,0.1343863711544823
0.02938869797742214,0.03555475366455077,0.13444839563347669
0.029375991593375686,0.035564053537284895,0.1345931194177969
0.029362602214776306,0.035562948218035066,0.13482054250744294
0.029348676482699208,0.0354503096368044,0.1357509096923586
0.02933476100320516,0.03544526461193128,0.13581293417135296
0.029318831800543857,0.03544299705853832,0.13601968243466755
0.02930893432379804,0.034818429755060006,0.1391002315580549
0.029295400791646022,0.03484329530529731,0.1398652001323189
0.029280253368801135,0.03474976586129777,0.14038207079060536
0.0292683940792101,0.03472736465264975,0.14058881905391996
0.029259912034386812,0.034713508992053534,0.1407128680119087
0.029245689943031762,0.03471408632932283,0.14089894144889184
0.02923496881498425,0.03470775220915907,0.14153986106516706
0.029224200600555757,0.034713498399319205,0.14168458484948726
0.02921211567555124,0.03466486257244986,0.14195335759179623
0.029195340664948857,0.034660532594823365,0.1420567317234535
0.029185644258724414,0.0346702854845195,0.14261495203440291
0.029170036589538467,0.03465368911120821,0.14265630168706583
0.02915944639432661,0.034653812972734385,0.14284237512404896
0.029144425080393395,0.03465361385544578,0.14329722130334105
0.029132503602389434,0.034626315002243606,0.1435866688719815
0.029118430891056393,0.0346669454359005,0.14397949057227918
0.029102651243338495,0.03464785371237658,0.1440828647039365
0.029089813289734933,0.0346141443206906,0.14424826331458815
0.029075255713800145,0.03448241898946124,0.14476513397287463
0.02906154125451237,0.034462768910308375,0.1450339067151836
0.02904566500190053,0.03445314646881011,0.14515795567317236
0.029032022864061393,0.0344797147859178,0.14536470393648693
0.0290177270196907,0.03449725312322822,0.14592292424743633
0.029004588613643634,0.034386864314560006,0.1469980152166722
0.02899318546008283,0.03433614698314215,0.14759758518028449
0.028979248500610472,0.03433064365156701,0.14786635792259345
0.028966677547245436,0.03433881604171459,0.14813513066490241
0.028952956374441285,0.034343473017210024,0.14836255375454846
0.028943850292766568,0.03371181832720294,0.15253886867350314
0.02893202017537227,0.033731662117380705,0.15278696658948066
0.02892118420149773,0.03351799450001993,0.15648776050281177
0.028907664337865346,0.033462640511351116,0.15694260668210386
0.028894659875298007,0.03347413022317555,0.157128680119087
0.028878850763814586,0.03346369231175298,0.15727340390340722
0.02886478623594325,0.033466237037492914,0.15739745286139598
0.02884803696739413,0.033468943035138435,0.15750082699305326
0.028838264367720554,0.03348652243188791,0.1577282500826993
0.028825277391877627,0.03349697554133427,0.15799702282500827
0.028813500468814736,0.03350545941897592,0.15816242143565995
0.028803340969076767,0.033498954661161505,0.15834849487264308
0.02879051495803071,0.03352201945142607,0.15855524313595765
0.028776977269997138,0.033510039038278476,0.15865861726761496
0.028764099287602644,0.03352111323957429,0.1588240158782666
0.028751259029524603,0.033529962343005155,0.1592375124048958
0.02873755108650405,0.03349694793070135,0.15985775719483955
0.02872250766394966,0.03349340307697637,0.15991978167383394
0.02870759804751129,0.03350856411630943,0.16025057889513727
0.028696409975960794,0.03339166688112824,0.16095352299040688
0.028683825510559962,0.033384005995075475,0.16118094608005293
0.028667970330981993,0.03337805388684276,0.16151174330135626
0.028657054712876433,0.03335437800206465,0.1616564670856765
0.028644847365542524,0.03334156687051769,0.16186321534899106
0.028632509100894828,0.03334553222635472,0.16200793913331127
0.02861983720289616,0.03334693738734143,0.16217333774396295
0.028608770424029754,0.03316864544209456,0.16322775388686736
0.028595273130179597,0.03316471106819756,0.16333112801852465
0.02857987441823581,0.03314766616792191,0.16351720145550777
0.028565568677725476,0.033155022016843304,0.1637652993714853
0.028553343028229913,0.03313475888881921,0.16386867350314258
0.02854260252396517,0.033127917989627706,0.164158121071783
0.028528874202066637,0.03311302434511556,0.16428217002977175
0.028515635937242184,0.033094525457807604,0.16436486933509759
0.028498723597383133,0.03309095749548665,0.16446824346675487
0.028485501898496413,0.033053986384422786,0.16512983790936156
0.028472842396655217,0.03195960368530522,0.1693268276546477
0.028458609455361095,0.03195015245923373,0.16940952695997355
0.028438880297452312,0.03186073310132461,0.17091878928217002
0.028425243014131556,0.0318657570236027,0.1710221634138273
0.02841058391020497,0.03186625409873921,0.171187562024479
0.028398636926012275,0.031851044560762584,0.17160105855110816
0.02838657416762018,0.03182121005597715,0.1718284816407542
0.02837089349193715,0.03182247656061725,0.17199388025140588
0.028356942578327403,0.03180757315894619,0.17215927886205756
0.028344621913729252,0.03181785205634276,0.17228332782004632
0.028330215176078963,0.03174518911745189,0.17308964604697322
0.028317273003259848,0.03177074280359424,0.17383393979490572
0.02830171048623374,0.031768252878160694,0.17406136288455176
0.028288386358838884,0.03176785176257909,0.17439216010585512
0.028267851549466944,0.03177762060974509,0.1746402580218326
0.02825152285342026,0.03179103804094403,0.17478498180615282
0.028237593502460915,0.031824656216293414,0.17507442937479326
0.028226888690535266,0.03180733201225004,0.17521915315911346
0.02821449783470545,0.03178309974248155,0.1753018524644393
0.028199067857908277,0.03175006920078702,0.17548792590142243
0.028187528051158647,0.0317416423142176,0.17561197485941119
0.028174875410344358,0.03172084758164469,0.17567399933840555
0.028161939215277303,0.03172140236505846,0.1762528944756864
0.028149649968301944,0.0317163624472323,0.176459642739001
0.028137632573475718,0.03154834357447682,0.1779068805822031
0.028121008936712474,0.03154066999663097,0.1780722791928548
0.02810935150117965,0.031593652744102016,0.17860982467747272
0.028098082825016947,0.03156788627971804,0.17887859741978168
0.028084506589729545,0.03156977930672575,0.17910602050942773
0.028071164435857377,0.031583312719176984,0.17949884220972545
0.028058153755222456,0.0315831561347073,0.17964356599404566
0.028045056156855184,0.03156389192407241,0.17976761495203442
0.028032907972784744,0.03157120016242418,0.18003638769434338
0.02801987960601278,0.031565903606600144,0.1801190869996692
0.02801084945563259,0.03153034348455999,0.18042920939464108
0.027993763839299735,0.0315291606884071,0.1808220310949388
0.027977615617015898,0.03151266530881552,0.18169037380086006
0.027963093641058187,0.0314883615948753,0.18171104862719153
0.02795205332185173,0.03146626800333332,0.18189712206417466
0.027934143359057917,0.031460320750873,0.1819798213695005
0.027919918948570318,0.03146779453948567,0.1821245451538207
0.027902912282231275,0.031476988940420975,0.18241399272246114
0.02789025214007559,0.03149188392065228,0.1827861395964274
0.02787916712507302,0.03142557110884039,0.18375785643400597
0.02786334717720216,0.031415314700883094,0.18379920608666886
0.027848756850200142,0.03043224414020218,0.19182103870327488
0.027831047857879498,0.030439071066006483,0.19204846179292093
0.027814367914516948,0.03043269026160459,0.19219318557724116
0.02780041501416066,0.030435889734783686,0.19275140588819054
0.02778668551363916,0.03042492455754017,0.19281343036718493
0.027772856759260247,0.030439581549361352,0.19328895137280847
0.02775629104976317,0.030434216945844854,0.19345434998346014
0.02774295595612866,0.030425502191350904,0.1936197485941118
0.02773063730206835,0.030418806359676174,0.19374379755210056
0.027714149348477234,0.030431680342490188,0.19399189546807807
0.027700253451725058,0.03042526032048416,0.19415729407872973
0.027682614976487198,0.030425313653853,0.1943847171683758
0.027667131611368856,0.03043073280852798,0.194529440952696
0.027649561909682013,0.03044123303478213,0.19471551438967913
0.027635846059298676,0.030438859654493486,0.19529440952695998
0.02762245330468809,0.030431534681838963,0.19539778365861726
0.027607620831726222,0.03042963649111973,0.19560453192193186
0.027594408584531976,0.030303897896923483,0.19694839563347669
0.02758483358754662,0.030292624141889164,0.19696907045980813
0.02756961442541018,0.030222859540254356,0.19957409857757194
0.02755783343852927,0.030227929856182643,0.19971882236189217
0.02754218657453029,0.030214251616949184,0.20021501819384718
0.027525867767693633,0.030193957478552778,0.20083526298379092
0.027513207239609743,0.030185811334801624,0.20118673503142573
0.027502730025847303,0.030177434143682007,0.20141415812107177
0.027486704423469017,0.03018183394109744,0.20157955673172345
0.02747309929220158,0.030180601013444535,0.2017036056897122
0.027460691057754807,0.03017274685739189,0.20182765464770097
0.027445621819553446,0.03011907325928433,0.20238587495865035
0.02743194448180803,0.030117166723543715,0.20253059874297055
0.02741853175528845,0.030123885978220143,0.20279937148527952
0.027400235288390473,0.03005699570396407,0.2036677141912008
0.027383261486997046,0.03005578524356916,0.20395716175984122
0.027368367771063044,0.029990599508748522,0.2044740324181277
0.027351845901320403,0.029993968472386816,0.20459808137611643
0.027338678191579736,0.02999418470820562,0.20474280516043666
0.027319748385405133,0.029996064303230298,0.20484617929209395
0.027307698695431534,0.02999857941236032,0.20519765133972875
0.02729348476048247,0.02998044163276147,0.2053630499503804
0.027279772206770206,0.029873267646873904,0.20629341713529606
0.02726393208250181,0.029872126127419317,0.2065208402249421
0.027245030951400896,0.02990898045572462,0.20714108501488587
0.0272294279078186,0.02989858871027859,0.20730648362553755
0.027216067616504174,0.029908662880558923,0.20763728084684088
0.027200219456827997,0.02991853378661741,0.20796807806814424
0.027183422969702716,0.02991477095622178,0.2083402249421105
0.027167869854865172,0.029907634262527513,0.20846427390009925
0.0271519551021388,0.029929008640493235,0.20875372146873966
0.027136185995412895,0.02993295586458506,0.2089811445583857
0.027119974245669514,0.029974469041864262,0.20947734039034072
0.02710218292591208,0.03000035482382997,0.20976678795898115
0.027084650702196858,0.02999802119974364,0.2099942110486272
0.027069188633716212,0.02999433233755653,0.21007691035395304
0.02705406542305663,0.029999056726132223,0.21040770757525637
0.027041145062816255,0.03001853540851452,0.2109452530598743
0.02702177404446364,0.029083629132275586,0.22496278531260339
0.027010006887518805,0.02908618713378417,0.22506615944426067
0.026993008378499928,0.029091489701421044,0.22601720145550777
0.026979752611135225,0.029095887497673924,0.22628597419781674
0.02696482492164712,0.029087925045412535,0.22645137280846842
0.026951259164722397,0.029094933399858282,0.226658121071783
0.02693739422372419,0.02907634394644612,0.22692689381409195
0.026922288985548805,0.029076074015673036,0.2272163413827324
0.026908694121731386,0.029083832826128916,0.22742308964604696
0.026892514273778426,0.029087632801993252,0.2276091630830301
0.026877560125625293,0.0289778522512021,0.23025554085345684
0.026862214072711617,0.028960946130352848,0.23035891498511413
0.026851117315670567,0.028960583160361306,0.2304829639431029
0.02683579953826458,0.028953807273868922,0.23071038703274893
0.026819342534363258,0.02892370709607015,0.23124793251736686
0.026803262488876992,0.028621449909327367,0.23592044326827655
0.026788955771330787,0.028610115531706146,0.23633393979490572
0.02677421942912132,0.028612750752539117,0.23641663910023156
0.02675556867003495,0.028623229178388786,0.2366440621898776
0.02673772330762381,0.028559840554575472,0.2373056566324843
0.026722776767255447,0.028550863128110303,0.23782252729077075
0.02670703352491094,0.028527296303550664,0.23788455176976514
0.026692226427530347,0.02854042483611553,0.23817399933840555
0.02667403859394075,0.02855297285524779,0.23852547138604036
0.026660571865969665,0.028560336492691768,0.23879424412834932
0.026646322497623425,0.028558082518153102,0.2388976182600066
0.026630930022272313,0.028539540028939558,0.238959642739001
0.02661447546097882,0.02854492662096255,0.23922841548130996
0.026598809642273784,0.028534527591756856,0.23935246443929872
0.026583648216325095,0.028548839179716557,0.23964191200793913
0.026568612305089463,0.02854675524763746,0.2405722791928548
0.02655018125755628,0.028542073812156864,0.24065497849818063
0.026528564314791486,0.028538999875247367,0.24121319880913
0.026509778444568866,0.028539524064340988,0.24148197155143897
0.02649329302397083,0.02853807966829702,0.24162669533575917
0.02647747086106146,0.028508200037533238,0.24183344359907377
0.026461513416494036,0.02850054415441812,0.2420195170360569
0.026446381384674,0.028439222085172838,0.24359080383724777
0.02642882595408224,0.02843819924322163,0.24410767449553425
0.02641659279440883,0.028446974348601852,0.24425239827985445
0.026401250760371094,0.028467791949309398,0.24485196824346675
0.026385240465306888,0.028500190962088622,0.24530681442275884
0.026366888130725474,0.02836314120128199,0.2471882236189216
0.02635103952100925,0.028344901555922,0.24805656632484288
0.026332411789771103,0.028361545379652863,0.24840803837247766
0.02631622936221163,0.028348658841476335,0.24896625868342706
0.02630118570709746,0.028361905344287047,0.24931773073106187
0.026285761131426808,0.028358878803330035,0.24952447899437644
0.026269959085911752,0.028361201500701986,0.24975190208402248
0.0262520855575404,0.028376024410489028,0.2509096923585842
0.026235627469101085,0.028355890215398395,0.2513231888852134
0.026217474988467646,0.028342199963246325,0.2519020840224942
0.026198237329710296,0.02833900826254198,0.2520881574594773
0.026178147763289757,0.02833055173198207,0.25233625537545484
0.026163419369589585,0.028345302380819833,0.25264637777042676
0.02614636049518786,0.028340859985719453,0.25274975190208404
0.026130584754652495,0.028362208116125956,0.25320459808137613
0.02611123510845623,0.02836953253301876,0.2535767449553424
0.02609956691826105,0.028368958302024207,0.25368011908699967
0.026083604715975477,0.02838128656592905,0.25384551769765135
0.02606554860733091,0.028366632490001015,0.2539695666556401
0.026047739122809756,0.028389726940264436,0.25454846179292095
0.026029397739183637,0.028396846738990292,0.25500330797221304
0.026010586240272464,0.028262909736434458,0.2583939794905723
0.02599077599095083,0.028275214192481923,0.25886950049619584
0.02597254620991919,0.02826387432666139,0.25915894806483625
0.02595134593479234,0.028283410397597575,0.25975851802844857
0.025933698533525625,0.0282834462886693,0.25996526629176314
0.025912900522739916,0.02821525538205549,0.26083360899768443
0.025894575775835545,0.028209771378938462,0.2612057558716507
0.02587663449838017,0.02823372724397664,0.2620947734039034
0.025862093251732696,0.02824794653424816,0.26250826993053256
0.02584359463081954,0.028250432665284805,0.2629010916308303
0.025827104569938877,0.028247095507051786,0.2631491895468078
0.02581173396958115,0.027063246403624244,0.2830797221303341
0.02579449222949992,0.027070331098875265,0.2832864703936487
0.02577560225212501,0.027073676976216477,0.2834311941779689
0.02576082596326596,0.02707284485906056,0.28361726761495204
0.0257418985263419,0.027063298123916127,0.2839273900099239
0.02572048471665097,0.027063746000492248,0.2841754879259014
0.02570193956664139,0.027075780317143076,0.28456830962619917
0.025682608923864994,0.02706243530490907,0.2848577571948396
0.02566417943399007,0.027086304613519414,0.28545732715845185
0.025642476047145348,0.027089190380565214,0.28587082368508104
0.025627085589673637,0.027098340119010335,0.28622229573271585
0.025609239276567438,0.02712452632340887,0.2866564670856765
0.02559065462683489,0.027116934695760268,0.2868425405226596
0.025570265290098947,0.027115751156105487,0.28706996361230563
0.02555138551859348,0.02711206476153321,0.2873594111809461
0.025532944476164738,0.027111346831809813,0.2874627853126034
0.02551295028919672,0.027100539909528674,0.28797965597088987
0.02549564338257114,0.027103173679185973,0.28878597419781676
0.025476034313399017,0.027111980477979625,0.289426893814092
0.02545356591046685,0.027110214586304037,0.29008848825669864
0.025431667167436982,0.02709469490104379,0.29130830301025473
0.025407147636452482,0.027104468662860304,0.29159775057889514
0.02538830363010396,0.027111071088485556,0.29254879259014227
0.02536575623288761,0.027111119615759963,0.2929209394641085
0.025349953659275285,0.027116037822454787,0.2931276877274231
0.025330206666001047,0.027112994328735044,0.29395468078068143
0.025311608015149572,0.02711512449753291,0.29426480317565334
0.025288572048470997,0.027121813020374204,0.2945129010916308
0.025267948652996697,0.027063716984587614,0.29635296063513067
0.025248174309974048,0.027062166935885628,0.2964976844194509
0.02522726474176802,0.02706572322713665,0.2966424082037711
0.02521268611604864,0.027067963798859108,0.2970559047304003
0.025185668714395825,0.02707265295060864,0.2974073767780351
0.0251674269468869,0.027082541748646626,0.29767614952034405
0.025147196560877726,0.02707542224318276,0.2979242474363215
0.025128844719766282,0.027082312890700507,0.29835841878928215
0.02511126719873112,0.02708300113494602,0.29848246774727094
0.025094698391274373,0.02707690236647116,0.29941283493218657
0.02507934796406029,0.027090666343002792,0.2999503804168045
0.025058447084336907,0.02707839100010444,0.30017780350645057
0.025041287358640276,0.027058843220504464,0.3008187231227258
0.02502195388996465,0.027075808919068127,0.3011495203440291
0.02500169701409474,0.027065421254944197,0.3013355937810122
0.02498193249333668,0.027072214840821538,0.3016250413496527
0.02495983302814478,0.027058515077436653,0.30298957988752895
0.02493640028944063,0.027067813432808285,0.30334105193516375
0.02491207715861273,0.027060959983775962,0.3034651008931525
0.02489398187200563,0.026884812965776717,0.3072899437644724
0.024870570572005927,0.02687774610823033,0.30745534237512406
0.024850619582597766,0.02688282409208119,0.30865448230234865
0.024827420928211837,0.026894083085978723,0.3092747270922924
0.02480869128558729,0.026909254267744834,0.3096055243135958
0.02478934533252024,0.026878556364293343,0.31065994045650014
0.024764392952043707,0.02687596218662442,0.3107633145881575
0.024741787211823543,0.026868166008413265,0.3111147866357923
0.024721442814547138,0.026878285728561793,0.3114042342044327
0.024700553702243683,0.026885832829636285,0.3117557062520675
0.02468469110103903,0.026892933664571513,0.3124379755210056
0.02466065288698799,0.026890857890545,0.3127274230896461
0.024643575966218474,0.02688753746471166,0.3128928217002977
0.024622632287172732,0.026907763827970655,0.3134096923585842
0.0246018119238539,0.02689551587716763,0.31357509096923586
0.024581029298677847,0.026885492180247595,0.313761164406219
0.024566929500604285,0.026883968600964415,0.31502232881243797
0.02455164974890915,0.02689592179322603,0.3153531260337413
0.0245301543023173,0.026900928036327147,0.3164902414819715
0.024503694579465083,0.026915568227304967,0.3169657624875951
0.024482138046378492,0.02691756517590434,0.31727588488256697
0.024456059218386332,0.02691628635197708,0.31739993384055576
0.024428675279242876,0.02691281333391662,0.3179788289778366
0.024408760390372417,0.02674884713640224,0.3210387032748925
0.024383895461281984,0.02674878727142086,0.32172097254383064
0.024356332913082597,0.02675124954577554,0.3226720145550777
0.02433655522450644,0.026757718901896353,0.32323023486602714
0.024309021309525655,0.02676461838834427,0.3236644062189878
0.024282722059370036,0.02677227181946981,0.32426397618260006
0.024262972686065656,0.0267721606329638,0.3248842209725438
0.02423435113430346,0.02677888684711136,0.3250909692358584
0.024211477369318907,0.02676485250082236,0.3263521336420774
0.02418317829259536,0.02677042089587135,0.32668293086338074
0.024166006412831644,0.02678307216498332,0.3274685742639762
0.024138460809902913,0.02679048320904352,0.3276959973536222
0.02411920312831781,0.02678787080341655,0.32790274561693683
0.024098860449432567,0.026814047767267427,0.32860568971220644
0.02407606230672555,0.026822711377923313,0.3292259345021502
0.02405525621228266,0.026828993159322297,0.3294533575917962
0.024036501635501948,0.02684212914948657,0.33015630168706583
0.0240072849932447,0.026863231811598217,0.3309212702613298
0.02397642189776104,0.02686246898679005,0.3312934171352961
0.023951844823539747,0.02685362091407042,0.33185163744624546
0.02392382700026534,0.026784631158778455,0.3332368508104532
0.023904533197752598,0.02498587419089511,0.3611271915315911
0.023876841990185447,0.024981277262306985,0.36137528944756864
0.023851767741382184,0.02498369387589077,0.36191283493218657
0.023830518172075977,0.024977376855276002,0.36236768111147866
0.02380668622544523,0.02494825499823379,0.36358749586503475
0.02378522576230588,0.02495296507860893,0.36387694343367516
0.02376354074109227,0.02496769220305167,0.36429043996030436
0.023739722576656602,0.024957173372059414,0.3659651008931525
0.023715349844377776,0.024963407195152703,0.36635792259345024
0.023690291936347432,0.024958917677779528,0.3667714191200794
0.023668707416961705,0.024963088994192667,0.36704019186238834
0.023644241966234665,0.024967327609224155,0.36732963943102875
0.02361354463518724,0.02497692395230529,0.3675570625206748
0.023584908058873665,0.02498086980940012,0.36784651008931524
0.023559664751579053,0.024974566579432957,0.367970559047304
0.023545187166406363,0.024977940010858145,0.3681152828316242
0.023519476050045,0.024979261019685214,0.36854945418458485
0.023501416577368248,0.024983051417237688,0.3687562024478994
0.023477622493859682,0.024957441464571763,0.3697899437644724
0.023455679418187672,0.024963659701500857,0.3703274892490903
0.0234256281929197,0.024954717017908534,0.37057558716506783
0.02340458909498741,0.024763467916415156,0.37743962950711213
0.0233710806086486,0.024797696940809428,0.3786180946080053
0.0233443524928688,0.02479751701664972,0.38074760172014555
0.023323364090059116,0.024801671381890045,0.38116109824677474
0.023298850170273954,0.02481126827183819,0.38173999338405556
0.023275999803661022,0.024813892450309787,0.3821328150843533
0.02324527067540826,0.024827404861373838,0.38260833608997685
0.023220688195340396,0.024823079797943265,0.38312520674826334
0.023190818610149506,0.02484356838887117,0.38490324181276875
0.02316949142854002,0.02485522554161308,0.38556483625537546
0.023141575891008292,0.024843835514287503,0.38573023486602714
0.023104359514630895,0.02485985507612425,0.3866399272246113
0.023083601229725432,0.0248579658692914,0.386805325835263
0.023057144145004337,0.02485898367305197,0.3869707244459146
0.02303519444771298,0.024859993255246435,0.38711544823023486
0.023008811233737495,0.02486518038963365,0.38750826993053256
0.022981367664099365,0.024512113551951997,0.39474445914654316
0.022957905624169113,0.02452135002129614,0.3951786304995038
0.02292807046373835,0.024527274400719955,0.3966878928217003
0.022904623812668307,0.024542853604635873,0.39745286139596425
0.022876884794259436,0.024545293337943017,0.3977836586172676
0.022853001121333146,0.024541174283090786,0.3984039034072114
0.02283090924623185,0.024542173506215747,0.39856930201786306
0.022803330820013915,0.024530547894214633,0.3992102216341383
0.02278393379098951,0.024549361452603308,0.39989249090307644
0.022755171447103446,0.024506113286545724,0.4017532252729077
0.0227284716754344,0.024508939369507377,0.4022287462785313
0.022697985445658306,0.024508354606199306,0.4027456169368177
0.022673259583951715,0.02451062374331497,0.4029937148527952
0.022635110953709757,0.024511048702792537,0.403117763810784
0.022607995783697328,0.024499921109377466,0.40450297717499173
0.022579052867988707,0.024506416707975945,0.40475107509096925
0.022555894194039687,0.0245166890337783,0.40526794574925573
0.02252942552353772,0.02451449817100766,0.4054126695335759
0.02249768001956378,0.02451289988391977,0.4060329143235197
0.022469683684162408,0.024516582328626847,0.4068805822031095
0.022448131024401477,0.024523720582741874,0.4071907045980814
0.02242368588895973,0.024545084024633308,0.40838984452530597
0.022396661304609704,0.024553194658193913,0.40901008931524974
0.022369854382739838,0.024554349349430047,0.40932021171022165
0.022338072823778848,0.02455709350709555,0.40960965927886206
0.022314408376261946,0.024561373216941736,0.41173916639100233
0.022277755833300928,0.02456897082927671,0.412173337743963
0.02225049067628121,0.02456264682658401,0.41417879589811446
0.02221665236117085,0.02457668722171416,0.41504713860403575
0.02218346412513458,0.024579881555420388,0.4152332120410189
0.022149842059633558,0.024583729693907746,0.41568805822031096
0.022121818331601418,0.024589002094396937,0.41603953026794577
0.022087804748848628,0.024590824406716755,0.41643235196824346
0.022055367952964724,0.024584594402378313,0.41665977505788954
0.022026008067182693,0.02459100304188441,0.41717664571617596
0.02199994498969006,0.024565217654164393,0.4200297717499173
0.02197395881681434,0.024562929670037575,0.4203192193185577
0.02194487675806121,0.02456382969752675,0.4215803837247767
0.02191542196379452,0.024578645766228324,0.42201455507773733
0.021886123929576704,0.024598639848401774,0.42296559708898446
0.021853177442886444,0.024599485314161305,0.42352381739993383
0.021811792391319425,0.0245967245044823,0.4250537545484618
0.021783136471255325,0.024607474938600767,0.4259014224280516
0.02175184271485248,0.024628184010121987,0.42658369169698973
0.021719640684088024,0.02463877056710933,0.42693516374462454
0.02168101388184224,0.024632541573068486,0.4278035064505458
0.021650141788167564,0.02464017150082233,0.42869252398279856
0.02161612098997382,0.024636118086124856,0.4288165729407873
0.021574048799359355,0.024636418454701277,0.4291060205094277
0.02154129909253876,0.02468940038506187,0.43135957657955676
0.021508889739451642,0.024672727379990208,0.4323312934171353
0.021470797996403456,0.0246714652701953,0.43305491233873633
0.021443777959520193,0.024670673337129786,0.4335097585180285
0.021420225336984004,0.024673322066010216,0.4340266291763149
0.021384901916026693,0.024647206763134498,0.4350190208402249
0.021338160317066198,0.024594404543540928,0.443268276546477
0.021308921891984526,0.02460318096413601,0.444260668210387
0.021275067826705053,0.024616585660681457,0.4446121402580218
0.021231057548253926,0.024617913387621853,0.44651422428051607
0.021199435319702923,0.02462716234481662,0.44827158451869004
0.021161953606452195,0.024624487628178066,0.44862305656632484
0.02112509995190209,0.024633453709597086,0.4488918293086338
0.021088618974310663,0.024631696731931395,0.4496567978828978
0.021050828911693853,0.024570308252614918,0.4531715183592458
0.021015670026871,0.024572321790481907,0.4537090638438637
0.02098570019550968,0.02457813401274339,0.456334766787959
0.020942303687187008,0.02440180776789606,0.46181359576579556
0.020898869205239777,0.0244098525176717,0.4626405888190539
0.020850232758706094,0.024412659304239755,0.46297138604035726
0.020802672910938996,0.024408137497142733,0.4636123056566325
0.02076978815040804,0.024419403361417603,0.46452199801521665
0.020733884262362192,0.024374006670212892,0.4670443268276546
0.020688910288723186,0.024361995115556555,0.468367515712868
0.020654801058238567,0.024369960083593444,0.4689257360238174
0.020616128126900425,0.024362231356480205,0.4696907045980814
0.020586708357612116,0.024369204920131973,0.4701869004300364
0.020546238460817993,0.024402394697455632,0.47192358584187893
0.02051103301985514,0.02280229174683644,0.5280143896791267
0.020462643415122085,0.022801825858479913,0.528572609990076
0.020424106459817955,0.022803326766564748,0.528882732385048
0.020380444088652167,0.022777719804951902,0.5325215018193847
0.020343007843621017,0.02278600306064804,0.5328729738670195
0.02030401476312808,0.022783360435373764,0.5338653655309296
0.02027235418615858,0.022559019033498058,0.540419285478002
0.02022551897041556,0.022562712728795176,0.5414943764472379
0.02018101650902563,0.02257254507533941,0.5419492226265299
0.020131059512325016,0.02257948862126867,0.5429622891167715
0.020094940136768324,0.022589291161844233,0.5434791597750579
0.020038739154001617,0.022589559920894255,0.5467044326827655
0.01998026216008371,0.022589366073426112,0.5469318557724115
0.019930376560273324,0.022575841310153097,0.5531963281508435
0.019894495639882805,0.02255388601908095,0.554250744293748
0.019848971572752734,0.02255866538609878,0.5550570625206748
0.01979338032704915,0.022529475543765432,0.5597709229242475
0.019750518381281085,0.022527447912432157,0.5614042342044326
0.019696471637160266,0.022529686878068198,0.5617143565994046
0.01965687254626341,0.022537999199275204,0.5621485279523653
0.019607760407878372,0.022536144827871907,0.5623552762156798
0.019549843115105704,0.022548923865312265,0.5633063182269269
0.019497672248452252,0.022552755345792385,0.5641126364538538
0.019451630752555592,0.022560813897864542,0.5645674826331459
0.019395036199604383,0.022587910885599447,0.5676893814091961
0.019341892210982325,0.022546099503690475,0.5745120740985775
0.019286423825126218,0.022566579437554687,0.5753390671518359
0.019239893745753297,0.022574503632902046,0.5765795567317235
0.019179591517767335,0.022579285221265503,0.5769103539530268
0.019124021655088436,0.02260566110895696,0.5785643400595435
0.019054954744414307,0.02260464312897464,0.5790191862388356
0.019008016279188078,0.022619704802698117,0.5803010254713861
0.018953116722722086,0.022620542355026623,0.5806938471716837
0.018886669066064902,0.0226328995468114,0.5820377108832285
0.018837856236885706,0.022637253227966975,0.5838364207740655
0.0187749981011804,0.02263837410724444,0.5841672179953689
0.018714155897453403,0.022636320955085068,0.5861313264968574
0.018637923000484637,0.022639075791896737,0.5864207740654979
0.018575067433965177,0.02265469077772663,0.5881161098246774
0.018518485834944632,0.022672887727454554,0.5894392987098909
0.018458123156267634,0.02260752506398613,0.6013686735031426
0.018386539258281154,0.022619755187028252,0.6019268938140919
0.018322276487205066,0.022627057031636137,0.602919285478002
0.018247898706148916,0.022563311569664044,0.6127398279854449
0.01818402104076317,0.022568275708886053,0.6134014224280516
0.01810987144333238,0.02259424315427646,0.6160271253721469
0.018042211515317767,0.022588760276126444,0.6237595104201125
0.017961781098333466,0.02259417294386516,0.624235031425736
0.01788591820713272,0.022612764812295363,0.6254134965266291
0.017809938924889416,0.02263033272491893,0.6277704267284154
0.017727372197329068,0.022655955911125923,0.6296311610982468
0.017642624779739605,0.02268093498547006,0.6327117102216342
0.017571759582833957,0.02268439679554575,0.6334353291432352
0.017470291835165082,0.022671534268487392,0.6352960635130664
0.017386390647510543,0.02268140069098002,0.6358956334766788
0.017297798689036234,0.022684829662951822,0.6363918293086338
0.01721584281308922,0.022705930616143902,0.6373842209725439
0.017121666193428958,0.022713166936991394,0.6378183923255044
0.01702723676969284,0.022521890545492095,0.6538207079060536
0.01693127991047425,0.02252781193778324,0.6544616275223288
0.016842082165355873,0.022548879590333006,0.6561156136288455
0.016739461876708373,0.022545637497579804,0.659651008931525
0.016610974284728706,0.02256342873693543,0.6603539530267946
0.016517518149766163,0.02257340645331613,0.6611602712537215
0.016401646659227068,0.02257842803099657,0.6628762818392325
0.01626793219513374,0.02259466239992792,0.663620575587165
0.016161342867724325,0.022619614720384915,0.6656053589149851
0.016048518770317877,0.022628174051651982,0.6668251736685412
0.015885777601177337,0.022646287064682545,0.6678795898114456
0.01577694683009667,0.02267976085596322,0.6722213033410519
0.015605794783664605,0.022683007221406527,0.6729862719153159
0.015473658008323385,0.02264226813777604,0.6798709890836917
0.015267792571816105,0.022658252134468062,0.6836544823023487
0.015099375162553991,0.022691451422048266,0.6854945418458485
0.014892963177104602,0.022664506526234914,0.6903944756864042
0.014739660055953438,0.02263452537963824,0.6933096261991399
0.014507330343649033,0.022134809709029684,0.718636288455177
0.014219524948826162,0.021709069710543722,0.742970559047304
0.013947381607070175,0.021772599429805285,0.7496692027786966
0.013643315683791579,0.021819289393562223,0.7538661925239828
0.013253212721252603,0.02185983903081971,0.773569302017863
0.012796652978525792,0.019655839717357147,0.9155846840886537
0.012065456974191447,0.019699330665438962,0.9200297717499173
0.010017678703744495,0.019783875682650734,0.9363628845517697
